date,y_true,q10,q50,q90,evaluation_fold,lower,upper,method
2023-01-01,12.68,13.127110447887755,13.998906871626577,14.728589266326765,1.0,12.238401012683312,15.278869786529983,Asymmetric PID
2023-01-02,13.33,12.048543232735703,13.711981051776906,15.580247585901054,1.0,11.158920864138631,16.104362551980255,Asymmetric PID
2023-01-03,14.08,12.399835312053211,13.146411277216377,13.462750476295161,1.0,11.54384806100208,13.960826157903153,Asymmetric PID
2023-01-04,13.92,14.32474423670923,14.351544803985579,15.089904152081264,1.0,13.536942146682113,15.83389344004161,Asymmetric PID
2023-01-05,15.98,13.923584549447654,14.080632393046486,14.874583566509333,1.0,13.162352480579328,15.592126867676887,Asymmetric PID
2023-01-06,14.44,14.949403633652384,15.325748643008904,16.30128249577338,1.0,14.221329193009373,17.25099442263761,Asymmetric PID
2023-01-07,14.65,14.599951326435058,15.310432376244346,16.01581555617938,1.0,13.904879180892818,16.938646553481874,Asymmetric PID
2023-01-08,14.33,13.92194877372664,14.240481188551787,14.915768119234992,1.0,13.266470285290001,15.811855391744517,Asymmetric PID
2023-01-09,14.04,14.567442428842504,14.831652534283952,16.194550743201063,1.0,13.944661123189778,17.064029778933346,Asymmetric PID
2023-01-10,14.32,13.342536804258662,14.086375254717955,15.196928095370737,1.0,12.745558007401378,16.039932695393905,Asymmetric PID
2023-01-11,13.96,13.619091760635698,14.260902610817677,15.330443134540952,1.0,13.0545122362221,16.147105442119642,Asymmetric PID
2023-01-12,14.13,13.219510846711195,14.2891605792715,14.644446914026291,1.0,12.693929099993138,15.434897443122216,Asymmetric PID
2023-01-13,14.35,14.564573961630124,14.40370986477973,14.985274870176221,1.0,14.111534280217551,15.749642533322314,Asymmetric PID
2023-01-14,14.23,14.106571737851954,14.645260666066605,14.896831380945414,1.0,13.685497455811992,15.635243516510275,Asymmetric PID
2023-01-15,13.8,13.44558170769719,14.426289763929885,14.50227506364078,1.0,13.056331553328505,15.214857462499515,Asymmetric PID
2023-01-16,14.35,12.570122943135832,14.142530282636836,15.778563308069604,1.0,12.212557276093994,16.4654402396967,Asymmetric PID
2023-01-17,14.69,13.159095307883302,14.161144231654813,14.266592231117881,1.0,12.833076093034164,14.927886469117293,Asymmetric PID
2023-01-18,14.29,14.201239141778835,14.4588501306247,14.940521612954743,1.0,13.906629923589666,15.646771402087985,Asymmetric PID
2023-01-19,14.66,13.380069786292378,14.184455892442138,14.543583408220606,1.0,13.11673566374736,15.224491662716412,Asymmetric PID
2023-01-20,14.07,14.679054394495001,15.121271212906525,15.640714822506178,1.0,14.446861996522067,16.296399976126953,Asymmetric PID
2023-01-21,14.11,13.295604334113635,14.235662205810586,14.562328992734212,1.0,12.741221802457154,15.19290808015123,Asymmetric PID
2023-01-22,14.43,13.194874950196727,14.069827175508971,14.490989036952362,1.0,12.67204170272717,15.096577716673425,Asymmetric PID
2023-01-23,14.31,14.015744995496501,14.78647152064832,15.700440913971644,1.0,13.524323144623446,16.281153490787638,Asymmetric PID
2023-01-24,14.57,13.380950255250866,14.121596513011182,14.460146860349592,1.0,12.920803484083391,15.016096307312194,Asymmetric PID
2023-01-25,14.16,14.371972997585498,14.635066574933965,15.254161564414911,1.0,13.98340027129056,15.785459544357263,Asymmetric PID
2023-01-26,14.35,12.947452120658262,14.338594365958535,14.723080206112401,1.0,12.589886453616424,15.229837092724296,Asymmetric PID
2023-01-27,14.46,13.353059450723425,14.270465980198521,14.939801612376119,1.0,13.02636909123393,15.422126510844848,Asymmetric PID
2023-01-28,14.24,13.354557366127949,14.490853874364456,14.500815561229286,1.0,13.058612036886762,14.958816328456987,Asymmetric PID
2023-01-29,14.65,13.331545926752986,14.16899723716754,14.118385498618057,1.0,13.066216801974349,14.5521687630261,Asymmetric PID
2023-01-30,14.61,14.34804621993106,15.040016405243366,15.841712394216973,1.0,14.113205902924774,16.497706638866763,Asymmetric PID
2023-01-31,14.84,13.47577064732764,14.455133455252813,14.593634275721689,1.0,13.271293148521078,15.225073800314219,Asymmetric PID
2023-02-01,14.91,14.271796865247593,14.928295757843404,16.022026082448402,1.0,14.097557580641757,16.629021113077776,Asymmetric PID
2023-02-02,14.48,13.68616040904206,14.810713963753024,15.587368283464295,1.0,13.542036099091272,16.170027785290866,Asymmetric PID
2023-02-03,14.31,14.010238011088866,14.829680935511552,15.689567948613965,1.0,13.896106779993998,16.247999645859057,Asymmetric PID
2023-02-04,14.07,13.462887887875686,14.355573007826639,15.284264957492807,1.0,13.37862916328112,15.81857535302732,Asymmetric PID
2023-02-05,14.47,13.400185913961254,14.395634974665269,15.212445260582097,1.0,13.34884016977965,15.722739655118954,Asymmetric PID
2023-02-06,14.16,14.186578129412172,14.846687405557775,16.072978388271885,1.0,14.164867638099569,16.55936089917202,Asymmetric PID
2023-02-07,14.21,13.529107056899413,14.351908201992977,15.003187827273214,1.0,13.235045154396127,15.465761406974554,Asymmetric PID
2023-02-08,14.16,14.059166490220232,14.349592440786003,15.237816909247503,1.0,13.795091175502602,15.676683363326076,Asymmetric PID
2023-02-09,14.42,13.308599566850187,14.055830833167374,14.75514905597204,1.0,13.074389014183307,15.170409060844111,Asymmetric PID
2023-02-10,14.18,13.977747615519188,14.363992104685257,14.999449054026915,1.0,13.806487467781377,15.391202174300792,Asymmetric PID
2023-02-11,13.98,14.046465060241223,14.18820779161678,14.499643170688415,1.0,13.904829954428957,14.867987876174334,Asymmetric PID
2023-02-12,13.96,13.865876237257487,14.27333418001292,14.896346264344405,1.0,13.75374823991871,15.241379946730639,Asymmetric PID
2023-02-13,14.03,13.989089609103294,14.536339212699723,15.450426981216083,1.0,13.906352045775083,15.772245970419238,Asymmetric PID
2023-02-14,13.83,13.849735952294452,13.982353123413144,14.479295932273912,1.0,13.79627338889401,14.777995512471096,Asymmetric PID
2023-02-15,13.83,13.507456828763802,13.991753824037547,14.771979210441675,1.0,13.483606200214572,15.047653635792065,Asymmetric PID
2023-02-16,14.23,13.349691954174688,13.823414983439594,13.795556190954612,1.0,13.35488910585109,14.03977140109148,Asymmetric PID
2023-02-17,14.14,14.285224636091325,14.212178158845997,15.00803500042744,1.0,14.339363984661322,15.466826950209635,Asymmetric PID
2023-02-18,13.94,13.559824421221045,13.904126820210603,14.642089314408164,1.0,13.347589787735501,15.077661831512659,Asymmetric PID
2023-02-19,13.81,12.979603198639303,14.159301730872368,14.174054755652069,1.0,12.79663622862029,14.577976794689711,Asymmetric PID
2023-02-20,13.77,12.703644970908456,14.065098434051936,15.868822193158753,1.0,12.549830276817392,16.249716268176595,Asymmetric PID
2023-02-21,14.11,12.644666724120938,13.76292843463963,13.885550271382588,1.0,12.519890134970073,14.24351057165382,Asymmetric PID
2023-02-22,13.97,13.893431562405304,14.088006431502665,14.937402445537163,1.0,13.797580106008745,15.272522150757112,Asymmetric PID
2023-02-23,13.98,13.410353360360851,13.900180936883075,14.229602743443522,1.0,13.34331524591827,14.541974038707567,Asymmetric PID
2023-02-24,14.31,14.058355479637715,14.523696552265733,15.0640710260375,1.0,14.020020080643135,15.353785116533892,Asymmetric PID
2023-02-25,13.6,13.440036811267671,14.008675578940654,14.731764019599158,1.0,13.441142233112682,14.99891114502333,Asymmetric PID
2023-02-26,13.61,13.207858825637633,13.912235797548266,14.513109377854583,1.0,13.288242673350432,14.75777882655132,Asymmetric PID
2023-02-27,14.3,13.608727084507615,14.019375869558676,15.034098538402162,1.0,13.717488587727935,15.256378661241893,Asymmetric PID
2023-02-28,14.3,13.767474821454304,13.94934719036582,14.310284904381245,1.0,13.904507846190057,14.510263128376495,Asymmetric PID
2023-03-01,14.2,13.28361764787659,14.05743670703741,15.279600007736489,1.0,13.448817143599651,15.457362849404404,Asymmetric PID
2023-03-02,14.03,12.349251361909172,13.900603516251454,14.561587952264231,1.0,12.542513346266853,14.717221030740898,Asymmetric PID
2023-03-03,14.04,13.220714937200865,14.08154631028313,15.496396957261995,1.0,13.441936481004854,15.629985007174172,Asymmetric PID
2023-03-04,13.38,12.394053172348109,13.585190223869635,14.477132536977331,1.0,12.643132384834784,14.58875942107701,Asymmetric PID
2023-03-05,13.39,12.703701649798216,13.634952957360943,14.171324810154223,1.0,13.001039778575574,14.261073531721332,Asymmetric PID
2023-03-06,14.23,13.0429599946291,13.83764985527737,15.34650539786877,1.0,13.367955068198492,15.414458112887178,Asymmetric PID
2023-03-07,14.13,12.983432009820245,13.87975364010794,14.383465017997505,1.0,13.33598516687927,14.429703047109355,Asymmetric PID
2023-03-08,14.14,13.087376008276287,13.96681837156636,14.8347409089901,1.0,13.47141455989003,14.859344749233347,Asymmetric PID
2023-03-09,14.43,13.119550024986157,14.032045229661673,14.767367124202053,1.0,13.530951870203983,14.770416460536017,Asymmetric PID
2023-03-10,13.79,13.695190636259495,14.370841167743848,15.40403981689158,1.0,14.133859819797776,15.385613533515112,Asymmetric PID
2023-03-11,14.43,12.644625159166399,13.816705016695412,14.361685544321695,1.0,12.82656760175081,14.321861735788518,Asymmetric PID
2023-03-12,11.46,13.168756454963255,13.97445624777154,14.69549146632166,1.0,13.378238354238654,14.85326492439446,Asymmetric PID
2023-03-13,13.31,12.168321726971353,13.51406967008542,14.953966495723982,1.0,12.11893758165916,15.090112512315248,Asymmetric PID
2023-03-14,13.06,11.941535994414217,12.759475360054303,14.144554609099853,1.0,11.924009381311697,14.259153673539869,Asymmetric PID
2023-03-15,13.3,12.295892448306022,13.608023981247836,14.698911498634722,1.0,12.306095253236492,14.79204329145317,Asymmetric PID
2023-03-16,12.77,12.141218750092825,13.39023495629467,14.425336029928706,1.0,12.179049079417249,14.497079434080257,Asymmetric PID
2023-03-17,13.06,12.58414154038822,13.466042347551495,14.282560807833173,1.0,12.65209948050362,14.332993919722844,Asymmetric PID
2023-03-18,12.98,12.843700783127062,13.419191775973982,13.946049137162687,1.0,12.939085494344162,13.975249277475303,Asymmetric PID
2023-03-19,13.89,11.964960355153334,12.843677334812927,13.666184425996512,1.0,12.087672950089537,13.67422815033449,Asymmetric PID
2023-03-20,13.96,13.471338502232978,14.298512230253749,15.710310369870795,1.0,13.627716474960009,15.912825648678448,Asymmetric PID
2023-03-21,13.67,12.821403802701987,13.831234303351385,14.63817351323818,1.0,13.004914795411686,14.819305263830952,Asymmetric PID
2023-03-22,13.8,13.281364797318918,13.94506273255023,14.92901317288868,1.0,13.491912807366427,15.088840272345795,Asymmetric PID
2023-03-23,13.94,12.405826862837323,13.270902063951834,13.735431787392459,1.0,12.643316823247808,13.874032329366003,Asymmetric PID
2023-03-24,13.54,13.68086718077581,14.346379187630676,15.299842966473825,1.0,13.945204947664385,15.631139089422934,Asymmetric PID
2023-03-25,13.23,12.876299328576447,13.875302868426843,14.604426354902994,1.0,12.891344545857134,14.914259286107772,Asymmetric PID
2023-03-26,13.65,12.824881602682535,12.847876338857034,13.366595519668797,1.0,12.86704861786963,13.655045719087768,Asymmetric PID
2023-03-27,13.27,14.198355717837014,14.753878907283019,15.939301372769027,1.0,14.267547568331256,16.21497579811942,Asymmetric PID
2023-03-28,13.46,13.197908385378195,13.150586134426314,13.667125668265903,1.0,13.013350838057862,13.921575886286387,Asymmetric PID
2023-03-29,13.5,13.727777932809442,14.124067525682918,15.31557788804003,1.0,13.570534971049513,15.54888198511567,Asymmetric PID
2023-03-30,13.93,12.599113009532928,13.658877019148246,14.371874428499849,1.0,12.19331610762091,14.584109721391233,Asymmetric PID
2023-03-31,13.82,13.529534732307528,14.096091736156275,15.273685187486475,1.0,13.151362012910289,15.46492823379821,Asymmetric PID
2023-04-01,13.93,12.771983877793913,13.751178897334674,14.193980445443028,2.0,12.42133143796974,14.36430705390935,Asymmetric PID
2023-04-02,14.48,13.077614781325224,14.184178447984971,14.967901898318157,2.0,12.75437974996979,15.117387138909532,Asymmetric PID
2023-04-03,14.37,13.386488329027102,14.692119389278483,15.77487839715841,2.0,13.090568852729414,15.9035966110129,Asymmetric PID
2023-04-04,14.58,13.241129914199602,14.341717850653815,15.03736301086329,2.0,12.972425143346747,15.145387820046373,Asymmetric PID
2023-04-05,14.67,13.44069347544988,14.296927377722508,14.9352098441615,2.0,13.199103550575263,15.022614161257941,Asymmetric PID
2023-04-06,14.83,13.6846533424401,14.764097517425547,15.426852179998718,2.0,13.470079380809977,15.493708217539986,Asymmetric PID
2023-04-07,14.77,13.87872882473603,14.851647317895544,15.747487554535176,2.0,13.69107290716932,15.79386683426584,Asymmetric PID
2023-04-08,13.9,13.672787423376995,14.649935753983655,15.438615250325839,2.0,13.511952581293432,15.46458861231227,Asymmetric PID
2023-04-09,14.8,13.388589613318095,14.396020746937076,15.28873983562432,2.0,13.254479816009937,15.29437744720896,Asymmetric PID
2023-04-10,15.1,14.123944016743849,14.99880900964908,16.20072650158758,2.0,14.016464158866466,16.186097866191957,Asymmetric PID
2023-04-11,15.61,13.933566279449735,15.038631424971708,15.945029288497118,2.0,13.855223132771123,15.91020325427669,Asymmetric PID
2023-04-12,15.56,14.377818619230927,15.506448090184726,16.488108730834227,2.0,14.32591792841258,16.433153499188116,Asymmetric PID
2023-04-13,15.33,14.093101529467257,15.518131086997677,16.455725322246035,2.0,14.067550892318305,16.38070845618457,Asymmetric PID
2023-04-14,14.49,14.366882845529686,15.343188760856377,16.455665613210876,2.0,14.36759073728381,16.360654045583843,Asymmetric PID
2023-04-15,13.42,13.004232678127638,14.134924503917446,15.01500632062257,2.0,13.031108439961745,14.900066362210977,Asymmetric PID
2023-04-16,15.84,13.052929924833837,14.054935300946795,15.096528376597654,2.0,13.105883752579832,14.961725724071774,Asymmetric PID
2023-04-17,15.86,14.929051298972613,15.604203629577505,17.214869357485803,2.0,15.007994232018339,17.271734087047207,Asymmetric PID
2023-04-18,15.43,14.886816995037002,15.865652375480675,17.080180261551256,2.0,14.991660905412491,17.116993242643197,Asymmetric PID
2023-04-19,15.64,14.969346083389151,15.770377941631523,17.12637316643962,2.0,15.100003665034444,17.143201988756957,Asymmetric PID
2023-04-20,14.6,14.76209960282155,15.791439795849154,16.76423148097702,2.0,14.918484361032402,16.754734541094162,Asymmetric PID
2023-04-21,14.59,14.289508453498879,15.186445386577688,16.77391088635621,2.0,14.208809769360188,16.744563090743593,Asymmetric PID
2023-04-22,13.14,13.377162025592456,14.290202874892124,15.719162967597828,2.0,13.322445288311577,15.670030045544914,Asymmetric PID
2023-04-23,14.1,13.415894290673162,14.33743979044533,15.609563563815806,2.0,13.12283477940116,15.532183340272399,Asymmetric PID
2023-04-24,15.83,14.31153584881525,14.870675343724304,16.896412912657564,2.0,14.044730317558882,16.79937721565944,Asymmetric PID
2023-04-25,14.77,14.776782136000886,15.53653229155369,16.778855981919435,2.0,14.536138164248499,16.66222875033216,Asymmetric PID
2023-04-26,15.0,14.51269620882518,15.583537110126208,16.643276381745117,2.0,14.298122247195057,16.50712097259069,Asymmetric PID
2023-04-27,15.34,13.494895041071754,14.718860389947661,15.769315022776311,2.0,13.30630040000015,15.59291281736807,Asymmetric PID
2023-04-28,15.02,14.8116134626821,15.600169876353931,16.666325779743467,2.0,14.648908301299889,16.44860439862627,Asymmetric PID
2023-04-29,15.27,14.067386203209441,14.92878824593005,16.086715238436664,2.0,13.930481518403566,15.849018177366553,Asymmetric PID
2023-04-30,15.99,14.893073429149593,15.803846538830873,17.16349559415839,2.0,14.781881044805601,16.906518109043255,Asymmetric PID
2023-05-01,17.56,15.524903288044966,17.012069690909215,18.879862729163854,2.0,15.439335844466976,18.584418013311765,Asymmetric PID
2023-05-02,17.92,15.693970657881373,17.29778276437858,19.12101443711084,2.0,15.63394160138595,18.772229400123617,Asymmetric PID
2023-05-03,19.97,16.461078885274674,18.30321192514319,20.268511611620696,2.0,16.426502457955117,19.900626201691217,Asymmetric PID
2023-05-04,18.69,17.072527779832313,19.097730865686827,21.30775246884491,2.0,17.06331900948999,21.120219347680706,Asymmetric PID
2023-05-05,20.01,16.89755734912827,19.156725816698433,21.437385645096423,2.0,16.9136320393677,21.23058580425043,Asymmetric PID
2023-05-06,20.04,16.832163844879922,18.603841738384858,20.534167296040692,2.0,16.87343856536435,20.308161879302247,Asymmetric PID
2023-05-07,20.19,17.971192303431963,20.077376869419922,21.925012620548184,2.0,18.03758438029627,21.67986222663382,Asymmetric PID
2023-05-08,23.44,18.564714658420904,20.80911231324911,23.145359709078857,2.0,18.656142164838823,22.860715928005714,Asymmetric PID
2023-05-09,22.47,19.769505204513123,21.930530664530185,23.89280969824852,2.0,19.885886951415674,23.80698160582708,Asymmetric PID
2023-05-10,19.44,20.755496811772275,23.155081615670348,25.102473700604477,2.0,20.89675233871454,24.97698061429583,Asymmetric PID
2023-05-11,17.17,17.049323901420365,19.879745286541574,22.180281842214384,2.0,16.957546273879224,22.002031281326012,Asymmetric PID
2023-05-12,17.35,14.14019794297478,17.02255205474544,19.696761650965097,2.0,14.073531148857056,19.492814029904345,Asymmetric PID
2023-05-13,16.66,13.600211654824147,16.40803041018187,18.378358829390084,2.0,13.558572985651187,18.155338239387188,Asymmetric PID
2023-05-14,15.52,16.085143566908123,18.385622021001513,20.388764469173214,2.0,16.068451058932393,20.121191608755236,Asymmetric PID
2023-05-15,17.38,14.002608840702361,17.052300553071497,20.08315434287631,2.0,13.749638218209311,19.79662818754682,Asymmetric PID
2023-05-16,17.34,17.04770772659502,18.48962952399334,20.425269642800195,2.0,16.819929793785583,20.119849240444335,Asymmetric PID
2023-05-17,18.93,17.55469890085819,19.027263767575953,21.263840089295613,2.0,17.352029406431004,20.92657369986763,Asymmetric PID
2023-05-18,17.89,17.283437742846186,18.994457664424832,21.07113978132274,2.0,17.105793196661953,20.715095694012934,Asymmetric PID
2023-05-19,17.6,16.70347586873553,18.734249072588007,20.959453649618748,2.0,16.550773532359482,20.581700368061107,Asymmetric PID
2023-05-20,16.54,16.125191947431023,17.84599267597579,19.616168702850178,2.0,15.997349824826316,19.21975225142812,Asymmetric PID
2023-05-21,18.04,15.973616707854625,17.664063852412813,20.027456923753398,2.0,15.879732317098416,19.612433823588052,Asymmetric PID
2023-05-22,21.29,17.46555643790621,19.464865170436617,22.300806830256594,2.0,17.39637045955234,21.867233115044993,Asymmetric PID
2023-05-23,21.68,18.257737920373877,20.632442992520957,22.91238450967733,2.0,18.213170531205773,22.460315731455868,Asymmetric PID
2023-05-24,21.97,19.874841988487923,22.224240162548224,24.53801582702723,2.0,19.854814071912585,24.067507061847284,Asymmetric PID
2023-05-25,21.86,19.166716627822595,21.56458485250618,24.265237946272762,2.0,19.17114976527622,23.776343799790155,Asymmetric PID
2023-05-26,22.37,19.745079195431845,21.94741308469647,24.853889778482596,2.0,19.773895657919816,24.346664391462447,Asymmetric PID
2023-05-27,20.84,18.943458518272195,21.244935150593964,23.92823717510412,2.0,18.99658125804089,23.39493117858184,Asymmetric PID
2023-05-28,19.02,17.93658917328616,20.527324708469635,22.68960556940727,2.0,18.013941815624143,22.067278931012552,Asymmetric PID
2023-05-29,21.61,17.749774262159686,20.57879034297168,24.165970705992596,2.0,17.851281097325742,23.52547251382345,Asymmetric PID
2023-05-30,23.17,19.027595416481198,21.51105497429186,23.63038366670157,2.0,19.153181391756895,22.9717662553706,Asymmetric PID
2023-05-31,24.35,21.463360187716784,23.62661825322351,25.737408097085773,2.0,21.612950899581264,25.251682377478268,Asymmetric PID
2023-06-01,22.03,24.131253387803433,25.954931419302433,26.24898257789073,2.0,24.30477507422804,25.744995497741726,Asymmetric PID
2023-06-02,19.68,22.354770251230313,24.496974287888648,25.014633783192366,2.0,22.29819784770498,24.492439078523706,Asymmetric PID
2023-06-03,17.95,20.86685987197073,22.204390149857982,23.066220511828952,2.0,20.580865432621355,22.5258714655666,Asymmetric PID
2023-06-04,16.8,18.35742922692332,20.05233825225176,21.490180988619713,2.0,17.78848201150704,20.931730435825514,Asymmetric PID
2023-06-05,19.17,13.67965233871124,17.60293831115104,19.034461359938184,2.0,12.871784029876085,18.457961692963753,Asymmetric PID
2023-06-06,18.09,20.881593211622683,22.535912651869662,22.488668507388663,2.0,20.118867772145684,22.153818319974437,Asymmetric PID
2023-06-07,19.57,21.227366115292483,22.8694397340502,23.737543952136008,2.0,20.22634557684975,23.384499652041683,Asymmetric PID
2023-06-08,20.02,21.108848548777242,22.40190217181484,23.365081973109607,2.0,19.889612204266193,22.993897347869257,Asymmetric PID
2023-06-09,20.81,21.527079694052574,22.796392461253372,23.554559080563106,2.0,20.333203762851046,23.16528746566665,Asymmetric PID
2023-06-10,18.72,20.62173258972987,22.092621768984365,22.70666596727575,2.0,19.370029730980058,22.299360251372097,Asymmetric PID
2023-06-11,18.01,20.977345109922783,21.907263326828108,22.70079742366231,2.0,19.465760622085313,22.27551005368536,Asymmetric PID
2023-06-12,18.52,17.573672947524866,19.658119849993664,20.905198870085474,2.0,15.782002602316926,20.46198185630435,Asymmetric PID
2023-06-13,17.73,19.637405423706735,20.84959840632235,20.92198805309886,2.0,17.872198109234667,20.460892974093746,Asymmetric PID
2023-06-14,18.74,19.591214213559955,21.11627377978634,21.70463634529396,2.0,17.590157837303973,21.225714352858855,Asymmetric PID
2023-06-15,18.05,20.381182987150297,21.572863543557244,22.163898261729706,2.0,18.369239256358497,21.667200085703424,Asymmetric PID
2023-06-16,17.62,20.114710830414257,21.193932982162856,22.026556378691772,2.0,17.84087863867182,21.512132331718448,Asymmetric PID
2023-06-17,16.89,17.79234860874257,18.870185615882757,18.855788913147965,2.0,15.236559330882567,18.323688895368306,Asymmetric PID
2023-06-18,17.03,17.954851134253914,19.21672274244703,19.201140622296922,2.0,15.416926462149627,18.651414125971453,Asymmetric PID
2023-06-19,20.96,18.867148875168592,20.5629623712996,22.229572248535458,2.0,16.336023401950243,21.66226836260094,Asymmetric PID
2023-06-20,20.52,20.050100572781588,21.920130926421805,22.491987925214115,2.0,17.54642952275386,21.907155339774324,Asymmetric PID
2023-06-21,21.87,22.078803867441287,23.46731425195801,23.924945646114196,2.0,19.602475063101508,23.322632656866183,Asymmetric PID
2023-06-22,20.41,22.09768035836284,23.667298860720898,24.770993910906483,2.0,19.648582709522035,24.151248423503485,Asymmetric PID
2023-06-23,23.48,21.542304476346946,23.481746318485534,24.733636086786998,2.0,19.10605240684745,24.09650562113907,Asymmetric PID
2023-06-24,23.34,22.574149607977716,23.985606361237128,25.200628990238222,2.0,20.16490971776091,24.546160684751662,Asymmetric PID
2023-06-25,23.69,22.88888140660717,24.78048340731173,25.593168995752894,2.0,20.506545781367624,24.921409611509564,Asymmetric PID
2023-06-26,27.95,24.988953951561754,26.466843429068316,27.529705339221174,2.0,22.63341570774152,26.840701264098705,Asymmetric PID
2023-06-27,27.44,26.286562343961844,28.040511687774224,28.82820828079486,2.0,23.957715615200676,28.313136929337524,Asymmetric PID
2023-06-28,30.27,27.39107422443211,29.913224113794733,30.70986596431026,2.0,25.088814148244847,30.177427690427578,Asymmetric PID
2023-06-29,28.94,27.45296128378445,30.18386001819303,31.549515921979044,2.0,25.177183988460897,31.181995909115123,Asymmetric PID
2023-06-30,27.38,28.392037177041182,31.048971901589145,32.03375043439332,2.0,26.142639768764024,31.648732211042923,Asymmetric PID
2023-07-01,26.61,25.101592568833127,28.28074744749491,29.735080520267513,3.0,22.87847311900949,29.332613289786593,Asymmetric PID
2023-07-02,25.9,24.886171520445245,27.812437718093967,29.52709293541139,3.0,22.68922905324762,29.107225503919917,Asymmetric PID
2023-07-03,29.6,24.579515828391784,28.68178362184971,30.51469818282189,3.0,22.422925867279993,30.077478963586348,Asymmetric PID
2023-07-04,24.94,25.381405823588754,29.230503060508212,30.97843296570941,3.0,23.250793702929546,30.523909983462982,Asymmetric PID
2023-07-05,22.58,24.747660348493813,29.026116131047907,30.490815714624034,3.0,22.642927878032772,30.019036609825548,Asymmetric PID
2023-07-06,21.59,22.249271951738653,25.33726402368444,26.944147403452703,3.0,19.919167436837768,26.45515943648539,Asymmetric PID
2023-07-07,23.18,20.806760230487082,23.826323574870088,26.226019966661774,3.0,18.502875590766493,25.719870021972888,Asymmetric PID
2023-07-08,21.45,21.199304202072778,24.00230589881626,25.555703491430755,3.0,18.921538552966318,25.032438081613066,Asymmetric PID
2023-07-09,22.46,21.03711126883629,23.925097202379604,25.655536962820555,3.0,18.78536466203498,25.107399182375858,Asymmetric PID
2023-07-10,26.14,22.76504240385339,25.41838749152987,27.79230365565874,3.0,20.539215815352858,27.227142335748468,Asymmetric PID
2023-07-11,28.12,24.742227310684243,26.880698369424728,28.19242898094337,3.0,22.542222629026867,27.6102895425191,Asymmetric PID
2023-07-12,30.56,25.7064159887163,28.94254397732911,30.667590397332294,3.0,23.532136003424128,30.247312476157436,Asymmetric PID
2023-07-13,30.3,26.34479373211603,30.048398637965406,32.06120677412987,3.0,24.19614212231081,31.801897516493742,Asymmetric PID
2023-07-14,31.84,27.264384499894987,30.886426288445755,33.312365505508446,3.0,25.14126582310163,33.0357753714908,Asymmetric PID
2023-07-15,30.36,26.8316572818849,30.64563070810904,32.820251353368164,3.0,24.73397696301479,32.52642886254427,Asymmetric PID
2023-07-16,29.97,26.354721685450507,30.221786218194808,32.51457181775926,3.0,24.28238600596117,32.20356510274386,Asymmetric PID
2023-07-17,34.1,28.50045495307908,31.95914084148678,34.07499390799275,3.0,26.467646599082684,33.74685071865694,Asymmetric PID
2023-07-18,31.19,30.388135761328883,33.175311498070755,34.20955449829245,3.0,28.380487136766863,34.04087146505104,Asymmetric PID
2023-07-19,31.69,30.443320247527932,33.49151606420517,34.307163195234416,3.0,28.460740140167186,34.08570151052568,Asymmetric PID
2023-07-20,26.56,29.08939348820612,31.669670447838907,32.47297347142289,3.0,27.13179150069488,32.234287407712905,Asymmetric PID
2023-07-21,26.09,25.36343342298538,28.719418009717174,30.140639422168405,3.0,23.185789151064288,29.88477754810523,Asymmetric PID
2023-07-22,27.63,24.310638454072446,26.941377282909063,28.437483852688107,3.0,22.158283111729784,28.16449435076748,Asymmetric PID
2023-07-23,28.88,25.454519694249207,27.827243858654075,29.269801032587395,3.0,23.32736046853996,28.97973170334847,Asymmetric PID
2023-07-24,31.83,28.41410338996662,31.11672418212612,32.82422093514146,3.0,26.312048299889778,32.51711920130388,Asymmetric PID
2023-07-25,29.81,28.782658541233147,31.408840603782487,32.36643843172371,3.0,26.719891986256,32.042351342266976,Asymmetric PID
2023-07-26,30.93,29.792924094192003,32.920924937754805,34.161256544719464,3.0,27.755080167832226,33.82023077890562,Asymmetric PID
2023-07-27,28.21,27.74007136567562,30.69229228540549,32.47414337127269,3.0,25.72706052189678,32.11622524261322,Asymmetric PID
2023-07-28,27.28,25.549075878158597,28.93336108999103,31.103738035195043,3.0,23.560809362817363,30.728973495362975,Asymmetric PID
2023-07-29,26.37,24.751619781285605,27.826787417100622,29.20376874955188,3.0,22.80877812638657,28.812203392239994,Asymmetric PID
2023-07-30,27.64,25.208461211860495,28.070245931606962,29.512533473593095,3.0,23.290188714442557,29.10421253831913,Asymmetric PID
2023-07-31,28.7,27.326567561568417,30.3532122209728,32.4085502133138,3.0,25.442595279686653,31.983518589173546,Asymmetric PID
2023-08-01,22.75,24.82978919885724,27.541676203964567,29.145879994919568,3.0,22.970213957502203,28.70418222428872,Asymmetric PID
2023-08-02,23.26,19.588132566196624,23.790288076220328,25.65718844732768,3.0,17.516823897775666,25.198868729513304,Asymmetric PID
2023-08-03,20.83,22.170876029492753,24.466095904588677,26.210135054128404,3.0,20.124257928397032,25.73523724897083,Asymmetric PID
2023-08-04,22.6,18.10644750498581,20.253143437259812,22.82755354639561,3.0,16.063663538924942,22.336121177821585,Asymmetric PID
2023-08-05,22.19,20.379677555384653,22.553039176368056,23.902868691429642,3.0,18.361409069630636,23.56715766202889,Asymmetric PID
2023-08-06,22.63,22.33455873495714,24.22445533276085,25.640110581818504,3.0,20.340719331446003,25.287743937326983,Asymmetric PID
2023-08-07,24.34,24.608241368141968,25.991610059824133,28.15858184436841,3.0,22.638745400235543,27.789604181543353,Asymmetric PID
2023-08-08,22.58,24.568626938990473,25.073448912898005,26.831623373417443,3.0,22.623389502498277,26.44607894656151,Asymmetric PID
2023-08-09,24.93,23.241405675829725,24.63941343553655,25.99358137721781,3.0,21.081815949339706,25.59151410176462,Asymmetric PID
2023-08-10,24.97,23.0503195920692,24.242633335734553,26.04128608054201,3.0,20.91528035779314,25.622739536593283,Asymmetric PID
2023-08-11,27.54,24.7988682813144,26.109033871427414,27.753020028759835,3.0,22.688292424219096,27.318037464575,Asymmetric PID
2023-08-12,26.52,25.30516336406869,26.980598599096034,28.370442557323432,3.0,23.218964526739626,28.089423696147563,Asymmetric PID
2023-08-13,25.22,25.480458516438006,27.962167743071774,29.43101089491995,3.0,23.41855109002831,29.098143233798208,Asymmetric PID
2023-08-14,28.83,25.76284901178546,28.121506123518177,29.992880443915574,3.0,23.739423685878748,29.643499286102305,Asymmetric PID
2023-08-15,27.94,26.00820716420493,27.41613433255172,28.940315718862806,3.0,24.02967274558968,28.57446503296491,Asymmetric PID
2023-08-16,30.78,27.006932883723678,28.973964211901652,30.424836394926707,3.0,25.052437452437978,30.042559814813238,Asymmetric PID
2023-08-17,29.98,27.57283309040546,29.405364134320948,30.434680995027982,3.0,25.642293944085644,30.240293072845684,Asymmetric PID
2023-08-18,31.48,28.76933126147724,30.92771477955245,32.00297049109223,3.0,26.862666403092735,31.792031456768864,Asymmetric PID
2023-08-19,29.04,28.786059063877556,31.004131881183113,31.781992020548685,3.0,26.90318719347105,31.55454657232204,Asymmetric PID
2023-08-20,28.99,27.142676980068636,29.9141867943391,31.074126254562827,3.0,25.283517486619857,30.830218749481197,Asymmetric PID
2023-08-21,31.96,28.40213205692916,30.681961643872896,32.198497618222284,3.0,26.56660501033995,31.938172075697057,Asymmetric PID
2023-08-22,30.93,28.937872786333664,30.784608941009928,31.662984612137265,3.0,27.125898929532237,31.553952153779154,Asymmetric PID
2023-08-23,32.08,30.049473684692913,32.43418205028305,33.24931689144038,3.0,28.260974425855128,33.088446835560276,Asymmetric PID
2023-08-24,29.64,29.56192493457533,32.04422358230611,32.8656880817997,3.0,27.79682233946085,32.688316514350596,Asymmetric PID
2023-08-25,26.8,28.923991890211674,31.718710248381132,32.93884594864248,3.0,27.182208674612998,32.69431348249428,Asymmetric PID
2023-08-26,22.19,23.497463626561313,26.55913815284171,27.921167483479874,3.0,21.560975859726806,27.66022265610533,Asymmetric PID
2023-08-27,21.92,21.522924497968617,24.7590770925728,26.530031859501193,3.0,19.589250391430028,26.252718738798528,Asymmetric PID
2023-08-28,23.62,21.65841504432917,24.413044399143455,27.001118857502256,3.0,19.74824386266581,26.707481177855097,Asymmetric PID
2023-08-29,23.17,21.744962070669235,24.21665950763975,25.68867253059088,3.0,19.858215237551132,25.378753696310543,Asymmetric PID
2023-08-30,25.63,24.01750633053983,26.43457005006762,27.756956836251106,3.0,22.15410592499472,27.42773212965336,Asymmetric PID
2023-08-31,25.59,24.705649150407638,26.441739301736558,27.398958331075196,3.0,22.865517899320167,27.053538301791352,Asymmetric PID
2023-09-01,29.1,24.642641687324783,26.952011406286548,28.57993643884956,3.0,22.825702958045447,28.218363521174307,Asymmetric PID
2023-09-02,26.16,24.57055114608019,26.92658437265493,28.197604578205304,3.0,22.77672893914204,27.98811677571141,Asymmetric PID
2023-09-03,24.25,22.43246160691912,26.272935082961563,27.774541402289476,3.0,20.661680548860335,27.54877716395889,Asymmetric PID
2023-09-04,26.51,21.330964911534387,25.305194901557513,28.244848753547654,3.0,19.583150247824882,28.002851531152608,Asymmetric PID
2023-09-05,25.87,22.1064467249836,25.264093212018224,26.615571554983212,3.0,20.381524313053788,26.357384474217152,Asymmetric PID
2023-09-06,30.2,24.315546929278582,27.136989940521172,28.278571452444183,3.0,22.61344323164858,28.001169520938355,Asymmetric PID
2023-09-07,26.67,25.94176166159153,28.589715666389864,29.734132054781313,3.0,24.262403739098968,29.60760312456293,Asymmetric PID
2023-09-08,30.07,26.232195083091593,29.03702602542858,30.426175733634317,3.0,24.575510588216392,30.283373069055493,Asymmetric PID
2023-09-09,27.01,26.321279540078322,28.122487214280085,28.970779717975653,3.0,24.687196710362738,28.811747144911504,Asymmetric PID
2023-09-10,23.03,24.22952777780022,26.76802624331622,28.280538056713624,3.0,22.617975429362467,28.10531907220233,Asymmetric PID
2023-09-11,24.51,21.53874640509791,24.152779375075117,26.66154245910866,3.0,19.949653926237808,26.47018023471698,Asymmetric PID
2023-09-12,24.24,21.21393335731012,23.34379508338973,24.650243622413498,3.0,19.647230702205164,24.442781007557986,Asymmetric PID
2023-09-13,25.61,23.595201515483375,25.982783899488336,27.248569716843843,3.0,22.050819197973674,27.025049242068466,Asymmetric PID
2023-09-14,22.9,22.921010688045538,25.11157570344038,26.45232034187319,3.0,21.398879775506103,26.212784222084053,Asymmetric PID
2023-09-15,22.96,22.534361093072302,25.341389075486468,26.84233258164993,3.0,21.034413200371212,26.586822719307822,Asymmetric PID
2023-09-16,22.41,22.42336031895237,24.108566907880473,24.870982917675185,3.0,20.945527602493353,24.599540905946515,Asymmetric PID
2023-09-17,23.47,21.001095702988565,22.526239284251915,23.741344299160893,3.0,19.54531085483657,23.4540114250278,Asymmetric PID
2023-09-18,26.18,22.604367569972283,24.327351254480963,25.88648029550381,3.0,21.17056381206061,25.744782801973805,Asymmetric PID
2023-09-19,24.34,23.766463888845916,25.40953145069987,26.119144829348414,3.0,22.354574967263606,26.12263473680158,Asymmetric PID
2023-09-20,25.91,23.852430031207554,26.318912759029335,27.182218558309742,3.0,22.462390210565605,27.166455397954273,Asymmetric PID
2023-09-21,24.73,23.25514871832474,25.24939827380525,26.26121902665391,3.0,21.930424959737955,26.229314502553063,Asymmetric PID
2023-09-22,27.11,23.242427987244085,25.822307788990877,27.01457131567197,3.0,21.989640949480595,26.966569009007873,Asymmetric PID
2023-09-23,25.21,23.034003131506015,25.325584218111885,26.36109403156304,3.0,21.846781872052407,26.46045735995792,Asymmetric PID
2023-09-24,24.38,22.998495181376907,25.10030306401151,26.107995846617545,3.0,21.832865156539256,26.191127122606296,Asymmetric PID
2023-09-25,27.39,23.544052592513363,25.302798038010383,26.939991411482836,3.0,22.39995057767554,27.006935246083454,Asymmetric PID
2023-09-26,25.5,23.80359494180309,25.374521593854215,26.600643066595683,3.0,22.680958198652515,26.861937470698983,Asymmetric PID
2023-09-27,26.39,24.11203680734998,26.270035935467416,27.567962344883732,3.0,23.010803078760425,27.81292942952278,Asymmetric PID
2023-09-28,25.83,23.45587775830065,25.152304480484535,26.202806931802677,3.0,22.41368640134968,26.431492362697522,Asymmetric PID
2023-09-29,26.3,24.656168376343242,26.331130053155164,27.228581244737427,3.0,23.635256943135047,27.44103034417594,Asymmetric PID
2023-09-30,24.24,23.74507055117696,25.376414765720945,26.043085981068707,3.0,22.7453781981257,26.239343731434836,Asymmetric PID
2023-10-01,23.85,21.60449999389941,22.765383621116733,23.615091528399436,4.0,20.644005134005884,23.79520257565497,Asymmetric PID
2023-10-02,24.6,22.254433577770886,23.59864197293789,25.12777862068237,4.0,21.315037490268967,25.485671785582035,Asymmetric PID
2023-10-03,21.52,21.202417376579046,22.076077549838242,22.63581718228871,4.0,20.28406058778644,22.97742236236364,Asymmetric PID
2023-10-04,22.28,20.389313623142858,21.697957718147105,22.662081147970888,4.0,19.491937106613918,22.9521530433106,Asymmetric PID
2023-10-05,21.2,20.204392500380468,20.885221624575607,21.789419748714554,4.0,19.327937672310707,22.063294709506245,Asymmetric PID
2023-10-06,20.13,20.512037425168057,21.596707418862128,22.510192160144413,4.0,19.65644613985922,22.767915201018273,Asymmetric PID
2023-10-07,18.63,19.0757753402134,19.56616622369364,20.193510558072052,4.0,18.240989885598143,20.43512635795441,Asymmetric PID
2023-10-08,19.75,17.02809432537672,18.101295784019438,19.004936221459033,4.0,16.214057418601943,19.230489126991618,Asymmetric PID
2023-10-09,20.65,17.772923323760487,19.720427133708988,21.77409876430453,4.0,16.979578106828377,22.176128566721577,Asymmetric PID
2023-10-10,18.99,18.077283090129924,19.50074204098436,20.221729193442485,4.0,17.304573125595823,20.572263859602568,Asymmetric PID
2023-10-11,18.47,18.661540061193023,19.390493514093194,20.25341117937622,4.0,17.9094093279192,20.58778708902932,Asymmetric PID
2023-10-12,16.46,16.76453392400341,17.541367733753464,18.10448147153366,4.0,16.032926812967855,18.422743669616224,Asymmetric PID
2023-10-13,16.2,16.519335189191473,17.315315645928653,18.02506885011529,4.0,15.808196499350874,18.327262046586306,Asymmetric PID
2023-10-14,15.44,14.870633360145181,15.297427530126715,15.948893640111132,4.0,14.17990829435119,16.235062213354652,Asymmetric PID
2023-10-15,16.26,15.056236575245926,15.632690638161403,16.38019660635506,4.0,14.385870736213935,16.650384606538385,Asymmetric PID
2023-10-16,17.31,16.146206193789077,17.017859754997584,18.40204659349824,4.0,15.496145580118643,18.6562977458865,Asymmetric PID
2023-10-17,17.14,15.846064571022698,16.379998800364163,16.86456514427074,4.0,15.21625557326884,17.102922852498498,Asymmetric PID
2023-10-18,16.86,16.26646581275144,17.11940061203397,17.95601999357651,4.0,15.656855209546004,18.36921567924058,Asymmetric PID
2023-10-19,14.32,15.060898111532971,16.091569200748374,16.450020158553244,4.0,14.471433065755297,16.847183909918456,Asymmetric PID
2023-10-20,16.56,14.011533782146156,14.867086230188601,15.698709228346324,4.0,13.224174738464352,16.079885453661404,Asymmetric PID
2023-10-21,15.14,14.101094837486404,14.61296766289188,15.058475534382465,4.0,13.334045274543902,15.62201142179947,Asymmetric PID
2023-10-22,15.06,14.092496119898783,15.306284579281966,15.79874816522382,4.0,13.345701988684636,16.35936276845822,Asymmetric PID
2023-10-23,15.79,14.807617281427008,15.862388246801476,17.13145340798576,4.0,14.081024924143989,17.67598215392961,Asymmetric PID
2023-10-24,15.0,14.519303602983083,15.22822055699644,15.773065883314459,4.0,13.812859749186496,16.301553871883673,Asymmetric PID
2023-10-25,14.53,14.423398036221062,15.347761638037792,15.928086551030653,4.0,13.73704979900648,16.440578548639166,Asymmetric PID
2023-10-26,13.71,12.847647071251743,13.503750630805325,14.122950919944321,4.0,12.181341943490935,14.61949136287322,Asymmetric PID
2023-10-27,13.69,13.551244125123262,13.918557798574868,14.578703539574322,4.0,12.90492997574756,15.05933653729729,Asymmetric PID
2023-10-28,13.31,12.968608822860116,13.104977303639664,13.439709842515137,4.0,12.342233893190498,13.904479180981,Asymmetric PID
2023-10-29,13.82,12.84470397461121,13.025963018373588,13.36658110917792,4.0,12.238216874734393,13.815530254050898,Asymmetric PID
2023-10-30,13.67,13.957712691151752,14.264640431103311,15.472466803453855,4.0,13.371062396341586,16.061676251890887,Asymmetric PID
2023-10-31,13.76,13.474707222284604,13.82396957357431,14.488862221800371,4.0,12.90784306946809,15.062110544310217,Asymmetric PID
2023-11-01,13.8,13.574947081859666,14.089103904457975,14.936991042014611,4.0,13.027818766126918,15.49432270112287,Asymmetric PID
2023-11-02,13.73,12.84916840692079,13.510802565874378,14.065946761068021,4.0,12.32172597807828,14.60461662284927,Asymmetric PID
2023-11-03,13.49,13.304551908513389,14.0342751616395,14.901685682803343,4.0,12.796745767679822,15.424526831224567,Asymmetric PID
2023-11-04,13.49,12.561293217311455,13.303029372074082,13.876234353433318,4.0,12.073074113555633,14.383290282501598,Asymmetric PID
2023-11-05,14.35,13.345960612523825,13.938680695313487,14.449144780867037,4.0,12.877279639543882,14.94045866817182,Asymmetric PID
2023-11-06,13.8,13.9296595571845,14.85011963403905,16.073719837248845,4.0,13.480468150027875,16.549334547104603,Asymmetric PID
2023-11-07,13.99,13.293830568644847,14.076000668941074,14.586188732901498,4.0,12.864080500468404,15.032936809511153,Asymmetric PID
2023-11-08,14.11,13.435261198988545,13.86440403763688,14.835652412115431,4.0,13.02490457785823,15.266786112451271,Asymmetric PID
2023-11-09,13.76,11.30098543732465,12.912325244784105,13.267430112214944,4.0,10.909974703054111,13.682991379225395,Asymmetric PID
2023-11-10,13.28,12.304583522534376,13.681903548059596,14.715877040252344,4.0,11.932871443561966,15.28021843721331,Asymmetric PID
2023-11-11,13.02,11.738930962993294,13.060907918488969,13.754088520030736,4.0,11.38647063329689,14.30272183491253,Asymmetric PID
2023-11-12,13.7,12.695379683062441,13.1246960026033,14.059715075551747,4.0,12.362124519111523,14.592683200622464,Asymmetric PID
2023-11-13,14.39,13.344985870133723,13.913049170111453,15.297647451482764,4.0,13.030889607878175,15.801782959544225,Asymmetric PID
2023-11-14,13.73,13.564122224539894,13.868518309919972,14.647687722182198,4.0,13.269138916434978,15.136242899436485,Asymmetric PID
2023-11-15,13.69,13.344027993937077,14.11387678445713,15.262865234361799,4.0,13.068112006004062,15.735882053603909,Asymmetric PID
2023-11-16,13.93,12.6618839938566,13.43837830152754,14.202785551492662,4.0,12.404990002778526,14.660305685022173,Asymmetric PID
2023-11-17,13.44,12.634591838777535,13.105843105082545,14.117716467067511,4.0,12.396674829029594,14.55978128962369,Asymmetric PID
2023-11-18,12.94,12.73843018600314,13.297228345270305,13.992859059799443,4.0,12.519445447017192,14.419509651459594,Asymmetric PID
2023-11-19,13.37,12.752895375348668,13.253598819339551,14.178027668647792,4.0,12.552798498711375,14.589304817689397,Asymmetric PID
2023-11-20,13.6,13.339122193626581,13.9551456982447,15.392740533555283,4.0,13.157869070310694,15.788684739282496,Asymmetric PID
2023-11-21,13.1,13.108748577313541,13.386492002852565,13.981439222414208,4.0,12.946295394941856,14.362090697949219,Asymmetric PID
2023-11-22,12.48,12.12864572221597,13.201815428166656,14.047485618531928,4.0,11.984948962357482,14.412884293571752,Asymmetric PID
2023-11-23,10.63,10.395830896782114,12.355969320872912,14.02160216253508,4.0,10.270847332279926,14.371787686074263,Asymmetric PID
2023-11-24,11.0,10.235872423799771,11.645281910807594,12.855020172200183,4.0,10.129559116130281,13.190031915219965,Asymmetric PID
2023-11-25,11.95,10.991482245619833,10.920941327651445,11.491189655065332,4.0,10.903796542282768,11.811066713189739,Asymmetric PID
2023-11-26,14.16,12.465826240037408,12.50183715057845,13.254082650809613,4.0,12.396725771976268,13.720056537232594,Asymmetric PID
2023-11-27,14.43,13.990243805448216,14.81208715266451,16.324617897001655,4.0,13.939686484500701,16.937278876219075,Asymmetric PID
2023-11-28,14.5,13.719711707896439,14.493399038884554,15.220632468786384,4.0,13.68765572427442,15.817861982281316,Asymmetric PID
2023-11-29,14.71,13.72648460199821,14.1958623781479,15.560740393751512,4.0,13.712888421796851,16.142579873466723,Asymmetric PID
2023-11-30,14.16,12.852351031127943,14.014262250931703,15.115869242842745,4.0,12.85717339386354,15.68235982723034,Asymmetric PID
2023-12-01,13.68,13.427190540980286,13.791854957216628,14.620709216325853,4.0,13.450390457156447,15.17189175318346,Asymmetric PID
2023-12-02,13.42,13.158536861840936,13.29831084095125,13.651932879724901,4.0,13.200073610542677,14.173943710286222,Asymmetric PID
2023-12-03,13.83,13.519045254169722,14.14185271801108,14.418863205460227,4.0,13.578878380685126,14.925646823292976,Asymmetric PID
2023-12-04,14.53,13.987433802181744,14.816967602756094,15.625399096040878,4.0,14.065523115650757,16.116995493647657,Asymmetric PID
2023-12-05,13.87,14.078873832622818,14.462740897615792,14.774651325687813,4.0,14.175179403712844,15.2511002159154,Asymmetric PID
2023-12-06,14.31,13.934866588875309,14.401280156785454,15.000297492835646,4.0,13.86024384404133,15.461638311540709,Asymmetric PID
2023-12-07,14.07,13.33327923304763,13.890954571046192,14.243353972849578,4.0,13.276983510852448,14.689625881531805,Asymmetric PID
2023-12-08,13.53,13.501192561741206,13.933351079935743,14.510948583137683,4.0,13.463183076292989,14.928980461601583,Asymmetric PID
2023-12-09,13.72,12.56496046747776,13.194922971980251,13.536485509920398,4.0,12.54519669882114,13.939525988662394,Asymmetric PID
2023-12-10,14.71,13.237967296109165,13.83009765041017,14.227510641225425,4.0,13.236408987881445,14.628808084093636,Asymmetric PID
2023-12-11,14.13,14.458480449346121,15.038909470304986,16.265148936126906,4.0,14.475087606460114,16.81087329626999,Asymmetric PID
2023-12-12,14.17,13.269439247571182,14.023794388678331,14.719713864955278,4.0,13.116567073984635,15.250361571041617,Asymmetric PID
2023-12-13,14.88,13.391608679945932,13.753444308406586,14.494957664278735,4.0,13.257014555164293,15.010567908456844,Asymmetric PID
2023-12-14,14.35,13.771324588373147,14.444524306093719,14.972701168632057,4.0,13.654967663456532,15.48773732711466,Asymmetric PID
2023-12-15,14.48,13.727101590844839,14.352499310856224,14.97577117840496,4.0,13.628941282515362,15.475847448060227,Asymmetric PID
2023-12-16,14.16,13.405221527764049,14.078969292715465,14.556376485160575,4.0,13.32521751606948,15.041531252006678,Asymmetric PID
2023-12-17,14.15,13.41509823518064,14.307416316011818,15.051743702723654,4.0,13.353210461184558,15.522015089103332,Asymmetric PID
2023-12-18,14.63,13.652743549955524,14.699648373140082,16.05514114462189,4.0,13.60893221345356,16.510567011669348,Asymmetric PID
2023-12-19,14.29,13.37716984178963,14.395316269522064,15.059547874054577,4.0,13.351395399051484,15.485741368810405,Asymmetric PID
2023-12-20,14.15,13.53654798431915,14.649296854993953,15.418868846155044,4.0,13.546809941046115,15.830291769941464,Asymmetric PID
2023-12-21,14.11,12.540262506230256,13.94498589285653,14.425503072962885,4.0,12.568483029777337,14.822192517795987,Asymmetric PID
2023-12-22,13.37,13.179581477601964,13.804628438844162,14.629934611215692,4.0,13.22572178036541,14.998023198768362,Asymmetric PID
2023-12-23,12.06,12.459572312431206,13.20446017801251,13.765711894755686,4.0,12.585887040264582,14.119140434812191,Asymmetric PID
2023-12-24,11.8,10.857389494789675,12.399012034657355,13.209092639829853,4.0,10.816532999689063,13.534687466510722,Asymmetric PID
2023-12-25,10.85,10.207293891222452,12.16706139984735,13.688257688884201,4.0,10.184426440601118,13.999264911442861,Asymmetric PID
2023-12-26,11.95,10.502163280811377,11.830342574568107,12.630851578096053,4.0,10.498580630111196,12.927307053342862,Asymmetric PID
2023-12-27,12.47,11.691436169613523,12.147154607125692,13.01033859814358,4.0,11.705764110722292,13.29227794260042,Asymmetric PID
2023-12-28,13.62,11.829829474414087,12.620017711807645,13.098676747293332,4.0,11.862029156512415,13.322826975711934,Asymmetric PID
2023-12-29,13.3,13.251278135700744,13.604511346452107,14.287889191511344,4.0,13.301310955435754,14.683106596919817,Asymmetric PID
2023-12-30,13.01,12.389087092595032,13.147171298218144,13.740852921667644,4.0,12.273319404728491,14.121477512921722,Asymmetric PID
2023-12-31,12.48,11.228254609313678,12.998781458276458,13.829615624207689,4.0,11.130429564824807,14.195683535149834,Asymmetric PID
2024-01-01,12.5,11.06537665380737,12.798214986914317,14.265157614957765,5.0,10.98545483952313,14.573396373640014,Asymmetric PID
2024-01-02,14.03,11.587128851365666,12.584863655191434,13.401584424625367,5.0,11.529440622285847,13.695338046529157,Asymmetric PID
2024-01-03,19.22,13.389503142350096,13.708280151923406,14.27644828476442,5.0,13.349640069603867,14.740533850891676,Asymmetric PID
2024-01-04,14.19,16.49563496003825,17.364028564399206,17.691939387291324,5.0,16.473558378612722,18.282961420698072,Asymmetric PID
2024-01-05,14.09,14.578489882870766,15.996743489049312,17.133585907791236,5.0,14.387572111446474,17.7098518774924,Asymmetric PID
2024-01-06,13.55,13.58140416240011,13.672792508538953,14.893528149521334,5.0,13.183813175513418,15.411767386091462,Asymmetric PID
2024-01-07,13.61,12.952237017356898,13.665528450039346,14.543636301710453,5.0,12.615416029952788,15.047194608040076,Asymmetric PID
2024-01-08,13.85,12.8452182290581,13.544702214213165,15.021108644893733,5.0,12.526411880310873,15.510023207526194,Asymmetric PID
2024-01-09,13.89,12.920593305762038,13.697478485873518,14.433777754612741,5.0,12.619761039687083,14.908085509737475,Asymmetric PID
2024-01-10,14.15,14.846398024469353,15.50300028322819,16.355463091674984,5.0,14.56786906161026,16.815200727422386,Asymmetric PID
2024-01-11,14.58,13.038348471665493,14.278583460145565,14.649490611428025,5.0,12.592573131452088,15.094694570137351,Asymmetric PID
2024-01-12,14.7,14.319291768011976,14.778255510482728,15.28880793098243,5.0,13.891570914903072,15.719514411443104,Asymmetric PID
2024-01-13,14.58,13.78157976715161,14.526921226180649,15.027137077877416,5.0,13.371872264481379,15.443382037544138,Asymmetric PID
2024-01-14,14.41,13.044908051695373,14.370567415596266,14.581761219559237,5.0,12.653173026977175,14.983580376741243,Asymmetric PID
2024-01-15,15.43,12.764998333962534,14.714302624772504,15.722864600494049,5.0,12.39119517659055,16.110293436518912,Asymmetric PID
2024-01-16,16.24,13.747542570474476,14.985059074783855,15.555897467710514,5.0,13.391630929451045,15.928971229062821,Asymmetric PID
2024-01-17,15.75,15.602616925042401,16.992245558341494,17.88759142467125,5.0,15.264556706730735,18.429002264646993,Asymmetric PID
2024-01-18,15.77,13.71691638007838,15.651588293353528,16.537939446650533,5.0,13.3966677459803,17.021572788099796,Asymmetric PID
2024-01-19,15.29,14.40946571953408,15.656415839064172,16.671247207855558,5.0,14.106989084092445,17.140447402784034,Asymmetric PID
2024-01-20,14.79,13.564394925881444,15.239314524489906,15.924074190310812,5.0,13.279650954306943,16.34358599191027,Asymmetric PID
2024-01-21,15.64,13.404359406635539,15.079037182185804,15.906264355276896,5.0,13.14167852938214,16.311414272916963,Asymmetric PID
2024-01-22,16.06,14.254750360126911,16.013330160477825,17.215081807168943,5.0,14.009724220892446,17.605905119361914,Asymmetric PID
2024-01-23,18.81,14.082652595096496,15.677261890307808,16.470195156321026,5.0,13.855242598594504,16.846726909216063,Asymmetric PID
2024-01-24,16.23,16.43000919816321,17.484595266903618,18.10985294948109,5.0,16.220176991419283,18.645741111515,Asymmetric PID
2024-01-25,11.88,14.542589984253125,16.63830298445456,17.56660473411931,5.0,14.350297454548654,18.05279632877286,Asymmetric PID
2024-01-26,15.18,11.946201147781128,13.354427677703232,15.045908333988312,5.0,11.589279288723677,15.517730137221713,Asymmetric PID
2024-01-27,14.99,12.44225706073563,13.563192646332272,14.331493531072933,5.0,12.102987475597843,14.824272082634517,Asymmetric PID
2024-01-28,15.3,13.557330614345474,15.158128622610008,15.85212479038606,5.0,13.235674408545451,16.511788307805748,Asymmetric PID
2024-01-29,15.52,14.261399026203112,15.621064494458237,17.200777310749906,5.0,13.957317549297013,17.845989730327243,Asymmetric PID
2024-01-30,15.37,14.878294582044171,16.151254162956928,17.074478321093043,5.0,14.591749425653655,17.661967565548828,Asymmetric PID
2024-01-31,15.26,14.967772286955528,15.867087796945818,16.748753601759176,5.0,14.698725282717831,17.321864081034995,Asymmetric PID
2024-02-01,15.0,13.362841037570652,14.020967044571671,15.04595229033422,5.0,13.111254255111016,15.569428816353874,Asymmetric PID
2024-02-02,14.87,14.656782786249977,15.000990747084948,15.718455218302317,5.0,14.422618531176116,16.227624359946514,Asymmetric PID
2024-02-03,14.29,14.159903130937012,14.600998247725062,14.976710305317392,5.0,13.943123942855348,15.471607401371754,Asymmetric PID
2024-02-04,14.89,9.608307559327939,12.039053412222815,12.565343849547784,5.0,9.408876209881294,13.046004007180592,Asymmetric PID
2024-02-05,14.6,14.613612588903447,15.754986049255356,16.208237058847352,5.0,14.431492079829937,16.8466912219781,Asymmetric PID
2024-02-06,14.55,14.492709641009082,15.039445124727816,15.843118315127377,5.0,14.32786320222191,16.467219776907747,Asymmetric PID
2024-02-07,14.55,14.447831160643036,14.634624745287919,15.456334789038571,5.0,14.300222248330925,16.066119385298663,Asymmetric PID
2024-02-08,14.58,13.707350621796497,13.887086105005025,14.23347167159056,5.0,13.576942916544505,14.828975002736536,Asymmetric PID
2024-02-09,14.4,14.12120720543312,14.454292351661518,15.132619308879619,5.0,14.007964610363532,15.757185105669858,Asymmetric PID
2024-02-10,14.62,13.397151295247205,14.206147321048409,15.100756278669591,5.0,13.301037934180291,15.71111131328254,Asymmetric PID
2024-02-11,14.74,14.16565770853272,14.480878769880789,14.924467438636025,5.0,14.086637924167066,15.520646617740557,Asymmetric PID
2024-02-12,15.49,14.844135796481579,15.369067327418781,16.58132739442433,5.0,14.782174148593752,17.163365397542453,Asymmetric PID
2024-02-13,14.92,14.647883555593097,14.93028488039112,15.545907096348554,5.0,14.602944819256395,16.11383837786603,Asymmetric PID
2024-02-14,15.01,14.575683663274084,15.046207290765789,15.655508253738304,5.0,14.54773282709612,16.209367044892474,Asymmetric PID
2024-02-15,15.33,14.035886138319901,14.696339338303028,15.218210597354847,5.0,14.02488840269878,15.758030908199936,Asymmetric PID
2024-02-16,14.53,14.558611094726103,15.052641989625581,15.572691208799657,5.0,14.564531870124965,16.111716840089134,Asymmetric PID
2024-02-17,14.58,14.190435113363517,14.554134790979779,15.060580869400923,5.0,14.039565005123846,15.57242537475181,Asymmetric PID
2024-02-18,14.41,13.031619667519852,14.288767590223532,14.953731726441987,5.0,12.897766710494055,15.45163847386991,Asymmetric PID
2024-02-19,14.91,13.28762054553892,14.949849377203716,16.37065442584423,5.0,13.170749458062458,16.854656559884837,Asymmetric PID
2024-02-20,15.53,13.624207772623064,14.721655240870946,15.272399495248957,5.0,13.524283486396618,15.742529948754509,Asymmetric PID
2024-02-21,15.06,15.0316406465914,15.221100982933068,15.852271254724105,5.0,14.948628304941789,16.321772760639337,Asymmetric PID
2024-02-22,15.14,14.029180202909153,14.958048421187215,15.236314474647902,5.0,13.963045159068523,15.678799528069291,Asymmetric PID
2024-02-23,15.0,14.21080525789236,14.396762887600023,14.957392506743656,5.0,14.161513073295414,15.386103426350834,Asymmetric PID
2024-02-24,14.76,14.453321916212918,14.955205576534818,15.542671099392416,5.0,14.420838358811928,15.957639989467381,Asymmetric PID
2024-02-25,15.33,14.465208268375871,14.734909596323098,15.350445658946441,5.0,14.449499310973287,15.751704421069293,Asymmetric PID
2024-02-26,15.04,14.993506659720678,15.550587107786281,16.543125320366173,5.0,14.994538478319079,16.930705655152266,Asymmetric PID
2024-02-27,14.89,14.611840135196404,14.928772611489334,15.414703529311176,5.0,14.629579107365592,15.788636938129152,Asymmetric PID
2024-02-28,14.52,14.691435887829341,14.739778891243038,14.96092942719536,5.0,14.725848591090342,15.321247213866341,Asymmetric PID
2024-02-29,14.65,14.213932835580401,14.820245606401585,15.487623908602728,5.0,14.093517175931282,15.834357181080907,Asymmetric PID
2024-03-01,14.51,13.624462425375642,14.199416573571833,15.208947000112639,5.0,13.52081525292488,15.542126672147516,Asymmetric PID
2024-03-02,14.63,13.051913152038551,13.90311435359759,14.662638073624132,5.0,12.965000383348505,14.982294866404647,Asymmetric PID
2024-03-03,15.02,13.963049482462397,14.462616931747888,15.17735704329873,5.0,13.892837237148395,15.483521487079518,Asymmetric PID
2024-03-04,14.46,14.176443838312712,14.847403632013153,15.735077760336864,5.0,14.122898437414392,16.027780196046873,Asymmetric PID
2024-03-05,14.43,13.999183116134034,14.63277965933055,15.5024764812277,5.0,13.962271080503522,15.781747062061422,Asymmetric PID
2024-03-06,14.9,13.736970630103327,14.183497928675692,15.073983711164889,5.0,13.716658678810042,15.339852404156398,Asymmetric PID
2024-03-07,14.66,13.312958014050587,14.182057058752404,15.023524294666394,5.0,13.309213062802458,15.276020882246435,Asymmetric PID
2024-03-08,14.34,13.340721866868279,13.971955283453925,14.678385809087882,5.0,13.353511026449189,14.917539890624244,Asymmetric PID
2024-03-09,13.65,13.174435513428932,13.746525755582983,14.460648186010982,5.0,13.20372608815215,14.686489179332352,Asymmetric PID
2024-03-10,12.99,13.738603996279483,14.336538556688584,15.494126922932452,5.0,13.784363482456923,15.706684065835965,Asymmetric PID
2024-03-11,13.83,12.913297424191516,13.83109815630432,15.280524900908134,5.0,12.76329776934207,15.454120290228895,Asymmetric PID
2024-03-12,14.26,12.813784665032808,13.430678279924594,14.124292572765661,5.0,12.723060366941718,14.284662053118211,Asymmetric PID
2024-03-13,13.93,13.61666787399666,14.135096200884318,14.992836508724004,5.0,13.542471250168203,15.178925759057561,Asymmetric PID
2024-03-14,13.84,12.616801826053573,13.72161579604131,14.320471446458244,5.0,12.559099931593742,14.493392026839539,Asymmetric PID
2024-03-15,13.19,11.752882167503337,13.095970273005797,13.997676369368401,5.0,11.711642250919809,14.15745663949443,Asymmetric PID
2024-03-16,13.46,11.447117025708867,13.000830288352638,13.6692959560719,5.0,11.422306527384073,13.815964104322845,Asymmetric PID
2024-03-17,14.37,12.694237844964173,13.43014727445285,14.46966676464566,5.0,12.685824395643913,14.603250809484104,Asymmetric PID
2024-03-18,14.56,13.79716287037692,14.58793245316868,15.692112644373633,5.0,13.805114289674314,15.812640435729092,Asymmetric PID
2024-03-19,14.79,13.990520226480747,14.501689669630899,15.2377693261367,5.0,14.014804521395373,15.306351574414453,Asymmetric PID
2024-03-20,14.91,14.305781442052574,14.845499076107512,15.8401310273081,5.0,14.346366805504541,15.895712221828472,Asymmetric PID
2024-03-21,14.98,13.585237491260425,14.797313388716118,15.635599491386003,5.0,13.642092300639275,15.678206984642344,Asymmetric PID
2024-03-22,14.65,14.1841445202273,14.821134548949345,15.863008610845677,5.0,14.25723733595549,15.892669592193158,Asymmetric PID
2024-03-23,14.46,13.451094438969196,14.471952475103873,14.998265206474704,5.0,13.540394003080026,14.997405302195041,Asymmetric PID
2024-03-24,14.45,14.310529042191472,14.898789600219775,15.341104696748568,5.0,14.416004276921258,15.327352175097502,Asymmetric PID
2024-03-25,14.77,14.14080213281847,14.822786499209874,16.004456011101414,5.0,14.262422139212804,15.9778375798482,Asymmetric PID
2024-03-26,14.82,13.859094113254134,14.446252409969173,15.072203829277314,5.0,13.99682816978805,14.987294287273613,Asymmetric PID
2024-03-27,15.06,14.76953195615054,15.260737131924632,16.029609457946293,5.0,14.92771903398707,15.931886949247637,Asymmetric PID
2024-03-28,14.71,13.918212780294944,14.817325423398701,15.656396623495898,5.0,14.092452992058654,15.545887385748062,Asymmetric PID
2024-03-29,13.91,14.288602466346951,14.790715294661112,15.734090058605485,5.0,14.478865614658782,15.610820175232833,Asymmetric PID
2024-03-30,14.3,12.580380356749806,13.550284584622277,14.129447860693684,5.0,12.620276604967412,13.993443262121222,Asymmetric PID
2024-03-31,14.49,13.725359714192805,14.243075842991644,15.200153815248484,5.0,13.78136186122479,15.225159907255733,Asymmetric PID
2024-04-01,14.76,14.49868961995184,15.376664587582024,16.36274810449686,6.0,14.570766888598676,16.374941819325976,Asymmetric PID
2024-04-02,14.92,13.505152680820515,14.391412356126017,14.803199450811196,6.0,13.593274469855197,14.802607219989937,Asymmetric PID
2024-04-03,15.06,14.693207082654315,15.240531002824792,15.936951281311448,6.0,14.797342965472886,16.069063926007804,Asymmetric PID
2024-04-04,15.83,13.744744185332532,14.866223196856335,15.494208573072234,6.0,13.864863908617975,15.61345472989252,Asymmetric PID
2024-04-05,14.94,14.651479888218645,15.352185551234292,16.28347021656727,6.0,14.787553370617958,16.556425791180587,Asymmetric PID
2024-04-06,15.11,13.863038340564007,14.990048053832911,15.639322396715318,6.0,14.015035671378316,15.899327371103103,Asymmetric PID
2024-04-07,13.28,14.35035818661274,15.114315986125781,15.688003581645166,6.0,14.51824962450029,15.935085582037589,Asymmetric PID
2024-04-08,15.07,13.653465018795568,14.81413748796546,15.99137347084449,6.0,13.668068541092854,16.22555995947976,Asymmetric PID
2024-04-09,15.99,14.078503262954541,14.514776149776406,15.235924341135304,6.0,14.109082931829375,15.457242617575774,Asymmetric PID
2024-04-10,15.07,14.992721518946258,15.812289489444549,16.490301691069988,6.0,15.039247026403535,16.83970234539978,Asymmetric PID
2024-04-11,16.41,13.72453649540591,15.165933390499049,15.74872089611831,6.0,13.786977705328512,16.085167709171333,Asymmetric PID
2024-04-12,16.19,15.588613657160428,15.833836158738775,16.791649187645962,6.0,15.666940604002244,17.25839050593689,Asymmetric PID
2024-04-13,16.22,14.940484570585683,16.025492096602274,16.681385003466293,6.0,15.034667458077454,17.135083255161515,Asymmetric PID
2024-04-14,16.66,14.823123069358603,15.782084871294414,16.667186206561908,6.0,14.933132269226434,17.107869924283328,Asymmetric PID
2024-04-15,15.86,16.039054237275707,17.03812250765756,18.178041438519386,6.0,16.1648602879721,18.60573898448052,Asymmetric PID
2024-04-16,15.25,15.201546219295405,16.243067680837832,17.17114787398927,6.0,15.179740429222038,17.569526723056242,Asymmetric PID
2024-04-17,16.83,14.312672382446738,15.212302024229803,16.196397222696795,6.0,14.306745295669126,16.58184611870352,Asymmetric PID
2024-04-18,14.77,15.536939503480461,16.746954443906098,17.472100716891106,6.0,15.546861100831016,17.987158090993134,Asymmetric PID
2024-04-19,14.96,14.084092082556435,15.408727914986681,16.527701958769327,6.0,13.904399219965908,17.02973938653683,Asymmetric PID
2024-04-20,14.04,13.752494915042215,14.861278936201437,15.494607276718568,6.0,13.588736020051575,15.9836533224527,Asymmetric PID
2024-04-21,15.05,14.072796147267113,14.734076860081718,15.786870458010938,6.0,13.92494063319381,16.262953515796298,Asymmetric PID
2024-04-22,15.71,15.011613379678014,15.706323126267968,17.269418391260416,6.0,14.879630832847182,17.73256668633892,Asymmetric PID
2024-04-23,15.47,14.688351914565235,15.581156741165248,16.835170681062667,6.0,14.572212092995752,17.285412271193188,Asymmetric PID
2024-04-24,16.13,15.299325574378331,16.138981744458547,17.171762637173785,6.0,15.19899840648174,17.60912541397772,Asymmetric PID
2024-04-25,15.67,14.918841989469264,16.03832382913731,17.164737723484343,6.0,14.834297572761413,17.589249413777335,Asymmetric PID
2024-04-26,15.3,15.006565479837615,16.2556457345449,17.596330245079205,6.0,14.937774079662852,18.008018412189145,Asymmetric PID
2024-04-27,14.46,14.014242072890646,15.122328949830731,16.039484950929552,6.0,13.961174121158422,16.438376996001043,Asymmetric PID
2024-04-28,14.8,11.272363323778912,13.876730848713144,14.696224086743696,6.0,11.234989417712656,15.08234725002917,Asymmetric PID
2024-04-29,15.69,14.088438949425367,15.246503819419539,16.754151858017224,6.0,14.066729850323481,17.12753322015485,Asymmetric PID
2024-04-30,15.77,15.095057773470685,15.840502224774099,16.873274119203792,6.0,15.088984405479511,17.233940602482352,Asymmetric PID
2024-05-01,15.93,15.483294959758531,16.677787794940613,18.154999123725183,6.0,15.492828408657157,18.50297749333609,Asymmetric PID
2024-05-02,16.29,14.729893346175324,16.111106740448854,17.02532577614141,6.0,14.755004858172095,17.360642641417986,Asymmetric PID
2024-05-03,16.44,16.018910293861833,16.819458725883866,18.406021763781414,6.0,16.059571274402415,18.728703579425616,Asymmetric PID
2024-05-04,16.87,15.065935629849015,16.723894037725962,18.04591994127686,6.0,15.122117642435898,18.35599300857363,Asymmetric PID
2024-05-05,17.42,15.89920948667404,17.049040493750535,18.541475220024438,6.0,15.970884251697317,18.838965688043768,Asymmetric PID
2024-05-06,17.03,16.835086342771117,18.220091672727005,20.054539289356395,6.0,16.92222573635044,20.33947315614332,Asymmetric PID
2024-05-07,17.0,16.19260011735471,17.48772194005099,18.946132730314545,6.0,16.29517617019229,19.21853584406714,Asymmetric PID
2024-05-08,18.1,16.58040816792619,17.71176857401026,19.319761808011368,6.0,16.698393064170656,19.571646378858144,Asymmetric PID
2024-05-09,17.26,16.717128220076365,18.34300148977699,19.53402345232883,6.0,16.850494296197468,19.77342852164982,Asymmetric PID
2024-05-10,17.76,15.931786923933029,17.693417899054555,19.09879879816985,6.0,16.12322121026432,19.325749771573076,Asymmetric PID
2024-05-11,18.17,16.93100739731187,18.198811307361016,19.481319625289785,6.0,17.13776798897446,19.695841763131785,Asymmetric PID
2024-05-12,18.06,17.576430926754117,18.859279557628284,20.266022886342245,6.0,17.798490610535058,20.468141304848434,Asymmetric PID
2024-05-13,19.14,17.037382044372585,18.793170122323314,20.584847807251514,6.0,17.27471375498406,20.77458747962551,Asymmetric PID
2024-05-14,20.42,17.882846953317053,19.197174379805293,20.802810327763087,6.0,18.139793288947768,20.98019608528498,Asymmetric PID
2024-05-15,18.77,18.90728423165284,20.589827482030255,22.277188654288175,6.0,19.17944890303088,22.442245187402033,Asymmetric PID
2024-05-16,20.63,16.63537823485131,19.24510419377745,20.90902200964276,6.0,16.76392778580966,21.061773869033356,Asymmetric PID
2024-05-17,23.06,18.627794691675508,20.02636248907502,21.963855156796143,6.0,18.771634621962285,22.104326754455112,Asymmetric PID
2024-05-18,22.71,20.04180739158446,22.250621307142087,23.918065294712985,6.0,20.20091043548365,24.17650948193938,Asymmetric PID
2024-05-19,22.07,20.542231029527432,23.02155175079057,24.98194792980855,6.0,20.716570069200422,25.228036660097466,Asymmetric PID
2024-05-20,24.25,20.6147292009009,22.937103918411033,25.462352703203898,6.0,20.804277265315264,25.69611084223413,Asymmetric PID
2024-05-21,20.5,21.67759274995527,23.656030166697885,25.44365206459839,6.0,21.882323013823576,25.665104337323644,Asymmetric PID
2024-05-22,23.2,18.146948934695757,21.412467195148917,23.63892199742735,6.0,18.20471530743755,23.84809298915023,Asymmetric PID
2024-05-23,23.66,20.32151897959327,22.361905675616658,24.61572870076643,6.0,20.39454077884522,24.812642858201876,Asymmetric PID
2024-05-24,25.75,21.467506435842278,24.19810574046779,26.157257239214562,6.0,21.555756344473124,26.341938871542865,Asymmetric PID
2024-05-25,24.16,22.593169181920267,25.23979100824554,26.90865160697485,6.0,22.696620030625077,27.08112488688439,Asymmetric PID
2024-05-26,23.2,21.07800625027337,24.645749568889933,26.505135401965568,6.0,21.196631016504398,26.665424366685393,Asymmetric PID
2024-05-27,27.34,20.74403686517729,24.42257316496968,27.28343683965811,6.0,20.87780867208482,27.431565391980442,Asymmetric PID
2024-05-28,26.83,22.175361292671788,25.41261496412802,27.897729287312934,6.0,22.324253408054837,28.033721196605775,Asymmetric PID
2024-05-29,27.72,23.271671408944812,26.409923324688243,28.389896485202577,6.0,23.435657244211605,28.513775388412476,Asymmetric PID
2024-05-30,26.93,23.4854294890787,26.652703289846233,28.93427717202158,6.0,23.664482598216775,29.046066574666728,Asymmetric PID
2024-05-31,27.75,24.012109635011253,27.423138480253815,30.006982631435992,6.0,24.206203713567117,30.106705908589728,Asymmetric PID
2024-06-01,29.44,24.758096991632094,28.237513152019396,29.703172846051483,6.0,24.97157539232495,29.790853243316317,Asymmetric PID
2024-06-02,28.16,25.592142173087854,29.129936328604987,30.592252620252772,6.0,25.862442866091612,30.66791325472506,Asymmetric PID
2024-06-03,31.92,26.444517790308048,30.621241203963663,32.39292812594553,6.0,26.747316265923402,32.45659198717092,Asymmetric PID
2024-06-04,30.02,27.91111203599624,30.72088860796938,32.27190842371563,6.0,28.232282617547057,32.3235983746353,Asymmetric PID
2024-06-05,33.34,27.316092482146495,31.462041580981392,33.14480514327619,6.0,27.652174599174167,33.1765304317753,Asymmetric PID
2024-06-06,31.86,28.342049109264117,31.998611956904547,33.79112041701741,6.0,28.74313930276322,33.938899777083435,Asymmetric PID
2024-06-07,33.42,28.15312305650828,32.81862130200202,34.65520460078314,6.0,28.578219228301116,34.79096419892874,Asymmetric PID
2024-06-08,29.2,29.245318422234526,33.01053474983844,34.62611232504956,6.0,29.70005136974995,34.74987531321142,Asymmetric PID
2024-06-09,26.39,25.876892103846725,30.370574669303103,32.016602435101575,6.0,26.20800859075605,32.12839183774672,Asymmetric PID
2024-06-10,30.58,25.495917605320795,29.52461118981255,32.411526132394556,6.0,25.86140794303314,32.511364847464435,Asymmetric PID
2024-06-11,30.38,25.825135026108747,29.304260358992757,31.037255319373017,6.0,26.213285080809136,31.12516611921855,Asymmetric PID
2024-06-12,34.4,27.787848707835536,32.08722356256106,33.77399166481584,6.0,28.190850100910474,33.84999719712363,Asymmetric PID
2024-06-13,33.45,29.62450914175063,33.296954680892924,34.882458469707444,6.0,30.09392116475054,35.07076003945261,Asymmetric PID
2024-06-14,31.12,30.60971502209086,34.65518901386847,36.58156144252618,6.0,31.09399769781595,36.75788894814715,Asymmetric PID
2024-06-15,31.23,27.418494419133367,31.413313219910265,33.53106419861139,6.0,27.92634732587509,33.69544069871703,Asymmetric PID
2024-06-16,31.67,27.157187497153714,30.44321037863213,32.688969091609955,6.0,27.688260108631063,32.84141751836492,Asymmetric PID
2024-06-17,34.98,28.70456786187099,32.78805514242423,35.06340359152623,6.0,29.2628520019693,35.20394675158382,Asymmetric PID
2024-06-18,31.83,29.007327253287556,33.30424505876505,34.69973106695922,6.0,29.587930714473035,34.82839164238543,Asymmetric PID
2024-06-19,33.53,28.63542835537869,34.13787579162978,36.17628028199714,6.0,29.230708184236935,36.29308083118593,Asymmetric PID
2024-06-20,32.76,29.772944058386656,34.01727790939824,35.6909190500198,6.0,30.382875779148453,35.79588200859975,Asymmetric PID
2024-06-21,35.18,29.733220010318657,33.745596203406535,35.743107142588286,6.0,30.39193093070211,35.83625482432061,Asymmetric PID
2024-06-22,34.15,30.702087557453297,33.99586553328504,35.211582252466116,6.0,31.38302647372267,35.292936850134325,Asymmetric PID
2024-06-23,34.41,30.39931810509004,33.79107545279239,34.815708196502,6.0,31.094836246308077,34.88529178279316,Asymmetric PID
2024-06-24,35.44,32.361211344964026,35.63181252648626,37.629838516126924,6.0,33.0712847393561,37.68767304450463,Asymmetric PID
2024-06-25,33.71,30.821568789181633,34.131656227058,35.483799791160024,6.0,31.54617358881074,35.52990709672923,Asymmetric PID
2024-06-26,35.79,31.202392058160992,35.059439957253,36.95579044150585,6.0,31.941504538078664,36.985181095325984,Asymmetric PID
2024-06-27,32.5,31.098145323082083,34.86529137412428,36.29269051703314,6.0,31.85174188048688,36.31039726659782,Asymmetric PID
2024-06-28,35.31,30.126587072789977,33.95687214500787,35.42310573288043,6.0,30.894644226193392,35.42915006332737,Asymmetric PID
2024-06-29,33.5,31.72763798009724,34.35833957722255,35.875299369014385,6.0,32.51013236849698,35.869702650502106,Asymmetric PID
2024-06-30,30.48,30.75146123398366,34.453408292303266,35.72356137618097,6.0,31.632710750994217,35.706344864714154,Asymmetric PID
2024-07-01,32.91,29.765844112922462,32.558558984852496,35.794018623961435,7.0,30.424705106842495,35.76520346220865,Asymmetric PID
2024-07-02,31.64,29.990518763845632,31.691386460917556,33.914953022296395,7.0,30.663852939785468,33.87456024040026,Asymmetric PID
2024-07-03,34.96,30.162778019534763,33.063740897142644,35.44034161023253,7.0,30.85056172446115,35.388392126612395,Asymmetric PID
2024-07-04,31.61,30.124258717182613,32.9928243195446,35.61429974004672,7.0,30.910809554314152,35.550814362194046,Asymmetric PID
2024-07-05,33.81,30.83331009353835,34.1040584434926,36.42974258205106,7.0,31.64817777650452,36.354742007317434,Asymmetric PID
2024-07-06,33.36,31.248547398069164,33.020543684370814,35.08828681419366,7.0,32.08058744311278,35.00179163057159,Asymmetric PID
2024-07-07,31.93,30.47044560297237,32.93631941062483,34.96812826972029,7.0,31.31684176966985,34.87015895661694,Asymmetric PID
2024-07-08,36.08,30.748542729231062,33.00945657513288,35.49764040462834,7.0,31.609271962876104,35.388217333632134,Asymmetric PID
2024-07-09,33.38,32.52489242461326,34.12242930106528,36.026099641446464,7.0,33.39993178774598,36.02660276553674,Asymmetric PID
2024-07-10,36.55,32.56814543284586,35.26530070891159,37.427365347372714,7.0,33.30636044794285,37.416355216641946,Asymmetric PID
2024-07-11,36.76,32.46039945165671,34.53823201829414,36.535200871180066,7.0,33.212983314178075,36.51269821765658,Asymmetric PID
2024-07-12,39.34,33.89802005869562,36.738028233648954,38.723362222558286,7.0,34.66494942771865,38.822663688362766,Asymmetric PID
2024-07-13,36.94,34.91705802077188,37.62375220359266,39.38114819976772,7.0,35.69830967421117,39.58637317849698,Asymmetric PID
2024-07-14,33.54,33.64418383824784,36.65053947184768,38.36720781856274,7.0,34.4397346720525,38.56079266822063,Asymmetric PID
2024-07-15,36.3,32.44263955360394,35.270018054584895,37.89480136739759,7.0,33.09944249442644,38.076767789523245,Asymmetric PID
2024-07-16,34.0,32.130316728278366,34.10783427378255,36.06124952357891,7.0,32.80147916817995,36.23161910408529,Asymmetric PID
2024-07-17,36.45,32.56949588815677,35.54403691079954,37.580158322524596,7.0,33.25499431817178,37.73895253252619,Asymmetric PID
2024-07-18,34.8,32.988123376462056,35.261184344327894,36.98478050936153,7.0,33.68793440725829,37.1320207059944,Asymmetric PID
2024-07-19,35.21,33.82976812672366,36.26592286687428,38.24839957827011,7.0,34.5438684877938,38.38410700550444,Asymmetric PID
2024-07-20,31.46,32.79044733237348,34.6607496648176,36.239181037276005,7.0,33.5216069389076,36.363376826721165,Asymmetric PID
2024-07-21,27.65,29.189382301693524,31.5620413174899,33.518731684095584,7.0,29.78272143653218,33.63143685579783,Asymmetric PID
2024-07-22,32.51,28.274030936050373,30.427386610557647,33.49676579238933,7.0,28.71889540730534,33.59800125562223,Asymmetric PID
2024-07-23,32.49,29.777305117241916,30.73064335640222,32.981097252009945,7.0,30.23658583804997,33.070883806057545,Asymmetric PID
2024-07-24,35.01,31.365540937645026,33.715175219073394,35.73699170070898,7.0,31.839213694596058,35.81535003564193,Asymmetric PID
2024-07-25,34.57,32.197704013325435,34.2620858578599,36.19901100694574,7.0,32.68574471674639,36.26596170439029,Asymmetric PID
2024-07-26,35.68,33.450412052924705,35.52597747463267,37.978809157782166,7.0,33.952796736037314,38.03437269168222,Asymmetric PID
2024-07-27,32.27,32.30021291129843,34.51325119851192,36.565137124171464,7.0,32.816917729384336,36.60933386154373,Asymmetric PID
2024-07-28,31.47,28.95289635875288,31.43779849755046,33.32184209868814,7.0,29.33591704161828,33.35469230037049,Asymmetric PID
2024-07-29,36.53,30.04336360748644,32.03597191652962,34.51495157782777,7.0,30.44077043691691,34.5364753992208,Asymmetric PID
2024-07-30,33.61,32.40204360528137,34.07067019167774,35.59114320605036,7.0,32.81381232224337,35.75028813405953,Asymmetric PID
2024-07-31,36.54,32.34590342739227,35.259747546332534,36.94625245385556,7.0,32.77200989656166,37.0940107849037,Asymmetric PID
2024-08-01,34.73,32.924609336073594,35.446613980708065,37.36770649033675,7.0,33.378943804829184,37.504098731127186,Asymmetric PID
2024-08-02,36.41,33.31548978568112,36.16267441513586,38.071656407447634,7.0,33.78411410376792,38.196702957804526,Asymmetric PID
2024-08-03,35.1,32.72537572053528,34.80720337706614,36.50000337604245,7.0,33.20945736984322,36.613724529657624,Asymmetric PID
2024-08-04,34.04,31.850919463825214,34.12008784858367,35.493545287116504,7.0,32.349243544430735,35.59596123228958,Asymmetric PID
2024-08-05,36.46,32.92193560565927,35.25727536990758,37.483149348032875,7.0,33.43447858831853,37.574280168404734,Asymmetric PID
2024-08-06,33.7,32.6296571397304,34.660076897402114,36.28024229505543,7.0,33.15639561397281,36.36010797033511,Asymmetric PID
2024-08-07,33.23,32.60137836576985,35.33677777389962,37.165205590457674,7.0,33.143890855672666,37.23382599714276,Asymmetric PID
2024-08-08,27.63,30.213670285264897,32.82845231523901,34.711585861481566,7.0,30.777932205625948,34.76898077357216,Asymmetric PID
2024-08-09,25.75,27.520183384039576,30.592208198971075,33.05459335379649,7.0,27.944550038256093,33.100782443502816,Asymmetric PID
2024-08-10,23.79,24.4868557445235,26.808134495820706,29.09032312785677,7.0,24.77771647563674,29.12532596630048,Asymmetric PID
2024-08-11,24.14,22.837405599190046,25.28415164542401,27.51843557067892,7.0,22.995515578360394,27.54227162858817,Asymmetric PID
2024-08-12,28.24,25.55669499788996,27.487989901762575,30.668687709557915,7.0,25.72920416032686,30.6813763579563,Asymmetric PID
2024-08-13,25.88,27.330211208461833,28.257595024888147,30.1660421277694,7.0,27.518285911493532,30.167602638658778,Asymmetric PID
2024-08-14,25.7,24.9196484729611,27.5081938406776,29.70716000087473,7.0,24.97547007242832,29.697611547912036,Asymmetric PID
2024-08-15,25.55,25.404689130209334,26.53903000586055,27.81834623143005,7.0,25.474958500330466,27.79770789059814,Asymmetric PID
2024-08-16,28.05,26.14972195097841,26.78832478092638,28.805646472501795,7.0,26.234413769625384,28.73909251070241,Asymmetric PID
2024-08-17,28.54,25.569247443067596,26.806647593633514,28.18728955472273,7.0,25.6683365177431,28.109683566651533,Asymmetric PID
2024-08-18,29.57,26.726529744165553,28.325792756914414,29.665578383610743,7.0,26.839991011114826,29.723980115839694,Asymmetric PID
2024-08-19,31.83,29.056448756754044,31.040093807461126,32.885768286269226,7.0,29.184257280084484,32.933062809201815,Asymmetric PID
2024-08-20,29.35,28.627968293336853,31.096983013116144,32.71516698105856,7.0,28.770099264145397,32.751373500992585,Asymmetric PID
2024-08-21,32.03,27.550473712668577,30.161305087376725,31.981055487666815,7.0,27.706902448176756,32.00619311325826,Asymmetric PID
2024-08-22,30.3,28.133325816285833,30.289782305145728,31.648402776479138,7.0,28.3040277589824,31.77425624384759,Asymmetric PID
2024-08-23,31.9,28.62544706282478,30.821998333569006,31.93911134912951,7.0,28.810397779615855,32.05383923811096,Asymmetric PID
2024-08-24,29.65,28.604007068814276,30.28442738938466,30.876349317458327,7.0,28.80318225018095,30.9799710635971,Asymmetric PID
2024-08-25,29.78,28.23267792186573,30.387875455525688,31.16877450581449,7.0,28.447244632130648,31.261309445704452,Asymmetric PID
2024-08-26,31.38,29.120632464230056,31.13064779323376,32.786845633220935,7.0,29.35097720399693,32.86831300517979,Asymmetric PID
2024-08-27,29.79,28.354712136489972,29.986336053537574,30.895479516686137,7.0,28.599209145411034,30.96589846142383,Asymmetric PID
2024-08-28,32.16,29.290783340472558,30.958072886521343,32.1217820061992,7.0,29.549408795050393,32.18117156748042,Asymmetric PID
2024-08-29,31.15,29.030078768231437,30.70522236996498,31.730373603558704,7.0,29.302808964440217,31.77875272885963,Asymmetric PID
2024-08-30,32.13,29.790234083564993,31.70291111334874,33.09755754510458,7.0,30.07704543605103,33.13494508626388,Asymmetric PID
2024-08-31,29.46,29.28422444749444,31.015654097383955,32.229538620763776,7.0,29.58509348878362,32.25595333462796,Asymmetric PID
2024-09-01,28.61,26.31462023266625,29.922116267463657,31.58028375194268,7.0,26.486341980187976,31.560899588933815,Asymmetric PID
2024-09-02,31.8,25.994746913596554,29.670943488692515,32.64622042468419,7.0,26.18059424349182,32.61590066565001,Asymmetric PID
2024-09-03,30.04,27.373190468419438,30.37011579790834,31.87825352302832,7.0,27.57313951552114,31.837016643654984,Asymmetric PID
2024-09-04,30.44,28.1118166299536,31.202867251231126,33.05974527905601,7.0,28.32584364853405,33.0076096625633,Asymmetric PID
2024-09-05,28.68,26.349973105639183,29.410379162664128,30.816484916773362,7.0,26.578054468612024,30.75346885453254,Asymmetric PID
2024-09-06,31.67,27.032158126740594,29.705516874546674,31.425379583749855,7.0,27.27427032486959,31.34988551467357,Asymmetric PID
2024-09-07,29.55,27.28648980919457,29.384037274382433,30.60501672402372,7.0,27.54260945030919,30.630530956584938,Asymmetric PID
2024-09-08,29.59,26.384155434199883,29.292396113701635,30.47810964032461,7.0,26.654259242417595,30.4927084227111,Asymmetric PID
2024-09-09,30.97,27.934761923034046,30.08495261412167,32.07446834257075,7.0,28.218826737989314,32.078170182132624,Asymmetric PID
2024-09-10,28.54,27.234072762690644,29.161221728796576,30.344871265831245,7.0,27.539675945451066,30.33769457747879,Asymmetric PID
2024-09-11,30.56,26.653760033800364,28.972518239366536,30.578394914999635,7.0,26.97327824606706,30.560358021820136,Asymmetric PID
2024-09-12,28.78,26.42936187291611,28.556616675617665,29.687700019090528,7.0,26.762772296313987,29.658821152959742,Asymmetric PID
2024-09-13,31.91,27.48820250758662,29.67303999925658,31.154377899679325,7.0,27.83548243623872,31.114675201867723,Asymmetric PID
2024-09-14,29.14,28.08517923029829,29.688142290084052,30.511612365834058,7.0,28.45370416922918,30.605499320941597,Asymmetric PID
2024-09-15,29.2,27.16624150956831,29.41858492303911,30.363849537384148,7.0,27.548590876545305,30.446859227609917,Asymmetric PID
2024-09-16,30.76,27.996351493217002,29.556102434314123,31.670489827439283,7.0,28.392502915450187,31.742640698801566,Asymmetric PID
2024-09-17,27.02,27.395544063105994,28.942305882455013,30.199394359041946,7.0,27.805475277385952,30.260704765763123,Asymmetric PID
2024-09-18,29.66,25.80830918681894,27.947186892827624,29.480146067196234,7.0,26.075835143738644,29.49578956024125,Asymmetric PID
2024-09-19,28.0,26.315237729736534,27.66665688963458,28.996893438292204,7.0,26.59660671780731,29.14563621667634,Asymmetric PID
2024-09-20,29.97,26.930091996179073,29.141695692928497,30.519994129992174,7.0,27.225281380077355,30.657860267636284,Asymmetric PID
2024-09-21,26.51,26.903137913096906,28.32897655753575,29.339741956767526,7.0,27.21212516850565,29.466750022608164,Asymmetric PID
2024-09-22,23.57,25.29796859012977,27.458751866182276,28.51997244477949,7.0,25.478525927750024,28.636140915371385,Asymmetric PID
2024-09-23,26.85,23.177077761398856,25.20933104884762,27.305924634094318,7.0,23.229899176628038,27.411271894225006,Asymmetric PID
2024-09-24,26.03,24.217122157746424,25.009695529850713,26.548587134414557,7.0,24.283897772748954,26.643131477713755,Asymmetric PID
2024-09-25,27.9,24.98523209861465,26.872239949464028,28.28006737608684,7.0,25.06593840035571,28.328982293558607,Asymmetric PID
2024-09-26,26.26,25.29746430637839,26.721804133123197,27.989610867513793,7.0,25.39207789801823,28.02775918435147,Asymmetric PID
2024-09-27,28.75,25.96302911512735,27.587801152560278,29.27250114733023,7.0,26.07152671525413,29.299900887294395,Asymmetric PID
2024-09-28,26.01,25.96070775382295,27.09857355080589,28.00005213121797,7.0,26.08306619569215,28.016721229297254,Asymmetric PID
2024-09-29,26.5,23.950137522388175,26.045929060034492,27.218430787949977,7.0,23.946664283434345,27.224387090944905,Asymmetric PID
2024-09-30,28.87,25.496425946836915,26.790961662175985,28.694129157509373,7.0,25.506882607550317,28.689390424611258,Asymmetric PID
2024-10-01,25.58,24.532874569965475,25.728328408286533,25.99269690710595,8.0,24.55723757847842,26.08523108764132,Asymmetric PID
2024-10-02,26.73,23.917631827711443,25.833761436396195,26.569704738660505,8.0,23.955877748316315,26.65149119111802,Asymmetric PID
2024-10-03,24.74,22.623693605854047,24.162225872726456,25.08274811450296,8.0,22.675799118237464,25.286143266556763,Asymmetric PID
2024-10-04,25.01,22.942793085198048,25.054008205986506,25.821190961082486,8.0,23.00873498368157,26.013783565029385,Asymmetric PID
2024-10-05,23.54,21.745001608601225,23.064254472484986,23.61645994972494,8.0,21.82475680138846,23.79826844981542,Asymmetric PID
2024-10-06,23.11,20.878349519499846,22.350614732831065,22.97861694553588,8.0,20.973086279031666,23.14965969492252,Asymmetric PID
2024-10-07,24.63,21.89445537814146,23.542356930834984,24.59922114765374,8.0,22.00456140362304,24.759516408993232,Asymmetric PID
2024-10-08,22.15,21.520920667143358,22.40382604499862,23.08066259112865,8.0,21.644771387398322,23.205640703073556,Asymmetric PID
2024-10-09,23.74,20.90956684001101,22.336035074410642,23.48608897504059,8.0,21.047139611368923,23.600355855146645,Asymmetric PID
2024-10-10,22.26,20.58084389342134,21.649842074811065,22.288000437954963,8.0,20.732116182423717,22.52327639254632,Asymmetric PID
2024-10-11,22.61,20.765033966952945,22.19331012891023,23.2931484090888,8.0,20.944981855460295,23.517658139122748,Asymmetric PID
2024-10-12,20.64,19.980034312423452,20.89560219797323,21.40844352788835,8.0,20.178500991027573,21.622205415468077,Asymmetric PID
2024-10-13,20.05,18.41684941275187,20.188246757276275,20.970966156281264,8.0,18.666056593492556,21.173998493045218,Asymmetric PID
2024-10-14,21.15,18.16059381663907,20.458882280267513,22.34120794611086,8.0,18.42341146908691,22.5335289338286,Asymmetric PID
2024-10-15,19.2,18.27223941154336,19.518122295615186,20.47744753189233,8.0,18.548645542684227,20.659075283055312,Asymmetric PID
2024-10-16,18.67,18.313909935290326,19.779128140406865,20.826055673888426,8.0,18.603882658116966,20.99700821229581,Asymmetric PID
2024-10-17,18.38,16.80643618717987,17.96729811931396,18.94654285107722,8.0,17.109953720011323,19.08225027831155,Asymmetric PID
2024-10-18,17.26,17.40301003181519,18.477921267877313,19.470331270574057,8.0,17.720050697621836,19.595399268892702,Asymmetric PID
2024-10-19,16.36,15.959018992211032,16.902984980571844,17.377638503954913,8.0,16.1521710668241,17.49208483454567,Asymmetric PID
2024-10-20,16.83,15.447671986734965,16.297242835146662,16.889371831904555,8.0,15.65441028873724,16.991598408334482,Asymmetric PID
2024-10-21,17.55,16.495875279248015,17.381355561568437,18.802452243243838,8.0,16.7161777770937,18.894092415688746,Asymmetric PID
2024-10-22,16.99,16.093302455898336,16.645922126021343,17.220097108888286,8.0,16.327147224028305,17.301168381021654,Asymmetric PID
2024-10-23,16.51,16.30246134585984,16.99110557881332,18.01921895954473,8.0,16.549826564022094,18.089738750312545,Asymmetric PID
2024-10-24,16.53,15.173956873692386,16.26345228252938,16.784376577154234,8.0,15.298039470123205,16.844362221322598,Asymmetric PID
2024-10-25,16.17,15.701169413014211,16.507012767479075,17.22053321637057,8.0,15.838836753517008,17.270001965068726,Asymmetric PID
2024-10-26,15.76,14.665507734022073,15.65729034065708,15.937449479406116,8.0,14.816737642536735,15.976418500664977,Asymmetric PID
2024-10-27,15.83,14.544758753529408,15.560617545743566,16.14948308906793,8.0,14.709529160644648,16.17796946835413,Asymmetric PID
2024-10-28,17.71,15.381589073191908,16.617298603522258,17.67369656447244,8.0,15.559878015461141,17.691717305217967,Asymmetric PID
2024-10-29,17.09,15.512647085440282,16.237879274417004,16.906681204951816,8.0,15.704432704703148,17.016979429193718,Asymmetric PID
2024-10-30,15.42,15.458371970161245,16.46206238637402,17.044910216779826,8.0,15.664080597720929,17.25273969031983,Asymmetric PID
2024-10-31,8.95,13.160592278332622,14.916831838664788,15.490441986286072,8.0,13.243332748622734,15.687684718709479,Asymmetric PID
2024-11-01,13.75,10.171302172684355,11.659298699969305,13.338443796017522,8.0,10.094633001537813,13.525117518918263,Asymmetric PID
2024-11-02,13.01,11.945293585459444,12.124248461160374,13.374566079424884,8.0,11.88225368124647,13.657396766401767,Asymmetric PID
2024-11-03,14.63,12.313011340707046,13.877970555043897,14.569463031420387,8.0,12.263578020313405,14.84167001854613,Asymmetric PID
2024-11-04,12.61,14.754164519821511,15.693487755418143,17.17684319204706,8.0,14.718315209515632,17.43844449921476,Asymmetric PID
2024-11-05,14.18,13.481377531115598,14.374243447643309,15.308645955342211,8.0,13.318823241376109,15.559659514995971,Asymmetric PID
2024-11-06,14.16,14.326447543788237,14.500473802433433,15.767063542504255,8.0,14.182410478535285,16.0075072002073,Asymmetric PID
2024-11-07,13.86,12.081984722461957,13.021302592437342,13.811639024567253,8.0,11.811495470421498,14.04153053956533,Asymmetric PID
2024-11-08,13.53,14.122498258924677,14.494225136406238,15.262423905677881,8.0,13.86573400716829,15.481780951457939,Asymmetric PID
2024-11-09,12.57,11.358314383753104,12.83614332157425,13.31570807874457,8.0,10.96518774068332,13.522932482366146,Asymmetric PID
2024-11-10,12.46,11.321461092313937,13.162532493026632,13.737562010293235,8.0,10.942133844785277,13.934287036605827,Asymmetric PID
2024-11-11,12.95,11.901696061760303,13.766480869346772,15.479605128580365,8.0,11.536144288479997,15.665848197100349,Asymmetric PID
2024-11-12,13.92,12.381723211353346,13.864127996311112,14.629102757119568,8.0,12.029923107653737,14.8048812037932,Asymmetric PID
2024-11-13,14.15,13.779632953526491,14.554693676397445,15.283441469613186,8.0,13.44156083060236,15.44877254735248,Asymmetric PID
2024-11-14,13.78,12.96132254507183,13.784749152968637,13.917068132756873,8.0,12.636954829224143,14.071969011971072,Asymmetric PID
2024-11-15,13.68,13.438449666137277,14.233889223542015,15.260234129515265,8.0,13.127762898023269,15.404721898637911,Asymmetric PID
2024-11-16,13.26,12.540133152620378,13.382842107982807,14.011397493767706,8.0,12.243103986509924,14.145489159779391,Asymmetric PID
2024-11-17,13.73,12.471365687983948,13.348686899635752,14.217557351399405,8.0,12.187970891022148,14.341269840346216,Asymmetric PID
2024-11-18,13.75,13.290082120567234,14.012462801618613,15.114692501919727,8.0,13.020298572043158,15.228042659427457,Asymmetric PID
2024-11-19,13.56,13.068439011833096,13.81954450462194,14.714187938768713,8.0,12.812243702454605,14.817192530552852,Asymmetric PID
2024-11-20,14.15,13.323328957031379,14.147299128936407,15.013889766747113,8.0,13.080698988206,15.106565479118672,Asymmetric PID
2024-11-21,14.08,12.91906776629246,13.959669464107348,14.61488406418992,8.0,12.689980349414213,14.697247504557144,Asymmetric PID
2024-11-22,14.1,13.449113260624241,14.22105415738882,15.276087054927604,8.0,13.233545716366379,15.348154752293592,Asymmetric PID
2024-11-23,13.42,12.806346068701838,13.707079160858473,14.485722825456518,8.0,12.604275826315444,14.547511230912795,Asymmetric PID
2024-11-24,13.05,12.778474891968452,13.812294127579959,14.480539581005509,8.0,12.589879488586819,14.532065068221607,Asymmetric PID
2024-11-25,12.62,12.948812601849024,13.889047718291788,15.312125583156611,8.0,12.773669681797774,15.350695837318108,Asymmetric PID
2024-11-26,12.8,12.20345488233706,13.046629526916988,13.907913050050055,8.0,11.906992863115784,13.921670397707652,Asymmetric PID
2024-11-27,11.94,11.808960044268389,12.99466104458611,14.253046819891027,8.0,11.526020233881965,14.256589910621585,Asymmetric PID
2024-11-28,10.46,8.847077168952728,11.216664525441924,12.573621335309465,8.0,8.577636854097088,12.566966237911577,Asymmetric PID
2024-11-29,10.6,10.805160088603925,11.91392521903131,13.223087612582077,8.0,10.549196664516266,13.206250320821528,Asymmetric PID
2024-11-30,11.51,10.35623058652685,10.942527388327656,11.844662750017712,8.0,10.112530305189528,11.81765918309384,Asymmetric PID
2024-12-01,12.87,11.533714172425995,11.73116606730012,12.314407608345881,8.0,11.303445895182866,12.277253611354206,Asymmetric PID
2024-12-02,13.33,13.112701913607001,13.22496468712384,14.189327307395843,8.0,12.895843357175318,14.259184618340845,Asymmetric PID
2024-12-03,14.32,13.111094786844422,13.193180088961824,13.8664778314869,8.0,12.907623773739074,13.926137899318029,Asymmetric PID
2024-12-04,14.11,13.741440630535667,13.909673162930975,15.172300076851432,8.0,13.551335088397266,15.326867078922772,Asymmetric PID
2024-12-05,12.53,12.418178634502997,13.435752096613198,14.260213581838585,8.0,12.242607846533152,14.404534701744607,Asymmetric PID
2024-12-06,13.16,12.046278949813665,12.695422127637077,13.90789741901436,8.0,11.884029800808953,14.041989085026044,Asymmetric PID
2024-12-07,13.28,11.968878039260527,12.590079383468847,13.260337923523764,8.0,11.819928768261946,13.384216487005506,Asymmetric PID
2024-12-08,13.36,12.647225438770942,13.511122207478167,13.95245189968955,8.0,12.511554387311955,14.0661336355794,Asymmetric PID
2024-12-09,13.4,13.321950861062813,14.130654956995414,15.133165017084568,8.0,13.199536472524361,15.233957512823036,Asymmetric PID
2024-12-10,13.92,13.12709694762037,13.6183808573572,14.231262741130806,8.0,13.017917766591104,14.307308226500794,Asymmetric PID
2024-12-11,13.89,13.910546866607483,14.07036221917814,14.707377027753825,8.0,13.81618335482149,14.773274056532646,Asymmetric PID
2024-12-12,13.93,12.649513679594257,13.311442461433568,13.727030609825748,8.0,12.568342765584623,13.782795155971744,Asymmetric PID
2024-12-13,13.64,13.319917228295008,13.44773473773054,14.342229549407566,8.0,13.251917756486383,14.489523381526327,Asymmetric PID
2024-12-14,13.3,12.661716123762726,13.197819509067994,13.754006970138857,8.0,12.606867037279631,13.891120174111165,Asymmetric PID
2024-12-15,12.89,12.729013170916215,13.386573792234634,14.049783477419629,8.0,12.68729351096863,14.176732278902932,Asymmetric PID
2024-12-16,13.01,12.861444109507879,13.704761458161041,14.883822920519112,8.0,12.832833014781773,15.000623469707913,Asymmetric PID
2024-12-17,13.01,12.506430931659672,13.224347902691388,13.93457391704603,8.0,12.490907637712397,14.041242289139955,Asymmetric PID
2024-12-18,12.67,12.769408122975367,13.385323294537315,14.466047296199136,8.0,12.766951961635888,14.562599491867255,Asymmetric PID
2024-12-19,13.46,11.814929089903542,12.79211244186754,13.381675732303302,8.0,11.693243999462991,13.468127678144754,Asymmetric PID
2024-12-20,13.17,12.7606071907496,13.147654891614554,14.373527541639174,8.0,12.652052048214598,14.44989509064012,Asymmetric PID
2024-12-21,13.0,12.311029862016142,13.05527769226769,13.761625004190057,8.0,12.215583674714185,13.827923936177,Asymmetric PID
2024-12-22,12.65,12.243508732546967,13.014223978908941,13.75560684545201,8.0,12.161150605261389,13.81185286754152,Asymmetric PID
2024-12-23,19.57,12.596243800171564,13.463081054964412,14.505487448838252,8.0,12.528554751110162,14.551696195883132,Asymmetric PID
2024-12-24,10.59,15.367352812228336,16.1060296713928,16.982448176624832,8.0,15.312710322707531,17.133983944791098,Asymmetric PID
2024-12-25,9.59,10.243547007867116,13.376809343276632,15.308551318353622,8.0,10.070264813212507,15.450002790024806,Asymmetric PID
2024-12-26,10.78,8.373909531488387,9.967142099864706,12.069131062097334,8.0,8.082544023297967,12.20051411656145,Asymmetric PID
2024-12-27,11.34,9.630570972544051,10.525877375284553,12.041788491460748,8.0,9.352402724262275,12.163118934858343,Asymmetric PID
2024-12-28,11.84,9.913112040407006,11.200851803857875,12.21285343257145,8.0,9.648119497001218,12.309564493069358,Asymmetric PID
2024-12-29,12.2,10.881488378744473,12.09192208011967,12.997104218476265,8.0,10.629650085675944,13.083794062539086,Asymmetric PID
2024-12-30,11.85,13.536566964626367,14.798298599935876,16.20198151120166,8.0,13.297861567223814,16.278665728207816,Asymmetric PID
2024-12-31,11.51,10.8574757787349,11.413988237023528,12.296132423432784,8.0,10.495384052860787,12.362826531388363,Asymmetric PID
2025-01-01,11.41,10.24650161898076,10.923222269201581,12.536028976293059,9.0,9.897609950017943,12.59274842226688,Asymmetric PID
2025-01-02,12.85,10.606759026575327,11.767201541660762,12.502563519747158,9.0,10.27104572629009,12.54431253375878,Asymmetric PID
2025-01-03,13.08,12.518973620732531,12.605208107226774,13.874382749638604,9.0,12.196417101986349,14.006167594782573,Asymmetric PID
2025-01-04,12.67,12.52057546476735,13.161309150398882,13.874952683329631,9.0,12.218122048647496,13.996731999572162,Asymmetric PID
2025-01-05,13.18,12.83116303637966,13.40975296227871,14.019034700626689,9.0,12.543014779392017,14.130824103271838,Asymmetric PID
2025-01-06,13.17,13.818593309797809,15.065928077503106,16.320411558023093,9.0,13.545139489797094,16.422226591013278,Asymmetric PID
2025-01-07,12.68,12.352731406650594,13.04190328173914,13.882003208049206,9.0,11.96189611506173,13.973859344399662,Asymmetric PID
2025-01-08,13.87,12.123042180964102,12.600945838867004,13.6319989176027,9.0,11.745366801635216,13.71391155983254,Asymmetric PID
2025-01-09,13.79,12.72583609247964,13.590286329463556,14.460272053634018,9.0,12.361299006700998,14.63678062630704,Asymmetric PID
2025-01-10,13.37,12.811228147704893,13.762240539015554,15.015855813334403,9.0,12.461409653773096,15.18237418347188,Asymmetric PID
2025-01-11,13.14,12.521451335639483,13.515173681427635,14.159972005137142,9.0,12.184728198516048,14.316515813555075,Asymmetric PID
2025-01-12,13.3,12.462813213243258,13.661292384123708,14.504295921983772,9.0,12.139164113652141,14.65088073814825,Asymmetric PID
2025-01-13,13.44,12.996213424855071,14.07124642922426,15.239252318571683,9.0,12.685617142095824,15.375893641032729,Asymmetric PID
2025-01-14,13.44,12.584133609962036,13.224438380039711,14.03613225427376,9.0,12.286569021300199,14.162845511095764,Asymmetric PID
2025-01-15,13.56,12.67241024349056,13.44824319367375,14.678648052016094,9.0,12.387856323552894,14.795448601204894,Asymmetric PID
2025-01-16,13.65,12.264365050574233,13.683613709332473,14.543728510112626,9.0,11.992800870748747,14.645620493495604,Asymmetric PID
2025-01-17,13.05,12.676137341611145,13.585986235325347,14.980544013125375,9.0,12.417542069451898,15.07255379640285,Asymmetric PID
2025-01-18,13.01,11.896923938017242,13.067594333789108,13.892655546547648,9.0,11.65127683665383,13.974798280079094,Asymmetric PID
2025-01-19,13.58,11.376998107881516,12.75543635922127,13.854385637021059,9.0,11.144278535433248,13.926676402782693,Asymmetric PID
2025-01-20,14.21,11.995275181095746,14.16133894590818,15.766139327210556,9.0,11.77546259009042,15.828593139206058,Asymmetric PID
2025-01-21,15.08,12.45741393768697,13.79335286143946,14.653438872856906,9.0,12.25048787448424,14.706070677524963,Asymmetric PID
2025-01-22,14.85,14.15643472551406,14.889101079607208,16.086572168274024,9.0,13.96237482973332,16.232928407237047,Asymmetric PID
2025-01-23,15.06,12.665301785374247,14.35201785034566,15.533589824705812,9.0,12.484087789327017,15.665067867783957,Asymmetric PID
2025-01-24,13.5,13.736442469970115,14.622867083014148,15.510740134137773,9.0,13.576118426215487,15.632366303416074,Asymmetric PID
2025-01-25,14.22,12.373170885065807,13.520874387543401,14.661269757922023,9.0,12.098641077171969,14.773059160567172,Asymmetric PID
2025-01-26,15.29,13.65727491716665,14.417549782378913,15.418414243018468,9.0,13.395633683211972,15.512368428843784,Asymmetric PID
2025-01-27,15.9,13.90760968979486,15.663501143544577,16.958382552578666,9.0,13.658836544773362,17.017078337058027,Asymmetric PID
2025-01-28,19.91,14.392140166347026,15.698917672260702,16.54886489352187,9.0,14.15621471849177,16.59776882670585,Asymmetric PID
2025-01-29,17.26,16.69096288902693,18.028966356431415,19.04847769609141,9.0,16.46786483924325,19.211050242931485,Asymmetric PID
2025-01-30,16.33,14.967168163762775,18.001083278587252,18.51628940370955,9.0,14.756877305065949,18.669024907210478,Asymmetric PID
2025-01-31,14.5,14.128692914772943,15.576596666161407,17.370403236935424,9.0,13.931189131730234,17.513316829062838,Asymmetric PID
2025-02-01,14.56,13.405808465891234,14.442554632914293,15.29798674415688,9.0,13.221071734068296,15.431093488920848,Asymmetric PID
2025-02-02,14.79,13.345720052983216,14.712803645368728,15.599531740941774,9.0,13.173730438394811,15.722846634803249,Asymmetric PID
2025-02-03,14.48,13.804235436918416,15.33656048664319,16.77314567728649,9.0,13.644973095483383,16.886683649560606,Asymmetric PID
2025-02-04,14.51,14.108079813772243,15.484167242170352,16.629000555567615,9.0,13.961524990772705,16.70732482326431,Asymmetric PID
2025-02-05,14.5,14.448588216731242,15.140127076825657,15.759788464297156,9.0,14.314721246276001,15.82836546919711,Asymmetric PID
2025-02-06,14.38,13.904308832745844,14.676321944545304,15.64270130617738,9.0,13.783110137237916,15.701545778547292,Asymmetric PID
2025-02-07,14.16,13.923188699841749,13.88882987415072,14.872071392585028,9.0,13.814638789450017,14.921197997128306,Asymmetric PID
2025-02-08,13.64,13.60066759913434,13.710283407556982,14.410098616112197,9.0,13.504747071269271,14.431734653239957,Asymmetric PID
2025-02-09,14.18,13.579758515395142,13.771244942635683,14.478859371281121,9.0,13.49644805418854,14.490806674848569,Asymmetric PID
2025-02-10,14.35,14.137811848358666,14.194187912096922,15.377854194826845,9.0,14.067092224147421,15.380127235164217,Asymmetric PID
2025-02-11,13.98,14.540468700913191,15.1469491493477,15.976559440364854,9.0,14.48232076972698,15.969172623773794,Asymmetric PID
2025-02-12,14.03,14.018236576950919,14.159548258914047,14.895034814875935,9.0,13.83932418804346,14.878002484005906,Asymmetric PID
2025-02-13,14.35,13.417466654311584,14.065546294379686,14.678752992879268,9.0,13.251184689753583,14.65208942710111,Asymmetric PID
2025-02-14,14.04,14.055433875335096,14.037024229011342,15.179958102719713,9.0,13.901762901462222,15.143677518496373,Asymmetric PID
2025-02-15,14.4,12.89463252746048,13.439271668833907,14.344668916524128,9.0,12.753553197317206,14.294811659540873,Asymmetric PID
2025-02-16,14.08,12.957968269644692,13.787939165575391,14.53745565698581,9.0,12.837525550587369,14.574685322064331,Asymmetric PID
2025-02-17,13.75,13.052507729853911,14.624371437858386,16.03181795260015,9.0,12.944618218683308,16.059402548252034,Asymmetric PID
2025-02-18,14.21,12.795943436451331,14.02543245852026,14.614975732306517,9.0,12.700588043260806,14.632929625679196,Asymmetric PID
2025-02-19,14.6,14.133718819462118,14.459155136606803,14.919279024154001,9.0,14.050878539015184,14.927616519120033,Asymmetric PID
2025-02-20,14.74,13.34355011415132,14.229256556063328,14.721854261809312,9.0,13.273206025381661,14.719357522470633,Asymmetric PID
2025-02-21,14.76,14.24312470460283,14.540147611308974,15.630449177736445,9.0,14.185257970118132,15.714672167261261,Asymmetric PID
2025-02-22,14.54,13.87126764935965,14.36140540004105,14.960647808883511,9.0,13.825859514949189,15.035225729352067,Asymmetric PID
2025-02-23,15.16,13.860440842149263,14.63134915766446,15.176772335389213,9.0,13.827472636295228,15.241719641722414,Asymmetric PID
2025-02-24,15.88,14.495273793193563,15.494059146455985,16.526668015014156,9.0,14.47472692658608,16.581999098490027,Asymmetric PID
2025-02-25,14.68,14.537472678026116,15.585781837471455,16.120237061449394,9.0,14.529328643081932,16.165966250075687,Asymmetric PID
2025-02-26,14.7,14.56641906423394,15.333052482900403,16.161778994956762,9.0,14.570659434618742,16.197920553840785,Asymmetric PID
2025-02-27,14.71,13.674614400669316,14.790404343536977,15.093298608148803,9.0,13.691220830823646,15.119866739864428,Asymmetric PID
2025-02-28,13.88,14.252952944267177,14.665592097585778,15.501590402379753,9.0,14.287020160208295,15.518599247331672,Asymmetric PID
2025-03-01,13.76,12.630458425423605,13.715975063999629,14.533267203472946,9.0,12.548080858443281,14.540730840258215,Asymmetric PID
2025-03-02,14.05,13.0534995778447,13.749560769298107,14.463261997146185,9.0,12.983525065513856,14.461194442913035,Asymmetric PID
2025-03-03,13.9,13.80844286022312,14.6754874070492,15.778384799929514,9.0,13.750852864248193,15.766800010733483,Asymmetric PID
2025-03-04,14.08,12.985636820626718,13.52774880405093,14.341236724085807,9.0,12.940412883956641,14.320148595243221,Asymmetric PID
2025-03-05,13.98,13.505467637937457,14.031609440853334,14.742408206775476,9.0,13.472591384290169,14.711830573214279,Asymmetric PID
2025-03-06,13.72,12.973447490492493,13.80506766434517,14.431575888063263,9.0,12.952900623885009,14.391522524671242,Asymmetric PID
2025-03-07,13.41,12.710765475246241,13.115658487049568,14.051347595253056,9.0,12.702529779528238,14.001832217223479,Asymmetric PID
2025-03-08,13.52,12.580624387327601,12.948174114984475,13.480497624011292,9.0,12.5846817257185,13.421533887185978,Asymmetric PID
2025-03-09,13.81,13.36045841775918,13.663789037903467,14.484458317836166,9.0,13.376790732388683,14.511238661449644,Asymmetric PID
2025-03-10,14.11,13.642374489734912,14.383686957838146,15.701978357114776,9.0,13.670963801186971,15.719269706774558,Asymmetric PID
2025-03-11,13.93,13.194176349081516,13.886614907704061,14.600634339039447,9.0,13.240117747214079,14.608450553475844,Asymmetric PID
2025-03-12,14.48,13.356971609307854,13.939624321384638,14.849672929267218,9.0,13.41513427898644,14.848027807171876,Asymmetric PID
2025-03-13,13.53,13.130594510897264,14.17598436630223,14.774780637260765,9.0,13.200960705366182,14.757301346489212,Asymmetric PID
2025-03-14,13.67,13.05387569297054,13.765452931935279,14.749785906140971,9.0,13.136427742137869,14.722872697483346,Asymmetric PID
2025-03-15,13.29,12.158795279955129,12.901341224272254,13.475625899762305,9.0,12.253515589953373,13.439292393855434,Asymmetric PID
2025-03-16,13.17,13.042826196032081,13.567679454553755,14.138532311194654,9.0,13.149697248782054,14.09279207000236,Asymmetric PID
2025-03-17,16.09,13.148293404169596,13.833036189174571,15.091632745374083,9.0,13.267297756947533,15.036499272522317,Asymmetric PID
2025-03-18,12.7,14.174834258297459,14.634011249835634,15.482123842340126,9.0,14.30595454330531,15.518546578636176,Asymmetric PID
2025-03-19,12.51,12.883404775873519,14.173922316074762,15.173475017909238,9.0,12.899467262506073,15.200464254146958,Asymmetric PID
2025-03-20,13.19,11.540347989905321,12.471452781010635,13.213939558261007,9.0,11.43696892065961,13.231508997548309,Asymmetric PID
2025-03-21,13.45,12.701474901184469,13.148545796095357,14.217043021983644,9.0,12.610335031635762,14.22520630841889,Asymmetric PID
2025-03-22,13.18,12.210167799867419,13.29756250777551,13.951153248691073,9.0,12.131249090455452,13.949923967700311,Asymmetric PID
2025-03-23,14.0,12.527882416458166,13.414125518259791,14.25334627423002,9.0,12.461166905616281,14.242737952901726,Asymmetric PID
2025-03-24,16.16,14.20058876155747,15.16810855754806,16.43162884412162,9.0,14.146058565264433,16.411654951538978,Asymmetric PID
2025-03-25,14.73,14.296952787300146,14.825565347700566,15.783572270432115,9.0,14.254590098635271,15.754246218002876,Asymmetric PID
2025-03-26,16.4,13.97008058468124,15.192618672597716,16.24228267399878,9.0,13.93986767338281,16.203617815782675,Asymmetric PID
2025-03-27,15.44,14.271852461249809,15.347080943185754,16.226136837360276,9.0,14.253771673276754,16.273307677010028,Asymmetric PID
2025-03-28,14.67,14.350083491299806,15.606202989204352,16.757935233123195,9.0,14.344117248396605,16.795727360631318,Asymmetric PID
2025-03-29,13.6,13.260055272712108,14.49129464702122,15.38321475210734,9.0,13.266186071976898,15.411641717687836,Asymmetric PID
2025-03-30,13.56,10.164147904300089,12.65211822907962,13.385404026424807,9.0,10.19202436244689,13.404479322287068,Asymmetric PID
2025-03-31,14.33,12.69913720752395,14.878450960623539,15.56076603333257,9.0,12.739075926384253,15.66415529333806,Asymmetric PID
