date,y_true,q10,q50,q90,evaluation_fold,lower,upper,method
2023-01-01,12.68,13.127110447887755,13.998906871626577,14.728589266326765,1.0,12.82636805982316,15.02933165439136,Trailing CQR
2023-01-02,13.33,12.048543232735703,13.711981051776906,15.580247585901054,1.0,11.746508754933744,15.882282063703013,Trailing CQR
2023-01-03,14.08,12.399835312053211,13.146411277216377,13.462750476295161,1.0,12.097800834251252,13.76478495409712,Trailing CQR
2023-01-04,13.92,14.32474423670923,14.351544803985579,15.089904152081264,1.0,14.022709758907272,15.391938629883223,Trailing CQR
2023-01-05,15.98,13.923584549447654,14.080632393046486,14.874583566509333,1.0,13.602835923612645,15.195332192344342,Trailing CQR
2023-01-06,14.44,14.949403633652384,15.325748643008904,16.30128249577338,1.0,14.628203860935704,16.62248226849006,Trailing CQR
2023-01-07,14.65,14.599951326435058,15.310432376244346,16.01581555617938,1.0,14.278751553718378,16.337015328896058,Trailing CQR
2023-01-08,14.33,13.92194877372664,14.240481188551787,14.915768119234992,1.0,13.601200147891632,15.23651674507,Trailing CQR
2023-01-09,14.04,14.567442428842504,14.831652534283952,16.194550743201063,1.0,14.246693803007496,16.51529936903607,Trailing CQR
2023-01-10,14.32,13.342536804258662,14.086375254717955,15.196928095370737,1.0,13.021337031541982,15.518127868087417,Trailing CQR
2023-01-11,13.96,13.619091760635698,14.260902610817677,15.330443134540952,1.0,13.297891987919018,15.651642907257632,Trailing CQR
2023-01-12,14.13,13.219510846711195,14.2891605792715,14.644446914026291,1.0,12.898762220876186,14.9651955398613,Trailing CQR
2023-01-13,14.35,14.564573961630124,14.40370986477973,14.985274870176221,1.0,14.262539483828165,15.28730934797818,Trailing CQR
2023-01-14,14.23,14.106571737851954,14.645260666066605,14.896831380945414,1.0,13.804537260049996,15.198865858747373,Trailing CQR
2023-01-15,13.8,13.44558170769719,14.426289763929885,14.50227506364078,1.0,13.143547229895232,14.80430954144274,Trailing CQR
2023-01-16,14.35,12.570122943135832,14.142530282636836,15.778563308069604,1.0,12.268088465333873,16.08059778587156,Trailing CQR
2023-01-17,14.69,13.159095307883302,14.161144231654813,14.266592231117881,1.0,12.857060830081343,14.56862670891984,Trailing CQR
2023-01-18,14.29,14.201239141778835,14.4588501306247,14.940521612954743,1.0,13.880490515943826,15.261270238789752,Trailing CQR
2023-01-19,14.66,13.380069786292378,14.184455892442138,14.543583408220606,1.0,13.059321160457369,14.864332034055614,Trailing CQR
2023-01-20,14.07,14.679054394495001,15.121271212906525,15.640714822506178,1.0,14.358305768659992,15.961463448341187,Trailing CQR
2023-01-21,14.11,13.295604334113635,14.235662205810586,14.562328992734212,1.0,12.974404561396955,14.883528765450892,Trailing CQR
2023-01-22,14.43,13.194874950196727,14.069827175508971,14.490989036952362,1.0,12.873675177480047,14.812188809669042,Trailing CQR
2023-01-23,14.31,14.015744995496501,14.78647152064832,15.700440913971644,1.0,13.694545222779821,16.021640686688322,Trailing CQR
2023-01-24,14.57,13.380950255250866,14.121596513011182,14.460146860349592,1.0,13.059750482534186,14.781346633066272,Trailing CQR
2023-01-25,14.16,14.371972997585498,14.635066574933965,15.254161564414911,1.0,14.05122437175049,15.57491019024992,Trailing CQR
2023-01-26,14.35,12.947452120658262,14.338594365958535,14.723080206112401,1.0,12.626703494823253,15.04382883194741,Trailing CQR
2023-01-27,14.46,13.353059450723425,14.270465980198521,14.939801612376119,1.0,13.032310824888416,15.260550238211128,Trailing CQR
2023-01-28,14.24,13.354557366127949,14.490853874364456,14.500815561229286,1.0,13.03380874029294,14.821564187064295,Trailing CQR
2023-01-29,14.65,13.331545926752986,14.16899723716754,14.118385498618057,1.0,13.010797300917977,14.439134124453066,Trailing CQR
2023-01-30,14.61,14.34804621993106,15.040016405243366,15.841712394216973,1.0,14.02684644721438,16.16291216693365,Trailing CQR
2023-01-31,14.84,13.47577064732764,14.455133455252813,14.593634275721689,1.0,13.15457087461096,14.914834048438369,Trailing CQR
2023-02-01,14.91,14.271796865247593,14.928295757843404,16.022026082448402,1.0,13.950597092530913,16.34322585516508,Trailing CQR
2023-02-02,14.48,13.68616040904206,14.810713963753024,15.587368283464295,1.0,13.36496063632538,15.908568056180975,Trailing CQR
2023-02-03,14.31,14.010238011088866,14.829680935511552,15.689567948613965,1.0,13.689038238372186,16.010767721330645,Trailing CQR
2023-02-04,14.07,13.462887887875686,14.355573007826639,15.284264957492807,1.0,13.141688115159006,15.605464730209487,Trailing CQR
2023-02-05,14.47,13.400185913961254,14.395634974665269,15.212445260582097,1.0,13.079437288126245,15.533193886417106,Trailing CQR
2023-02-06,14.16,14.186578129412172,14.846687405557775,16.072978388271885,1.0,13.865829503577164,16.393727014106894,Trailing CQR
2023-02-07,14.21,13.529107056899413,14.351908201992977,15.003187827273214,1.0,13.208358431064404,15.323936453108223,Trailing CQR
2023-02-08,14.16,14.059166490220232,14.349592440786003,15.237816909247503,1.0,13.738417864385223,15.558565535082511,Trailing CQR
2023-02-09,14.42,13.308599566850187,14.055830833167374,14.75514905597204,1.0,12.987850941015179,15.07589768180705,Trailing CQR
2023-02-10,14.18,13.977747615519188,14.363992104685257,14.999449054026915,1.0,13.67571313771723,15.301483531828874,Trailing CQR
2023-02-11,13.98,14.046465060241223,14.18820779161678,14.499643170688415,1.0,13.744430582439264,14.801677648490374,Trailing CQR
2023-02-12,13.96,13.865876237257487,14.27333418001292,14.896346264344405,1.0,13.563841759455528,15.198380742146364,Trailing CQR
2023-02-13,14.03,13.989089609103294,14.536339212699723,15.450426981216083,1.0,13.687055131301335,15.752461459018042,Trailing CQR
2023-02-14,13.83,13.849735952294452,13.982353123413144,14.479295932273912,1.0,13.547701474492493,14.78133041007587,Trailing CQR
2023-02-15,13.83,13.507456828763802,13.991753824037547,14.771979210441675,1.0,13.206714440699207,15.07272159850627,Trailing CQR
2023-02-16,14.23,13.349691954174688,13.823414983439594,13.795556190954612,1.0,13.059797150486759,14.08545099464254,Trailing CQR
2023-02-17,14.14,14.285224636091325,14.212178158845997,15.00803500042744,1.0,13.995329832403396,15.29792980411537,Trailing CQR
2023-02-18,13.94,13.559824421221045,13.904126820210603,14.642089314408164,1.0,13.269929617533116,14.931984118096093,Trailing CQR
2023-02-19,13.81,12.979603198639303,14.159301730872368,14.174054755652069,1.0,12.697520208295373,14.456137745996,Trailing CQR
2023-02-20,13.77,12.703644970908456,14.065098434051936,15.868822193158753,1.0,12.421561980564526,16.150905183502683,Trailing CQR
2023-02-21,14.11,12.644666724120938,13.76292843463963,13.885550271382588,1.0,12.362583733777008,14.167633261726518,Trailing CQR
2023-02-22,13.97,13.893431562405304,14.088006431502665,14.937402445537163,1.0,13.611348572061374,15.219485435881094,Trailing CQR
2023-02-23,13.98,13.410353360360851,13.900180936883075,14.229602743443522,1.0,13.12827037001692,14.511685733787452,Trailing CQR
2023-02-24,14.31,14.058355479637715,14.523696552265733,15.0640710260375,1.0,13.776272489293785,15.34615401638143,Trailing CQR
2023-02-25,13.6,13.440036811267671,14.008675578940654,14.731764019599158,1.0,13.16436238591728,15.00743844494955,Trailing CQR
2023-02-26,13.61,13.207858825637633,13.912235797548266,14.513109377854583,1.0,12.940711700213459,14.780256503278757,Trailing CQR
2023-02-27,14.3,13.608727084507615,14.019375869558676,15.034098538402162,1.0,13.341579959083441,15.301245663826336,Trailing CQR
2023-02-28,14.3,13.767474821454304,13.94934719036582,14.310284904381245,1.0,13.50032769603013,14.577432029805419,Trailing CQR
2023-03-01,14.2,13.28361764787659,14.05743670703741,15.279600007736489,1.0,13.016470522452416,15.546747133160663,Trailing CQR
2023-03-02,14.03,12.349251361909172,13.900603516251454,14.561587952264231,1.0,12.082104236484998,14.828735077688405,Trailing CQR
2023-03-03,14.04,13.220714937200865,14.08154631028313,15.496396957261995,1.0,12.953567811776692,15.763544082686169,Trailing CQR
2023-03-04,13.38,12.394053172348109,13.585190223869635,14.477132536977331,1.0,12.126906046923935,14.744279662401505,Trailing CQR
2023-03-05,13.39,12.703701649798216,13.634952957360943,14.171324810154223,1.0,12.457335925519905,14.417690534432534,Trailing CQR
2023-03-06,14.23,13.0429599946291,13.83764985527737,15.34650539786877,1.0,12.79659427035079,15.59287112214708,Trailing CQR
2023-03-07,14.13,12.983432009820245,13.87975364010794,14.383465017997505,1.0,12.737066285541934,14.629830742275816,Trailing CQR
2023-03-08,14.14,13.087376008276287,13.96681837156636,14.8347409089901,1.0,12.848274741920285,15.073842175346101,Trailing CQR
2023-03-09,14.43,13.119550024986157,14.032045229661673,14.767367124202053,1.0,12.880448758630155,15.006468390558055,Trailing CQR
2023-03-10,13.79,13.695190636259495,14.370841167743848,15.40403981689158,1.0,13.456089369903493,15.643141083247581,Trailing CQR
2023-03-11,14.43,12.644625159166399,13.816705016695412,14.361685544321695,1.0,12.405523892810397,14.600786810677697,Trailing CQR
2023-03-12,11.46,13.168756454963255,13.97445624777154,14.69549146632166,1.0,12.929655188607253,14.934592732677661,Trailing CQR
2023-03-13,13.31,12.168321726971353,13.51406967008542,14.953966495723982,1.0,11.921956002693042,15.200332220002293,Trailing CQR
2023-03-14,13.06,11.941535994414217,12.759475360054303,14.144554609099853,1.0,11.702434728058215,14.383655875455855,Trailing CQR
2023-03-15,13.3,12.295892448306022,13.608023981247836,14.698911498634722,1.0,12.05679118195002,14.938012764990724,Trailing CQR
2023-03-16,12.77,12.141218750092825,13.39023495629467,14.425336029928706,1.0,11.902117483736824,14.664437296284708,Trailing CQR
2023-03-17,13.06,12.58414154038822,13.466042347551495,14.282560807833173,1.0,12.359691811770809,14.507010536450585,Trailing CQR
2023-03-18,12.98,12.843700783127062,13.419191775973982,13.946049137162687,1.0,12.61925105450965,14.170498865780099,Trailing CQR
2023-03-19,13.89,11.964960355153334,12.843677334812927,13.666184425996512,1.0,11.740510626535922,13.890634154613924,Trailing CQR
2023-03-20,13.96,13.471338502232978,14.298512230253749,15.710310369870795,1.0,13.24752292822949,15.934125943874283,Trailing CQR
2023-03-21,13.67,12.821403802701987,13.831234303351385,14.63817351323818,1.0,12.597588228698498,14.861989087241668,Trailing CQR
2023-03-22,13.8,13.281364797318918,13.94506273255023,14.92901317288868,1.0,13.05754922331543,15.152828746892169,Trailing CQR
2023-03-23,13.94,12.405826862837323,13.270902063951834,13.735431787392459,1.0,12.182011288833834,13.959247361395947,Trailing CQR
2023-03-24,13.54,13.68086718077581,14.346379187630676,15.299842966473825,1.0,13.457051606772321,15.523658540477314,Trailing CQR
2023-03-25,13.23,12.876299328576447,13.875302868426843,14.604426354902994,1.0,12.652483754572959,14.828241928906483,Trailing CQR
2023-03-26,13.65,12.824881602682535,12.847876338857034,13.366595519668797,1.0,12.601066028679046,13.590411093672286,Trailing CQR
2023-03-27,13.27,14.198355717837014,14.753878907283019,15.939301372769027,1.0,13.973905989219602,16.16375110138644,Trailing CQR
2023-03-28,13.46,13.197908385378195,13.150586134426314,13.667125668265903,1.0,12.951542661099884,13.913491392544215,Trailing CQR
2023-03-29,13.5,13.727777932809442,14.124067525682918,15.31557788804003,1.0,13.48141220853113,15.561943612318341,Trailing CQR
2023-03-30,13.93,12.599113009532928,13.658877019148246,14.371874428499849,1.0,12.352747285254617,14.61824015277816,Trailing CQR
2023-03-31,13.82,13.529534732307528,14.096091736156275,15.273685187486475,1.0,13.283169008029217,15.520050911764786,Trailing CQR
2023-04-01,13.93,12.771983877793913,13.751178897334674,14.193980445443028,2.0,12.525618153515602,14.440346169721339,Trailing CQR
2023-04-02,14.48,13.077614781325224,14.184178447984971,14.967901898318157,2.0,12.831249057046913,15.214267622596468,Trailing CQR
2023-04-03,14.37,13.386488329027102,14.692119389278483,15.77487839715841,2.0,13.140122604748791,16.021244121436723,Trailing CQR
2023-04-04,14.58,13.241129914199602,14.341717850653815,15.03736301086329,2.0,12.994764189921291,15.283728735141601,Trailing CQR
2023-04-05,14.67,13.44069347544988,14.296927377722508,14.9352098441615,2.0,13.194327751171569,15.181575568439811,Trailing CQR
2023-04-06,14.83,13.6846533424401,14.764097517425547,15.426852179998718,2.0,13.43828761816179,15.67321790427703,Trailing CQR
2023-04-07,14.77,13.87872882473603,14.851647317895544,15.747487554535176,2.0,13.632363100457718,15.993853278813488,Trailing CQR
2023-04-08,13.9,13.672787423376995,14.649935753983655,15.438615250325839,2.0,13.426421699098684,15.68498097460415,Trailing CQR
2023-04-09,14.8,13.388589613318095,14.396020746937076,15.28873983562432,2.0,13.142223889039784,15.53510555990263,Trailing CQR
2023-04-10,15.1,14.123944016743849,14.99880900964908,16.20072650158758,2.0,13.877578292465538,16.447092225865894,Trailing CQR
2023-04-11,15.61,13.933566279449735,15.038631424971708,15.945029288497118,2.0,13.705788346640293,16.17280722130656,Trailing CQR
2023-04-12,15.56,14.377818619230927,15.506448090184726,16.488108730834227,2.0,14.150040686421486,16.71588666364367,Trailing CQR
2023-04-13,15.33,14.093101529467257,15.518131086997677,16.455725322246035,2.0,13.865323596657815,16.683503255055477,Trailing CQR
2023-04-14,14.49,14.366882845529686,15.343188760856377,16.455665613210876,2.0,14.139104912720244,16.683443546020317,Trailing CQR
2023-04-15,13.42,13.004232678127638,14.134924503917446,15.01500632062257,2.0,12.776454745318196,15.242784253432012,Trailing CQR
2023-04-16,15.84,13.052929924833837,14.054935300946795,15.096528376597654,2.0,12.825151992024395,15.324306309407095,Trailing CQR
2023-04-17,15.86,14.929051298972613,15.604203629577505,17.214869357485803,2.0,14.682685574694302,17.461235081764116,Trailing CQR
2023-04-18,15.43,14.886816995037002,15.865652375480675,17.080180261551256,2.0,14.64045127075869,17.32654598582957,Trailing CQR
2023-04-19,15.64,14.969346083389151,15.770377941631523,17.12637316643962,2.0,14.72298035911084,17.372738890717933,Trailing CQR
2023-04-20,14.6,14.76209960282155,15.791439795849154,16.76423148097702,2.0,14.534321670012108,16.992009413786462,Trailing CQR
2023-04-21,14.59,14.289508453498879,15.186445386577688,16.77391088635621,2.0,14.061730520689437,17.00168881916565,Trailing CQR
2023-04-22,13.14,13.377162025592456,14.290202874892124,15.719162967597828,2.0,13.149384092783015,15.94694090040727,Trailing CQR
2023-04-23,14.1,13.415894290673162,14.33743979044533,15.609563563815806,2.0,13.18811635786372,15.837341496625248,Trailing CQR
2023-04-24,15.83,14.31153584881525,14.870675343724304,16.896412912657564,2.0,14.083757916005808,17.124190845467005,Trailing CQR
2023-04-25,14.77,14.776782136000886,15.53653229155369,16.778855981919435,2.0,14.549004203191444,17.006633914728877,Trailing CQR
2023-04-26,15.0,14.51269620882518,15.583537110126208,16.643276381745117,2.0,14.284918276015738,16.87105431455456,Trailing CQR
2023-04-27,15.34,13.494895041071754,14.718860389947661,15.769315022776311,2.0,13.270445312454342,15.993764751393723,Trailing CQR
2023-04-28,15.02,14.8116134626821,15.600169876353931,16.666325779743467,2.0,14.587797888678612,16.890141353746955,Trailing CQR
2023-04-29,15.27,14.067386203209441,14.92878824593005,16.086715238436664,2.0,13.84878705127464,16.305314390371464,Trailing CQR
2023-04-30,15.99,14.893073429149593,15.803846538830873,17.16349559415839,2.0,14.674474277214792,17.382094746093195,Trailing CQR
2023-05-01,17.56,15.524903288044966,17.012069690909215,18.879862729163854,2.0,15.310329326414841,19.094436690793977,Trailing CQR
2023-05-02,17.92,15.693970657881373,17.29778276437858,19.12101443711084,2.0,15.481997660295875,19.33298743469634,Trailing CQR
2023-05-03,19.97,16.461078885274674,18.30321192514319,20.268511611620696,2.0,16.249105887689176,20.480484609206194,Trailing CQR
2023-05-04,18.69,17.072527779832313,19.097730865686827,21.30775246884491,2.0,16.860554782246815,21.51972546643041,Trailing CQR
2023-05-05,20.01,16.89755734912827,19.156725816698433,21.437385645096423,2.0,16.685584351542772,21.64935864268192,Trailing CQR
2023-05-06,20.04,16.832163844879922,18.603841738384858,20.534167296040692,2.0,16.620190847294424,20.74614029362619,Trailing CQR
2023-05-07,20.19,17.971192303431963,20.077376869419922,21.925012620548184,2.0,17.759219305846464,22.136985618133682,Trailing CQR
2023-05-08,23.44,18.564714658420904,20.80911231324911,23.145359709078857,2.0,18.359177067526296,23.35089729997346,Trailing CQR
2023-05-09,22.47,19.769505204513123,21.930530664530185,23.89280969824852,2.0,19.557532206927625,24.104782695834018,Trailing CQR
2023-05-10,19.44,20.755496811772275,23.155081615670348,25.102473700604477,2.0,20.549959220877668,25.308011291499085,Trailing CQR
2023-05-11,17.17,17.049323901420365,19.879745286541574,22.180281842214384,2.0,16.843786310525758,22.385819433108992,Trailing CQR
2023-05-12,17.35,14.14019794297478,17.02255205474544,19.696761650965097,2.0,13.93562973036724,19.901329863572638,Trailing CQR
2023-05-13,16.66,13.600211654824147,16.40803041018187,18.378358829390084,2.0,13.395643442216606,18.582927041997625,Trailing CQR
2023-05-14,15.52,16.085143566908123,18.385622021001513,20.388764469173214,2.0,15.914755820925501,20.559152215155834,Trailing CQR
2023-05-15,17.38,14.002608840702361,17.052300553071497,20.08315434287631,2.0,13.798040628094821,20.28772255548385,Trailing CQR
2023-05-16,17.34,17.04770772659502,18.48962952399334,20.425269642800195,2.0,16.84313951398748,20.629837855407736,Trailing CQR
2023-05-17,18.93,17.55469890085819,19.027263767575953,21.263840089295613,2.0,17.38431115487557,21.434227835278236,Trailing CQR
2023-05-18,17.89,17.283437742846186,18.994457664424832,21.07113978132274,2.0,17.113049996863566,21.241527527305358,Trailing CQR
2023-05-19,17.6,16.70347586873553,18.734249072588007,20.959453649618748,2.0,16.541376265913982,21.1215532524403,Trailing CQR
2023-05-20,16.54,16.125191947431023,17.84599267597579,19.616168702850178,2.0,15.963092344609473,19.77826830567173,Trailing CQR
2023-05-21,18.04,15.973616707854625,17.664063852412813,20.027456923753398,2.0,15.823637432173594,20.17743619943443,Trailing CQR
2023-05-22,21.29,17.46555643790621,19.464865170436617,22.300806830256594,2.0,17.31557716222518,22.450786105937624,Trailing CQR
2023-05-23,21.68,18.257737920373877,20.632442992520957,22.91238450967733,2.0,18.107758644692847,23.06236378535836,Trailing CQR
2023-05-24,21.97,19.874841988487923,22.224240162548224,24.53801582702723,2.0,19.724862712806893,24.68799510270826,Trailing CQR
2023-05-25,21.86,19.166716627822595,21.56458485250618,24.265237946272762,2.0,19.016737352141565,24.415217221953792,Trailing CQR
2023-05-26,22.37,19.745079195431845,21.94741308469647,24.853889778482596,2.0,19.595099919750815,25.003869054163626,Trailing CQR
2023-05-27,20.84,18.943458518272195,21.244935150593964,23.92823717510412,2.0,18.79823388218087,24.073461811195443,Trailing CQR
2023-05-28,19.02,17.93658917328616,20.527324708469635,22.68960556940727,2.0,17.795721992510348,22.83047275018308,Trailing CQR
2023-05-29,21.61,17.749774262159686,20.57879034297168,24.165970705992596,2.0,17.608907081383876,24.306837886768406,Trailing CQR
2023-05-30,23.17,19.027595416481198,21.51105497429186,23.63038366670157,2.0,18.886728235705387,23.77125084747738,Trailing CQR
2023-05-31,24.35,21.463360187716784,23.62661825322351,25.737408097085773,2.0,21.322493006940974,25.878275277861583,Trailing CQR
2023-06-01,22.03,24.131253387803433,25.954931419302433,26.24898257789073,2.0,23.990386207027623,26.38984975866654,Trailing CQR
2023-06-02,19.68,22.354770251230313,24.496974287888648,25.014633783192366,2.0,22.20954561513899,25.15985841928369,Trailing CQR
2023-06-03,17.95,20.86685987197073,22.204390149857982,23.066220511828952,2.0,20.7168805962897,23.216199787509982,Trailing CQR
2023-06-04,16.8,18.35742922692332,20.05233825225176,21.490180988619713,2.0,18.195329624101767,21.65228059144126,Trailing CQR
2023-06-05,19.17,13.67965233871124,17.60293831115104,19.034461359938184,2.0,13.509264592728618,19.204849105920808,Trailing CQR
2023-06-06,18.09,20.881593211622683,22.535912651869662,22.488668507388663,2.0,20.71949360880113,22.650768110210215,Trailing CQR
2023-06-07,19.57,21.227366115292483,22.8694397340502,23.737543952136008,2.0,21.05697836930986,23.90793169811863,Trailing CQR
2023-06-08,20.02,21.108848548777242,22.40190217181484,23.365081973109607,2.0,20.938460802794623,23.535469719092227,Trailing CQR
2023-06-09,20.81,21.527079694052574,22.796392461253372,23.554559080563106,2.0,21.322511481445034,23.759127293170646,Trailing CQR
2023-06-10,18.72,20.62173258972987,22.092621768984365,22.70666596727575,2.0,20.416194998835266,22.912203558170354,Trailing CQR
2023-06-11,18.01,20.977345109922783,21.907263326828108,22.70079742366231,2.0,20.765372112337285,22.912770421247806,Trailing CQR
2023-06-12,18.52,17.573672947524866,19.658119849993664,20.905198870085474,2.0,17.35909898589474,21.1197728317156,Trailing CQR
2023-06-13,17.73,19.637405423706735,20.84959840632235,20.92198805309886,2.0,19.42283146207661,21.136562014728987,Trailing CQR
2023-06-14,18.74,19.591214213559955,21.11627377978634,21.70463634529396,2.0,19.372615061625154,21.92323549722876,Trailing CQR
2023-06-15,18.05,20.381182987150297,21.572863543557244,22.163898261729706,2.0,20.157367413146808,22.387713835733194,Trailing CQR
2023-06-16,17.62,20.114710830414257,21.193932982162856,22.026556378691772,2.0,19.890261101796845,22.251006107309184,Trailing CQR
2023-06-17,16.89,17.79234860874257,18.870185615882757,18.855788913147965,2.0,17.56457067593313,19.083566845957407,Trailing CQR
2023-06-18,17.03,17.954851134253914,19.21672274244703,19.201140622296922,2.0,17.71768910866146,19.43830264788938,Trailing CQR
2023-06-19,20.96,18.867148875168592,20.5629623712996,22.229572248535458,2.0,18.620783150890283,22.475937972813767,Trailing CQR
2023-06-20,20.52,20.050100572781588,21.920130926421805,22.491987925214115,2.0,19.803734848503275,22.738353649492424,Trailing CQR
2023-06-21,21.87,22.078803867441287,23.46731425195801,23.924945646114196,2.0,21.832438143162975,24.17131137039251,Trailing CQR
2023-06-22,20.41,22.09768035836284,23.667298860720898,24.770993910906483,2.0,21.85131463408453,25.017359635184796,Trailing CQR
2023-06-23,23.48,21.542304476346946,23.481746318485534,24.733636086786998,2.0,21.260221486003015,25.015719077130928,Trailing CQR
2023-06-24,23.34,22.574149607977716,23.985606361237128,25.200628990238222,2.0,22.292066617633786,25.482711980582152,Trailing CQR
2023-06-25,23.69,22.88888140660717,24.78048340731173,25.593168995752894,2.0,22.60679841626324,25.875251986096824,Trailing CQR
2023-06-26,27.95,24.988953951561754,26.466843429068316,27.529705339221174,2.0,24.706870961217824,27.811788329565104,Trailing CQR
2023-06-27,27.44,26.286562343961844,28.040511687774224,28.82820828079486,2.0,26.00315786363064,29.111612761126064,Trailing CQR
2023-06-28,30.27,27.39107422443211,29.913224113794733,30.70986596431026,2.0,27.107669744100907,30.993270444641464,Trailing CQR
2023-06-29,28.94,27.45296128378445,30.18386001819303,31.549515921979044,2.0,27.169556803453247,31.832920402310247,Trailing CQR
2023-06-30,27.38,28.392037177041182,31.048971901589145,32.03375043439332,2.0,28.10863269670998,32.317154914724526,Trailing CQR
2023-07-01,26.61,25.101592568833127,28.28074744749491,29.735080520267513,3.0,24.818188088501923,30.018485000598716,Trailing CQR
2023-07-02,25.9,24.886171520445245,27.812437718093967,29.52709293541139,3.0,24.602767040114042,29.810497415742592,Trailing CQR
2023-07-03,29.6,24.579515828391784,28.68178362184971,30.51469818282189,3.0,24.297432838047854,30.79678117316582,Trailing CQR
2023-07-04,24.94,25.381405823588754,29.230503060508212,30.97843296570941,3.0,25.099322833244823,31.26051595605334,Trailing CQR
2023-07-05,22.58,24.747660348493813,29.026116131047907,30.490815714624034,3.0,24.46425586816261,30.774220194955237,Trailing CQR
2023-07-06,21.59,22.249271951738653,25.33726402368444,26.944147403452703,3.0,21.95463166081751,27.238787694373848,Trailing CQR
2023-07-07,23.18,20.806760230487082,23.826323574870088,26.226019966661774,3.0,20.506017842422487,26.52676235472637,Trailing CQR
2023-07-08,21.45,21.199304202072778,24.00230589881626,25.555703491430755,3.0,20.898561814008183,25.85644587949535,Trailing CQR
2023-07-09,22.46,21.03711126883629,23.925097202379604,25.655536962820555,3.0,20.742470977915147,25.9501772537417,Trailing CQR
2023-07-10,26.14,22.76504240385339,25.41838749152987,27.79230365565874,3.0,22.470402112932245,28.086943946579883,Trailing CQR
2023-07-11,28.12,24.742227310684243,26.880698369424728,28.19242898094337,3.0,24.4475870197631,28.487069271864513,Trailing CQR
2023-07-12,30.56,25.7064159887163,28.94254397732911,30.667590397332294,3.0,25.411775697795157,30.962230688253438,Trailing CQR
2023-07-13,30.3,26.34479373211603,30.048398637965406,32.06120677412987,3.0,26.050153441194887,32.355847065051016,Trailing CQR
2023-07-14,31.84,27.264384499894987,30.886426288445755,33.312365505508446,3.0,26.969744208973843,33.60700579642959,Trailing CQR
2023-07-15,30.36,26.8316572818849,30.64563070810904,32.820251353368164,3.0,26.537016990963757,33.11489164428931,Trailing CQR
2023-07-16,29.97,26.354721685450507,30.221786218194808,32.51457181775926,3.0,26.060081394529362,32.809212108680406,Trailing CQR
2023-07-17,34.1,28.50045495307908,31.95914084148678,34.07499390799275,3.0,28.217050472747875,34.35839838832395,Trailing CQR
2023-07-18,31.19,30.388135761328883,33.175311498070755,34.20955449829245,3.0,30.10473128099768,34.49295897862365,Trailing CQR
2023-07-19,31.69,30.443320247527932,33.49151606420517,34.307163195234416,3.0,30.15991576719673,34.59056767556562,Trailing CQR
2023-07-20,26.56,29.08939348820612,31.669670447838907,32.47297347142289,3.0,28.805989007874917,32.75637795175409,Trailing CQR
2023-07-21,26.09,25.36343342298538,28.719418009717174,30.140639422168405,3.0,25.068793132064236,30.43527971308955,Trailing CQR
2023-07-22,27.63,24.310638454072446,26.941377282909063,28.437483852688107,3.0,24.015998163151302,28.73212414360925,Trailing CQR
2023-07-23,28.88,25.454519694249207,27.827243858654075,29.269801032587395,3.0,25.159879403328063,29.56444132350854,Trailing CQR
2023-07-24,31.83,28.41410338996662,31.11672418212612,32.82422093514146,3.0,28.119463099045475,33.118861226062606,Trailing CQR
2023-07-25,29.81,28.782658541233147,31.408840603782487,32.36643843172371,3.0,28.499254060901944,32.64984291205491,Trailing CQR
2023-07-26,30.93,29.792924094192003,32.920924937754805,34.161256544719464,3.0,29.5095196138608,34.444661025050664,Trailing CQR
2023-07-27,28.21,27.74007136567562,30.69229228540549,32.47414337127269,3.0,27.45666688534442,32.75754785160389,Trailing CQR
2023-07-28,27.28,25.549075878158597,28.93336108999103,31.103738035195043,3.0,25.265671397827393,31.387142515526246,Trailing CQR
2023-07-29,26.37,24.751619781285605,27.826787417100622,29.20376874955188,3.0,24.469536790941675,29.48585173989581,Trailing CQR
2023-07-30,27.64,25.208461211860495,28.070245931606962,29.512533473593095,3.0,24.926378221516565,29.794616463937025,Trailing CQR
2023-07-31,28.7,27.326567561568417,30.3532122209728,32.4085502133138,3.0,27.080201837290105,32.654915937592115,Trailing CQR
2023-08-01,22.75,24.82978919885724,27.541676203964567,29.145879994919568,3.0,24.58342347457893,29.39224571919788,Trailing CQR
2023-08-02,23.26,19.588132566196624,23.790288076220328,25.65718844732768,3.0,19.306049575852693,25.93927143767161,Trailing CQR
2023-08-03,20.83,22.170876029492753,24.466095904588677,26.210135054128404,3.0,21.92451030521444,26.456500778406713,Trailing CQR
2023-08-04,22.6,18.10644750498581,20.253143437259812,22.82755354639561,3.0,17.82436451464188,23.10963653673954,Trailing CQR
2023-08-05,22.19,20.379677555384653,22.553039176368056,23.902868691429642,3.0,20.097594565040723,24.184951681773573,Trailing CQR
2023-08-06,22.63,22.33455873495714,24.22445533276085,25.640110581818504,3.0,22.05247574461321,25.922193572162435,Trailing CQR
2023-08-07,24.34,24.608241368141968,25.991610059824133,28.15858184436841,3.0,24.326158377798038,28.44066483471234,Trailing CQR
2023-08-08,22.58,24.568626938990473,25.073448912898005,26.831623373417443,3.0,24.286543948646543,27.113706363761374,Trailing CQR
2023-08-09,24.93,23.241405675829725,24.63941343553655,25.99358137721781,3.0,22.95800119549852,26.276985857549015,Trailing CQR
2023-08-10,24.97,23.0503195920692,24.242633335734553,26.04128608054201,3.0,22.766915111737998,26.324690560873215,Trailing CQR
2023-08-11,27.54,24.7988682813144,26.109033871427414,27.753020028759835,3.0,24.5154638009832,28.036424509091038,Trailing CQR
2023-08-12,26.52,25.30516336406869,26.980598599096034,28.370442557323432,3.0,25.021758883737487,28.653847037654636,Trailing CQR
2023-08-13,25.22,25.480458516438006,27.962167743071774,29.43101089491995,3.0,25.198375526094075,29.71309388526388,Trailing CQR
2023-08-14,28.83,25.76284901178546,28.121506123518177,29.992880443915574,3.0,25.49460764364349,30.261121812057542,Trailing CQR
2023-08-15,27.94,26.00820716420493,27.41613433255172,28.940315718862806,3.0,25.747748647766922,29.200774235300813,Trailing CQR
2023-08-16,30.78,27.006932883723678,28.973964211901652,30.424836394926707,3.0,26.74647436728567,30.685294911364714,Trailing CQR
2023-08-17,29.98,27.57283309040546,29.405364134320948,30.434680995027982,3.0,27.312374573967453,30.69513951146599,Trailing CQR
2023-08-18,31.48,28.76933126147724,30.92771477955245,32.00297049109223,3.0,28.508872745039234,32.263429007530235,Trailing CQR
2023-08-19,29.04,28.786059063877556,31.004131881183113,31.781992020548685,3.0,28.52560054743955,32.04245053698669,Trailing CQR
2023-08-20,28.99,27.142676980068636,29.9141867943391,31.074126254562827,3.0,26.88221846363063,31.334584771000834,Trailing CQR
2023-08-21,31.96,28.40213205692916,30.681961643872896,32.198497618222284,3.0,28.141673540491155,32.45895613466029,Trailing CQR
2023-08-22,30.93,28.937872786333664,30.784608941009928,31.662984612137265,3.0,28.677414269895657,31.923443128575272,Trailing CQR
2023-08-23,32.08,30.049473684692913,32.43418205028305,33.24931689144038,3.0,29.8031079604146,33.49568261571869,Trailing CQR
2023-08-24,29.64,29.56192493457533,32.04422358230611,32.8656880817997,3.0,29.315559210297018,33.112053806078016,Trailing CQR
2023-08-25,26.8,28.923991890211674,31.718710248381132,32.93884594864248,3.0,28.68682986461922,33.176007974234935,Trailing CQR
2023-08-26,22.19,23.497463626561313,26.55913815284171,27.921167483479874,3.0,23.26030160096886,28.15832950907233,Trailing CQR
2023-08-27,21.92,21.522924497968617,24.7590770925728,26.530031859501193,3.0,21.276558773690304,26.776397583779506,Trailing CQR
2023-08-28,23.62,21.65841504432917,24.413044399143455,27.001118857502256,3.0,21.412049320050862,27.24748458178057,Trailing CQR
2023-08-29,23.17,21.744962070669235,24.21665950763975,25.68867253059088,3.0,21.498596346390926,25.93503825486919,Trailing CQR
2023-08-30,25.63,24.01750633053983,26.43457005006762,27.756956836251106,3.0,23.780344304947377,27.99411886184356,Trailing CQR
2023-08-31,25.59,24.705649150407638,26.441739301736558,27.398958331075196,3.0,24.468487124815184,27.636120356667654,Trailing CQR
2023-09-01,29.1,24.642641687324783,26.952011406286548,28.57993643884956,3.0,24.40547966173233,28.81709846444202,Trailing CQR
2023-09-02,26.16,24.57055114608019,26.92658437265493,28.197604578205304,3.0,24.32418542180188,28.443970302483613,Trailing CQR
2023-09-03,24.25,22.43246160691912,26.272935082961563,27.774541402289476,3.0,22.186095882640807,28.020907126567785,Trailing CQR
2023-09-04,26.51,21.330964911534387,25.305194901557513,28.244848753547654,3.0,21.093802885941933,28.48201077914011,Trailing CQR
2023-09-05,25.87,22.1064467249836,25.264093212018224,26.615571554983212,3.0,21.869284699391144,26.852733580575666,Trailing CQR
2023-09-06,30.2,24.315546929278582,27.136989940521172,28.278571452444183,3.0,24.08776899646914,28.506349385253625,Trailing CQR
2023-09-07,26.67,25.94176166159153,28.589715666389864,29.734132054781313,3.0,25.704599635999074,29.971294080373767,Trailing CQR
2023-09-08,30.07,26.232195083091593,29.03702602542858,30.426175733634317,3.0,25.995033057499136,30.66333775922677,Trailing CQR
2023-09-09,27.01,26.321279540078322,28.122487214280085,28.970779717975653,3.0,26.084117514485868,29.207941743568107,Trailing CQR
2023-09-10,23.03,24.22952777780022,26.76802624331622,28.280538056713624,3.0,23.992365752207768,28.517700082306078,Trailing CQR
2023-09-11,24.51,21.53874640509791,24.152779375075117,26.66154245910866,3.0,21.301584379505456,26.898704484701113,Trailing CQR
2023-09-12,24.24,21.21393335731012,23.34379508338973,24.650243622413498,3.0,20.976771331717664,24.887405648005952,Trailing CQR
2023-09-13,25.61,23.595201515483375,25.982783899488336,27.248569716843843,3.0,23.35803948989092,27.4857317424363,Trailing CQR
2023-09-14,22.9,22.921010688045538,25.11157570344038,26.45232034187319,3.0,22.68384866245308,26.689482367465644,Trailing CQR
2023-09-15,22.96,22.534361093072302,25.341389075486468,26.84233258164993,3.0,22.297199067479845,27.07949460724239,Trailing CQR
2023-09-16,22.41,22.42336031895237,24.108566907880473,24.870982917675185,3.0,22.195582386142927,25.098760850484627,Trailing CQR
2023-09-17,23.47,21.001095702988565,22.526239284251915,23.741344299160893,3.0,20.773317770179123,23.969122231970335,Trailing CQR
2023-09-18,26.18,22.604367569972283,24.327351254480963,25.88648029550381,3.0,22.37658963716284,26.11425822831325,Trailing CQR
2023-09-19,24.34,23.766463888845916,25.40953145069987,26.119144829348414,3.0,23.52930186325346,26.35630685494087,Trailing CQR
2023-09-20,25.91,23.852430031207554,26.318912759029335,27.182218558309742,3.0,23.624652098398112,27.409996491119184,Trailing CQR
2023-09-21,24.73,23.25514871832474,25.24939827380525,26.26121902665391,3.0,23.03069898970733,26.485668755271323,Trailing CQR
2023-09-22,27.11,23.242427987244085,25.822307788990877,27.01457131567197,3.0,23.018612413240596,27.238386889675457,Trailing CQR
2023-09-23,25.21,23.034003131506015,25.325584218111885,26.36109403156304,3.0,22.815403979571215,26.579693183497845,Trailing CQR
2023-09-24,24.38,22.998495181376907,25.10030306401151,26.107995846617545,3.0,22.779896029442106,26.326594998552345,Trailing CQR
2023-09-25,27.39,23.544052592513363,25.302798038010383,26.939991411482836,3.0,23.325453440578563,27.15859056341764,Trailing CQR
2023-09-26,25.5,23.80359494180309,25.374521593854215,26.600643066595683,3.0,23.579779367799603,26.824458640599172,Trailing CQR
2023-09-27,26.39,24.11203680734998,26.270035935467416,27.567962344883732,3.0,23.888221233346492,27.79177791888722,Trailing CQR
2023-09-28,25.83,23.45587775830065,25.152304480484535,26.202806931802677,3.0,23.237278606365848,26.42140608373748,Trailing CQR
2023-09-29,26.3,24.656168376343242,26.331130053155164,27.228581244737427,3.0,24.437569224408442,27.44718039667223,Trailing CQR
2023-09-30,24.24,23.74507055117696,25.376414765720945,26.043085981068707,3.0,23.526471399242155,26.26168513300351,Trailing CQR
2023-10-01,23.85,21.60449999389941,22.765383621116733,23.615091528399436,4.0,21.389926032269287,23.829665490029562,Trailing CQR
2023-10-02,24.6,22.254433577770886,23.59864197293789,25.12777862068237,4.0,22.035834425836086,25.346377772617174,Trailing CQR
2023-10-03,21.52,21.202417376579046,22.076077549838242,22.63581718228871,4.0,20.983818224644246,22.854416334223515,Trailing CQR
2023-10-04,22.28,20.389313623142858,21.697957718147105,22.662081147970888,4.0,20.170714471208058,22.88068029990569,Trailing CQR
2023-10-05,21.2,20.204392500380468,20.885221624575607,21.789419748714554,4.0,19.985793348445668,22.008018900649354,Trailing CQR
2023-10-06,20.13,20.512037425168057,21.596707418862128,22.510192160144413,4.0,20.293438273233257,22.728791312079217,Trailing CQR
2023-10-07,18.63,19.0757753402134,19.56616622369364,20.193510558072052,4.0,18.851959766209912,20.41732613207554,Trailing CQR
2023-10-08,19.75,17.02809432537672,18.101295784019438,19.004936221459033,4.0,16.80364459675931,19.229385950076445,Trailing CQR
2023-10-09,20.65,17.772923323760487,19.720427133708988,21.77409876430453,4.0,17.545145390951046,22.00187669711397,Trailing CQR
2023-10-10,18.99,18.077283090129924,19.50074204098436,20.221729193442485,4.0,17.852833361512513,20.446178922059897,Trailing CQR
2023-10-11,18.47,18.661540061193023,19.390493514093194,20.25341117937622,4.0,18.43709033257561,20.47786090799363,Trailing CQR
2023-10-12,16.46,16.76453392400341,17.541367733753464,18.10448147153366,4.0,16.540084195385997,18.32893120015107,Trailing CQR
2023-10-13,16.2,16.519335189191473,17.315315645928653,18.02506885011529,4.0,16.29155725638203,18.25284678292473,Trailing CQR
2023-10-14,15.44,14.870633360145181,15.297427530126715,15.948893640111132,4.0,14.635724888544615,16.1838021117117,Trailing CQR
2023-10-15,16.26,15.056236575245926,15.632690638161403,16.38019660635506,4.0,14.82132810364536,16.615105077955626,Trailing CQR
2023-10-16,17.31,16.146206193789077,17.017859754997584,18.40204659349824,4.0,15.911297722188511,18.636955065098807,Trailing CQR
2023-10-17,17.14,15.846064571022698,16.379998800364163,16.86456514427074,4.0,15.611156099422132,17.099473615871304,Trailing CQR
2023-10-18,16.86,16.26646581275144,17.11940061203397,17.95601999357651,4.0,16.029303787158987,18.193182019168965,Trailing CQR
2023-10-19,14.32,15.060898111532971,16.091569200748374,16.450020158553244,4.0,14.823736085940515,16.687182184145698,Trailing CQR
2023-10-20,16.56,14.011533782146156,14.867086230188601,15.698709228346324,4.0,13.765168057867845,15.945074952624635,Trailing CQR
2023-10-21,15.14,14.101094837486404,14.61296766289188,15.058475534382465,4.0,13.840636321048397,15.318934050820472,Trailing CQR
2023-10-22,15.06,14.092496119898783,15.306284579281966,15.79874816522382,4.0,13.832037603460776,16.059206681661827,Trailing CQR
2023-10-23,15.79,14.807617281427008,15.862388246801476,17.13145340798576,4.0,14.547158764989002,17.391911924423766,Trailing CQR
2023-10-24,15.0,14.519303602983083,15.22822055699644,15.773065883314459,4.0,14.258845086545076,16.033524399752466,Trailing CQR
2023-10-25,14.53,14.423398036221062,15.347761638037792,15.928086551030653,4.0,14.162939519783055,16.18854506746866,Trailing CQR
2023-10-26,13.71,12.847647071251743,13.503750630805325,14.122950919944321,4.0,12.587188554813736,14.383409436382328,Trailing CQR
2023-10-27,13.69,13.551244125123262,13.918557798574868,14.578703539574322,4.0,13.290785608685255,14.839162056012329,Trailing CQR
2023-10-28,13.31,12.968608822860116,13.104977303639664,13.439709842515137,4.0,12.708150306422109,13.700168358953144,Trailing CQR
2023-10-29,13.82,12.84470397461121,13.025963018373588,13.36658110917792,4.0,12.584245458173204,13.627039625615927,Trailing CQR
2023-10-30,13.67,13.957712691151752,14.264640431103311,15.472466803453855,4.0,13.689471323009784,15.740708171595823,Trailing CQR
2023-10-31,13.76,13.474707222284604,13.82396957357431,14.488862221800371,4.0,13.199272366555341,14.764297077529633,Trailing CQR
2023-11-01,13.8,13.574947081859666,14.089103904457975,14.936991042014611,4.0,13.299512226130403,15.212425897743874,Trailing CQR
2023-11-02,13.73,12.84916840692079,13.510802565874378,14.065946761068021,4.0,12.580927038778821,14.33418812920999,Trailing CQR
2023-11-03,13.49,13.304551908513389,14.0342751616395,14.901685682803343,4.0,13.03631054037142,15.169927050945311,Trailing CQR
2023-11-04,13.49,12.561293217311455,13.303029372074082,13.876234353433318,4.0,12.293051849169487,14.144475721575287,Trailing CQR
2023-11-05,14.35,13.345960612523825,13.938680695313487,14.449144780867037,4.0,13.077719244381857,14.717386149009005,Trailing CQR
2023-11-06,13.8,13.9296595571845,14.85011963403905,16.073719837248845,4.0,13.661418189042532,16.341961205390813,Trailing CQR
2023-11-07,13.99,13.293830568644847,14.076000668941074,14.586188732901498,4.0,13.03337205220684,14.846647249339505,Trailing CQR
2023-11-08,14.11,13.435261198988545,13.86440403763688,14.835652412115431,4.0,13.174802682550538,15.096110928553438,Trailing CQR
2023-11-09,13.76,11.30098543732465,12.912325244784105,13.267430112214944,4.0,11.040526920886643,13.527888628652951,Trailing CQR
2023-11-10,13.28,12.304583522534376,13.681903548059596,14.715877040252344,4.0,12.036342154392408,14.984118408394313,Trailing CQR
2023-11-11,13.02,11.738930962993294,13.060907918488969,13.754088520030736,4.0,11.470689594851326,14.022329888172704,Trailing CQR
2023-11-12,13.7,12.695379683062441,13.1246960026033,14.059715075551747,4.0,12.427138314920473,14.327956443693715,Trailing CQR
2023-11-13,14.39,13.344985870133723,13.913049170111453,15.297647451482764,4.0,13.076744501991755,15.565888819624732,Trailing CQR
2023-11-14,13.73,13.564122224539894,13.868518309919972,14.647687722182198,4.0,13.295880856397925,14.915929090324166,Trailing CQR
2023-11-15,13.69,13.344027993937077,14.11387678445713,15.262865234361799,4.0,13.075786625795109,15.531106602503767,Trailing CQR
2023-11-16,13.93,12.6618839938566,13.43837830152754,14.202785551492662,4.0,12.393642625714632,14.47102691963463,Trailing CQR
2023-11-17,13.44,12.634591838777535,13.105843105082545,14.117716467067511,4.0,12.366350470635567,14.38595783520948,Trailing CQR
2023-11-18,12.94,12.73843018600314,13.297228345270305,13.992859059799443,4.0,12.470188817861171,14.261100427941411,Trailing CQR
2023-11-19,13.37,12.752895375348668,13.253598819339551,14.178027668647792,4.0,12.4846540072067,14.44626903678976,Trailing CQR
2023-11-20,13.6,13.339122193626581,13.9551456982447,15.392740533555283,4.0,13.070880825484613,15.660981901697252,Trailing CQR
2023-11-21,13.1,13.108748577313541,13.386492002852565,13.981439222414208,4.0,12.840507209171573,14.249680590556176,Trailing CQR
2023-11-22,12.48,12.12864572221597,13.201815428166656,14.047485618531928,4.0,11.860404354074001,14.315726986673896,Trailing CQR
2023-11-23,10.63,10.395830896782114,12.355969320872912,14.02160216253508,4.0,10.127589528640145,14.289843530677048,Trailing CQR
2023-11-24,11.0,10.235872423799771,11.645281910807594,12.855020172200183,4.0,9.967631055657803,13.12326154034215,Trailing CQR
2023-11-25,11.95,10.991482245619833,10.920941327651445,11.491189655065332,4.0,10.723240877477865,11.7594310232073,Trailing CQR
2023-11-26,14.16,12.465826240037408,12.50183715057845,13.254082650809613,4.0,12.190391384308146,13.529517506538875,Trailing CQR
2023-11-27,14.43,13.990243805448216,14.81208715266451,16.324617897001655,4.0,13.706839325117013,16.60802237733286,Trailing CQR
2023-11-28,14.5,13.719711707896439,14.493399038884554,15.220632468786384,4.0,13.436307227565235,15.504036949117587,Trailing CQR
2023-11-29,14.71,13.72648460199821,14.1958623781479,15.560740393751512,4.0,13.443080121667007,15.844144874082716,Trailing CQR
2023-11-30,14.16,12.852351031127943,14.014262250931703,15.115869242842745,4.0,12.56894655079674,15.399273723173948,Trailing CQR
2023-12-01,13.68,13.427190540980286,13.791854957216628,14.620709216325853,4.0,13.143786060649083,14.904113696657056,Trailing CQR
2023-12-02,13.42,13.158536861840936,13.29831084095125,13.651932879724901,4.0,12.883102006111674,13.927367735454164,Trailing CQR
2023-12-03,13.83,13.519045254169722,14.14185271801108,14.418863205460227,4.0,13.24361039844046,14.694298061189489,Trailing CQR
2023-12-04,14.53,13.987433802181744,14.816967602756094,15.625399096040878,4.0,13.711998946452482,15.90083395177014,Trailing CQR
2023-12-05,13.87,14.078873832622818,14.462740897615792,14.774651325687813,4.0,13.803438976893556,15.050086181417075,Trailing CQR
2023-12-06,14.31,13.934866588875309,14.401280156785454,15.000297492835646,4.0,13.659431733146047,15.275732348564908,Trailing CQR
2023-12-07,14.07,13.33327923304763,13.890954571046192,14.243353972849578,4.0,13.057844377318368,14.51878882857884,Trailing CQR
2023-12-08,13.53,13.501192561741206,13.933351079935743,14.510948583137683,4.0,13.232951193599238,14.779189951279651,Trailing CQR
2023-12-09,13.72,12.56496046747776,13.194922971980251,13.536485509920398,4.0,12.296719099335792,13.804726878062366,Trailing CQR
2023-12-10,14.71,13.237967296109165,13.83009765041017,14.227510641225425,4.0,12.969725927967197,14.495752009367393,Trailing CQR
2023-12-11,14.13,14.458480449346121,15.038909470304986,16.265148936126906,4.0,14.183045593616859,16.540583791856168,Trailing CQR
2023-12-12,14.17,13.269439247571182,14.023794388678331,14.719713864955278,4.0,12.986034767239978,15.003118345286481,Trailing CQR
2023-12-13,14.88,13.391608679945932,13.753444308406586,14.494957664278735,4.0,13.108204199614729,14.778362144609938,Trailing CQR
2023-12-14,14.35,13.771324588373147,14.444524306093719,14.972701168632057,4.0,13.483611897221396,15.260413859783808,Trailing CQR
2023-12-15,14.48,13.727101590844839,14.352499310856224,14.97577117840496,4.0,13.439388899693087,15.263483869556712,Trailing CQR
2023-12-16,14.16,13.405221527764049,14.078969292715465,14.556376485160575,4.0,13.117508836612297,14.844089176312327,Trailing CQR
2023-12-17,14.15,13.41509823518064,14.307416316011818,15.051743702723654,4.0,13.127385544028888,15.339456393875405,Trailing CQR
2023-12-18,14.63,13.652743549955524,14.699648373140082,16.05514114462189,4.0,13.365030858803772,16.34285383577364,Trailing CQR
2023-12-19,14.29,13.37716984178963,14.395316269522064,15.059547874054577,4.0,13.093765361458427,15.34295235438578,Trailing CQR
2023-12-20,14.15,13.53654798431915,14.649296854993953,15.418868846155044,4.0,13.261113128589887,15.694303701884307,Trailing CQR
2023-12-21,14.11,12.540262506230256,13.94498589285653,14.425503072962885,4.0,12.264827650500994,14.700937928692147,Trailing CQR
2023-12-22,13.37,13.179581477601964,13.804628438844162,14.629934611215692,4.0,12.911340109459996,14.89817597935766,Trailing CQR
2023-12-23,12.06,12.459572312431206,13.20446017801251,13.765711894755686,4.0,12.199113795993199,14.026170411193693,Trailing CQR
2023-12-24,11.8,10.857389494789675,12.399012034657355,13.209092639829853,4.0,10.589148126647707,13.477334007971821,Trailing CQR
2023-12-25,10.85,10.207293891222452,12.16706139984735,13.688257688884201,4.0,9.939052523080484,13.95649905702617,Trailing CQR
2023-12-26,11.95,10.502163280811377,11.830342574568107,12.630851578096053,4.0,10.24170476437337,12.89131009453406,Trailing CQR
2023-12-27,12.47,11.691436169613523,12.147154607125692,13.01033859814358,4.0,11.430977653175516,13.270797114581587,Trailing CQR
2023-12-28,13.62,11.829829474414087,12.620017711807645,13.098676747293332,4.0,11.583463750135776,13.345042471571643,Trailing CQR
2023-12-29,13.3,13.251278135700744,13.604511346452107,14.287889191511344,4.0,12.990819619262737,14.54834770794935,Trailing CQR
2023-12-30,13.01,12.389087092595032,13.147171298218144,13.740852921667644,4.0,12.128628576157025,14.00131143810565,Trailing CQR
2023-12-31,12.48,11.228254609313678,12.998781458276458,13.829615624207689,4.0,10.981888885035367,14.075981348486,Trailing CQR
2024-01-01,12.5,11.06537665380737,12.798214986914317,14.265157614957765,5.0,10.828214628214914,14.50231964055022,Trailing CQR
2024-01-02,14.03,11.587128851365666,12.584863655191434,13.401584424625367,5.0,11.3522203797651,13.636492896225933,Trailing CQR
2024-01-03,19.22,13.389503142350096,13.708280151923406,14.27644828476442,5.0,13.15234111675764,14.513610310356876,Trailing CQR
2024-01-04,14.19,16.49563496003825,17.364028564399206,17.691939387291324,5.0,16.25847293444579,17.92910141288378,Trailing CQR
2024-01-05,14.09,14.578489882870766,15.996743489049312,17.133585907791236,5.0,14.34132785727831,17.37074793338369,Trailing CQR
2024-01-06,13.55,13.58140416240011,13.672792508538953,14.893528149521334,5.0,13.344242136807654,15.13069017511379,Trailing CQR
2024-01-07,13.61,12.952237017356898,13.665528450039346,14.543636301710453,5.0,12.717328545756333,14.778544773311019,Trailing CQR
2024-01-08,13.85,12.8452182290581,13.544702214213165,15.021108644893733,5.0,12.610309757457534,15.256017116494299,Trailing CQR
2024-01-09,13.89,12.920593305762038,13.697478485873518,14.433777754612741,5.0,12.685684834161473,14.668686226213307,Trailing CQR
2024-01-10,14.15,14.846398024469353,15.50300028322819,16.355463091674984,5.0,14.618620091659912,16.583241024484426,Trailing CQR
2024-01-11,14.58,13.038348471665493,14.278583460145565,14.649490611428025,5.0,12.803440000064928,14.88439908302859,Trailing CQR
2024-01-12,14.7,14.319291768011976,14.778255510482728,15.28880793098243,5.0,14.08438329641141,15.523716402582995,Trailing CQR
2024-01-13,14.58,13.78157976715161,14.526921226180649,15.027137077877416,5.0,13.546671295551045,15.262045549477982,Trailing CQR
2024-01-14,14.41,13.044908051695373,14.370567415596266,14.581761219559237,5.0,12.809999580094807,14.816669691159802,Trailing CQR
2024-01-15,15.43,12.764998333962534,14.714302624772504,15.722864600494049,5.0,12.530089862361969,15.957773072094614,Trailing CQR
2024-01-16,16.24,13.747542570474476,14.985059074783855,15.555897467710514,5.0,13.51263409887391,15.79080593931108,Trailing CQR
2024-01-17,15.75,15.602616925042401,16.992245558341494,17.88759142467125,5.0,15.365454899449945,18.124753450263704,Trailing CQR
2024-01-18,15.77,13.71691638007838,15.651588293353528,16.537939446650533,5.0,13.482007908477815,16.7728479182511,Trailing CQR
2024-01-19,15.29,14.40946571953408,15.656415839064172,16.671247207855558,5.0,14.174557247933514,16.906155679456123,Trailing CQR
2024-01-20,14.79,13.564394925881444,15.239314524489906,15.924074190310812,5.0,13.329486454280879,16.158982661911377,Trailing CQR
2024-01-21,15.64,13.404359406635539,15.079037182185804,15.906264355276896,5.0,13.176581473826097,16.134042288086338,Trailing CQR
2024-01-22,16.06,14.254750360126911,16.013330160477825,17.215081807168943,5.0,14.02697242731747,17.442859739978385,Trailing CQR
2024-01-23,18.81,14.082652595096496,15.677261890307808,16.470195156321026,5.0,13.854874662287054,16.697973089130468,Trailing CQR
2024-01-24,16.23,16.43000919816321,17.484595266903618,18.10985294948109,5.0,16.195100726562643,18.344761421081657,Trailing CQR
2024-01-25,11.88,14.542589984253125,16.63830298445456,17.56660473411931,5.0,14.30768151265256,17.801513205719875,Trailing CQR
2024-01-26,15.18,11.946201147781128,13.354427677703232,15.045908333988312,5.0,11.709039122188672,15.283070359580767,Trailing CQR
2024-01-27,14.99,12.44225706073563,13.563192646332272,14.331493531072933,5.0,12.205095035143174,14.568655556665389,Trailing CQR
2024-01-28,15.3,13.557330614345474,15.158128622610008,15.85212479038606,5.0,13.310964890067163,16.09849051466437,Trailing CQR
2024-01-29,15.52,14.261399026203112,15.621064494458237,17.200777310749906,5.0,14.0150333019248,17.44714303502822,Trailing CQR
2024-01-30,15.37,14.878294582044171,16.151254162956928,17.074478321093043,5.0,14.641132556451716,17.3116403466855,Trailing CQR
2024-01-31,15.26,14.967772286955528,15.867087796945818,16.748753601759176,5.0,14.730610261363072,16.98591562735163,Trailing CQR
2024-02-01,15.0,13.362841037570652,14.020967044571671,15.04595229033422,5.0,13.127932565970086,15.280860761934786,Trailing CQR
2024-02-02,14.87,14.656782786249977,15.000990747084948,15.718455218302317,5.0,14.421874314649411,15.953363689902883,Trailing CQR
2024-02-03,14.29,14.159903130937012,14.600998247725062,14.976710305317392,5.0,13.924994659336447,15.211618776917957,Trailing CQR
2024-02-04,14.89,9.608307559327939,12.039053412222815,12.565343849547784,5.0,9.373399087727373,12.80025232114835,Trailing CQR
2024-02-05,14.6,14.613612588903447,15.754986049255356,16.208237058847352,5.0,14.376450563310991,16.445399084439806,Trailing CQR
2024-02-06,14.55,14.492709641009082,15.039445124727816,15.843118315127377,5.0,14.255547615416626,16.08028034071983,Trailing CQR
2024-02-07,14.55,14.447831160643036,14.634624745287919,15.456334789038571,5.0,14.21066913505058,15.693496814631027,Trailing CQR
2024-02-08,14.58,13.707350621796497,13.887086105005025,14.23347167159056,5.0,13.470188596204041,14.470633697183017,Trailing CQR
2024-02-09,14.4,14.12120720543312,14.454292351661518,15.132619308879619,5.0,13.860748688995113,15.393077825317626,Trailing CQR
2024-02-10,14.62,13.397151295247205,14.206147321048409,15.100756278669591,5.0,13.136692778809199,15.361214795107598,Trailing CQR
2024-02-11,14.74,14.16565770853272,14.480878769880789,14.924467438636025,5.0,13.905199192094713,15.184925955074032,Trailing CQR
2024-02-12,15.49,14.844135796481579,15.369067327418781,16.58132739442433,5.0,14.583677280043572,16.84178591086234,Trailing CQR
2024-02-13,14.92,14.647883555593097,14.93028488039112,15.545907096348554,5.0,14.38742503915509,15.80636561278656,Trailing CQR
2024-02-14,15.01,14.575683663274084,15.046207290765789,15.655508253738304,5.0,14.315225146836077,15.915966770176311,Trailing CQR
2024-02-15,15.33,14.035886138319901,14.696339338303028,15.218210597354847,5.0,13.775427621881894,15.478669113792854,Trailing CQR
2024-02-16,14.53,14.558611094726103,15.052641989625581,15.572691208799657,5.0,14.298152578288096,15.833149725237664,Trailing CQR
2024-02-17,14.58,14.190435113363517,14.554134790979779,15.060580869400923,5.0,13.953273087771061,15.297742894993378,Trailing CQR
2024-02-18,14.41,13.031619667519852,14.288767590223532,14.953731726441987,5.0,12.794457641927396,15.190893752034443,Trailing CQR
2024-02-19,14.91,13.28762054553892,14.949849377203716,16.37065442584423,5.0,13.050458519946464,16.607816451436683,Trailing CQR
2024-02-20,15.53,13.624207772623064,14.721655240870946,15.272399495248957,5.0,13.387045747030609,15.509561520841412,Trailing CQR
2024-02-21,15.06,15.0316406465914,15.221100982933068,15.852271254724105,5.0,14.774040141840358,16.109871759475148,Trailing CQR
2024-02-22,15.14,14.029180202909153,14.958048421187215,15.236314474647902,5.0,13.77157969815811,15.493914979398944,Trailing CQR
2024-02-23,15.0,14.21080525789236,14.396762887600023,14.957392506743656,5.0,13.953204753141318,15.214993011494698,Trailing CQR
2024-02-24,14.76,14.453321916212918,14.955205576534818,15.542671099392416,5.0,14.195721411461875,15.80027160414346,Trailing CQR
2024-02-25,15.33,14.465208268375871,14.734909596323098,15.350445658946441,5.0,14.207607763624829,15.608046163697484,Trailing CQR
2024-02-26,15.04,14.993506659720678,15.550587107786281,16.543125320366173,5.0,14.735906154969635,16.800725825117215,Trailing CQR
2024-02-27,14.89,14.611840135196404,14.928772611489334,15.414703529311176,5.0,14.354239630445361,15.672304034062218,Trailing CQR
2024-02-28,14.52,14.691435887829341,14.739778891243038,14.96092942719536,5.0,14.433835383078298,15.218529931946403,Trailing CQR
2024-02-29,14.65,14.213932835580401,14.820245606401585,15.487623908602728,5.0,13.956332330829358,15.745224413353771,Trailing CQR
2024-03-01,14.51,13.624462425375642,14.199416573571833,15.208947000112639,5.0,13.366861920624599,15.466547504863682,Trailing CQR
2024-03-02,14.63,13.051913152038551,13.90311435359759,14.662638073624132,5.0,12.794312647287509,14.920238578375175,Trailing CQR
2024-03-03,15.02,13.963049482462397,14.462616931747888,15.17735704329873,5.0,13.705448977711354,15.434957548049773,Trailing CQR
2024-03-04,14.46,14.176443838312712,14.847403632013153,15.735077760336864,5.0,13.91884333356167,15.992678265087907,Trailing CQR
2024-03-05,14.43,13.999183116134034,14.63277965933055,15.5024764812277,5.0,13.741582611382992,15.760076985978742,Trailing CQR
2024-03-06,14.9,13.736970630103327,14.183497928675692,15.073983711164889,5.0,13.479370125352284,15.331584215915932,Trailing CQR
2024-03-07,14.66,13.312958014050587,14.182057058752404,15.023524294666394,5.0,13.055357509299544,15.281124799417437,Trailing CQR
2024-03-08,14.34,13.340721866868279,13.971955283453925,14.678385809087882,5.0,13.083121362117236,14.935986313838924,Trailing CQR
2024-03-09,13.65,13.174435513428932,13.746525755582983,14.460648186010982,5.0,12.91683500867789,14.718248690762024,Trailing CQR
2024-03-10,12.99,13.738603996279483,14.336538556688584,15.494126922932452,5.0,13.48100349152844,15.751727427683495,Trailing CQR
2024-03-11,13.83,12.913297424191516,13.83109815630432,15.280524900908134,5.0,12.652838907753509,15.54098341734614,Trailing CQR
2024-03-12,14.26,12.813784665032808,13.430678279924594,14.124292572765661,5.0,12.556184160281765,14.381893077516704,Trailing CQR
2024-03-13,13.93,13.61666787399666,14.135096200884318,14.992836508724004,5.0,13.359067369245617,15.250437013475047,Trailing CQR
2024-03-14,13.84,12.616801826053573,13.72161579604131,14.320471446458244,5.0,12.35920132130253,14.578071951209287,Trailing CQR
2024-03-15,13.19,11.752882167503337,13.095970273005797,13.997676369368401,5.0,11.495281662752294,14.255276874119444,Trailing CQR
2024-03-16,13.46,11.447117025708867,13.000830288352638,13.6692959560719,5.0,11.189516520957824,13.926896460822944,Trailing CQR
2024-03-17,14.37,12.694237844964173,13.43014727445285,14.46966676464566,5.0,12.43663734021313,14.727267269396703,Trailing CQR
2024-03-18,14.56,13.79716287037692,14.58793245316868,15.692112644373633,5.0,13.539562365625876,15.949713149124676,Trailing CQR
2024-03-19,14.79,13.990520226480747,14.501689669630899,15.2377693261367,5.0,13.732919721729704,15.495369830887743,Trailing CQR
2024-03-20,14.91,14.305781442052574,14.845499076107512,15.8401310273081,5.0,14.048180937301531,16.097731532059143,Trailing CQR
2024-03-21,14.98,13.585237491260425,14.797313388716118,15.635599491386003,5.0,13.327636986509383,15.893199996137046,Trailing CQR
2024-03-22,14.65,14.1841445202273,14.821134548949345,15.863008610845677,5.0,13.926544015476257,16.12060911559672,Trailing CQR
2024-03-23,14.46,13.451094438969196,14.471952475103873,14.998265206474704,5.0,13.193493934218154,15.255865711225747,Trailing CQR
2024-03-24,14.45,14.310529042191472,14.898789600219775,15.341104696748568,5.0,14.05292853744043,15.59870520149961,Trailing CQR
2024-03-25,14.77,14.14080213281847,14.822786499209874,16.004456011101414,5.0,13.883201628067427,16.262056515852457,Trailing CQR
2024-03-26,14.82,13.859094113254134,14.446252409969173,15.072203829277314,5.0,13.621932087661678,15.30936585486977,Trailing CQR
2024-03-27,15.06,14.76953195615054,15.260737131924632,16.029609457946293,5.0,14.534623484549975,16.26451792954686,Trailing CQR
2024-03-28,14.71,13.918212780294944,14.817325423398701,15.656396623495898,5.0,13.683304308694378,15.891305095096463,Trailing CQR
2024-03-29,13.91,14.288602466346951,14.790715294661112,15.734090058605485,5.0,14.053693994746386,15.96899853020605,Trailing CQR
2024-03-30,14.3,12.580380356749806,13.550284584622277,14.129447860693684,5.0,12.34321833115735,14.36660988628614,Trailing CQR
2024-03-31,14.49,13.725359714192805,14.243075842991644,15.200153815248484,5.0,13.48819768860035,15.43731584084094,Trailing CQR
2024-04-01,14.76,14.49868961995184,15.376664587582024,16.36274810449686,6.0,14.261527594359384,16.599910130089313,Trailing CQR
2024-04-02,14.92,13.505152680820515,14.391412356126017,14.803199450811196,6.0,13.26799065522806,15.040361476403652,Trailing CQR
2024-04-03,15.06,14.693207082654315,15.240531002824792,15.936951281311448,6.0,14.456045057061859,16.174113306903905,Trailing CQR
2024-04-04,15.83,13.744744185332532,14.866223196856335,15.494208573072234,6.0,13.507582159740076,15.73137059866469,Trailing CQR
2024-04-05,14.94,14.651479888218645,15.352185551234292,16.28347021656727,6.0,14.393879383467603,16.541070721318313,Trailing CQR
2024-04-06,15.11,13.863038340564007,14.990048053832911,15.639322396715318,6.0,13.605437835812964,15.896922901466361,Trailing CQR
2024-04-07,13.28,14.35035818661274,15.114315986125781,15.688003581645166,6.0,14.092757681861697,15.945604086396209,Trailing CQR
2024-04-08,15.07,13.653465018795568,14.81413748796546,15.99137347084449,6.0,13.393006502357562,16.251831987282497,Trailing CQR
2024-04-09,15.99,14.078503262954541,14.514776149776406,15.235924341135304,6.0,13.818044746516534,15.49638285757331,Trailing CQR
2024-04-10,15.07,14.992721518946258,15.812289489444549,16.490301691069988,6.0,14.72448015080429,16.758543059211956,Trailing CQR
2024-04-11,16.41,13.72453649540591,15.165933390499049,15.74872089611831,6.0,13.456295127263942,16.01696226426028,Trailing CQR
2024-04-12,16.19,15.588613657160428,15.833836158738775,16.791649187645962,6.0,15.313178801431166,17.067084043375225,Trailing CQR
2024-04-13,16.22,14.940484570585683,16.025492096602274,16.681385003466293,6.0,14.665049714856421,16.956819859195555,Trailing CQR
2024-04-14,16.66,14.823123069358603,15.782084871294414,16.667186206561908,6.0,14.54768821362934,16.94262106229117,Trailing CQR
2024-04-15,15.86,16.039054237275707,17.03812250765756,18.178041438519386,6.0,15.763619381546444,18.45347629424865,Trailing CQR
2024-04-16,15.25,15.201546219295405,16.243067680837832,17.17114787398927,6.0,14.933304851153437,17.439389242131238,Trailing CQR
2024-04-17,16.83,14.312672382446738,15.212302024229803,16.196397222696795,6.0,14.04443101430477,16.464638590838764,Trailing CQR
2024-04-18,14.77,15.536939503480461,16.746954443906098,17.472100716891106,6.0,15.261504647751199,17.747535572620368,Trailing CQR
2024-04-19,14.96,14.084092082556435,15.408727914986681,16.527701958769327,6.0,13.796379391404683,16.81541464992108,Trailing CQR
2024-04-20,14.04,13.752494915042215,14.861278936201437,15.494607276718568,6.0,13.464782223890463,15.78231996787032,Trailing CQR
2024-04-21,15.05,14.072796147267113,14.734076860081718,15.786870458010938,6.0,13.78508345611536,16.07458314916269,Trailing CQR
2024-04-22,15.71,15.011613379678014,15.706323126267968,17.269418391260416,6.0,14.723900688526262,17.55713108241217,Trailing CQR
2024-04-23,15.47,14.688351914565235,15.581156741165248,16.835170681062667,6.0,14.400639223413483,17.122883372214417,Trailing CQR
2024-04-24,16.13,15.299325574378331,16.138981744458547,17.171762637173785,6.0,15.01161288322658,17.45947532832554,Trailing CQR
2024-04-25,15.67,14.918841989469264,16.03832382913731,17.164737723484343,6.0,14.631129298317513,17.452450414636097,Trailing CQR
2024-04-26,15.3,15.006565479837615,16.2556457345449,17.596330245079205,6.0,14.718852788685863,17.884042936230955,Trailing CQR
2024-04-27,14.46,14.014242072890646,15.122328949830731,16.039484950929552,6.0,13.726529381738894,16.327197642081302,Trailing CQR
2024-04-28,14.8,11.272363323778912,13.876730848713144,14.696224086743696,6.0,10.98465063262716,14.983936777895448,Trailing CQR
2024-04-29,15.69,14.088438949425367,15.246503819419539,16.754151858017224,6.0,13.800726258273615,17.041864549168977,Trailing CQR
2024-04-30,15.77,15.095057773470685,15.840502224774099,16.873274119203792,6.0,14.807345082318934,17.160986810355546,Trailing CQR
2024-05-01,15.93,15.483294959758531,16.677787794940613,18.154999123725183,6.0,15.19558226860678,18.442711814876937,Trailing CQR
2024-05-02,16.29,14.729893346175324,16.111106740448854,17.02532577614141,6.0,14.442180655023572,17.31303846729316,Trailing CQR
2024-05-03,16.44,16.018910293861833,16.819458725883866,18.406021763781414,6.0,15.73119760271008,18.693734454933164,Trailing CQR
2024-05-04,16.87,15.065935629849015,16.723894037725962,18.04591994127686,6.0,14.778222938697263,18.33363263242861,Trailing CQR
2024-05-05,17.42,15.89920948667404,17.049040493750535,18.541475220024438,6.0,15.611496795522289,18.82918791117619,Trailing CQR
2024-05-06,17.03,16.835086342771117,18.220091672727005,20.054539289356395,6.0,16.547373651619367,20.342251980508145,Trailing CQR
2024-05-07,17.0,16.19260011735471,17.48772194005099,18.946132730314545,6.0,15.90488742620296,19.2338454214663,Trailing CQR
2024-05-08,18.1,16.58040816792619,17.71176857401026,19.319761808011368,6.0,16.30497331219693,19.59519666374063,Trailing CQR
2024-05-09,17.26,16.717128220076365,18.34300148977699,19.53402345232883,6.0,16.441693364347103,19.809458308058094,Trailing CQR
2024-05-10,17.76,15.931786923933029,17.693417899054555,19.09879879816985,6.0,15.66354555579106,19.367040166311817,Trailing CQR
2024-05-11,18.17,16.93100739731187,18.198811307361016,19.481319625289785,6.0,16.6627660291699,19.749560993431754,Trailing CQR
2024-05-12,18.06,17.576430926754117,18.859279557628284,20.266022886342245,6.0,17.30818955861215,20.534264254484214,Trailing CQR
2024-05-13,19.14,17.037382044372585,18.793170122323314,20.584847807251514,6.0,16.769140676230617,20.85308917539348,Trailing CQR
2024-05-14,20.42,17.882846953317053,19.197174379805293,20.802810327763087,6.0,17.622388436879046,21.063268844201094,Trailing CQR
2024-05-15,18.77,18.90728423165284,20.589827482030255,22.277188654288175,6.0,18.646825715214835,22.53764717072618,Trailing CQR
2024-05-16,20.63,16.63537823485131,19.24510419377745,20.90902200964276,6.0,16.374919718413302,21.16948052608077,Trailing CQR
2024-05-17,23.06,18.627794691675508,20.02636248907502,21.963855156796143,6.0,18.3673361752375,22.22431367323415,Trailing CQR
2024-05-18,22.71,20.04180739158446,22.250621307142087,23.918065294712985,6.0,19.77356602344249,24.186306662854953,Trailing CQR
2024-05-19,22.07,20.542231029527432,23.02155175079057,24.98194792980855,6.0,20.273989661385464,25.250189297950516,Trailing CQR
2024-05-20,24.25,20.6147292009009,22.937103918411033,25.462352703203898,6.0,20.346487832758932,25.730594071345866,Trailing CQR
2024-05-21,20.5,21.67759274995527,23.656030166697885,25.44365206459839,6.0,21.409351381813302,25.711893432740357,Trailing CQR
2024-05-22,23.2,18.146948934695757,21.412467195148917,23.63892199742735,6.0,17.871514078966495,23.91435685315661,Trailing CQR
2024-05-23,23.66,20.32151897959327,22.361905675616658,24.61572870076643,6.0,20.04608412386401,24.89116355649569,Trailing CQR
2024-05-24,25.75,21.467506435842278,24.19810574046779,26.157257239214562,6.0,21.192071580113016,26.432692094943825,Trailing CQR
2024-05-25,24.16,22.593169181920267,25.23979100824554,26.90865160697485,6.0,22.317734326191005,27.184086462704112,Trailing CQR
2024-05-26,23.2,21.07800625027337,24.645749568889933,26.505135401965568,6.0,20.802571394544106,26.78057025769483,Trailing CQR
2024-05-27,27.34,20.74403686517729,24.42257316496968,27.28343683965811,6.0,20.468602009448027,27.55887169538737,Trailing CQR
2024-05-28,26.83,22.175361292671788,25.41261496412802,27.897729287312934,6.0,21.899926436942525,28.173164143042197,Trailing CQR
2024-05-29,27.72,23.271671408944812,26.409923324688243,28.389896485202577,6.0,22.99623655321555,28.66533134093184,Trailing CQR
2024-05-30,26.93,23.4854294890787,26.652703289846233,28.93427717202158,6.0,23.20999463334944,29.209712027750843,Trailing CQR
2024-05-31,27.75,24.012109635011253,27.423138480253815,30.006982631435992,6.0,23.73667477928199,30.282417487165254,Trailing CQR
2024-06-01,29.44,24.758096991632094,28.237513152019396,29.703172846051483,6.0,24.489855623490126,29.97141421419345,Trailing CQR
2024-06-02,28.16,25.592142173087854,29.129936328604987,30.592252620252772,6.0,25.331683656649847,30.85271113669078,Trailing CQR
2024-06-03,31.92,26.444517790308048,30.621241203963663,32.39292812594553,6.0,26.186917285557005,32.65052863069657,Trailing CQR
2024-06-04,30.02,27.91111203599624,30.72088860796938,32.27190842371563,6.0,27.676203564395674,32.50681689531619,Trailing CQR
2024-06-05,33.34,27.316092482146495,31.462041580981392,33.14480514327619,6.0,27.08118401054593,33.37971361487675,Trailing CQR
2024-06-06,31.86,28.342049109264117,31.998611956904547,33.79112041701741,6.0,28.133175276641296,33.99999424964023,Trailing CQR
2024-06-07,33.42,28.15312305650828,32.81862130200202,34.65520460078314,6.0,27.944319189066995,34.86400846822443,Trailing CQR
2024-06-08,29.2,29.245318422234526,33.01053474983844,34.62611232504956,6.0,29.045309224071318,34.82612152321277,Trailing CQR
2024-06-09,26.39,25.876892103846725,30.370574669303103,32.016602435101575,6.0,25.68169724712291,32.21179729182539,Trailing CQR
2024-06-10,30.58,25.495917605320795,29.52461118981255,32.411526132394556,6.0,25.30437754412777,32.60306619358758,Trailing CQR
2024-06-11,30.38,25.825135026108747,29.304260358992757,31.037255319373017,6.0,25.641620536029144,31.22076980945262,Trailing CQR
2024-06-12,34.4,27.787848707835536,32.08722356256106,33.77399166481584,6.0,27.604334217755934,33.95750615489544,Trailing CQR
2024-06-13,33.45,29.62450914175063,33.296954680892924,34.882458469707444,6.0,29.440994651671026,35.06597295978705,Trailing CQR
2024-06-14,31.12,30.60971502209086,34.65518901386847,36.58156144252618,6.0,30.430660784815153,36.76061567980189,Trailing CQR
2024-06-15,31.23,27.418494419133367,31.413313219910265,33.53106419861139,6.0,27.247058531304027,33.70250008644073,Trailing CQR
2024-06-16,31.67,27.157187497153714,30.44321037863213,32.688969091609955,6.0,26.986635357847398,32.85952123091627,Trailing CQR
2024-06-17,34.98,28.70456786187099,32.78805514242423,35.06340359152623,6.0,28.56728363021815,35.200687823179074,Trailing CQR
2024-06-18,31.83,29.007327253287556,33.30424505876505,34.69973106695922,6.0,28.87161982605322,34.83543849419355,Trailing CQR
2024-06-19,33.53,28.63542835537869,34.13787579162978,36.17628028199714,6.0,28.49972092814435,36.311987709231474,Trailing CQR
2024-06-20,32.76,29.772944058386656,34.01727790939824,35.6909190500198,6.0,29.63723663115232,35.82662647725414,Trailing CQR
2024-06-21,35.18,29.733220010318657,33.745596203406535,35.743107142588286,6.0,29.59912834430697,35.87719880859997,Trailing CQR
2024-06-22,34.15,30.702087557453297,33.99586553328504,35.211582252466116,6.0,30.572428000268797,35.34124180965061,Trailing CQR
2024-06-23,34.41,30.39931810509004,33.79107545279239,34.815708196502,6.0,30.26965854790554,34.9453677536865,Trailing CQR
2024-06-24,35.44,32.361211344964026,35.63181252648626,37.629838516126924,6.0,32.23155178777952,37.75949807331142,Trailing CQR
2024-06-25,33.71,30.821568789181633,34.131656227058,35.483799791160024,6.0,30.691909231997133,35.61345934834452,Trailing CQR
2024-06-26,35.79,31.202392058160992,35.059439957253,36.95579044150585,6.0,31.085591508972186,37.07259099069465,Trailing CQR
2024-06-27,32.5,31.098145323082083,34.86529137412428,36.29269051703314,6.0,30.981344773893277,36.40949106622194,Trailing CQR
2024-06-28,35.31,30.126587072789977,33.95687214500787,35.42310573288043,6.0,30.00978652360117,35.53990628206923,Trailing CQR
2024-06-29,33.5,31.72763798009724,34.35833957722255,35.875299369014385,6.0,31.610837430908433,35.99209991820319,Trailing CQR
2024-06-30,30.48,30.75146123398366,34.453408292303266,35.72356137618097,6.0,30.63967183133851,35.83535077882612,Trailing CQR
2024-07-01,32.91,29.765844112922462,32.558558984852496,35.794018623961435,7.0,29.649043563733656,35.91081917315024,Trailing CQR
2024-07-02,31.64,29.990518763845632,31.691386460917556,33.914953022296395,7.0,29.873718214656826,34.0317535714852,Trailing CQR
2024-07-03,34.96,30.162778019534763,33.063740897142644,35.44034161023253,7.0,30.04597747034596,35.55714215942133,Trailing CQR
2024-07-04,31.61,30.124258717182613,32.9928243195446,35.61429974004672,7.0,30.012469314537462,35.72608914269187,Trailing CQR
2024-07-05,33.81,30.83331009353835,34.1040584434926,36.42974258205106,7.0,30.729534180282045,36.53351849530737,Trailing CQR
2024-07-06,33.36,31.248547398069164,33.020543684370814,35.08828681419366,7.0,31.153118713741133,35.18371549852169,Trailing CQR
2024-07-07,31.93,30.47044560297237,32.93631941062483,34.96812826972029,7.0,30.375016918644338,35.06355695404832,Trailing CQR
2024-07-08,36.08,30.748542729231062,33.00945657513288,35.49764040462834,7.0,30.65311404490303,35.59306908895637,Trailing CQR
2024-07-09,33.38,32.52489242461326,34.12242930106528,36.026099641446464,7.0,32.421116511356956,36.12987555470277,Trailing CQR
2024-07-10,36.55,32.56814543284586,35.26530070891159,37.427365347372714,7.0,32.46436951958955,37.53114126062902,Trailing CQR
2024-07-11,36.76,32.46039945165671,34.53823201829414,36.535200871180066,7.0,32.356623538400406,36.63897678443637,Trailing CQR
2024-07-12,39.34,33.89802005869562,36.738028233648954,38.723362222558286,7.0,33.78623065605047,38.83515162520344,Trailing CQR
2024-07-13,36.94,34.91705802077188,37.62375220359266,39.38114819976772,7.0,34.80025747158308,39.497948748956524,Trailing CQR
2024-07-14,33.54,33.64418383824784,36.65053947184768,38.36720781856274,7.0,33.52738328905904,38.48400836775154,Trailing CQR
2024-07-15,36.3,32.44263955360394,35.270018054584895,37.89480136739759,7.0,32.32583900441514,38.01160191658639,Trailing CQR
2024-07-16,34.0,32.130316728278366,34.10783427378255,36.06124952357891,7.0,32.013516179089564,36.17805007276771,Trailing CQR
2024-07-17,36.45,32.56949588815677,35.54403691079954,37.580158322524596,7.0,32.45269533896797,37.6969588717134,Trailing CQR
2024-07-18,34.8,32.988123376462056,35.261184344327894,36.98478050936153,7.0,32.871322827273254,37.10158105855033,Trailing CQR
2024-07-19,35.21,33.82976812672366,36.26592286687428,38.24839957827011,7.0,33.712967577534855,38.36520012745891,Trailing CQR
2024-07-20,31.46,32.79044733237348,34.6607496648176,36.239181037276005,7.0,32.67865792972833,36.350970439921156,Trailing CQR
2024-07-21,27.65,29.189382301693524,31.5620413174899,33.518731684095584,7.0,29.072581752504718,33.63553223328439,Trailing CQR
2024-07-22,32.51,28.274030936050373,30.427386610557647,33.49676579238933,7.0,28.144371378865873,33.626425349573836,Trailing CQR
2024-07-23,32.49,29.777305117241916,30.73064335640222,32.981097252009945,7.0,29.647645560057416,33.11075680919444,Trailing CQR
2024-07-24,35.01,31.365540937645026,33.715175219073394,35.73699170070898,7.0,31.235881380460526,35.86665125789348,Trailing CQR
2024-07-25,34.57,32.197704013325435,34.2620858578599,36.19901100694574,7.0,32.06804445614094,36.328670564130235,Trailing CQR
2024-07-26,35.68,33.450412052924705,35.52597747463267,37.978809157782166,7.0,33.32075249574021,38.10846871496666,Trailing CQR
2024-07-27,32.27,32.30021291129843,34.51325119851192,36.565137124171464,7.0,32.170553354113935,36.69479668135597,Trailing CQR
2024-07-28,31.47,28.95289635875288,31.43779849755046,33.32184209868814,7.0,28.82323680156838,33.45150165587263,Trailing CQR
2024-07-29,36.53,30.04336360748644,32.03597191652962,34.51495157782777,7.0,29.91370405030194,34.64461113501227,Trailing CQR
2024-07-30,33.61,32.40204360528137,34.07067019167774,35.59114320605036,7.0,32.26795193926968,35.725234872062046,Trailing CQR
2024-07-31,36.54,32.34590342739227,35.259747546332534,36.94625245385556,7.0,32.21181176138059,37.08034411986725,Trailing CQR
2024-08-01,34.73,32.924609336073594,35.446613980708065,37.36770649033675,7.0,32.79494977888909,37.497366047521254,Trailing CQR
2024-08-02,36.41,33.31548978568112,36.16267441513586,38.071656407447634,7.0,33.18583022849663,38.20131596463213,Trailing CQR
2024-08-03,35.1,32.72537572053528,34.80720337706614,36.50000337604245,7.0,32.60857517134648,36.61680392523125,Trailing CQR
2024-08-04,34.04,31.850919463825214,34.12008784858367,35.493545287116504,7.0,31.73411891463641,35.61034583630531,Trailing CQR
2024-08-05,36.46,32.92193560565927,35.25727536990758,37.483149348032875,7.0,32.80513505647047,37.59994989722168,Trailing CQR
2024-08-06,33.7,32.6296571397304,34.660076897402114,36.28024229505543,7.0,32.512856590541595,36.39704284424423,Trailing CQR
2024-08-07,33.23,32.60137836576985,35.33677777389962,37.165205590457674,7.0,32.489588963124696,37.276994993102825,Trailing CQR
2024-08-08,27.63,30.213670285264897,32.82845231523901,34.711585861481566,7.0,30.109486447017055,34.81576969972941,Trailing CQR
2024-08-09,25.75,27.520183384039576,30.592208198971075,33.05459335379649,7.0,27.408393981394426,33.16638275644164,Trailing CQR
2024-08-10,23.79,24.4868557445235,26.808134495820706,29.09032312785677,7.0,24.370055195334693,29.207123677045573,Trailing CQR
2024-08-11,24.14,22.837405599190046,25.28415164542401,27.51843557067892,7.0,22.707746042005546,27.64809512786342,Trailing CQR
2024-08-12,28.24,25.55669499788996,27.487989901762575,30.668687709557915,7.0,25.42703544070546,30.798347266742415,Trailing CQR
2024-08-13,25.88,27.330211208461833,28.257595024888147,30.1660421277694,7.0,27.21341065927303,30.282842676958204,Trailing CQR
2024-08-14,25.7,24.9196484729611,27.5081938406776,29.70716000087473,7.0,24.7899889157766,29.83681955805923,Trailing CQR
2024-08-15,25.55,25.404689130209334,26.53903000586055,27.81834623143005,7.0,25.275029573024835,27.948005788614548,Trailing CQR
2024-08-16,28.05,26.14972195097841,26.78832478092638,28.805646472501795,7.0,26.032921401789608,28.9224470216906,Trailing CQR
2024-08-17,28.54,25.569247443067596,26.806647593633514,28.18728955472273,7.0,25.452446893878793,28.304090103911534,Trailing CQR
2024-08-18,29.57,26.726529744165553,28.325792756914414,29.665578383610743,7.0,26.596870186981054,29.795237940795243,Trailing CQR
2024-08-19,31.83,29.056448756754044,31.040093807461126,32.885768286269226,7.0,28.926789199569544,33.01542784345372,Trailing CQR
2024-08-20,29.35,28.627968293336853,31.096983013116144,32.71516698105856,7.0,28.498308736152353,32.844826538243055,Trailing CQR
2024-08-21,32.03,27.550473712668577,30.161305087376725,31.981055487666815,7.0,27.420814155484077,32.11071504485132,Trailing CQR
2024-08-22,30.3,28.133325816285833,30.289782305145728,31.648402776479138,7.0,28.003666259101333,31.778062333663637,Trailing CQR
2024-08-23,31.9,28.62544706282478,30.821998333569006,31.93911134912951,7.0,28.49578750564028,32.068770906314015,Trailing CQR
2024-08-24,29.65,28.604007068814276,30.28442738938466,30.876349317458327,7.0,28.474347511629777,31.006008874642827,Trailing CQR
2024-08-25,29.78,28.23267792186573,30.387875455525688,31.16877450581449,7.0,28.115877372676927,31.285575055003292,Trailing CQR
2024-08-26,31.38,29.120632464230056,31.13064779323376,32.786845633220935,7.0,29.008843061584905,32.898635035866086,Trailing CQR
2024-08-27,29.79,28.354712136489972,29.986336053537574,30.895479516686137,7.0,28.24292273384482,31.00726891933129,Trailing CQR
2024-08-28,32.16,29.290783340472558,30.958072886521343,32.1217820061992,7.0,29.178993937827407,32.23357140884435,Trailing CQR
2024-08-29,31.15,29.030078768231437,30.70522236996498,31.730373603558704,7.0,28.918289365586283,31.842163006203855,Trailing CQR
2024-08-30,32.13,29.790234083564993,31.70291111334874,33.09755754510458,7.0,29.67844468091984,33.20934694774973,Trailing CQR
2024-08-31,29.46,29.28422444749444,31.015654097383955,32.229538620763776,7.0,29.172435044849287,32.34132802340893,Trailing CQR
2024-09-01,28.61,26.31462023266625,29.922116267463657,31.58028375194268,7.0,26.21043639441841,31.684467590190522,Trailing CQR
2024-09-02,31.8,25.994746913596554,29.670943488692515,32.64622042468419,7.0,25.890563075348712,32.75040426293203,Trailing CQR
2024-09-03,30.04,27.373190468419438,30.37011579790834,31.87825352302832,7.0,27.269006630171596,31.982437361276162,Trailing CQR
2024-09-04,30.44,28.1118166299536,31.202867251231126,33.05974527905601,7.0,28.00763279170576,33.16392911730385,Trailing CQR
2024-09-05,28.68,26.349973105639183,29.410379162664128,30.816484916773362,7.0,26.24578926739134,30.920668755021204,Trailing CQR
2024-09-06,31.67,27.032158126740594,29.705516874546674,31.425379583749855,7.0,26.92838221348429,31.52915549700616,Trailing CQR
2024-09-07,29.55,27.28648980919457,29.384037274382433,30.60501672402372,7.0,27.18230597094673,30.709200562271562,Trailing CQR
2024-09-08,29.59,26.384155434199883,29.292396113701635,30.47810964032461,7.0,26.27997159595204,30.582293478572453,Trailing CQR
2024-09-09,30.97,27.934761923034046,30.08495261412167,32.07446834257075,7.0,27.830578084786204,32.178652180818595,Trailing CQR
2024-09-10,28.54,27.234072762690644,29.161221728796576,30.344871265831245,7.0,27.130296849434338,30.44864717908755,Trailing CQR
2024-09-11,30.56,26.653760033800364,28.972518239366536,30.578394914999635,7.0,26.54998412054406,30.68217082825594,Trailing CQR
2024-09-12,28.78,26.42936187291611,28.556616675617665,29.687700019090528,7.0,26.325585959659804,29.791475932346835,Trailing CQR
2024-09-13,31.91,27.48820250758662,29.67303999925658,31.154377899679325,7.0,27.384426594330314,31.258153812935632,Trailing CQR
2024-09-14,29.14,28.08517923029829,29.688142290084052,30.511612365834058,7.0,27.98099539205045,30.6157962040819,Trailing CQR
2024-09-15,29.2,27.16624150956831,29.41858492303911,30.363849537384148,7.0,27.062057671320467,30.46803337563199,Trailing CQR
2024-09-16,30.76,27.996351493217002,29.556102434314123,31.670489827439283,7.0,27.89216765496916,31.774673665687125,Trailing CQR
2024-09-17,27.02,27.395544063105994,28.942305882455013,30.199394359041946,7.0,27.291360224858153,30.303578197289788,Trailing CQR
2024-09-18,29.66,25.80830918681894,27.947186892827624,29.480146067196234,7.0,25.704125348571097,29.584329905444076,Trailing CQR
2024-09-19,28.0,26.315237729736534,27.66665688963458,28.996893438292204,7.0,26.20344832709138,29.108682840937355,Trailing CQR
2024-09-20,29.97,26.930091996179073,29.141695692928497,30.519994129992174,7.0,26.81830259353392,30.63178353263733,Trailing CQR
2024-09-21,26.51,26.903137913096906,28.32897655753575,29.339741956767526,7.0,26.791348510451755,29.451531359412677,Trailing CQR
2024-09-22,23.57,25.29796859012977,27.458751866182276,28.51997244477949,7.0,25.181168040940968,28.636772993968293,Trailing CQR
2024-09-23,26.85,23.177077761398856,25.20933104884762,27.305924634094318,7.0,23.047418204214356,27.435584191278817,Trailing CQR
2024-09-24,26.03,24.217122157746424,25.009695529850713,26.548587134414557,7.0,24.087462600561924,26.678246691599057,Trailing CQR
2024-09-25,27.9,24.98523209861465,26.872239949464028,28.28006737608684,7.0,24.868431549425843,28.396867925275643,Trailing CQR
2024-09-26,26.26,25.29746430637839,26.721804133123197,27.989610867513793,7.0,25.180663757189585,28.1064114167026,Trailing CQR
2024-09-27,28.75,25.96302911512735,27.587801152560278,29.27250114733023,7.0,25.846228565938546,29.389301696519034,Trailing CQR
2024-09-28,26.01,25.96070775382295,27.09857355080589,28.00005213121797,7.0,25.843907204634142,28.116852680406772,Trailing CQR
2024-09-29,26.5,23.950137522388175,26.045929060034492,27.218430787949977,7.0,23.833336973199373,27.33523133713878,Trailing CQR
2024-09-30,28.87,25.496425946836915,26.790961662175985,28.694129157509373,7.0,25.379625397648113,28.810929706698175,Trailing CQR
2024-10-01,25.58,24.532874569965475,25.728328408286533,25.99269690710595,8.0,24.41607402077667,26.109497456294754,Trailing CQR
2024-10-02,26.73,23.917631827711443,25.833761436396195,26.569704738660505,8.0,23.800831278522637,26.686505287849307,Trailing CQR
2024-10-03,24.74,22.623693605854047,24.162225872726456,25.08274811450296,8.0,22.494034048669548,25.21240767168746,Trailing CQR
2024-10-04,25.01,22.942793085198048,25.054008205986506,25.821190961082486,8.0,22.813133528013548,25.950850518266986,Trailing CQR
2024-10-05,23.54,21.745001608601225,23.064254472484986,23.61645994972494,8.0,21.615342051416725,23.74611950690944,Trailing CQR
2024-10-06,23.11,20.878349519499846,22.350614732831065,22.97861694553588,8.0,20.76154897031104,23.095417494724686,Trailing CQR
2024-10-07,24.63,21.89445537814146,23.542356930834984,24.59922114765374,8.0,21.777654828952656,24.716021696842546,Trailing CQR
2024-10-08,22.15,21.520920667143358,22.40382604499862,23.08066259112865,8.0,21.409131264498207,23.1924519937738,Trailing CQR
2024-10-09,23.74,20.90956684001101,22.336035074410642,23.48608897504059,8.0,20.79777743736586,23.597878377685745,Trailing CQR
2024-10-10,22.26,20.58084389342134,21.649842074811065,22.288000437954963,8.0,20.464043344232536,22.404800987143766,Trailing CQR
2024-10-11,22.61,20.765033966952945,22.19331012891023,23.2931484090888,8.0,20.65324456430779,23.40493781173395,Trailing CQR
2024-10-12,20.64,19.980034312423452,20.89560219797323,21.40844352788835,8.0,19.87585047417561,21.51262736613619,Trailing CQR
2024-10-13,20.05,18.41684941275187,20.188246757276275,20.970966156281264,8.0,18.313073499495566,21.07474206953757,Trailing CQR
2024-10-14,21.15,18.16059381663907,20.458882280267513,22.34120794611086,8.0,18.056817903382765,22.444983859367163,Trailing CQR
2024-10-15,19.2,18.27223941154336,19.518122295615186,20.47744753189233,8.0,18.168463498287053,20.581223445148638,Trailing CQR
2024-10-16,18.67,18.313909935290326,19.779128140406865,20.826055673888426,8.0,18.21013402203402,20.929831587144733,Trailing CQR
2024-10-17,18.38,16.80643618717987,17.96729811931396,18.94654285107722,8.0,16.724911721562336,19.028067316694752,Trailing CQR
2024-10-18,17.26,17.40301003181519,18.477921267877313,19.470331270574057,8.0,17.32148556619765,19.55185573619159,Trailing CQR
2024-10-19,16.36,15.959018992211032,16.902984980571844,17.377638503954913,8.0,15.877494526593496,17.459162969572446,Trailing CQR
2024-10-20,16.83,15.447671986734965,16.297242835146662,16.889371831904555,8.0,15.391108826393074,16.945934992246446,Trailing CQR
2024-10-21,17.55,16.495875279248015,17.381355561568437,18.802452243243838,8.0,16.44693076691483,18.851396755577024,Trailing CQR
2024-10-22,16.99,16.093302455898336,16.645922126021343,17.220097108888286,8.0,16.04435794356515,17.269041621221472,Trailing CQR
2024-10-23,16.51,16.30246134585984,16.99110557881332,18.01921895954473,8.0,16.253516833526653,18.068163471877916,Trailing CQR
2024-10-24,16.53,15.173956873692386,16.26345228252938,16.784376577154234,8.0,15.1250123613592,16.83332108948742,Trailing CQR
2024-10-25,16.17,15.701169413014211,16.507012767479075,17.22053321637057,8.0,15.652224900681025,17.269477728703755,Trailing CQR
2024-10-26,15.76,14.665507734022073,15.65729034065708,15.937449479406116,8.0,14.616563221688887,15.986393991739302,Trailing CQR
2024-10-27,15.83,14.544758753529408,15.560617545743566,16.14948308906793,8.0,14.495814241196221,16.198427601401118,Trailing CQR
2024-10-28,17.71,15.381589073191908,16.617298603522258,17.67369656447244,8.0,15.332644560858721,17.722641076805626,Trailing CQR
2024-10-29,17.09,15.512647085440282,16.237879274417004,16.906681204951816,8.0,15.467328663205755,16.951999627186343,Trailing CQR
2024-10-30,15.42,15.458371970161245,16.46206238637402,17.044910216779826,8.0,15.413053547926719,17.090228639014352,Trailing CQR
2024-10-31,8.95,13.160592278332622,14.916831838664788,15.490441986286072,8.0,13.115273856098096,15.535760408520598,Trailing CQR
2024-11-01,13.75,10.171302172684355,11.659298699969305,13.338443796017522,8.0,10.122357660351168,13.387388308350708,Trailing CQR
2024-11-02,13.01,11.945293585459444,12.124248461160374,13.374566079424884,8.0,11.888730425117553,13.431129239766776,Trailing CQR
2024-11-03,14.63,12.313011340707046,13.877970555043897,14.569463031420387,8.0,12.256448180365155,14.626026191762278,Trailing CQR
2024-11-04,12.61,14.754164519821511,15.693487755418143,17.17684319204706,8.0,14.693627551241898,17.23738016062667,Trailing CQR
2024-11-05,14.18,13.481377531115598,14.374243447643309,15.308645955342211,8.0,13.377601617859293,15.412421868598516,Trailing CQR
2024-11-06,14.16,14.326447543788237,14.500473802433433,15.767063542504255,8.0,14.265910575208624,15.827600511083869,Trailing CQR
2024-11-07,13.86,12.081984722461957,13.021302592437342,13.811639024567253,8.0,11.978208809205652,13.915414937823558,Trailing CQR
2024-11-08,13.53,14.122498258924677,14.494225136406238,15.262423905677881,8.0,14.018722345668372,15.366199818934186,Trailing CQR
2024-11-09,12.57,11.358314383753104,12.83614332157425,13.31570807874457,8.0,11.254538470496799,13.419483992000876,Trailing CQR
2024-11-10,12.46,11.321461092313937,13.162532493026632,13.737562010293235,8.0,11.217685179057632,13.84133792354954,Trailing CQR
2024-11-11,12.95,11.901696061760303,13.766480869346772,15.479605128580365,8.0,11.797920148503998,15.58338104183667,Trailing CQR
2024-11-12,13.92,12.381723211353346,13.864127996311112,14.629102757119568,8.0,12.277947298097041,14.732878670375873,Trailing CQR
2024-11-13,14.15,13.779632953526491,14.554693676397445,15.283441469613186,8.0,13.675857040270186,15.38721738286949,Trailing CQR
2024-11-14,13.78,12.96132254507183,13.784749152968637,13.917068132756873,8.0,12.857546631815525,14.020844046013178,Trailing CQR
2024-11-15,13.68,13.438449666137277,14.233889223542015,15.260234129515265,8.0,13.334673752880972,15.36401004277157,Trailing CQR
2024-11-16,13.26,12.540133152620378,13.382842107982807,14.011397493767706,8.0,12.436357239364073,14.115173407024011,Trailing CQR
2024-11-17,13.73,12.471365687983948,13.348686899635752,14.217557351399405,8.0,12.367589774727643,14.32133326465571,Trailing CQR
2024-11-18,13.75,13.290082120567234,14.012462801618613,15.114692501919727,8.0,13.18630620731093,15.218468415176032,Trailing CQR
2024-11-19,13.56,13.068439011833096,13.81954450462194,14.714187938768713,8.0,12.964663098576791,14.817963852025018,Trailing CQR
2024-11-20,14.15,13.323328957031379,14.147299128936407,15.013889766747113,8.0,13.219553043775074,15.117665680003418,Trailing CQR
2024-11-21,14.08,12.91906776629246,13.959669464107348,14.61488406418992,8.0,12.815291853036156,14.718659977446224,Trailing CQR
2024-11-22,14.1,13.449113260624241,14.22105415738882,15.276087054927604,8.0,13.345337347367936,15.37986296818391,Trailing CQR
2024-11-23,13.42,12.806346068701838,13.707079160858473,14.485722825456518,8.0,12.702570155445533,14.589498738712823,Trailing CQR
2024-11-24,13.05,12.778474891968452,13.812294127579959,14.480539581005509,8.0,12.674698978712147,14.584315494261814,Trailing CQR
2024-11-25,12.62,12.948812601849024,13.889047718291788,15.312125583156611,8.0,12.88827563326941,15.372662551736225,Trailing CQR
2024-11-26,12.8,12.20345488233706,13.046629526916988,13.907913050050055,8.0,12.142917913757445,13.96845001862967,Trailing CQR
2024-11-27,11.94,11.808960044268389,12.99466104458611,14.253046819891027,8.0,11.748423075688775,14.313583788470641,Trailing CQR
2024-11-28,10.46,8.847077168952728,11.216664525441924,12.573621335309465,8.0,8.786540200373114,12.634158303889079,Trailing CQR
2024-11-29,10.6,10.805160088603925,11.91392521903131,13.223087612582077,8.0,10.744623120024311,13.28362458116169,Trailing CQR
2024-11-30,11.51,10.35623058652685,10.942527388327656,11.844662750017712,8.0,10.252454673270545,11.948438663274016,Trailing CQR
2024-12-01,12.87,11.533714172425995,11.73116606730012,12.314407608345881,8.0,11.42993825916969,12.418183521602186,Trailing CQR
2024-12-02,13.33,13.112701913607001,13.22496468712384,14.189327307395843,8.0,13.00851807535916,14.293511145643684,Trailing CQR
2024-12-03,14.32,13.111094786844422,13.193180088961824,13.8664778314869,8.0,13.00691094859658,13.970661669734742,Trailing CQR
2024-12-04,14.11,13.741440630535667,13.909673162930975,15.172300076851432,8.0,13.629651227890514,15.284089479496584,Trailing CQR
2024-12-05,12.53,12.418178634502997,13.435752096613198,14.260213581838585,8.0,12.313994796255155,14.364397420086426,Trailing CQR
2024-12-06,13.16,12.046278949813665,12.695422127637077,13.90789741901436,8.0,11.942095111565823,14.012081257262201,Trailing CQR
2024-12-07,13.28,11.968878039260527,12.590079383468847,13.260337923523764,8.0,11.864694201012686,13.364521761771606,Trailing CQR
2024-12-08,13.36,12.647225438770942,13.511122207478167,13.95245189968955,8.0,12.5430416005231,14.056635737937391,Trailing CQR
2024-12-09,13.4,13.321950861062813,14.130654956995414,15.133165017084568,8.0,13.218174947806508,15.236940930340873,Trailing CQR
2024-12-10,13.92,13.12709694762037,13.6183808573572,14.231262741130806,8.0,13.066559979040756,14.29179970971042,Trailing CQR
2024-12-11,13.89,13.910546866607483,14.07036221917814,14.707377027753825,8.0,13.853983706265591,14.763940188095717,Trailing CQR
2024-12-12,13.93,12.649513679594257,13.311442461433568,13.727030609825748,8.0,12.592950519252366,13.78359377016764,Trailing CQR
2024-12-13,13.64,13.319917228295008,13.44773473773054,14.342229549407566,8.0,13.263354067953117,14.398792709749458,Trailing CQR
2024-12-14,13.3,12.661716123762726,13.197819509067994,13.754006970138857,8.0,12.605152963420835,13.810570130480748,Trailing CQR
2024-12-15,12.89,12.729013170916215,13.386573792234634,14.049783477419629,8.0,12.672450010574323,14.10634663776152,Trailing CQR
2024-12-16,13.01,12.861444109507879,13.704761458161041,14.883822920519112,8.0,12.804880949165987,14.940386080861003,Trailing CQR
2024-12-17,13.01,12.506430931659672,13.224347902691388,13.93457391704603,8.0,12.44986777131778,13.991137077387922,Trailing CQR
2024-12-18,12.67,12.769408122975367,13.385323294537315,14.466047296199136,8.0,12.712844962633476,14.522610456541027,Trailing CQR
2024-12-19,13.46,11.814929089903542,12.79211244186754,13.381675732303302,8.0,11.754392121323928,13.442212700882916,Trailing CQR
2024-12-20,13.17,12.7606071907496,13.147654891614554,14.373527541639174,8.0,12.6822829230529,14.451851809335873,Trailing CQR
2024-12-21,13.0,12.311029862016142,13.05527769226769,13.761625004190057,8.0,12.232705594319443,13.839949271886756,Trailing CQR
2024-12-22,12.65,12.243508732546967,13.014223978908941,13.75560684545201,8.0,12.165184464850268,13.83393111314871,Trailing CQR
2024-12-23,19.57,12.596243800171564,13.463081054964412,14.505487448838252,8.0,12.53570683159195,14.566024417417866,Trailing CQR
2024-12-24,10.59,15.367352812228336,16.1060296713928,16.982448176624832,8.0,15.289028544531638,17.06077244432153,Trailing CQR
2024-12-25,9.59,10.243547007867116,13.376809343276632,15.308551318353622,8.0,10.144138884891749,15.40795944132899,Trailing CQR
2024-12-26,10.78,8.373909531488387,9.967142099864706,12.069131062097334,8.0,8.270133618232082,12.172906975353639,Trailing CQR
2024-12-27,11.34,9.630570972544051,10.525877375284553,12.041788491460748,8.0,9.526795059287746,12.145564404717053,Trailing CQR
2024-12-28,11.84,9.913112040407006,11.200851803857875,12.21285343257145,8.0,9.813703917431639,12.312261555546817,Trailing CQR
2024-12-29,12.2,10.881488378744473,12.09192208011967,12.997104218476265,8.0,10.782080255769106,13.096512341451632,Trailing CQR
2024-12-30,11.85,13.536566964626367,14.798298599935876,16.20198151120166,8.0,13.437158841651,16.301389634177028,Trailing CQR
2024-12-31,11.51,10.8574757787349,11.413988237023528,12.296132423432784,8.0,10.753699865478595,12.399908336689089,Trailing CQR
2025-01-01,11.41,10.24650161898076,10.923222269201581,12.536028976293059,9.0,10.142725705724455,12.639804889549364,Trailing CQR
2025-01-02,12.85,10.606759026575327,11.767201541660762,12.502563519747158,9.0,10.50735090359996,12.601971642722525,Trailing CQR
2025-01-03,13.08,12.518973620732531,12.605208107226774,13.874382749638604,9.0,12.419565497757164,13.973790872613971,Trailing CQR
2025-01-04,12.67,12.52057546476735,13.161309150398882,13.874952683329631,9.0,12.442251197070652,13.95327695102633,Trailing CQR
2025-01-05,13.18,12.83116303637966,13.40975296227871,14.019034700626689,9.0,12.770626067800046,14.079571669206302,Trailing CQR
2025-01-06,13.17,13.818593309797809,15.065928077503106,16.320411558023093,9.0,13.758056341218195,16.380948526602708,Trailing CQR
2025-01-07,12.68,12.352731406650594,13.04190328173914,13.882003208049206,9.0,12.274407138953896,13.960327475745904,Trailing CQR
2025-01-08,13.87,12.123042180964102,12.600945838867004,13.6319989176027,9.0,12.044717913267403,13.7103231852994,Trailing CQR
2025-01-09,13.79,12.72583609247964,13.590286329463556,14.460272053634018,9.0,12.626427969504272,14.559680176609385,Trailing CQR
2025-01-10,13.37,12.811228147704893,13.762240539015554,15.015855813334403,9.0,12.732903880008195,15.094180081031102,Trailing CQR
2025-01-11,13.14,12.521451335639483,13.515173681427635,14.159972005137142,9.0,12.443127067942784,14.238296272833841,Trailing CQR
2025-01-12,13.3,12.462813213243258,13.661292384123708,14.504295921983772,9.0,12.38448894554656,14.58262018968047,Trailing CQR
2025-01-13,13.44,12.996213424855071,14.07124642922426,15.239252318571683,9.0,12.917889157158372,15.317576586268382,Trailing CQR
2025-01-14,13.44,12.584133609962036,13.224438380039711,14.03613225427376,9.0,12.505809342265337,14.114456521970459,Trailing CQR
2025-01-15,13.56,12.67241024349056,13.44824319367375,14.678648052016094,9.0,12.594085975793861,14.756972319712792,Trailing CQR
2025-01-16,13.65,12.264365050574233,13.683613709332473,14.543728510112626,9.0,12.203828081994619,14.60426547869224,Trailing CQR
2025-01-17,13.05,12.676137341611145,13.585986235325347,14.980544013125375,9.0,12.615600373031532,15.041080981704988,Trailing CQR
2025-01-18,13.01,11.896923938017242,13.067594333789108,13.892655546547648,9.0,11.836386969437628,13.953192515127261,Trailing CQR
2025-01-19,13.58,11.376998107881516,12.75543635922127,13.854385637021059,9.0,11.316461139301902,13.914922605600673,Trailing CQR
2025-01-20,14.21,11.995275181095746,14.16133894590818,15.766139327210556,9.0,11.934738212516132,15.82667629579017,Trailing CQR
2025-01-21,15.08,12.45741393768697,13.79335286143946,14.653438872856906,9.0,12.396876969107357,14.71397584143652,Trailing CQR
2025-01-22,14.85,14.15643472551406,14.889101079607208,16.086572168274024,9.0,14.078110457817361,16.164896435970725,Trailing CQR
2025-01-23,15.06,12.665301785374247,14.35201785034566,15.533589824705812,9.0,12.604764816794633,15.594126793285426,Trailing CQR
2025-01-24,13.5,13.736442469970115,14.622867083014148,15.510740134137773,9.0,13.679879309628223,15.567303294479665,Trailing CQR
2025-01-25,14.22,12.373170885065807,13.520874387543401,14.661269757922023,9.0,12.316607724723916,14.717832918263914,Trailing CQR
2025-01-26,15.29,13.65727491716665,14.417549782378913,15.418414243018468,9.0,13.608330404833463,15.467358755351654,Trailing CQR
2025-01-27,15.9,13.90760968979486,15.663501143544577,16.958382552578666,9.0,13.859248714362113,17.006743528011413,Trailing CQR
2025-01-28,19.91,14.392140166347026,15.698917672260702,16.54886489352187,9.0,14.34377919091428,16.597225868954617,Trailing CQR
2025-01-29,17.26,16.69096288902693,18.028966356431415,19.04847769609141,9.0,16.642018376693745,19.097422208424597,Trailing CQR
2025-01-30,16.33,14.967168163762775,18.001083278587252,18.51628940370955,9.0,14.918223651429589,18.565233916042736,Trailing CQR
2025-01-31,14.5,14.128692914772943,15.576596666161407,17.370403236935424,9.0,14.079748402439757,17.41934774926861,Trailing CQR
2025-02-01,14.56,13.405808465891234,14.442554632914293,15.29798674415688,9.0,13.356863953558047,15.346931256490066,Trailing CQR
2025-02-02,14.79,13.345720052983216,14.712803645368728,15.599531740941774,9.0,13.29677554065003,15.64847625327496,Trailing CQR
2025-02-03,14.48,13.804235436918416,15.33656048664319,16.77314567728649,9.0,13.75529092458523,16.822090189619676,Trailing CQR
2025-02-04,14.51,14.108079813772243,15.484167242170352,16.629000555567615,9.0,14.059718838339496,16.67736153100036,Trailing CQR
2025-02-05,14.5,14.448588216731242,15.140127076825657,15.759788464297156,9.0,14.400227241298495,15.808149439729902,Trailing CQR
2025-02-06,14.38,13.904308832745844,14.676321944545304,15.64270130617738,9.0,13.855947857313097,15.691062281610126,Trailing CQR
2025-02-07,14.16,13.923188699841749,13.88882987415072,14.872071392585028,9.0,13.874827724409002,14.920432368017774,Trailing CQR
2025-02-08,13.64,13.60066759913434,13.710283407556982,14.410098616112197,9.0,13.555349176899814,14.455417038346724,Trailing CQR
2025-02-09,14.18,13.579758515395142,13.771244942635683,14.478859371281121,9.0,13.534440093160615,14.524177793515648,Trailing CQR
2025-02-10,14.35,14.137811848358666,14.194187912096922,15.377854194826845,9.0,14.09249342612414,15.423172617061372,Trailing CQR
2025-02-11,13.98,14.540468700913191,15.1469491493477,15.976559440364854,9.0,14.495150278678665,16.021877862599382,Trailing CQR
2025-02-12,14.03,14.018236576950919,14.159548258914047,14.895034814875935,9.0,13.969875601518172,14.943395790308681,Trailing CQR
2025-02-13,14.35,13.417466654311584,14.065546294379686,14.678752992879268,9.0,13.369105678878837,14.727113968312015,Trailing CQR
2025-02-14,14.04,14.055433875335096,14.037024229011342,15.179958102719713,9.0,14.007072899902349,15.22831907815246,Trailing CQR
2025-02-15,14.4,12.89463252746048,13.439271668833907,14.344668916524128,9.0,12.849314105225954,14.389987338758655,Trailing CQR
2025-02-16,14.08,12.957968269644692,13.787939165575391,14.53745565698581,9.0,12.909607294211945,14.585816632418556,Trailing CQR
2025-02-17,13.75,13.052507729853911,14.624371437858386,16.03181795260015,9.0,13.004146754421164,16.080178928032897,Trailing CQR
2025-02-18,14.21,12.795943436451331,14.02543245852026,14.614975732306517,9.0,12.747582461018585,14.663336707739264,Trailing CQR
2025-02-19,14.6,14.133718819462118,14.459155136606803,14.919279024154001,9.0,14.085357844029371,14.967639999586748,Trailing CQR
2025-02-20,14.74,13.34355011415132,14.229256556063328,14.721854261809312,9.0,13.298231691916794,14.767172684043839,Trailing CQR
2025-02-21,14.76,14.24312470460283,14.540147611308974,15.630449177736445,9.0,14.197806282368303,15.675767599970971,Trailing CQR
2025-02-22,14.54,13.87126764935965,14.36140540004105,14.960647808883511,9.0,13.825949227125124,15.005966231118038,Trailing CQR
2025-02-23,15.16,13.860440842149263,14.63134915766446,15.176772335389213,9.0,13.815122419914736,15.22209075762374,Trailing CQR
2025-02-24,15.88,14.495273793193563,15.494059146455985,16.526668015014156,9.0,14.449955370959037,16.571986437248682,Trailing CQR
2025-02-25,14.68,14.537472678026116,15.585781837471455,16.120237061449394,9.0,14.49215425579159,16.16555548368392,Trailing CQR
2025-02-26,14.7,14.56641906423394,15.333052482900403,16.161778994956762,9.0,14.521100641999414,16.20709741719129,Trailing CQR
2025-02-27,14.71,13.674614400669316,14.790404343536977,15.093298608148803,9.0,13.62929597843479,15.13861703038333,Trailing CQR
2025-02-28,13.88,14.252952944267177,14.665592097585778,15.501590402379753,9.0,14.214580974105932,15.539962372540998,Trailing CQR
2025-03-01,13.76,12.630458425423605,13.715975063999629,14.533267203472946,9.0,12.585140003189078,14.578585625707472,Trailing CQR
2025-03-02,14.05,13.0534995778447,13.749560769298107,14.463261997146185,9.0,13.008181155610174,14.508580419380712,Trailing CQR
2025-03-03,13.9,13.80844286022312,14.6754874070492,15.778384799929514,9.0,13.763124437988594,15.82370322216404,Trailing CQR
2025-03-04,14.08,12.985636820626718,13.52774880405093,14.341236724085807,9.0,12.940318398392192,14.386555146320333,Trailing CQR
2025-03-05,13.98,13.505467637937457,14.031609440853334,14.742408206775476,9.0,13.46014921570293,14.787726629010002,Trailing CQR
2025-03-06,13.72,12.973447490492493,13.80506766434517,14.431575888063263,9.0,12.928129068257967,14.476894310297789,Trailing CQR
2025-03-07,13.41,12.710765475246241,13.115658487049568,14.051347595253056,9.0,12.665447053011714,14.096666017487582,Trailing CQR
2025-03-08,13.52,12.580624387327601,12.948174114984475,13.480497624011292,9.0,12.535305965093075,13.525816046245819,Trailing CQR
2025-03-09,13.81,13.36045841775918,13.663789037903467,14.484458317836166,9.0,13.315139995524653,14.529776740070693,Trailing CQR
2025-03-10,14.11,13.642374489734912,14.383686957838146,15.701978357114776,9.0,13.597056067500386,15.747296779349302,Trailing CQR
2025-03-11,13.93,13.194176349081516,13.886614907704061,14.600634339039447,9.0,13.154673973092809,14.640136715028154,Trailing CQR
2025-03-12,14.48,13.356971609307854,13.939624321384638,14.849672929267218,9.0,13.317469233319146,14.889175305255925,Trailing CQR
2025-03-13,13.53,13.130594510897264,14.17598436630223,14.774780637260765,9.0,13.092222540736019,14.81315260742201,Trailing CQR
2025-03-14,13.67,13.05387569297054,13.765452931935279,14.749785906140971,9.0,13.015503722809294,14.788157876302217,Trailing CQR
2025-03-15,13.29,12.158795279955129,12.901341224272254,13.475625899762305,9.0,12.120423309793884,13.51399786992355,Trailing CQR
2025-03-16,13.17,13.042826196032081,13.567679454553755,14.138532311194654,9.0,13.004454225870836,14.176904281355899,Trailing CQR
2025-03-17,16.09,13.148293404169596,13.833036189174571,15.091632745374083,9.0,13.109921434008351,15.130004715535328,Trailing CQR
2025-03-18,12.7,14.174834258297459,14.634011249835634,15.482123842340126,9.0,14.135331882308751,15.521626218328834,Trailing CQR
2025-03-19,12.51,12.883404775873519,14.173922316074762,15.173475017909238,9.0,12.838086353638992,15.218793440143765,Trailing CQR
2025-03-20,13.19,11.540347989905321,12.471452781010635,13.213939558261007,9.0,11.491987014472574,13.262300533693754,Trailing CQR
2025-03-21,13.45,12.701474901184469,13.148545796095357,14.217043021983644,9.0,12.653113925751722,14.26540399741639,Trailing CQR
2025-03-22,13.18,12.210167799867419,13.29756250777551,13.951153248691073,9.0,12.161806824434672,13.99951422412382,Trailing CQR
2025-03-23,14.0,12.527882416458166,13.414125518259791,14.25334627423002,9.0,12.479521441025419,14.301707249662767,Trailing CQR
2025-03-24,16.16,14.20058876155747,15.16810855754806,16.43162884412162,9.0,14.152227786124723,16.479989819554365,Trailing CQR
2025-03-25,14.73,14.296952787300146,14.825565347700566,15.783572270432115,9.0,14.2485918118674,15.831933245864862,Trailing CQR
2025-03-26,16.4,13.97008058468124,15.192618672597716,16.24228267399878,9.0,13.921719609248493,16.290643649431527,Trailing CQR
2025-03-27,15.44,14.271852461249809,15.347080943185754,16.226136837360276,9.0,14.222907948916623,16.275081349693462,Trailing CQR
2025-03-28,14.67,14.350083491299806,15.606202989204352,16.757935233123195,9.0,14.30113897896662,16.80687974545638,Trailing CQR
2025-03-29,13.6,13.260055272712108,14.49129464702122,15.38321475210734,9.0,13.211110760378922,15.432159264440527,Trailing CQR
2025-03-30,13.56,10.164147904300089,12.65211822907962,13.385404026424807,9.0,10.115786928867342,13.433765001857553,Trailing CQR
2025-03-31,14.33,12.69913720752395,14.878450960623539,15.56076603333257,9.0,12.650776232091204,15.609127008765316,Trailing CQR
