date,y_true,q10,q50,q90,evaluation_fold,lower,upper,alpha_t,method
2023-01-01,12.68,13.127110447887755,13.998906871626577,14.728589266326765,1.0,12.445074816490507,15.410624897724013,0.14000000000000007,Two-sided ACI
2023-01-02,13.33,12.048543232735703,13.711981051776906,15.580247585901054,1.0,11.366507601338455,16.262283217298304,0.14400000000000007,Two-sided ACI
2023-01-03,14.08,12.399835312053211,13.146411277216377,13.462750476295161,1.0,11.727617174328111,14.134968614020261,0.14800000000000008,Two-sided ACI
2023-01-04,13.92,14.32474423670923,14.351544803985579,15.089904152081264,1.0,13.707494713004392,15.707153675786103,0.15200000000000008,Two-sided ACI
2023-01-05,15.98,13.923584549447654,14.080632393046486,14.874583566509333,1.0,13.347704934092224,15.450463181864762,0.15600000000000008,Two-sided ACI
2023-01-06,14.44,14.949403633652384,15.325748643008904,16.30128249577338,1.0,14.267368002255136,16.983318127170627,0.14000000000000007,Two-sided ACI
2023-01-07,14.65,14.599951326435058,15.310432376244346,16.01581555617938,1.0,13.91791569503781,16.697851187576628,0.14400000000000007,Two-sided ACI
2023-01-08,14.33,13.92194877372664,14.240481188551787,14.915768119234992,1.0,13.24973063600154,15.587986256960091,0.14800000000000008,Two-sided ACI
2023-01-09,14.04,14.567442428842504,14.831652534283952,16.194550743201063,1.0,13.950192905137666,16.8118002669059,0.15200000000000008,Two-sided ACI
2023-01-10,14.32,13.342536804258662,14.086375254717955,15.196928095370737,1.0,12.725287280553824,15.814177619075576,0.15600000000000008,Two-sided ACI
2023-01-11,13.96,13.619091760635698,14.260902610817677,15.330443134540952,1.0,13.043212145280268,15.90632274989638,0.1600000000000001,Two-sided ACI
2023-01-12,14.13,13.219510846711195,14.2891605792715,14.644446914026291,1.0,12.662821917764203,15.201135842973283,0.1640000000000001,Two-sided ACI
2023-01-13,14.35,14.564573961630124,14.40370986477973,14.985274870176221,1.0,14.05517032797774,15.494678503828606,0.1680000000000001,Two-sided ACI
2023-01-14,14.23,14.106571737851954,14.645260666066605,14.896831380945414,1.0,13.59716810419957,15.406235014597799,0.1720000000000001,Two-sided ACI
2023-01-15,13.8,13.44558170769719,14.426289763929885,14.50227506364078,1.0,12.941381556283414,15.006475215054557,0.1760000000000001,Two-sided ACI
2023-01-16,14.35,12.570122943135832,14.142530282636836,15.778563308069604,1.0,12.123012495248076,16.22567375595736,0.1800000000000001,Two-sided ACI
2023-01-17,14.69,13.159095307883302,14.161144231654813,14.266592231117881,1.0,12.711984859995546,14.713702679005637,0.1840000000000001,Two-sided ACI
2023-01-18,14.29,14.201239141778835,14.4588501306247,14.940521612954743,1.0,13.760760967766252,15.380999786967326,0.1880000000000001,Two-sided ACI
2023-01-19,14.66,13.380069786292378,14.184455892442138,14.543583408220606,1.0,12.940689850072754,14.982963344440229,0.19200000000000012,Two-sided ACI
2023-01-20,14.07,14.679054394495001,15.121271212906525,15.640714822506178,1.0,14.255646625612883,16.064122591388298,0.19600000000000012,Two-sided ACI
2023-01-21,14.11,13.295604334113635,14.235662205810586,14.562328992734212,1.0,12.84849388622588,15.009439440621968,0.1800000000000001,Two-sided ACI
2023-01-22,14.43,13.194874950196727,14.069827175508971,14.490989036952362,1.0,12.747764502308971,14.938099484840118,0.1840000000000001,Two-sided ACI
2023-01-23,14.31,14.015744995496501,14.78647152064832,15.700440913971644,1.0,13.575266821483918,16.140919087984226,0.1880000000000001,Two-sided ACI
2023-01-24,14.57,13.380950255250866,14.121596513011182,14.460146860349592,1.0,12.941570319031243,14.899526796569216,0.19200000000000012,Two-sided ACI
2023-01-25,14.16,14.371972997585498,14.635066574933965,15.254161564414911,1.0,13.951965680913561,15.674168881086848,0.19600000000000012,Two-sided ACI
2023-01-26,14.35,12.947452120658262,14.338594365958535,14.723080206112401,1.0,12.527444803986326,15.143087522784338,0.20000000000000012,Two-sided ACI
2023-01-27,14.46,13.353059450723425,14.270465980198521,14.939801612376119,1.0,13.031859678006745,15.261001385092799,0.20400000000000013,Two-sided ACI
2023-01-28,14.24,13.354557366127949,14.490853874364456,14.500815561229286,1.0,13.03380874029294,14.821564187064295,0.20800000000000013,Two-sided ACI
2023-01-29,14.65,13.331545926752986,14.16899723716754,14.118385498618057,1.0,13.010797300917977,14.439134124453066,0.21200000000000013,Two-sided ACI
2023-01-30,14.61,14.34804621993106,15.040016405243366,15.841712394216973,1.0,13.928038903259123,16.26171971088891,0.19600000000000012,Two-sided ACI
2023-01-31,14.84,13.47577064732764,14.455133455252813,14.593634275721689,1.0,13.055763330655703,15.013641592393626,0.20000000000000012,Two-sided ACI
2023-02-01,14.91,14.271796865247593,14.928295757843404,16.022026082448402,1.0,13.867052628538362,16.426770319157633,0.20400000000000013,Two-sided ACI
2023-02-02,14.48,13.68616040904206,14.810713963753024,15.587368283464295,1.0,13.36496063632538,15.908568056180975,0.20800000000000013,Two-sided ACI
2023-02-03,14.31,14.010238011088866,14.829680935511552,15.689567948613965,1.0,13.689038238372186,16.010767721330645,0.21200000000000013,Two-sided ACI
2023-02-04,14.07,13.462887887875686,14.355573007826639,15.284264957492807,1.0,13.162145499811091,15.585007345557402,0.21600000000000014,Two-sided ACI
2023-02-05,14.47,13.400185913961254,14.395634974665269,15.212445260582097,1.0,13.118102923617323,15.494528250926027,0.22000000000000014,Two-sided ACI
2023-02-06,14.16,14.186578129412172,14.846687405557775,16.072978388271885,1.0,13.940212405133861,16.319344112550198,0.22400000000000014,Two-sided ACI
2023-02-07,14.21,13.529107056899413,14.351908201992977,15.003187827273214,1.0,13.282741332621102,15.249553551551525,0.22800000000000015,Two-sided ACI
2023-02-08,14.16,14.059166490220232,14.349592440786003,15.237816909247503,1.0,13.84056733828543,15.456416061182304,0.23200000000000015,Two-sided ACI
2023-02-09,14.42,13.308599566850187,14.055830833167374,14.75514905597204,1.0,13.09662656926469,14.967122053557539,0.23600000000000015,Two-sided ACI
2023-02-10,14.18,13.977747615519188,14.363992104685257,14.999449054026915,1.0,13.772210024624583,15.20498664492152,0.24000000000000016,Two-sided ACI
2023-02-11,13.98,14.046465060241223,14.18820779161678,14.499643170688415,1.0,13.896485784560193,14.649622446369445,0.24400000000000016,Two-sided ACI
2023-02-12,13.96,13.865876237257487,14.27333418001292,14.896346264344405,1.0,13.732093782886128,15.030128718715764,0.24800000000000016,Two-sided ACI
2023-02-13,14.03,13.989089609103294,14.536339212699723,15.450426981216083,1.0,13.875445788889284,15.564070801430093,0.25200000000000017,Two-sided ACI
2023-02-14,13.83,13.849735952294452,13.982353123413144,14.479295932273912,1.0,13.736092132080442,14.592939752487922,0.25600000000000017,Two-sided ACI
2023-02-15,13.83,13.507456828763802,13.991753824037547,14.771979210441675,1.0,13.397603689113394,14.881832350092083,0.2600000000000002,Two-sided ACI
2023-02-16,14.23,13.349691954174688,13.823414983439594,13.795556190954612,1.0,13.261982629014444,13.883265516114855,0.2640000000000002,Two-sided ACI
2023-02-17,14.14,14.285224636091325,14.212178158845997,15.00803500042744,1.0,14.151442181719966,15.1418174547988,0.24800000000000016,Two-sided ACI
2023-02-18,13.94,13.559824421221045,13.904126820210603,14.642089314408164,1.0,13.354286830326439,14.84762690530277,0.23200000000000015,Two-sided ACI
2023-02-19,13.81,12.979603198639303,14.159301730872368,14.174054755652069,1.0,12.829623922958273,14.324034031333099,0.23600000000000015,Two-sided ACI
2023-02-20,13.77,12.703644970908456,14.065098434051936,15.868822193158753,1.0,12.553665695227426,16.018801468839783,0.24000000000000016,Two-sided ACI
2023-02-21,14.11,12.644666724120938,13.76292843463963,13.885550271382588,1.0,12.51088426974958,14.019332725753946,0.24400000000000016,Two-sided ACI
2023-02-22,13.97,13.893431562405304,14.088006431502665,14.937402445537163,1.0,13.723043816422683,15.107790191519785,0.22800000000000015,Two-sided ACI
2023-02-23,13.98,13.410353360360851,13.900180936883075,14.229602743443522,1.0,13.260374084679821,14.379582019124552,0.23200000000000015,Two-sided ACI
2023-02-24,14.31,14.058355479637715,14.523696552265733,15.0640710260375,1.0,13.91313084354639,15.209295662128824,0.23600000000000015,Two-sided ACI
2023-02-25,13.6,13.440036811267671,14.008675578940654,14.731764019599158,1.0,13.294812175176347,14.876988655690482,0.24000000000000016,Two-sided ACI
2023-02-26,13.61,13.207858825637633,13.912235797548266,14.513109377854583,1.0,13.091442233858238,14.629525969633978,0.24400000000000016,Two-sided ACI
2023-02-27,14.3,13.608727084507615,14.019375869558676,15.034098538402162,1.0,13.495083264293605,15.147742358616172,0.24800000000000016,Two-sided ACI
2023-02-28,14.3,13.767474821454304,13.94934719036582,14.310284904381245,1.0,13.657621681803896,14.420138044031653,0.25200000000000017,Two-sided ACI
2023-03-01,14.2,13.28361764787659,14.05743670703741,15.279600007736489,1.0,13.173764508226181,15.389453147386897,0.25600000000000017,Two-sided ACI
2023-03-02,14.03,12.349251361909172,13.900603516251454,14.561587952264231,1.0,12.261542036748928,14.649297277424475,0.2600000000000002,Two-sided ACI
2023-03-03,14.04,13.220714937200865,14.08154631028313,15.496396957261995,1.0,13.14941147153729,15.56770042292557,0.2640000000000002,Two-sided ACI
2023-03-04,13.38,12.394053172348109,13.585190223869635,14.477132536977331,1.0,12.322749706684533,14.548436002640907,0.2680000000000002,Two-sided ACI
2023-03-05,13.39,12.703701649798216,13.634952957360943,14.171324810154223,1.0,12.655038031890138,14.219988428062301,0.2720000000000002,Two-sided ACI
2023-03-06,14.23,13.0429599946291,13.83764985527737,15.34650539786877,1.0,13.016289725694007,15.373175666803863,0.2760000000000002,Two-sided ACI
2023-03-07,14.13,12.983432009820245,13.87975364010794,14.383465017997505,1.0,12.956853880408072,14.410043147409677,0.2800000000000002,Two-sided ACI
2023-03-08,14.14,13.087376008276287,13.96681837156636,14.8347409089901,1.0,13.060797878864115,14.861319038402272,0.2840000000000002,Two-sided ACI
2023-03-09,14.43,13.119550024986157,14.032045229661673,14.767367124202053,1.0,13.099814072691705,14.787103076496505,0.2880000000000002,Two-sided ACI
2023-03-10,13.79,13.695190636259495,14.370841167743848,15.40403981689158,1.0,13.70547554064074,15.393754912510335,0.2920000000000002,Two-sided ACI
2023-03-11,14.43,12.644625159166399,13.816705016695412,14.361685544321695,1.0,12.654910063547643,14.35140063994045,0.2960000000000002,Two-sided ACI
2023-03-12,11.46,13.168756454963255,13.97445624777154,14.69549146632166,1.0,13.142178325551082,14.722069595733831,0.2800000000000002,Two-sided ACI
2023-03-13,13.31,12.168321726971353,13.51406967008542,14.953966495723982,1.0,12.100007271293048,15.022280951402287,0.2640000000000002,Two-sided ACI
2023-03-14,13.06,11.941535994414217,12.759475360054303,14.144554609099853,1.0,11.873221538735912,14.212869064778157,0.2680000000000002,Two-sided ACI
2023-03-15,13.3,12.295892448306022,13.608023981247836,14.698911498634722,1.0,12.247228830397944,14.7475751165428,0.2720000000000002,Two-sided ACI
2023-03-16,12.77,12.141218750092825,13.39023495629467,14.425336029928706,1.0,12.114548481157732,14.4520062988638,0.2760000000000002,Two-sided ACI
2023-03-17,13.06,12.58414154038822,13.466042347551495,14.282560807833173,1.0,12.557563410976048,14.309138937245345,0.2800000000000002,Two-sided ACI
2023-03-18,12.98,12.843700783127062,13.419191775973982,13.946049137162687,1.0,12.82396483083261,13.965785089457139,0.2840000000000002,Two-sided ACI
2023-03-19,13.89,11.964960355153334,12.843677334812927,13.666184425996512,1.0,11.975245259534578,13.655899521615268,0.2880000000000002,Two-sided ACI
2023-03-20,13.96,13.471338502232978,14.298512230253749,15.710310369870795,1.0,13.444760372820806,15.736888499282967,0.2720000000000002,Two-sided ACI
2023-03-21,13.67,12.821403802701987,13.831234303351385,14.63817351323818,1.0,12.806666345018431,14.652910970921734,0.2760000000000002,Two-sided ACI
2023-03-22,13.8,13.281364797318918,13.94506273255023,14.92901317288868,1.0,13.322275188215624,14.888102781991975,0.2800000000000002,Two-sided ACI
2023-03-23,13.94,12.405826862837323,13.270902063951834,13.735431787392459,1.0,12.446737253734028,13.694521396495754,0.2840000000000002,Two-sided ACI
2023-03-24,13.54,13.68086718077581,14.346379187630676,15.299842966473825,1.0,13.654289051363637,15.326421095885998,0.2680000000000002,Two-sided ACI
2023-03-25,13.23,12.876299328576447,13.875302868426843,14.604426354902994,1.0,12.809834268335225,14.670891415144217,0.25200000000000017,Two-sided ACI
2023-03-26,13.65,12.824881602682535,12.847876338857034,13.366595519668797,1.0,12.758416542441312,13.43306057991002,0.25600000000000017,Two-sided ACI
2023-03-27,13.27,14.198355717837014,14.753878907283019,15.939301372769027,1.0,14.114041981860511,16.02361510874553,0.24000000000000016,Two-sided ACI
2023-03-28,13.46,13.197908385378195,13.150586134426314,13.667125668265903,1.0,13.084264565164185,13.780769488479914,0.22400000000000014,Two-sided ACI
2023-03-29,13.5,13.727777932809442,14.124067525682918,15.31557788804003,1.0,13.614134112595432,15.42922170825404,0.22800000000000015,Two-sided ACI
2023-03-30,13.93,12.599113009532928,13.658877019148246,14.371874428499849,1.0,12.458245828757118,14.51274160927566,0.21200000000000013,Two-sided ACI
2023-03-31,13.82,13.529534732307528,14.096091736156275,15.273685187486475,1.0,13.39575227793617,15.407467641857833,0.21600000000000014,Two-sided ACI
2023-04-01,13.93,12.771983877793913,13.751178897334674,14.193980445443028,2.0,12.655567286014518,14.310397037222423,0.22000000000000014,Two-sided ACI
2023-04-02,14.48,13.077614781325224,14.184178447984971,14.967901898318157,2.0,12.963970961111213,15.081545718532167,0.22400000000000014,Two-sided ACI
2023-04-03,14.37,13.386488329027102,14.692119389278483,15.77487839715841,2.0,13.272844508813092,15.88852221737242,0.22800000000000015,Two-sided ACI
2023-04-04,14.58,13.241129914199602,14.341717850653815,15.03736301086329,2.0,13.131276774549194,15.147216150513698,0.23200000000000015,Two-sided ACI
2023-04-05,14.67,13.44069347544988,14.296927377722508,14.9352098441615,2.0,13.352984150289636,15.022919169321744,0.23600000000000015,Two-sided ACI
2023-04-06,14.83,13.6846533424401,14.764097517425547,15.426852179998718,2.0,13.596944017279856,15.514561505158962,0.24000000000000016,Two-sided ACI
2023-04-07,14.77,13.87872882473603,14.851647317895544,15.747487554535176,2.0,13.794415088759527,15.83180129051168,0.24400000000000016,Two-sided ACI
2023-04-08,13.9,13.672787423376995,14.649935753983655,15.438615250325839,2.0,13.606322363135773,15.505080310567061,0.24800000000000016,Two-sided ACI
2023-04-09,14.8,13.388589613318095,14.396020746937076,15.28873983562432,2.0,13.339925995410017,15.337403453532398,0.25200000000000017,Two-sided ACI
2023-04-10,15.1,14.123944016743849,14.99880900964908,16.20072650158758,2.0,14.07528039883577,16.249390119495658,0.25600000000000017,Two-sided ACI
2023-04-11,15.61,13.933566279449735,15.038631424971708,15.945029288497118,2.0,13.906896010514641,15.971699557432212,0.2600000000000002,Two-sided ACI
2023-04-12,15.56,14.377818619230927,15.506448090184726,16.488108730834227,2.0,14.351240489818755,16.5146868602464,0.2640000000000002,Two-sided ACI
2023-04-13,15.33,14.093101529467257,15.518131086997677,16.455725322246035,2.0,14.066523400055084,16.482303451658208,0.2680000000000002,Two-sided ACI
2023-04-14,14.49,14.366882845529686,15.343188760856377,16.455665613210876,2.0,14.347146893235234,16.47540156550533,0.2720000000000002,Two-sided ACI
2023-04-15,13.42,13.004232678127638,14.134924503917446,15.01500632062257,2.0,12.989495220444082,15.029743778306125,0.2760000000000002,Two-sided ACI
2023-04-16,15.84,13.052929924833837,14.054935300946795,15.096528376597654,2.0,13.063214829215081,15.08624347221641,0.2800000000000002,Two-sided ACI
2023-04-17,15.86,14.929051298972613,15.604203629577505,17.214869357485803,2.0,14.90238103003752,17.241539626420895,0.2640000000000002,Two-sided ACI
2023-04-18,15.43,14.886816995037002,15.865652375480675,17.080180261551256,2.0,14.860146726101908,17.106850530486348,0.2680000000000002,Two-sided ACI
2023-04-19,15.64,14.969346083389151,15.770377941631523,17.12637316643962,2.0,14.942767953976979,17.152951295851793,0.2720000000000002,Two-sided ACI
2023-04-20,14.6,14.76209960282155,15.791439795849154,16.76423148097702,2.0,14.742363650527098,16.78396743327147,0.2760000000000002,Two-sided ACI
2023-04-21,14.59,14.289508453498879,15.186445386577688,16.77391088635621,2.0,14.223043393257656,16.840375946597433,0.2600000000000002,Two-sided ACI
2023-04-22,13.14,13.377162025592456,14.290202874892124,15.719162967597828,2.0,13.328498407684378,15.767826585505906,0.2640000000000002,Two-sided ACI
2023-04-23,14.1,13.415894290673162,14.33743979044533,15.609563563815806,2.0,13.328184965512918,15.69727288897605,0.24800000000000016,Two-sided ACI
2023-04-24,15.83,14.31153584881525,14.870675343724304,16.896412912657564,2.0,14.227222112838747,16.980726648634068,0.25200000000000017,Two-sided ACI
2023-04-25,14.77,14.776782136000886,15.53653229155369,16.778855981919435,2.0,14.692468400024383,16.863169717895936,0.25600000000000017,Two-sided ACI
2023-04-26,15.0,14.51269620882518,15.583537110126208,16.643276381745117,2.0,14.444381753146875,16.711590837423422,0.2600000000000002,Two-sided ACI
2023-04-27,15.34,13.494895041071754,14.718860389947661,15.769315022776311,2.0,13.428429980830531,15.835780083017534,0.2640000000000002,Two-sided ACI
2023-04-28,15.02,14.8116134626821,15.600169876353931,16.666325779743467,2.0,14.762949844774022,16.714989397651543,0.2680000000000002,Two-sided ACI
2023-04-29,15.27,14.067386203209441,14.92878824593005,16.086715238436664,2.0,14.040715934274347,16.11338550737176,0.2720000000000002,Two-sided ACI
2023-04-30,15.99,14.893073429149593,15.803846538830873,17.16349559415839,2.0,14.873337476855141,17.183231546452845,0.2760000000000002,Two-sided ACI
2023-05-01,17.56,15.524903288044966,17.012069690909215,18.879862729163854,2.0,15.51812115204408,18.88664486516474,0.2800000000000002,Two-sided ACI
2023-05-02,17.92,15.693970657881373,17.29778276437858,19.12101443711084,2.0,15.687188521880486,19.127796573111727,0.2840000000000002,Two-sided ACI
2023-05-03,19.97,16.461078885274674,18.30321192514319,20.268511611620696,2.0,16.471363789655918,20.25822670723945,0.2880000000000002,Two-sided ACI
2023-05-04,18.69,17.072527779832313,19.097730865686827,21.30775246884491,2.0,17.11343817072902,21.266842077948205,0.2920000000000002,Two-sided ACI
2023-05-05,20.01,16.89755734912827,19.156725816698433,21.437385645096423,2.0,16.947606022693215,21.387336971531482,0.2960000000000002,Two-sided ACI
2023-05-06,20.04,16.832163844879922,18.603841738384858,20.534167296040692,2.0,16.908732282474617,20.457598858445998,0.3000000000000002,Two-sided ACI
2023-05-07,20.19,17.971192303431963,20.077376869419922,21.925012620548184,2.0,18.05751540332181,21.838689520658335,0.3040000000000002,Two-sided ACI
2023-05-08,23.44,18.564714658420904,20.80911231324911,23.145359709078857,2.0,18.653475516642068,23.056598850857693,0.3080000000000002,Two-sided ACI
2023-05-09,22.47,19.769505204513123,21.930530664530185,23.89280969824852,2.0,19.830494241465487,23.831820661296156,0.2920000000000002,Two-sided ACI
2023-05-10,19.44,20.755496811772275,23.155081615670348,25.102473700604477,2.0,20.81648584872464,25.041484663652113,0.2960000000000002,Two-sided ACI
2023-05-11,17.17,17.049323901420365,19.879745286541574,22.180281842214384,2.0,17.05960880580161,22.16999693783314,0.2800000000000002,Two-sided ACI
2023-05-12,17.35,14.14019794297478,17.02255205474544,19.696761650965097,2.0,14.181108333871485,19.655851260068392,0.2840000000000002,Two-sided ACI
2023-05-13,16.66,13.600211654824147,16.40803041018187,18.378358829390084,2.0,13.65026032838909,18.328310155825143,0.2880000000000002,Two-sided ACI
2023-05-14,15.52,16.085143566908123,18.385622021001513,20.388764469173214,2.0,16.146132603860487,20.327775432220854,0.2920000000000002,Two-sided ACI
2023-05-15,17.38,14.002608840702361,17.052300553071497,20.08315434287631,2.0,13.995826704701475,20.089936478877195,0.2760000000000002,Two-sided ACI
2023-05-16,17.34,17.04770772659502,18.48962952399334,20.425269642800195,2.0,17.057992630976266,20.41498473841895,0.2800000000000002,Two-sided ACI
2023-05-17,18.93,17.55469890085819,19.027263767575953,21.263840089295613,2.0,17.564983805239436,21.25355518491437,0.2840000000000002,Two-sided ACI
2023-05-18,17.89,17.283437742846186,18.994457664424832,21.07113978132274,2.0,17.32434813374289,21.030229390426033,0.2880000000000002,Two-sided ACI
2023-05-19,17.6,16.70347586873553,18.734249072588007,20.959453649618748,2.0,16.753524542300475,20.909404976053807,0.2920000000000002,Two-sided ACI
2023-05-20,16.54,16.125191947431023,17.84599267597579,19.616168702850178,2.0,16.186180984383384,19.555179665897818,0.2960000000000002,Two-sided ACI
2023-05-21,18.04,15.973616707854625,17.664063852412813,20.027456923753398,2.0,16.05018514544932,19.950888486158703,0.3000000000000002,Two-sided ACI
2023-05-22,21.29,17.46555643790621,19.464865170436617,22.300806830256594,2.0,17.551879537796054,22.214483730366744,0.3040000000000002,Two-sided ACI
2023-05-23,21.68,18.257737920373877,20.632442992520957,22.91238450967733,2.0,18.34649877859504,22.823623651456167,0.3080000000000002,Two-sided ACI
2023-05-24,21.97,19.874841988487923,22.224240162548224,24.53801582702723,2.0,19.963602846709087,24.449254968806066,0.3120000000000002,Two-sided ACI
2023-05-25,21.86,19.166716627822595,21.56458485250618,24.265237946272762,2.0,19.260840390565107,24.17111418353025,0.3160000000000002,Two-sided ACI
2023-05-26,22.37,19.745079195431845,21.94741308469647,24.853889778482596,2.0,19.83988855917235,24.759080414742094,0.32000000000000023,Two-sided ACI
2023-05-27,20.84,18.943458518272195,21.244935150593964,23.92823717510412,2.0,19.038267882012697,23.833427811363613,0.32400000000000023,Two-sided ACI
2023-05-28,19.02,17.93658917328616,20.527324708469635,22.68960556940727,2.0,18.037422683065927,22.5887720596275,0.32800000000000024,Two-sided ACI
2023-05-29,21.61,17.749774262159686,20.57879034297168,24.165970705992596,2.0,17.87289141663,24.04285355152228,0.33200000000000024,Two-sided ACI
2023-05-30,23.17,19.027595416481198,21.51105497429186,23.63038366670157,2.0,19.151023678629244,23.506955404553523,0.33600000000000024,Two-sided ACI
2023-05-31,24.35,21.463360187716784,23.62661825322351,25.737408097085773,2.0,21.599659404589723,25.601108880212834,0.34000000000000025,Two-sided ACI
2023-06-01,22.03,24.131253387803433,25.954931419302433,26.24898257789073,2.0,24.29121657653576,26.089019389158402,0.34400000000000025,Two-sided ACI
2023-06-02,19.68,22.354770251230313,24.496974287888648,25.014633783192366,2.0,22.47544634980995,24.89395768461273,0.32800000000000024,Two-sided ACI
2023-06-03,17.95,20.86685987197073,22.204390149857982,23.066220511828952,2.0,20.955620730191892,22.977459653607788,0.3120000000000002,Two-sided ACI
2023-06-04,16.8,18.35742922692332,20.05233825225176,21.490180988619713,2.0,18.398339617820024,21.449270597723007,0.2960000000000002,Two-sided ACI
2023-06-05,19.17,13.67965233871124,17.60293831115104,19.034461359938184,2.0,13.659916386416787,19.05419731223264,0.2800000000000002,Two-sided ACI
2023-06-06,18.09,20.881593211622683,22.535912651869662,22.488668507388663,2.0,20.815128151381458,22.555133567629888,0.2640000000000002,Two-sided ACI
2023-06-07,19.57,21.227366115292483,22.8694397340502,23.737543952136008,2.0,21.093583660921126,23.871326406507364,0.24800000000000016,Two-sided ACI
2023-06-08,20.02,21.108848548777242,22.40190217181484,23.365081973109607,2.0,20.94674894595569,23.52718157593116,0.23200000000000015,Two-sided ACI
2023-06-09,20.81,21.527079694052574,22.796392461253372,23.554559080563106,2.0,21.315106696467076,23.766532078148604,0.21600000000000014,Two-sided ACI
2023-06-10,18.72,20.62173258972987,22.092621768984365,22.70666596727575,2.0,20.393954656920428,22.934443900085192,0.20000000000000012,Two-sided ACI
2023-06-11,18.01,20.977345109922783,21.907263326828108,22.70079742366231,2.0,20.68270481900164,22.995437714583453,0.1840000000000001,Two-sided ACI
2023-06-12,18.52,17.573672947524866,19.658119849993664,20.905198870085474,2.0,17.150265178642748,21.328606638967592,0.1680000000000001,Two-sided ACI
2023-06-13,17.73,19.637405423706735,20.84959840632235,20.92198805309886,2.0,19.213997654824617,21.34539582198098,0.1720000000000001,Two-sided ACI
2023-06-14,18.74,19.591214213559955,21.11627377978634,21.70463634529396,2.0,19.081810579907568,22.214039978946346,0.15600000000000008,Two-sided ACI
2023-06-15,18.05,20.381182987150297,21.572863543557244,22.163898261729706,2.0,19.816039420242173,22.72904182863783,0.14000000000000007,Two-sided ACI
2023-06-16,17.62,20.114710830414257,21.193932982162856,22.026556378691772,2.0,19.39763113636168,22.743636072744348,0.12400000000000007,Two-sided ACI
2023-06-17,16.89,17.79234860874257,18.870185615882757,18.855788913147965,2.0,16.941134395182615,19.70700312670792,0.10800000000000007,Two-sided ACI
2023-06-18,17.03,17.954851134253914,19.21672274244703,19.201140622296922,2.0,16.900235805409192,20.255755951141644,0.09200000000000007,Two-sided ACI
2023-06-19,20.96,18.867148875168592,20.5629623712996,22.229572248535458,2.0,17.938793157331578,23.157927966372473,0.09600000000000007,Two-sided ACI
2023-06-20,20.52,20.050100572781588,21.920130926421805,22.491987925214115,2.0,19.121744854944573,23.42034364305113,0.10000000000000007,Two-sided ACI
2023-06-21,21.87,22.078803867441287,23.46731425195801,23.924945646114196,2.0,21.153952733187374,24.84979678036811,0.10400000000000008,Two-sided ACI
2023-06-22,20.41,22.09768035836284,23.667298860720898,24.770993910906483,2.0,21.19533174962027,25.673342519649054,0.10800000000000008,Two-sided ACI
2023-06-23,23.48,21.542304476346946,23.481746318485534,24.733636086786998,2.0,20.453455927569703,25.82248463556424,0.09200000000000008,Two-sided ACI
2023-06-24,23.34,22.574149607977716,23.985606361237128,25.200628990238222,2.0,21.645793890140702,26.128984708075237,0.09600000000000009,Two-sided ACI
2023-06-25,23.69,22.88888140660717,24.78048340731173,25.593168995752894,2.0,21.960525688770154,26.52152471358991,0.10000000000000009,Two-sided ACI
2023-06-26,27.95,24.988953951561754,26.466843429068316,27.529705339221174,2.0,24.086605342819183,28.432053947963745,0.10400000000000009,Two-sided ACI
2023-06-27,27.44,26.286562343961844,28.040511687774224,28.82820828079486,2.0,25.435348130401888,29.679422494354817,0.1080000000000001,Two-sided ACI
2023-06-28,30.27,27.39107422443211,29.913224113794733,30.70986596431026,2.0,26.647602601029764,31.453337587712607,0.1120000000000001,Two-sided ACI
2023-06-29,28.94,27.45296128378445,30.18386001819303,31.549515921979044,2.0,26.709489660382104,32.29298754538139,0.1160000000000001,Two-sided ACI
2023-06-30,27.38,28.392037177041182,31.048971901589145,32.03375043439332,2.0,27.674957482988606,32.7508301284459,0.1200000000000001,Two-sided ACI
2023-07-01,26.61,25.101592568833127,28.28074744749491,29.735080520267513,3.0,24.176741434579213,30.659931654521426,0.1040000000000001,Two-sided ACI
2023-07-02,25.9,24.886171520445245,27.812437718093967,29.52709293541139,3.0,23.983822911702674,30.42944154415396,0.10800000000000011,Two-sided ACI
2023-07-03,29.6,24.579515828391784,28.68178362184971,30.51469818282189,3.0,23.728301614831828,31.365912396381844,0.11200000000000011,Two-sided ACI
2023-07-04,24.94,25.381405823588754,29.230503060508212,30.97843296570941,3.0,24.530191610028798,31.829647179269365,0.11600000000000012,Two-sided ACI
2023-07-05,22.58,24.747660348493813,29.026116131047907,30.490815714624034,3.0,24.030580654441238,31.20789540867661,0.12000000000000012,Two-sided ACI
2023-07-06,21.59,22.249271951738653,25.33726402368444,26.944147403452703,3.0,21.32442081748474,27.868998537706617,0.10400000000000012,Two-sided ACI
2023-07-07,23.18,20.806760230487082,23.826323574870088,26.226019966661774,3.0,19.90441162174451,27.128368575404345,0.10800000000000012,Two-sided ACI
2023-07-08,21.45,21.199304202072778,24.00230589881626,25.555703491430755,3.0,20.34808998851282,26.40691770499071,0.11200000000000013,Two-sided ACI
2023-07-09,22.46,21.03711126883629,23.925097202379604,25.655536962820555,3.0,20.185897055276335,26.50675117638051,0.11600000000000013,Two-sided ACI
2023-07-10,26.14,22.76504240385339,25.41838749152987,27.79230365565874,3.0,22.021570780451043,28.535775279061085,0.12000000000000013,Two-sided ACI
2023-07-11,28.12,24.742227310684243,26.880698369424728,28.19242898094337,3.0,24.025147616631667,28.909508674995944,0.12400000000000014,Two-sided ACI
2023-07-12,30.56,25.7064159887163,28.94254397732911,30.667590397332294,3.0,24.989336294663726,31.38467009138487,0.12800000000000014,Two-sided ACI
2023-07-13,30.3,26.34479373211603,30.048398637965406,32.06120677412987,3.0,25.68552178037738,32.720478725868524,0.13200000000000014,Two-sided ACI
2023-07-14,31.84,27.264384499894987,30.886426288445755,33.312365505508446,3.0,26.655330105399987,33.92141990000344,0.13600000000000015,Two-sided ACI
2023-07-15,30.36,26.8316572818849,30.64563070810904,32.820251353368164,3.0,26.266513714976778,33.38539492027628,0.14000000000000015,Two-sided ACI
2023-07-16,29.97,26.354721685450507,30.221786218194808,32.51457181775926,3.0,25.789578118542384,33.07971538466738,0.14400000000000016,Two-sided ACI
2023-07-17,34.1,28.50045495307908,31.95914084148678,34.07499390799275,3.0,27.968840451697133,34.606608409374694,0.14800000000000016,Two-sided ACI
2023-07-18,31.19,30.388135761328883,33.175311498070755,34.20955449829245,3.0,29.94672993774013,34.6509603218812,0.15200000000000016,Two-sided ACI
2023-07-19,31.69,30.443320247527932,33.49151606420517,34.307163195234416,3.0,30.00191442393918,34.74856901882317,0.15600000000000017,Two-sided ACI
2023-07-20,26.56,29.08939348820612,31.669670447838907,32.47297347142289,3.0,28.669098827427295,32.89326813220171,0.16000000000000017,Two-sided ACI
2023-07-21,26.09,25.36343342298538,28.719418009717174,30.140639422168405,3.0,24.798289856077258,30.70578298907653,0.14400000000000018,Two-sided ACI
2023-07-22,27.63,24.310638454072446,26.941377282909063,28.437483852688107,3.0,23.7790239526905,28.96909835407005,0.1480000000000002,Two-sided ACI
2023-07-23,28.88,25.454519694249207,27.827243858654075,29.269801032587395,3.0,25.013113870660455,29.711206856176148,0.1520000000000002,Two-sided ACI
2023-07-24,31.83,28.41410338996662,31.11672418212612,32.82422093514146,3.0,27.972697566377867,33.265626758730214,0.1560000000000002,Two-sided ACI
2023-07-25,29.81,28.782658541233147,31.408840603782487,32.36643843172371,3.0,28.348214732187756,32.8008822407691,0.1600000000000002,Two-sided ACI
2023-07-26,30.93,29.792924094192003,32.920924937754805,34.161256544719464,3.0,29.372629433413177,34.581551205498286,0.1640000000000002,Two-sided ACI
2023-07-27,28.21,27.74007136567562,30.69229228540549,32.47414337127269,3.0,27.445431074754477,32.76878366219383,0.1680000000000002,Two-sided ACI
2023-07-28,27.28,25.549075878158597,28.93336108999103,31.103738035195043,3.0,25.254435587237452,31.398378326116188,0.1720000000000002,Two-sided ACI
2023-07-29,26.37,24.751619781285605,27.826787417100622,29.20376874955188,3.0,24.505254057007292,29.45013447383019,0.1760000000000002,Two-sided ACI
2023-07-30,27.64,25.208461211860495,28.070245931606962,29.512533473593095,3.0,24.97129918626804,29.74969549918555,0.18000000000000022,Two-sided ACI
2023-07-31,28.7,27.326567561568417,30.3532122209728,32.4085502133138,3.0,27.098789628758976,32.63632814612325,0.18400000000000022,Two-sided ACI
2023-08-01,22.75,24.82978919885724,27.541676203964567,29.145879994919568,3.0,24.60533947023983,29.37032972353698,0.18800000000000022,Two-sided ACI
2023-08-02,23.26,19.588132566196624,23.790288076220328,25.65718844732768,3.0,19.29349227527548,25.951828738248825,0.1720000000000002,Two-sided ACI
2023-08-03,20.83,22.170876029492753,24.466095904588677,26.210135054128404,3.0,21.88747154916155,26.493539534459607,0.1760000000000002,Two-sided ACI
2023-08-04,22.6,18.10644750498581,20.253143437259812,22.82755354639561,3.0,17.665041681397057,23.268959369984362,0.1600000000000002,Two-sided ACI
2023-08-05,22.19,20.379677555384653,22.553039176368056,23.902868691429642,3.0,19.945233746339262,24.33731250047503,0.1640000000000002,Two-sided ACI
2023-08-06,22.63,22.33455873495714,24.22445533276085,25.640110581818504,3.0,21.914264074178316,26.06040524259733,0.1680000000000002,Two-sided ACI
2023-08-07,24.34,24.608241368141968,25.991610059824133,28.15858184436841,3.0,24.187946707363142,28.578876505147235,0.1720000000000002,Two-sided ACI
2023-08-08,22.58,24.568626938990473,25.073448912898005,26.831623373417443,3.0,24.27398664806933,27.126263664338587,0.1760000000000002,Two-sided ACI
2023-08-09,24.93,23.241405675829725,24.63941343553655,25.99358137721781,3.0,22.676262108921602,26.558724944125935,0.1600000000000002,Two-sided ACI
2023-08-10,24.97,23.0503195920692,24.242633335734553,26.04128608054201,3.0,22.60891376848045,26.482691904130764,0.1640000000000002,Two-sided ACI
2023-08-11,27.54,24.7988682813144,26.109033871427414,27.753020028759835,3.0,24.364424472269015,28.187463837805225,0.1680000000000002,Two-sided ACI
2023-08-12,26.52,25.30516336406869,26.980598599096034,28.370442557323432,3.0,24.8707195550233,28.80488636636882,0.1720000000000002,Two-sided ACI
2023-08-13,25.22,25.480458516438006,27.962167743071774,29.43101089491995,3.0,25.06016385565918,29.851305555698776,0.1760000000000002,Two-sided ACI
2023-08-14,28.83,25.76284901178546,28.121506123518177,29.992880443915574,3.0,25.468208720864315,30.28752073483672,0.18000000000000022,Two-sided ACI
2023-08-15,27.94,26.00820716420493,27.41613433255172,28.940315718862806,3.0,25.713566873283785,29.23495600978395,0.18400000000000022,Two-sided ACI
2023-08-16,30.78,27.006932883723678,28.973964211901652,30.424836394926707,3.0,26.73869151558171,30.693077763068676,0.18800000000000022,Two-sided ACI
2023-08-17,29.98,27.57283309040546,29.405364134320948,30.434680995027982,3.0,27.152538429626635,30.854975655806808,0.1720000000000002,Two-sided ACI
2023-08-18,31.48,28.76933126147724,30.92771477955245,32.00297049109223,3.0,28.414167656403947,32.35813409616552,0.1760000000000002,Two-sided ACI
2023-08-19,29.04,28.786059063877556,31.004131881183113,31.781992020548685,3.0,28.49141877295641,32.07663231146983,0.18000000000000022,Two-sided ACI
2023-08-20,28.99,27.142676980068636,29.9141867943391,31.074126254562827,3.0,26.84803668914749,31.36876654548397,0.18400000000000022,Two-sided ACI
2023-08-21,31.96,28.40213205692916,30.681961643872896,32.198497618222284,3.0,28.11872757659796,32.48190209855349,0.18800000000000022,Two-sided ACI
2023-08-22,30.93,28.937872786333664,30.784608941009928,31.662984612137265,3.0,28.669631418191695,31.931225980279233,0.19200000000000023,Two-sided ACI
2023-08-23,32.08,30.049473684692913,32.43418205028305,33.24931689144038,3.0,29.789015168254906,33.50977540787839,0.19600000000000023,Two-sided ACI
2023-08-24,29.64,29.56192493457533,32.04422358230611,32.8656880817997,3.0,29.301466418137323,33.12614659823771,0.20000000000000023,Two-sided ACI
2023-08-25,26.8,28.923991890211674,31.718710248381132,32.93884594864248,3.0,28.68682986461922,33.176007974234935,0.20400000000000024,Two-sided ACI
2023-08-26,22.19,23.497463626561313,26.55913815284171,27.921167483479874,3.0,23.20282333564017,28.215807774401018,0.18800000000000022,Two-sided ACI
2023-08-27,21.92,21.522924497968617,24.7590770925728,26.530031859501193,3.0,20.957780931060494,27.095175426409316,0.1720000000000002,Two-sided ACI
2023-08-28,23.62,21.65841504432917,24.413044399143455,27.001118857502256,3.0,21.21700922074042,27.442524681091008,0.1760000000000002,Two-sided ACI
2023-08-29,23.17,21.744962070669235,24.21665950763975,25.68867253059088,3.0,21.32466740989041,26.108967191369704,0.18000000000000022,Two-sided ACI
2023-08-30,25.63,24.01750633053983,26.43457005006762,27.756956836251106,3.0,23.597211669761005,28.177251497029932,0.18400000000000022,Two-sided ACI
2023-08-31,25.59,24.705649150407638,26.441739301736558,27.398958331075196,3.0,24.350485545334344,27.75412193614849,0.18800000000000022,Two-sided ACI
2023-09-01,29.1,24.642641687324783,26.952011406286548,28.57993643884956,3.0,24.34800139640364,28.874576729770705,0.19200000000000023,Two-sided ACI
2023-09-02,26.16,24.57055114608019,26.92658437265493,28.197604578205304,3.0,24.05048758492975,28.717668139355744,0.1760000000000002,Two-sided ACI
2023-09-03,24.25,22.43246160691912,26.272935082961563,27.774541402289476,3.0,21.991055783330367,28.215947225878228,0.18000000000000022,Two-sided ACI
2023-09-04,26.51,21.330964911534387,25.305194901557513,28.244848753547654,3.0,20.889559087945635,28.686254577136406,0.18400000000000022,Two-sided ACI
2023-09-05,25.87,22.1064467249836,25.264093212018224,26.615571554983212,3.0,21.686152064204773,27.035866215762038,0.18800000000000022,Two-sided ACI
2023-09-06,30.2,24.315546929278582,27.136989940521172,28.278571452444183,3.0,23.96038332420529,28.633735057517477,0.19200000000000023,Two-sided ACI
2023-09-07,26.67,25.94176166159153,28.589715666389864,29.734132054781313,3.0,25.37661809468341,30.299275621689436,0.1760000000000002,Two-sided ACI
2023-09-08,30.07,26.232195083091593,29.03702602542858,30.426175733634317,3.0,25.712131521941153,30.946239294784757,0.18000000000000022,Two-sided ACI
2023-09-09,27.01,26.321279540078322,28.122487214280085,28.970779717975653,3.0,25.87987371648957,29.412185541564405,0.18400000000000022,Two-sided ACI
2023-09-10,23.03,24.22952777780022,26.76802624331622,28.280538056713624,3.0,23.809233117021396,28.70083271749245,0.18800000000000022,Two-sided ACI
2023-09-11,24.51,21.53874640509791,24.152779375075117,26.66154245910866,3.0,20.879474453359258,27.320814410847312,0.1720000000000002,Two-sided ACI
2023-09-12,24.24,21.21393335731012,23.34379508338973,24.650243622413498,3.0,20.648789790401995,25.21538718932162,0.1760000000000002,Two-sided ACI
2023-09-13,25.61,23.595201515483375,25.982783899488336,27.248569716843843,3.0,23.075137954332934,27.768633277994283,0.18000000000000022,Two-sided ACI
2023-09-14,22.9,22.921010688045538,25.11157570344038,26.45232034187319,3.0,22.400947126895097,26.97238390302363,0.18400000000000022,Two-sided ACI
2023-09-15,22.96,22.534361093072302,25.341389075486468,26.84233258164993,3.0,22.09295526948355,27.283738405238683,0.18800000000000022,Two-sided ACI
2023-09-16,22.41,22.42336031895237,24.108566907880473,24.870982917675185,3.0,22.003065658173544,25.29127757845401,0.19200000000000023,Two-sided ACI
2023-09-17,23.47,21.001095702988565,22.526239284251915,23.741344299160893,3.0,20.64593209791527,24.096507904234187,0.19600000000000023,Two-sided ACI
2023-09-18,26.18,22.604367569972283,24.327351254480963,25.88648029550381,3.0,22.24920396489899,26.241643900577102,0.20000000000000023,Two-sided ACI
2023-09-19,24.34,23.766463888845916,25.40953145069987,26.119144829348414,3.0,23.47182359792477,26.41378512026956,0.20400000000000024,Two-sided ACI
2023-09-20,25.91,23.852430031207554,26.318912759029335,27.182218558309742,3.0,23.558910326711363,27.475738262805933,0.20800000000000024,Two-sided ACI
2023-09-21,24.73,23.25514871832474,25.24939827380525,26.26121902665391,3.0,22.96162901382855,26.554738731150103,0.21200000000000024,Two-sided ACI
2023-09-22,27.11,23.242427987244085,25.822307788990877,27.01457131567197,3.0,22.95902350691288,27.297975796003172,0.21600000000000025,Two-sided ACI
2023-09-23,25.21,23.034003131506015,25.325584218111885,26.36109403156304,3.0,22.77354461506801,26.62155254800105,0.22000000000000025,Two-sided ACI
2023-09-24,24.38,22.998495181376907,25.10030306401151,26.107995846617545,3.0,22.770717248567465,26.335773779426987,0.22400000000000025,Two-sided ACI
2023-09-25,27.39,23.544052592513363,25.302798038010383,26.939991411482836,3.0,23.31627465970392,27.167769344292278,0.22800000000000026,Two-sided ACI
2023-09-26,25.5,23.80359494180309,25.374521593854215,26.600643066595683,3.0,23.5100752373069,26.894162771091874,0.21200000000000024,Two-sided ACI
2023-09-27,26.39,24.11203680734998,26.270035935467416,27.567962344883732,3.0,23.843795439208012,27.8362037130257,0.21600000000000025,Two-sided ACI
2023-09-28,25.83,23.45587775830065,25.152304480484535,26.202806931802677,3.0,23.195419241862645,26.463265448240683,0.22000000000000025,Two-sided ACI
2023-09-29,26.3,24.656168376343242,26.331130053155164,27.228581244737427,3.0,24.419006350750784,27.46574327032988,0.22400000000000025,Two-sided ACI
2023-09-30,24.24,23.74507055117696,25.376414765720945,26.043085981068707,3.0,23.507908525584504,26.28024800666116,0.22800000000000026,Two-sided ACI
2023-10-01,23.85,21.60449999389941,22.765383621116733,23.615091528399436,4.0,21.395696126458123,23.823895395840722,0.23200000000000026,Two-sided ACI
2023-10-02,24.6,22.254433577770886,23.59864197293789,25.12777862068237,4.0,21.986192209628918,25.39601998882434,0.21600000000000025,Two-sided ACI
2023-10-03,21.52,21.202417376579046,22.076077549838242,22.63581718228871,4.0,20.94195886014104,22.89627569872672,0.22000000000000025,Two-sided ACI
2023-10-04,22.28,20.389313623142858,21.697957718147105,22.662081147970888,4.0,20.1521515975504,22.89924317356334,0.22400000000000025,Two-sided ACI
2023-10-05,21.2,20.204392500380468,20.885221624575607,21.789419748714554,4.0,19.96723047478801,22.02658177430701,0.22800000000000026,Two-sided ACI
2023-10-06,20.13,20.512037425168057,21.596707418862128,22.510192160144413,4.0,20.27712895356749,22.74510063174498,0.23200000000000026,Two-sided ACI
2023-10-07,18.63,19.0757753402134,19.56616622369364,20.193510558072052,4.0,18.78225563571721,20.487030262568243,0.21600000000000025,Two-sided ACI
2023-10-08,19.75,17.02809432537672,18.101295784019438,19.004936221459033,4.0,16.607799664597895,19.42523088223786,0.20000000000000023,Two-sided ACI
2023-10-09,20.65,17.772923323760487,19.720427133708988,21.77409876430453,4.0,17.252859762610047,22.29416232545497,0.18400000000000022,Two-sided ACI
2023-10-10,18.99,18.077283090129924,19.50074204098436,20.221729193442485,4.0,17.62727450161276,20.67173778195965,0.18800000000000022,Two-sided ACI
2023-10-11,18.47,18.661540061193023,19.390493514093194,20.25341117937622,4.0,18.21576472097962,20.69918651958962,0.19200000000000023,Two-sided ACI
2023-10-12,16.46,16.76453392400341,17.541367733753464,18.10448147153366,4.0,16.323128100414657,18.545887295122412,0.19600000000000023,Two-sided ACI
2023-10-13,16.2,16.519335189191473,17.315315645928653,18.02506885011529,4.0,16.07792936560272,18.46647467370404,0.20000000000000023,Two-sided ACI
2023-10-14,15.44,14.870633360145181,15.297427530126715,15.948893640111132,4.0,14.488595934977123,16.330931065279188,0.20400000000000024,Two-sided ACI
2023-10-15,16.26,15.056236575245926,15.632690638161403,16.38019660635506,4.0,14.701072970172632,16.735360211428354,0.20800000000000024,Two-sided ACI
2023-10-16,17.31,16.146206193789077,17.017859754997584,18.40204659349824,4.0,15.791042588715783,18.757210198571535,0.21200000000000024,Two-sided ACI
2023-10-17,17.14,15.846064571022698,16.379998800364163,16.86456514427074,4.0,15.526729381831224,17.183900333462212,0.21600000000000025,Two-sided ACI
2023-10-18,16.86,16.26646581275144,17.11940061203397,17.95601999357651,4.0,15.961931888748033,18.26055391757992,0.22000000000000025,Two-sided ACI
2023-10-19,14.32,15.060898111532971,16.091569200748374,16.450020158553244,4.0,14.766257820611827,16.744660449474388,0.22400000000000025,Two-sided ACI
2023-10-20,16.56,14.011533782146156,14.867086230188601,15.698709228346324,4.0,13.629496356978098,16.08074665351438,0.20800000000000024,Two-sided ACI
2023-10-21,15.14,14.101094837486404,14.61296766289188,15.058475534382465,4.0,13.65108624896924,15.50848412289963,0.19200000000000023,Two-sided ACI
2023-10-22,15.06,14.092496119898783,15.306284579281966,15.79874816522382,4.0,13.646720779685381,16.244523505437222,0.19600000000000023,Two-sided ACI
2023-10-23,15.79,14.807617281427008,15.862388246801476,17.13145340798576,4.0,14.361841941213607,17.57722874819916,0.20000000000000023,Two-sided ACI
2023-10-24,15.0,14.519303602983083,15.22822055699644,15.773065883314459,4.0,14.07789777939433,16.21447170690321,0.20400000000000024,Two-sided ACI
2023-10-25,14.53,14.423398036221062,15.347761638037792,15.928086551030653,4.0,14.003103375442237,16.34838121180948,0.20800000000000024,Two-sided ACI
2023-10-26,13.71,12.847647071251743,13.503750630805325,14.122950919944321,4.0,12.427352410472917,14.543245580723147,0.21200000000000024,Two-sided ACI
2023-10-27,13.69,13.551244125123262,13.918557798574868,14.578703539574322,4.0,13.169206699955204,14.96074096474238,0.21600000000000025,Two-sided ACI
2023-10-28,13.31,12.968608822860116,13.104977303639664,13.439709842515137,4.0,12.613445217786822,13.794873447588431,0.22000000000000025,Two-sided ACI
2023-10-29,13.82,12.84470397461121,13.025963018373588,13.36658110917792,4.0,12.525368785419737,13.685916298369394,0.22400000000000025,Two-sided ACI
2023-10-30,13.67,13.957712691151752,14.264640431103311,15.472466803453855,4.0,13.516306867563,15.913872627042608,0.20800000000000024,Two-sided ACI
2023-10-31,13.76,13.474707222284604,13.82396957357431,14.488862221800371,4.0,13.033301398695851,14.930268045389123,0.21200000000000024,Two-sided ACI
2023-11-01,13.8,13.574947081859666,14.089103904457975,14.936991042014611,4.0,13.15465242108084,15.357285702793437,0.21600000000000025,Two-sided ACI
2023-11-02,13.73,12.84916840692079,13.510802565874378,14.065946761068021,4.0,12.467130981752732,14.447984186236079,0.22000000000000025,Two-sided ACI
2023-11-03,13.49,13.304551908513389,14.0342751616395,14.901685682803343,4.0,12.949388303440095,15.256849287876637,0.22400000000000025,Two-sided ACI
2023-11-04,13.49,12.561293217311455,13.303029372074082,13.876234353433318,4.0,12.206129612238161,14.231397958506612,0.22800000000000026,Two-sided ACI
2023-11-05,14.35,13.345960612523825,13.938680695313487,14.449144780867037,4.0,13.026625423332352,14.768479970058511,0.23200000000000026,Two-sided ACI
2023-11-06,13.8,13.9296595571845,14.85011963403905,16.073719837248845,4.0,13.625125633181092,16.378253761252253,0.23600000000000027,Two-sided ACI
2023-11-07,13.99,13.293830568644847,14.076000668941074,14.586188732901498,4.0,13.000310864148656,14.879708437397689,0.24000000000000027,Two-sided ACI
2023-11-08,14.11,13.435261198988545,13.86440403763688,14.835652412115431,4.0,13.147548507836794,15.123365103267183,0.24400000000000027,Two-sided ACI
2023-11-09,13.76,11.30098543732465,12.912325244784105,13.267430112214944,4.0,11.025550581595388,13.542864967944206,0.24800000000000028,Two-sided ACI
2023-11-10,13.28,12.304583522534376,13.681903548059596,14.715877040252344,4.0,11.985248333342902,15.035212229443818,0.23200000000000026,Two-sided ACI
2023-11-11,13.02,11.738930962993294,13.060907918488969,13.754088520030736,4.0,11.445411258497103,14.047608224526927,0.23600000000000027,Two-sided ACI
2023-11-12,13.7,12.695379683062441,13.1246960026033,14.059715075551747,4.0,12.40185997856625,14.353234780047938,0.24000000000000027,Two-sided ACI
2023-11-13,14.39,13.344985870133723,13.913049170111453,15.297647451482764,4.0,13.057273178981971,15.585360142634515,0.24400000000000027,Two-sided ACI
2023-11-14,13.73,13.564122224539894,13.868518309919972,14.647687722182198,4.0,13.288687368810631,14.92312257791146,0.24800000000000028,Two-sided ACI
2023-11-15,13.69,13.344027993937077,14.11387678445713,15.262865234361799,4.0,13.075786625795109,15.531106602503767,0.2520000000000003,Two-sided ACI
2023-11-16,13.93,12.6618839938566,13.43837830152754,14.202785551492662,4.0,12.393642625714632,14.47102691963463,0.2560000000000003,Two-sided ACI
2023-11-17,13.44,12.634591838777535,13.105843105082545,14.117716467067511,4.0,12.374133322339528,14.378174983505518,0.2600000000000003,Two-sided ACI
2023-11-18,12.94,12.73843018600314,13.297228345270305,13.992859059799443,4.0,12.503521714402574,14.227767531400008,0.2640000000000003,Two-sided ACI
2023-11-19,13.37,12.752895375348668,13.253598819339551,14.178027668647792,4.0,12.517986903748103,14.412936140248357,0.2680000000000003,Two-sided ACI
2023-11-20,13.6,13.339122193626581,13.9551456982447,15.392740533555283,4.0,13.130318326185295,15.60154440099657,0.2720000000000003,Two-sided ACI
2023-11-21,13.1,13.108748577313541,13.386492002852565,13.981439222414208,4.0,12.917208516120517,14.172979283607232,0.2760000000000003,Two-sided ACI
2023-11-22,12.48,12.12864572221597,13.201815428166656,14.047485618531928,4.0,11.993107082154152,14.183024258593745,0.2800000000000003,Two-sided ACI
2023-11-23,10.63,10.395830896782114,12.355969320872912,14.02160216253508,4.0,10.260292256720296,14.157140802596897,0.2840000000000003,Two-sided ACI
2023-11-24,11.0,10.235872423799771,11.645281910807594,12.855020172200183,4.0,10.106212866615271,12.984679729384682,0.2880000000000003,Two-sided ACI
2023-11-25,11.95,10.991482245619833,10.920941327651445,11.491189655065332,4.0,10.896053561291803,11.586618339393363,0.2920000000000003,Two-sided ACI
2023-11-26,14.16,12.465826240037408,12.50183715057845,13.254082650809613,4.0,12.257022372596122,13.4628865182509,0.2760000000000003,Two-sided ACI
2023-11-27,14.43,13.990243805448216,14.81208715266451,16.324617897001655,4.0,13.714808949718954,16.600052752730917,0.2600000000000003,Two-sided ACI
2023-11-28,14.5,13.719711707896439,14.493399038884554,15.220632468786384,4.0,13.45147033975447,15.488873836928352,0.2640000000000003,Two-sided ACI
2023-11-29,14.71,13.72648460199821,14.1958623781479,15.560740393751512,4.0,13.466026085560204,15.82119891018952,0.2680000000000003,Two-sided ACI
2023-11-30,14.16,12.852351031127943,14.014262250931703,15.115869242842745,4.0,12.643547163686657,15.324673110284031,0.2720000000000003,Two-sided ACI
2023-12-01,13.68,13.427190540980286,13.791854957216628,14.620709216325853,4.0,13.291651900918469,14.75624785638767,0.2760000000000003,Two-sided ACI
2023-12-02,13.42,13.158536861840936,13.29831084095125,13.651932879724901,4.0,13.063108177512905,13.747361564052932,0.2800000000000003,Two-sided ACI
2023-12-03,13.83,13.519045254169722,14.14185271801108,14.418863205460227,4.0,13.437520788552186,14.500387671077762,0.2840000000000003,Two-sided ACI
2023-12-04,14.53,13.987433802181744,14.816967602756094,15.625399096040878,4.0,13.966423114136205,15.646409784086417,0.2880000000000003,Two-sided ACI
2023-12-05,13.87,14.078873832622818,14.462740897615792,14.774651325687813,4.0,14.070125255309277,14.783399903001355,0.2920000000000003,Two-sided ACI
2023-12-06,14.31,13.934866588875309,14.401280156785454,15.000297492835646,4.0,13.909860496868056,15.025303584842899,0.2760000000000003,Two-sided ACI
2023-12-07,14.07,13.33327923304763,13.890954571046192,14.243353972849578,4.0,13.319918914095261,14.256714291801947,0.2800000000000003,Two-sided ACI
2023-12-08,13.53,13.501192561741206,13.933351079935743,14.510948583137683,4.0,13.492443984427664,14.519697160451225,0.2840000000000003,Two-sided ACI
2023-12-09,13.72,12.56496046747776,13.194922971980251,13.536485509920398,4.0,12.637389448421128,13.46405652897703,0.2880000000000003,Two-sided ACI
2023-12-10,14.71,13.237967296109165,13.83009765041017,14.227510641225425,4.0,13.216956608063626,14.248521329270964,0.2720000000000003,Two-sided ACI
2023-12-11,14.13,14.458480449346121,15.038909470304986,16.265148936126906,4.0,14.36305176501809,16.360577620454936,0.2560000000000003,Two-sided ACI
2023-12-12,14.17,13.269439247571182,14.023794388678331,14.719713864955278,4.0,13.077899186378158,14.911253926148301,0.24000000000000027,Two-sided ACI
2023-12-13,14.88,13.391608679945932,13.753444308406586,14.494957664278735,4.0,13.261949122761433,14.624617221463234,0.24400000000000027,Two-sided ACI
2023-12-14,14.35,13.771324588373147,14.444524306093719,14.972701168632057,4.0,13.562520720931861,15.181505036073343,0.22800000000000026,Two-sided ACI
2023-12-15,14.48,13.727101590844839,14.352499310856224,14.97577117840496,4.0,13.543587100765237,15.159285668484562,0.23200000000000026,Two-sided ACI
2023-12-16,14.16,13.405221527764049,14.078969292715465,14.556376485160575,4.0,13.309792843436018,14.651805169488606,0.23600000000000027,Two-sided ACI
2023-12-17,14.15,13.41509823518064,14.307416316011818,15.051743702723654,4.0,13.319669550852609,15.147172387051684,0.24000000000000027,Two-sided ACI
2023-12-18,14.63,13.652743549955524,14.699648373140082,16.05514114462189,4.0,13.571219084337988,16.136665610239426,0.24400000000000027,Two-sided ACI
2023-12-19,14.29,13.37716984178963,14.395316269522064,15.059547874054577,4.0,13.356159153744091,15.080558562100116,0.24800000000000028,Two-sided ACI
2023-12-20,14.15,13.53654798431915,14.649296854993953,15.418868846155044,4.0,13.527799407005608,15.427617423468586,0.2520000000000003,Two-sided ACI
2023-12-21,14.11,12.540262506230256,13.94498589285653,14.425503072962885,4.0,12.531513928916715,14.434251650276426,0.2560000000000003,Two-sided ACI
2023-12-22,13.37,13.179581477601964,13.804628438844162,14.629934611215692,4.0,13.208388915860757,14.601127172956899,0.2600000000000003,Two-sided ACI
2023-12-23,12.06,12.459572312431206,13.20446017801251,13.765711894755686,4.0,12.532001293374574,13.693282913812318,0.2640000000000003,Two-sided ACI
2023-12-24,11.8,10.857389494789675,12.399012034657355,13.209092639829853,4.0,10.844029175837306,13.222452958782222,0.24800000000000028,Two-sided ACI
2023-12-25,10.85,10.207293891222452,12.16706139984735,13.688257688884201,4.0,10.19854531390891,13.697006266197743,0.2520000000000003,Two-sided ACI
2023-12-26,11.95,10.502163280811377,11.830342574568107,12.630851578096053,4.0,10.493414703497836,12.639600155409594,0.2560000000000003,Two-sided ACI
2023-12-27,12.47,11.691436169613523,12.147154607125692,13.01033859814358,4.0,11.720243607872316,12.981531159884787,0.2600000000000003,Two-sided ACI
2023-12-28,13.62,11.829829474414087,12.620017711807645,13.098676747293332,4.0,11.907904539838757,13.020601681868662,0.2640000000000003,Two-sided ACI
2023-12-29,13.3,13.251278135700744,13.604511346452107,14.287889191511344,4.0,13.237917816748375,14.301249510463713,0.24800000000000028,Two-sided ACI
2023-12-30,13.01,12.389087092595032,13.147171298218144,13.740852921667644,4.0,12.38033851528149,13.749601498981185,0.2520000000000003,Two-sided ACI
2023-12-31,12.48,11.228254609313678,12.998781458276458,13.829615624207689,4.0,11.219506032000137,13.83836420152123,0.2560000000000003,Two-sided ACI
2024-01-01,12.5,11.06537665380737,12.798214986914317,14.265157614957765,5.0,11.114098518106626,14.216435750658508,0.2600000000000003,Two-sided ACI
2024-01-02,14.03,11.587128851365666,12.584863655191434,13.401584424625367,5.0,11.665203916790336,13.323509359200697,0.2640000000000003,Two-sided ACI
2024-01-03,19.22,13.389503142350096,13.708280151923406,14.27644828476442,5.0,13.418310580608889,14.247640846505627,0.24800000000000028,Two-sided ACI
2024-01-04,14.19,16.49563496003825,17.364028564399206,17.691939387291324,5.0,16.470628868030996,17.716945479298577,0.23200000000000026,Two-sided ACI
2024-01-05,14.09,14.578489882870766,15.996743489049312,17.133585907791236,5.0,14.394975392791164,17.31710039787084,0.21600000000000025,Two-sided ACI
2024-01-06,13.55,13.58140416240011,13.672792508538953,14.893528149521334,5.0,13.320945645962103,15.15398666595934,0.20000000000000023,Two-sided ACI
2024-01-07,13.61,12.952237017356898,13.665528450039346,14.543636301710453,5.0,12.717328545756333,14.778544773311019,0.20400000000000024,Two-sided ACI
2024-01-08,13.85,12.8452182290581,13.544702214213165,15.021108644893733,5.0,12.63634439643528,15.229982477516552,0.20800000000000024,Two-sided ACI
2024-01-09,13.89,12.920593305762038,13.697478485873518,14.433777754612741,5.0,12.711719473139219,14.64265158723556,0.21200000000000024,Two-sided ACI
2024-01-10,14.15,14.846398024469353,15.50300028322819,16.355463091674984,5.0,14.65485796327633,16.547003152868008,0.21600000000000025,Two-sided ACI
2024-01-11,14.58,13.038348471665493,14.278583460145565,14.649490611428025,5.0,12.770107103523525,14.917731979569993,0.20000000000000023,Two-sided ACI
2024-01-12,14.7,14.319291768011976,14.778255510482728,15.28880793098243,5.0,14.058833251573969,15.549266447420436,0.20400000000000024,Two-sided ACI
2024-01-13,14.58,13.78157976715161,14.526921226180649,15.027137077877416,5.0,13.546671295551045,15.262045549477982,0.20800000000000024,Two-sided ACI
2024-01-14,14.41,13.044908051695373,14.370567415596266,14.581761219559237,5.0,12.809999580094807,14.816669691159802,0.21200000000000024,Two-sided ACI
2024-01-15,15.43,12.764998333962534,14.714302624772504,15.722864600494049,5.0,12.556124501339715,15.931738433116868,0.21600000000000025,Two-sided ACI
2024-01-16,16.24,13.747542570474476,14.985059074783855,15.555897467710514,5.0,13.556002509281452,15.747437528903538,0.22000000000000025,Two-sided ACI
2024-01-17,15.75,15.602616925042401,16.992245558341494,17.88759142467125,5.0,15.342158408604394,18.148049941109257,0.20400000000000024,Two-sided ACI
2024-01-18,15.77,13.71691638007838,15.651588293353528,16.537939446650533,5.0,13.482007908477815,16.7728479182511,0.20800000000000024,Two-sided ACI
2024-01-19,15.29,14.40946571953408,15.656415839064172,16.671247207855558,5.0,14.174557247933514,16.906155679456123,0.21200000000000024,Two-sided ACI
2024-01-20,14.79,13.564394925881444,15.239314524489906,15.924074190310812,5.0,13.355521093258625,16.132948022933633,0.21600000000000025,Two-sided ACI
2024-01-21,15.64,13.404359406635539,15.079037182185804,15.906264355276896,5.0,13.212819345442515,16.09780441646992,0.22000000000000025,Two-sided ACI
2024-01-22,16.06,14.254750360126911,16.013330160477825,17.215081807168943,5.0,14.071235870047309,17.398596297248545,0.22400000000000025,Two-sided ACI
2024-01-23,18.81,14.082652595096496,15.677261890307808,16.470195156321026,5.0,13.899138105016894,16.65370964640063,0.22800000000000026,Two-sided ACI
2024-01-24,16.23,16.43000919816321,17.484595266903618,18.10985294948109,5.0,16.1695506817252,18.370311465919098,0.21200000000000024,Two-sided ACI
2024-01-25,11.88,14.542589984253125,16.63830298445456,17.56660473411931,5.0,14.30768151265256,17.801513205719875,0.21600000000000025,Two-sided ACI
2024-01-26,15.18,11.946201147781128,13.354427677703232,15.045908333988312,5.0,11.658488456629376,15.333621025140063,0.20000000000000023,Two-sided ACI
2024-01-27,14.99,12.44225706073563,13.563192646332272,14.331493531072933,5.0,12.166822205006367,14.606928386802196,0.20400000000000024,Two-sided ACI
2024-01-28,15.3,13.557330614345474,15.158128622610008,15.85212479038606,5.0,13.237995425154,16.171459979577534,0.18800000000000022,Two-sided ACI
2024-01-29,15.52,14.261399026203112,15.621064494458237,17.200777310749906,5.0,13.96787932170692,17.494297015246097,0.19200000000000023,Two-sided ACI
2024-01-30,15.37,14.878294582044171,16.151254162956928,17.074478321093043,5.0,14.59058189089242,17.362191012244793,0.19600000000000023,Two-sided ACI
2024-01-31,15.26,14.967772286955528,15.867087796945818,16.748753601759176,5.0,14.692337431226266,17.02418845748844,0.20000000000000023,Two-sided ACI
2024-02-01,15.0,13.362841037570652,14.020967044571671,15.04595229033422,5.0,13.094599669428684,15.314193658476189,0.20400000000000024,Two-sided ACI
2024-02-02,14.87,14.656782786249977,15.000990747084948,15.718455218302317,5.0,14.39632426981197,15.978913734740324,0.20800000000000024,Two-sided ACI
2024-02-03,14.29,14.159903130937012,14.600998247725062,14.976710305317392,5.0,13.899444614499005,15.237168821755398,0.21200000000000024,Two-sided ACI
2024-02-04,14.89,9.608307559327939,12.039053412222815,12.565343849547784,5.0,9.39943372670512,12.774217682170603,0.21600000000000025,Two-sided ACI
2024-02-05,14.6,14.613612588903447,15.754986049255356,16.208237058847352,5.0,14.338177733174184,16.483671914576615,0.20000000000000023,Two-sided ACI
2024-02-06,14.55,14.492709641009082,15.039445124727816,15.843118315127377,5.0,14.232251124571075,16.103576831565384,0.20400000000000024,Two-sided ACI
2024-02-07,14.55,14.447831160643036,14.634624745287919,15.456334789038571,5.0,14.21292268904247,15.691243260639137,0.20800000000000024,Two-sided ACI
2024-02-08,14.58,13.707350621796497,13.887086105005025,14.23347167159056,5.0,13.472442150195931,14.468380143191126,0.21200000000000024,Two-sided ACI
2024-02-09,14.4,14.12120720543312,14.454292351661518,15.132619308879619,5.0,13.833494514281368,15.42033200003137,0.19600000000000023,Two-sided ACI
2024-02-10,14.62,13.397151295247205,14.206147321048409,15.100756278669591,5.0,13.109438604095454,15.388468969821343,0.20000000000000023,Two-sided ACI
2024-02-11,14.74,14.16565770853272,14.480878769880789,14.924467438636025,5.0,13.890222852803458,15.199902294365288,0.20400000000000024,Two-sided ACI
2024-02-12,15.49,14.844135796481579,15.369067327418781,16.58132739442433,5.0,14.609227324881013,16.816235866024897,0.20800000000000024,Two-sided ACI
2024-02-13,14.92,14.647883555593097,14.93028488039112,15.545907096348554,5.0,14.439009722970278,15.754780928971373,0.21200000000000024,Two-sided ACI
2024-02-14,15.01,14.575683663274084,15.046207290765789,15.655508253738304,5.0,14.375674465110876,15.855517451901513,0.21600000000000025,Two-sided ACI
2024-02-15,15.33,14.035886138319901,14.696339338303028,15.218210597354847,5.0,13.844346077126877,15.409750658547871,0.22000000000000025,Two-sided ACI
2024-02-16,14.53,14.558611094726103,15.052641989625581,15.572691208799657,5.0,14.375096604646501,15.75620569887926,0.22400000000000025,Two-sided ACI
2024-02-17,14.58,14.190435113363517,14.554134790979779,15.060580869400923,5.0,14.006920623283914,15.244095359480525,0.22800000000000026,Two-sided ACI
2024-02-18,14.41,13.031619667519852,14.288767590223532,14.953731726441987,5.0,12.897528001508164,15.087823392453675,0.23200000000000026,Two-sided ACI
2024-02-19,14.91,13.28762054553892,14.949849377203716,16.37065442584423,5.0,13.15796098835442,16.50031398302873,0.23600000000000027,Two-sided ACI
2024-02-20,15.53,13.624207772623064,14.721655240870946,15.272399495248957,5.0,13.494548215438565,15.402059052433456,0.24000000000000027,Two-sided ACI
2024-02-21,15.06,15.0316406465914,15.221100982933068,15.852271254724105,5.0,14.840100585398377,16.04381131591713,0.22400000000000025,Two-sided ACI
2024-02-22,15.14,14.029180202909153,14.958048421187215,15.236314474647902,5.0,13.84566571282955,15.419828964727504,0.22800000000000026,Two-sided ACI
2024-02-23,15.0,14.21080525789236,14.396762887600023,14.957392506743656,5.0,14.08114570070786,15.087052063928155,0.23200000000000026,Two-sided ACI
2024-02-24,14.76,14.453321916212918,14.955205576534818,15.542671099392416,5.0,14.341532513567765,15.65446050203757,0.23600000000000027,Two-sided ACI
2024-02-25,15.33,14.465208268375871,14.734909596323098,15.350445658946441,5.0,14.353418865730719,15.462235061591594,0.24000000000000027,Two-sided ACI
2024-02-26,15.04,14.993506659720678,15.550587107786281,16.543125320366173,5.0,14.898077975392647,16.638554004694203,0.24400000000000027,Two-sided ACI
2024-02-27,14.89,14.611840135196404,14.928772611489334,15.414703529311176,5.0,14.530315669578869,15.496227994928711,0.24800000000000028,Two-sided ACI
2024-02-28,14.52,14.691435887829341,14.739778891243038,14.96092942719536,5.0,14.648828394572996,15.003536920451705,0.2520000000000003,Two-sided ACI
2024-02-29,14.65,14.213932835580401,14.820245606401585,15.487623908602728,5.0,14.102143432935248,15.599413311247881,0.23600000000000027,Two-sided ACI
2024-03-01,14.51,13.624462425375642,14.199416573571833,15.208947000112639,5.0,13.512673022730489,15.320736402757792,0.24000000000000027,Two-sided ACI
2024-03-02,14.63,13.051913152038551,13.90311435359759,14.662638073624132,5.0,12.95648446771052,14.758066757952163,0.24400000000000027,Two-sided ACI
2024-03-03,15.02,13.963049482462397,14.462616931747888,15.17735704329873,5.0,13.881525016844861,15.258881508916266,0.24800000000000028,Two-sided ACI
2024-03-04,14.46,14.176443838312712,14.847403632013153,15.735077760336864,5.0,14.133836345056368,15.777685253593209,0.2520000000000003,Two-sided ACI
2024-03-05,14.43,13.999183116134034,14.63277965933055,15.5024764812277,5.0,13.967778953733925,15.533880643627809,0.2560000000000003,Two-sided ACI
2024-03-06,14.9,13.736970630103327,14.183497928675692,15.073983711164889,5.0,13.708359535377223,15.102594805890993,0.2600000000000003,Two-sided ACI
2024-03-07,14.66,13.312958014050587,14.182057058752404,15.023524294666394,5.0,13.291947326005047,15.044534982711934,0.2640000000000003,Two-sided ACI
2024-03-08,14.34,13.340721866868279,13.971955283453925,14.678385809087882,5.0,13.31971117882274,14.69939649713342,0.2680000000000003,Two-sided ACI
2024-03-09,13.65,13.174435513428932,13.746525755582983,14.460648186010982,5.0,13.161075194476563,14.47400850496335,0.2720000000000003,Two-sided ACI
2024-03-10,12.99,13.738603996279483,14.336538556688584,15.494126922932452,5.0,13.729855418965942,15.502875500245993,0.2760000000000003,Two-sided ACI
2024-03-11,13.83,12.913297424191516,13.83109815630432,15.280524900908134,5.0,12.884686329465412,15.309135995634238,0.2600000000000003,Two-sided ACI
2024-03-12,14.26,12.813784665032808,13.430678279924594,14.124292572765661,5.0,12.792773976987268,14.1453032608112,0.2640000000000003,Two-sided ACI
2024-03-13,13.93,13.61666787399666,14.135096200884318,14.992836508724004,5.0,13.535143408379124,15.07436097434154,0.24800000000000028,Two-sided ACI
2024-03-14,13.84,12.616801826053573,13.72161579604131,14.320471446458244,5.0,12.574194332797228,14.363078939714589,0.2520000000000003,Two-sided ACI
2024-03-15,13.19,11.752882167503337,13.095970273005797,13.997676369368401,5.0,11.710274674246993,14.040283862624745,0.2560000000000003,Two-sided ACI
2024-03-16,13.46,11.447117025708867,13.000830288352638,13.6692959560719,5.0,11.415712863308757,13.70070011847201,0.2600000000000003,Two-sided ACI
2024-03-17,14.37,12.694237844964173,13.43014727445285,14.46966676464566,5.0,12.680625256060726,14.483279353549108,0.2640000000000003,Two-sided ACI
2024-03-18,14.56,13.79716287037692,14.58793245316868,15.692112644373633,5.0,13.783550281473472,15.70572523327708,0.2680000000000003,Two-sided ACI
2024-03-19,14.79,13.990520226480747,14.501689669630899,15.2377693261367,5.0,13.981771649167205,15.246517903450242,0.2720000000000003,Two-sided ACI
2024-03-20,14.91,14.305781442052574,14.845499076107512,15.8401310273081,5.0,14.326227100999015,15.81968536836166,0.2760000000000003,Two-sided ACI
2024-03-21,14.98,13.585237491260425,14.797313388716118,15.635599491386003,5.0,13.614044929519219,15.60679205312721,0.2800000000000003,Two-sided ACI
2024-03-22,14.65,14.1841445202273,14.821134548949345,15.863008610845677,5.0,14.212951958486093,15.834201172586884,0.2840000000000003,Two-sided ACI
2024-03-23,14.46,13.451094438969196,14.471952475103873,14.998265206474704,5.0,13.483732512593328,14.965627132850573,0.2880000000000003,Two-sided ACI
2024-03-24,14.45,14.310529042191472,14.898789600219775,15.341104696748568,5.0,14.357022382470793,15.294611356469247,0.2920000000000003,Two-sided ACI
2024-03-25,14.77,14.14080213281847,14.822786499209874,16.004456011101414,5.0,14.187295473097791,15.957962670822093,0.2960000000000003,Two-sided ACI
2024-03-26,14.82,13.859094113254134,14.446252409969173,15.072203829277314,5.0,13.90781597755339,15.023481964978057,0.3000000000000003,Two-sided ACI
2024-03-27,15.06,14.76953195615054,15.260737131924632,16.029609457946293,5.0,14.82682231514146,15.972319098955374,0.3040000000000003,Two-sided ACI
2024-03-28,14.71,13.918212780294944,14.817325423398701,15.656396623495898,5.0,13.987703391722969,15.586906012067873,0.30800000000000033,Two-sided ACI
2024-03-29,13.91,14.288602466346951,14.790715294661112,15.734090058605485,5.0,14.358093077774976,15.66459944717746,0.31200000000000033,Two-sided ACI
2024-03-30,14.3,12.580380356749806,13.550284584622277,14.129447860693684,5.0,12.626873697029128,14.082954520414363,0.2960000000000003,Two-sided ACI
2024-03-31,14.49,13.725359714192805,14.243075842991644,15.200153815248484,5.0,13.754167152451599,15.17134637698969,0.2800000000000003,Two-sided ACI
2024-04-01,14.76,14.49868961995184,15.376664587582024,16.36274810449686,6.0,14.527497058210633,16.333940666238064,0.2840000000000003,Two-sided ACI
2024-04-02,14.92,13.505152680820515,14.391412356126017,14.803199450811196,6.0,13.537790754444647,14.770561377187065,0.2880000000000003,Two-sided ACI
2024-04-03,15.06,14.693207082654315,15.240531002824792,15.936951281311448,6.0,14.684458505340773,15.94569985862499,0.2720000000000003,Two-sided ACI
2024-04-04,15.83,13.744744185332532,14.866223196856335,15.494208573072234,6.0,13.773103538741132,15.465849219663633,0.2760000000000003,Two-sided ACI
2024-04-05,14.94,14.651479888218645,15.352185551234292,16.28347021656727,6.0,14.637867299315198,16.297082805470716,0.2600000000000003,Two-sided ACI
2024-04-06,15.11,13.863038340564007,14.990048053832911,15.639322396715318,6.0,13.883483999510448,15.618876737768877,0.2640000000000003,Two-sided ACI
2024-04-07,13.28,14.35035818661274,15.114315986125781,15.688003581645166,6.0,14.37080384555918,15.667557922698725,0.2680000000000003,Two-sided ACI
2024-04-08,15.07,13.653465018795568,14.81413748796546,15.99137347084449,6.0,13.624853924069464,16.019984565570596,0.2520000000000003,Two-sided ACI
2024-04-09,15.99,14.078503262954541,14.514776149776406,15.235924341135304,6.0,14.064890674051094,15.24953693003875,0.2560000000000003,Two-sided ACI
2024-04-10,15.07,14.992721518946258,15.812289489444549,16.490301691069988,6.0,14.950114025689913,16.532909184326332,0.24000000000000027,Two-sided ACI
2024-04-11,16.41,13.72453649540591,15.165933390499049,15.74872089611831,6.0,13.695925400679807,15.777331990844415,0.24400000000000027,Two-sided ACI
2024-04-12,16.19,15.588613657160428,15.833836158738775,16.791649187645962,6.0,15.476824254515275,16.903438590291117,0.22800000000000026,Two-sided ACI
2024-04-13,16.22,14.940484570585683,16.025492096602274,16.681385003466293,6.0,14.858960104968148,16.76290946908383,0.23200000000000026,Two-sided ACI
2024-04-14,16.66,14.823123069358603,15.782084871294414,16.667186206561908,6.0,14.780515576102259,16.709793699818253,0.23600000000000027,Two-sided ACI
2024-04-15,15.86,16.039054237275707,17.03812250765756,18.178041438519386,6.0,16.0076500748756,18.209445600919494,0.24000000000000027,Two-sided ACI
2024-04-16,15.25,15.201546219295405,16.243067680837832,17.17114787398927,6.0,15.089756816650253,17.28293727663442,0.22400000000000025,Two-sided ACI
2024-04-17,16.83,14.312672382446738,15.212302024229803,16.196397222696795,6.0,14.231147916829203,16.27792168831433,0.22800000000000026,Two-sided ACI
2024-04-18,14.77,15.536939503480461,16.746954443906098,17.472100716891106,6.0,15.407279946295962,17.601760274075605,0.21200000000000024,Two-sided ACI
2024-04-19,14.96,14.084092082556435,15.408727914986681,16.527701958769327,6.0,13.913539943250118,16.698254098075644,0.19600000000000023,Two-sided ACI
2024-04-20,14.04,13.752494915042215,14.861278936201437,15.494607276718568,6.0,13.581942775735898,15.665159416024885,0.20000000000000023,Two-sided ACI
2024-04-21,15.05,14.072796147267113,14.734076860081718,15.786870458010938,6.0,13.937088720032774,15.922577885245277,0.20400000000000024,Two-sided ACI
2024-04-22,15.71,15.011613379678014,15.706323126267968,17.269418391260416,6.0,14.877521713666326,17.403510057272104,0.20800000000000024,Two-sided ACI
2024-04-23,15.47,14.688351914565235,15.581156741165248,16.835170681062667,6.0,14.554260248553547,16.969262347074356,0.21200000000000024,Two-sided ACI
2024-04-24,16.13,15.299325574378331,16.138981744458547,17.171762637173785,6.0,15.169666017193832,17.301422194358285,0.21600000000000025,Two-sided ACI
2024-04-25,15.67,14.918841989469264,16.03832382913731,17.164737723484343,6.0,14.80204144028046,17.281538272673146,0.22000000000000025,Two-sided ACI
2024-04-26,15.3,15.006565479837615,16.2556457345449,17.596330245079205,6.0,14.894776077192462,17.70811964772436,0.22400000000000025,Two-sided ACI
2024-04-27,14.46,14.014242072890646,15.122328949830731,16.039484950929552,6.0,13.971634579634301,16.082092444185896,0.22800000000000026,Two-sided ACI
2024-04-28,14.8,11.272363323778912,13.876730848713144,14.696224086743696,6.0,11.243752229052808,14.7248351814698,0.23200000000000026,Two-sided ACI
2024-04-29,15.69,14.088438949425367,15.246503819419539,16.754151858017224,6.0,13.976649546780214,16.865941260662375,0.21600000000000025,Two-sided ACI
2024-04-30,15.77,15.095057773470685,15.840502224774099,16.873274119203792,6.0,14.99128186021438,16.9770500324601,0.22000000000000025,Two-sided ACI
2024-05-01,15.93,15.483294959758531,16.677787794940613,18.154999123725183,6.0,15.440687466502187,18.197606616981528,0.22400000000000025,Two-sided ACI
2024-05-02,16.29,14.729893346175324,16.111106740448854,17.02532577614141,6.0,14.68728585291898,17.067933269397756,0.22800000000000026,Two-sided ACI
2024-05-03,16.44,16.018910293861833,16.819458725883866,18.406021763781414,6.0,15.987506131461723,18.437425926181525,0.23200000000000026,Two-sided ACI
2024-05-04,16.87,15.065935629849015,16.723894037725962,18.04591994127686,6.0,15.037324535122911,18.074531036002966,0.23600000000000027,Two-sided ACI
2024-05-05,17.42,15.89920948667404,17.049040493750535,18.541475220024438,6.0,15.885596897770593,18.555087808927887,0.24000000000000027,Two-sided ACI
2024-05-06,17.03,16.835086342771117,18.220091672727005,20.054539289356395,6.0,16.826337765457573,20.06328786666994,0.24400000000000027,Two-sided ACI
2024-05-07,17.0,16.19260011735471,17.48772194005099,18.946132730314545,6.0,16.19978632391662,18.938946523752637,0.24800000000000028,Two-sided ACI
2024-05-08,18.1,16.58040816792619,17.71176857401026,19.319761808011368,6.0,16.60876752133479,19.291402454602768,0.2520000000000003,Two-sided ACI
2024-05-09,17.26,16.717128220076365,18.34300148977699,19.53402345232883,6.0,16.745487573484965,19.50566409892023,0.2560000000000003,Two-sided ACI
2024-05-10,17.76,15.931786923933029,17.693417899054555,19.09879879816985,6.0,15.960594362191822,19.069991359911057,0.2600000000000003,Two-sided ACI
2024-05-11,18.17,16.93100739731187,18.198811307361016,19.481319625289785,6.0,16.963645470936,19.448681551665654,0.2640000000000003,Two-sided ACI
2024-05-12,18.06,17.576430926754117,18.859279557628284,20.266022886342245,6.0,17.60906900037825,20.233384812718114,0.2680000000000003,Two-sided ACI
2024-05-13,19.14,17.037382044372585,18.793170122323314,20.584847807251514,6.0,17.083334334706805,20.538895516917293,0.2720000000000003,Two-sided ACI
2024-05-14,20.42,17.882846953317053,19.197174379805293,20.802810327763087,6.0,17.929340293596375,20.756316987483764,0.2760000000000003,Two-sided ACI
2024-05-15,18.77,18.90728423165284,20.589827482030255,22.277188654288175,6.0,18.955738012357436,22.22873487358358,0.2800000000000003,Two-sided ACI
2024-05-16,20.63,16.63537823485131,19.24510419377745,20.90902200964276,6.0,16.664185673110104,20.880214571383966,0.2640000000000003,Two-sided ACI
2024-05-17,23.06,18.627794691675508,20.02636248907502,21.963855156796143,6.0,18.6566021299343,21.935047718537348,0.2680000000000003,Two-sided ACI
2024-05-18,22.71,20.04180739158446,22.250621307142087,23.918065294712985,6.0,20.048993598146367,23.910879088151077,0.2520000000000003,Two-sided ACI
2024-05-19,22.07,20.542231029527432,23.02155175079057,24.98194792980855,6.0,20.54941723608934,24.97476172324664,0.2560000000000003,Two-sided ACI
2024-05-20,24.25,20.6147292009009,22.937103918411033,25.462352703203898,6.0,20.6430885543095,25.433993349795298,0.2600000000000003,Two-sided ACI
2024-05-21,20.5,21.67759274995527,23.656030166697885,25.44365206459839,6.0,21.70640018821406,25.414844626339594,0.2640000000000003,Two-sided ACI
2024-05-22,23.2,18.146948934695757,21.412467195148917,23.63892199742735,6.0,18.13333634579231,23.652534586330795,0.24800000000000028,Two-sided ACI
2024-05-23,23.66,20.32151897959327,22.361905675616658,24.61572870076643,6.0,20.32870518615518,24.60854249420452,0.2520000000000003,Two-sided ACI
2024-05-24,25.75,21.467506435842278,24.19810574046779,26.157257239214562,6.0,21.487952094788717,26.136811580268123,0.2560000000000003,Two-sided ACI
2024-05-25,24.16,22.593169181920267,25.23979100824554,26.90865160697485,6.0,22.621976620179062,26.879844168716055,0.2600000000000003,Two-sided ACI
2024-05-26,23.2,21.07800625027337,24.645749568889933,26.505135401965568,6.0,21.1106443238975,26.472497328341436,0.2640000000000003,Two-sided ACI
2024-05-27,27.34,20.74403686517729,24.42257316496968,27.28343683965811,6.0,20.77667493880142,27.250798766033977,0.2680000000000003,Two-sided ACI
2024-05-28,26.83,22.175361292671788,25.41261496412802,27.897729287312934,6.0,22.19580695161823,27.87728362836649,0.2520000000000003,Two-sided ACI
2024-05-29,27.72,23.271671408944812,26.409923324688243,28.389896485202577,6.0,23.292117067891255,28.369450826256134,0.2560000000000003,Two-sided ACI
2024-05-30,26.93,23.4854294890787,26.652703289846233,28.93427717202158,6.0,23.5137888424873,28.90591781861298,0.2600000000000003,Two-sided ACI
2024-05-31,27.75,24.012109635011253,27.423138480253815,30.006982631435992,6.0,24.040917073270045,29.9781751931772,0.2640000000000003,Two-sided ACI
2024-06-01,29.44,24.758096991632094,28.237513152019396,29.703172846051483,6.0,24.78690442989089,29.674365407792692,0.2680000000000003,Two-sided ACI
2024-06-02,28.16,25.592142173087854,29.129936328604987,30.592252620252772,6.0,25.624780246711985,30.55961454662864,0.2720000000000003,Two-sided ACI
2024-06-03,31.92,26.444517790308048,30.621241203963663,32.39292812594553,6.0,26.491011130587367,32.34643478566621,0.2760000000000003,Two-sided ACI
2024-06-04,30.02,27.91111203599624,30.72088860796938,32.27190842371563,6.0,27.959565816700835,32.22345464301104,0.2800000000000003,Two-sided ACI
2024-06-05,33.34,27.316092482146495,31.462041580981392,33.14480514327619,6.0,27.36454626285109,33.096351362571596,0.2840000000000003,Two-sided ACI
2024-06-06,31.86,28.342049109264117,31.998611956904547,33.79112041701741,6.0,28.37468718288825,33.75848234339328,0.2680000000000003,Two-sided ACI
2024-06-07,33.42,28.15312305650828,32.81862130200202,34.65520460078314,6.0,28.199616396787604,34.60871126050382,0.2720000000000003,Two-sided ACI
2024-06-08,29.2,29.245318422234526,33.01053474983844,34.62611232504956,6.0,29.294040286533782,34.57739046075031,0.2760000000000003,Two-sided ACI
2024-06-09,26.39,25.876892103846725,30.370574669303103,32.016602435101575,6.0,25.922844394180945,31.970650144767355,0.2600000000000003,Two-sided ACI
2024-06-10,30.58,25.495917605320795,29.52461118981255,32.411526132394556,6.0,25.542410945600118,32.36503279211524,0.2640000000000003,Two-sided ACI
2024-06-11,30.38,25.825135026108747,29.304260358992757,31.037255319373017,6.0,25.87358880681334,30.988801538668422,0.2680000000000003,Two-sided ACI
2024-06-12,34.4,27.787848707835536,32.08722356256106,33.77399166481584,6.0,27.836570572134793,33.725269800516585,0.2720000000000003,Two-sided ACI
2024-06-13,33.45,29.62450914175063,33.296954680892924,34.882458469707444,6.0,29.65714721537476,34.84982039608332,0.2560000000000003,Two-sided ACI
2024-06-14,31.12,30.60971502209086,34.65518901386847,36.58156144252618,6.0,30.65566731242508,36.53560915219196,0.2600000000000003,Two-sided ACI
2024-06-15,31.23,27.418494419133367,31.413313219910265,33.53106419861139,6.0,27.464987759412686,33.48457085833207,0.2640000000000003,Two-sided ACI
2024-06-16,31.67,27.157187497153714,30.44321037863213,32.688969091609955,6.0,27.203680837433033,32.642475751330636,0.2680000000000003,Two-sided ACI
2024-06-17,34.98,28.70456786187099,32.78805514242423,35.06340359152623,6.0,28.753021642575586,35.01494981082163,0.2720000000000003,Two-sided ACI
2024-06-18,31.83,29.007327253287556,33.30424505876505,34.69973106695922,6.0,29.056049117586813,34.651009202659964,0.2760000000000003,Two-sided ACI
2024-06-19,33.53,28.63542835537869,34.13787579162978,36.17628028199714,6.0,28.692718714369608,36.11898992300622,0.2800000000000003,Two-sided ACI
2024-06-20,32.76,29.772944058386656,34.01727790939824,35.6909190500198,6.0,29.830234417377575,35.63362869102888,0.2840000000000003,Two-sided ACI
2024-06-21,35.18,29.733220010318657,33.745596203406535,35.743107142588286,6.0,29.8104984913724,35.66582866153455,0.2880000000000003,Two-sided ACI
2024-06-22,34.15,30.702087557453297,33.99586553328504,35.211582252466116,6.0,30.78549114897953,35.12817866093988,0.2920000000000003,Two-sided ACI
2024-06-23,34.41,30.39931810509004,33.79107545279239,34.815708196502,6.0,30.482721696616274,34.732304604975766,0.2960000000000003,Two-sided ACI
2024-06-24,35.44,32.361211344964026,35.63181252648626,37.629838516126924,6.0,32.45752581961193,37.533524041479026,0.3000000000000003,Two-sided ACI
2024-06-25,33.71,30.821568789181633,34.131656227058,35.483799791160024,6.0,30.921235553827294,35.38413302651436,0.3040000000000003,Two-sided ACI
2024-06-26,35.79,31.202392058160992,35.059439957253,36.95579044150585,6.0,31.332488927223977,36.82569357244286,0.30800000000000033,Two-sided ACI
2024-06-27,32.5,31.098145323082083,34.86529137412428,36.29269051703314,6.0,31.23761628089061,36.15321955922461,0.31200000000000033,Two-sided ACI
2024-06-28,35.31,30.126587072789977,33.95687214500787,35.42310573288043,6.0,30.273970147747576,35.27572265792283,0.31600000000000034,Two-sided ACI
2024-06-29,33.5,31.72763798009724,34.35833957722255,35.875299369014385,6.0,31.829806819454205,35.77313052965742,0.3000000000000003,Two-sided ACI
2024-06-30,30.48,30.75146123398366,34.453408292303266,35.72356137618097,6.0,30.86456696686409,35.61045564330054,0.3040000000000003,Two-sided ACI
2024-07-01,32.91,29.765844112922462,32.558558984852496,35.794018623961435,7.0,29.862158587570363,35.69770414931354,0.2880000000000003,Two-sided ACI
2024-07-02,31.64,29.990518763845632,31.691386460917556,33.914953022296395,7.0,30.0926876032026,33.81278418293943,0.2920000000000003,Two-sided ACI
2024-07-03,34.96,30.162778019534763,33.063740897142644,35.44034161023253,7.0,30.27588375241519,35.3272358773521,0.2960000000000003,Two-sided ACI
2024-07-04,31.61,30.124258717182613,32.9928243195446,35.61429974004672,7.0,30.26372967499114,35.47482878223819,0.3000000000000003,Two-sided ACI
2024-07-05,33.81,30.83331009353835,34.1040584434926,36.42974258205106,7.0,30.990667136837082,36.27238553875233,0.3040000000000003,Two-sided ACI
2024-07-06,33.36,31.248547398069164,33.020543684370814,35.08828681419366,7.0,31.4203086176284,34.91652559463442,0.30800000000000033,Two-sided ACI
2024-07-07,31.93,30.47044560297237,32.93631941062483,34.96812826972029,7.0,30.642206822531605,34.79636705016105,0.31200000000000033,Two-sided ACI
2024-07-08,36.08,30.748542729231062,33.00945657513288,35.49764040462834,7.0,30.92252644039595,35.323656693463455,0.31600000000000034,Two-sided ACI
2024-07-09,33.38,32.52489242461326,34.12242930106528,36.026099641446464,7.0,32.67227549957086,35.87871656648886,0.3000000000000003,Two-sided ACI
2024-07-10,36.55,32.56814543284586,35.26530070891159,37.427365347372714,7.0,32.7399066524051,37.25560412781348,0.3040000000000003,Two-sided ACI
2024-07-11,36.76,32.46039945165671,34.53823201829414,36.535200871180066,7.0,32.6343831628216,36.36121716001518,0.30800000000000033,Two-sided ACI
2024-07-12,39.34,33.89802005869562,36.738028233648954,38.723362222558286,7.0,34.03749101650415,38.58389126474976,0.2920000000000003,Two-sided ACI
2024-07-13,36.94,34.91705802077188,37.62375220359266,39.38114819976772,7.0,35.016724785417544,39.28148143512206,0.2760000000000003,Two-sided ACI
2024-07-14,33.54,33.64418383824784,36.65053947184768,38.36720781856274,7.0,33.746352677604804,38.26503897920578,0.2800000000000003,Two-sided ACI
2024-07-15,36.3,32.44263955360394,35.270018054584895,37.89480136739759,7.0,32.526043145130174,37.811397775871356,0.2640000000000003,Two-sided ACI
2024-07-16,34.0,32.130316728278366,34.10783427378255,36.06124952357891,7.0,32.2137203198046,35.977845932052674,0.2680000000000003,Two-sided ACI
2024-07-17,36.45,32.56949588815677,35.54403691079954,37.580158322524596,7.0,32.66581036280468,37.4838438478767,0.2720000000000003,Two-sided ACI
2024-07-18,34.8,32.988123376462056,35.261184344327894,36.98478050936153,7.0,33.08779014110772,36.885113744715866,0.2760000000000003,Two-sided ACI
2024-07-19,35.21,33.82976812672366,36.26592286687428,38.24839957827011,7.0,33.93193696608062,38.14623073891315,0.2800000000000003,Two-sided ACI
2024-07-20,31.46,32.79044733237348,34.6607496648176,36.239181037276005,7.0,32.892616171730445,36.13701219791904,0.2840000000000003,Two-sided ACI
2024-07-21,27.65,29.189382301693524,31.5620413174899,33.518731684095584,7.0,29.266660782747266,33.441453203041846,0.2680000000000003,Two-sided ACI
2024-07-22,32.51,28.274030936050373,30.427386610557647,33.49676579238933,7.0,28.322484716754968,33.448312011684735,0.2520000000000003,Two-sided ACI
2024-07-23,32.49,29.777305117241916,30.73064335640222,32.981097252009945,7.0,29.834595476232835,32.92380689301903,0.2560000000000003,Two-sided ACI
2024-07-24,35.01,31.365540937645026,33.715175219073394,35.73699170070898,7.0,31.44894452917126,35.65358810918274,0.2600000000000003,Two-sided ACI
2024-07-25,34.57,32.197704013325435,34.2620858578599,36.19901100694574,7.0,32.297370777971096,36.09934424230008,0.2640000000000003,Two-sided ACI
2024-07-26,35.68,33.450412052924705,35.52597747463267,37.978809157782166,7.0,33.55258089228167,37.8766403184252,0.2680000000000003,Two-sided ACI
2024-07-27,32.27,32.30021291129843,34.51325119851192,36.565137124171464,7.0,32.41331864417886,36.45203139129104,0.2720000000000003,Two-sided ACI
2024-07-28,31.47,28.95289635875288,31.43779849755046,33.32184209868814,7.0,29.036299950279115,33.2384385071619,0.2560000000000003,Two-sided ACI
2024-07-29,36.53,30.04336360748644,32.03597191652962,34.51495157782777,7.0,30.139678082134342,34.418637103179876,0.2600000000000003,Two-sided ACI
2024-07-30,33.61,32.40204360528137,34.07067019167774,35.59114320605036,7.0,32.45049738598597,35.54268942534577,0.24400000000000027,Two-sided ACI
2024-07-31,36.54,32.34590342739227,35.259747546332534,36.94625245385556,7.0,32.42318190844601,36.86897397280181,0.24800000000000028,Two-sided ACI
2024-08-01,34.73,32.924609336073594,35.446613980708065,37.36770649033675,7.0,33.00801292759983,37.284302898810516,0.2520000000000003,Two-sided ACI
2024-08-02,36.41,33.31548978568112,36.16267441513586,38.071656407447634,7.0,33.39889337720736,37.9882528159214,0.2560000000000003,Two-sided ACI
2024-08-03,35.1,32.72537572053528,34.80720337706614,36.50000337604245,7.0,32.825042485180944,36.40033661139679,0.2600000000000003,Two-sided ACI
2024-08-04,34.04,31.850919463825214,34.12008784858367,35.493545287116504,7.0,31.96402519670564,35.38043955423608,0.2640000000000003,Two-sided ACI
2024-08-05,36.46,32.92193560565927,35.25727536990758,37.483149348032875,7.0,33.0614065634678,37.34367839022435,0.2680000000000003,Two-sided ACI
2024-08-06,33.7,32.6296571397304,34.660076897402114,36.28024229505543,7.0,32.803640850895285,36.10625858389054,0.2720000000000003,Two-sided ACI
2024-08-07,33.23,32.60137836576985,35.33677777389962,37.165205590457674,7.0,32.79629202299873,36.97029193322879,0.2760000000000003,Two-sided ACI
2024-08-08,27.63,30.213670285264897,32.82845231523901,34.711585861481566,7.0,30.422966241336795,34.50228990540967,0.2800000000000003,Two-sided ACI
2024-08-09,25.75,27.520183384039576,30.592208198971075,33.05459335379649,7.0,27.677540427338307,32.89723631049776,0.2640000000000003,Two-sided ACI
2024-08-10,23.79,24.4868557445235,26.808134495820706,29.09032312785677,7.0,24.5831702191714,28.99400865320887,0.24800000000000028,Two-sided ACI
2024-08-11,24.14,22.837405599190046,25.28415164542401,27.51843557067892,7.0,22.88389893946937,27.4719422303996,0.23200000000000026,Two-sided ACI
2024-08-12,28.24,25.55669499788996,27.487989901762575,30.668687709557915,7.0,25.605148778594554,30.62023392885332,0.23600000000000027,Two-sided ACI
2024-08-13,25.88,27.330211208461833,28.257595024888147,30.1660421277694,7.0,27.378664989166428,30.117588347064807,0.24000000000000027,Two-sided ACI
2024-08-14,25.7,24.9196484729611,27.5081938406776,29.70716000087473,7.0,24.95228654658523,29.6745219272506,0.22400000000000025,Two-sided ACI
2024-08-15,25.55,25.404689130209334,26.53903000586055,27.81834623143005,7.0,25.451182470488654,27.77185289115073,0.22800000000000026,Two-sided ACI
2024-08-16,28.05,26.14972195097841,26.78832478092638,28.805646472501795,7.0,26.198175731683005,28.7571926917972,0.23200000000000026,Two-sided ACI
2024-08-17,28.54,25.569247443067596,26.806647593633514,28.18728955472273,7.0,25.646525924121338,28.11001107366899,0.23600000000000027,Two-sided ACI
2024-08-18,29.57,26.726529744165553,28.325792756914414,29.665578383610743,7.0,26.754889097574154,29.637219030202143,0.22000000000000025,Two-sided ACI
2024-08-19,31.83,29.056448756754044,31.040093807461126,32.885768286269226,7.0,29.102942097033363,32.83927494598991,0.22400000000000025,Two-sided ACI
2024-08-20,29.35,28.627968293336853,31.096983013116144,32.71516698105856,7.0,28.676422074041447,32.66671320035397,0.22800000000000026,Two-sided ACI
2024-08-21,32.03,27.550473712668577,30.161305087376725,31.981055487666815,7.0,27.62775219372232,31.903777006613073,0.23200000000000026,Two-sided ACI
2024-08-22,30.3,28.133325816285833,30.289782305145728,31.648402776479138,7.0,28.165963889909964,31.615764702855007,0.21600000000000025,Two-sided ACI
2024-08-23,31.9,28.62544706282478,30.821998333569006,31.93911134912951,7.0,28.671940403104102,31.892618008850192,0.22000000000000025,Two-sided ACI
2024-08-24,29.65,28.604007068814276,30.28442738938466,30.876349317458327,7.0,28.611193275376184,30.86916311089642,0.20400000000000024,Two-sided ACI
2024-08-25,29.78,28.23267792186573,30.387875455525688,31.16877450581449,7.0,28.26531599548986,31.13613643219036,0.20800000000000024,Two-sided ACI
2024-08-26,31.38,29.120632464230056,31.13064779323376,32.786845633220935,7.0,29.153270537854187,32.75420755959681,0.21200000000000024,Two-sided ACI
2024-08-27,29.79,28.354712136489972,29.986336053537574,30.895479516686137,7.0,28.403165917194567,30.847025735981543,0.21600000000000025,Two-sided ACI
2024-08-28,32.16,29.290783340472558,30.958072886521343,32.1217820061992,7.0,29.3680618215263,32.04450352514546,0.22000000000000025,Two-sided ACI
2024-08-29,31.15,29.030078768231437,30.70522236996498,31.730373603558704,7.0,29.037264974793345,31.723187396996796,0.20400000000000024,Two-sided ACI
2024-08-30,32.13,29.790234083564993,31.70291111334874,33.09755754510458,7.0,29.829345432694506,33.058446195975066,0.20800000000000024,Two-sided ACI
2024-08-31,29.46,29.28422444749444,31.015654097383955,32.229538620763776,7.0,29.323335796623955,32.19042727163426,0.21200000000000024,Two-sided ACI
2024-09-01,28.61,26.31462023266625,29.922116267463657,31.58028375194268,7.0,26.363074013370845,31.531829971238086,0.21600000000000025,Two-sided ACI
2024-09-02,31.8,25.994746913596554,29.670943488692515,32.64622042468419,7.0,26.072025394650296,32.56894194363045,0.22000000000000025,Two-sided ACI
2024-09-03,30.04,27.373190468419438,30.37011579790834,31.87825352302832,7.0,27.456594059945672,31.794849931502085,0.22400000000000025,Two-sided ACI
2024-09-04,30.44,28.1118166299536,31.202867251231126,33.05974527905601,7.0,28.195220221479836,32.976341687529775,0.22800000000000026,Two-sided ACI
2024-09-05,28.68,26.349973105639183,29.410379162664128,30.816484916773362,7.0,26.445551489249926,30.72090653316262,0.23200000000000026,Two-sided ACI
2024-09-06,31.67,27.032158126740594,29.705516874546674,31.425379583749855,7.0,27.131824891386255,31.325712819104194,0.23600000000000027,Two-sided ACI
2024-09-07,29.55,27.28648980919457,29.384037274382433,30.60501672402372,7.0,27.363768290248313,30.527738242969978,0.22000000000000025,Two-sided ACI
2024-09-08,29.59,26.384155434199883,29.292396113701635,30.47810964032461,7.0,26.467559025726118,30.394706048798376,0.22400000000000025,Two-sided ACI
2024-09-09,30.97,27.934761923034046,30.08495261412167,32.07446834257075,7.0,28.03034030664479,31.97888995896001,0.22800000000000026,Two-sided ACI
2024-09-10,28.54,27.234072762690644,29.161221728796576,30.344871265831245,7.0,27.333739527336306,30.245204501185583,0.23200000000000026,Two-sided ACI
2024-09-11,30.56,26.653760033800364,28.972518239366536,30.578394914999635,7.0,26.76686576668079,30.465289182119207,0.23600000000000027,Two-sided ACI
2024-09-12,28.78,26.42936187291611,28.556616675617665,29.687700019090528,7.0,26.506640353969853,29.610421538036785,0.22000000000000025,Two-sided ACI
2024-09-13,31.91,27.48820250758662,29.67303999925658,31.154377899679325,7.0,27.571606099112856,31.07097430815309,0.22400000000000025,Two-sided ACI
2024-09-14,29.14,28.08517923029829,29.688142290084052,30.511612365834058,7.0,28.103574145297927,30.493217450834422,0.20800000000000024,Two-sided ACI
2024-09-15,29.2,27.16624150956831,29.41858492303911,30.363849537384148,7.0,27.184636424567945,30.345454622384512,0.21200000000000024,Two-sided ACI
2024-09-16,30.76,27.996351493217002,29.556102434314123,31.670489827439283,7.0,28.035462842346515,31.63137847830977,0.21600000000000025,Two-sided ACI
2024-09-17,27.02,27.395544063105994,28.942305882455013,30.199394359041946,7.0,27.44399784381059,30.15094057833735,0.22000000000000025,Two-sided ACI
2024-09-18,29.66,25.80830918681894,27.947186892827624,29.480146067196234,7.0,25.77809627552051,29.51035897849466,0.20400000000000024,Two-sided ACI
2024-09-19,28.0,26.315237729736534,27.66665688963458,28.996893438292204,7.0,26.258674569394643,29.053456598634096,0.18800000000000022,Two-sided ACI
2024-09-20,29.97,26.930091996179073,29.141695692928497,30.519994129992174,7.0,26.881147483845886,30.56893864232536,0.19200000000000023,Two-sided ACI
2024-09-21,26.51,26.903137913096906,28.32897655753575,29.339741956767526,7.0,26.85781949086238,29.385060379002052,0.19600000000000023,Two-sided ACI
2024-09-22,23.57,25.29796859012977,27.458751866182276,28.51997244477949,7.0,25.19378475188193,28.624156283027332,0.18000000000000022,Two-sided ACI
2024-09-23,26.85,23.177077761398856,25.20933104884762,27.305924634094318,7.0,22.99802352412315,27.484978871370025,0.1640000000000002,Two-sided ACI
2024-09-24,26.03,24.217122157746424,25.009695529850713,26.548587134414557,7.0,24.046570018440107,26.719139273720874,0.1680000000000002,Two-sided ACI
2024-09-25,27.9,24.98523209861465,26.872239949464028,28.28006737608684,7.0,24.814679959308332,28.450619515393157,0.1720000000000002,Two-sided ACI
2024-09-26,26.26,25.29746430637839,26.721804133123197,27.989610867513793,7.0,25.180663757189585,28.1064114167026,0.1760000000000002,Two-sided ACI
2024-09-27,28.75,25.96302911512735,27.587801152560278,29.27250114733023,7.0,25.85925320187104,29.37627706058654,0.18000000000000022,Two-sided ACI
2024-09-28,26.01,25.96070775382295,27.09857355080589,28.00005213121797,7.0,25.856931840566645,28.103828044474277,0.18400000000000022,Two-sided ACI
2024-09-29,26.5,23.950137522388175,26.045929060034492,27.218430787949977,7.0,23.893574362046284,27.27499394829187,0.18800000000000022,Two-sided ACI
2024-09-30,28.87,25.496425946836915,26.790961662175985,28.694129157509373,7.0,25.45110752460239,28.7394475797439,0.19200000000000023,Two-sided ACI
2024-10-01,25.58,24.532874569965475,25.728328408286533,25.99269690710595,8.0,24.428690731717634,26.096880745353793,0.1760000000000002,Two-sided ACI
2024-10-02,26.73,23.917631827711443,25.833761436396195,26.569704738660505,8.0,23.86106866736955,26.626267899002396,0.18000000000000022,Two-sided ACI
2024-10-03,24.74,22.623693605854047,24.162225872726456,25.08274811450296,8.0,22.46339834451455,25.243043375842454,0.1640000000000002,Two-sided ACI
2024-10-04,25.01,22.942793085198048,25.054008205986506,25.821190961082486,8.0,22.805508853545206,25.958475192735328,0.1680000000000002,Two-sided ACI
2024-10-05,23.54,21.745001608601225,23.064254472484986,23.61645994972494,8.0,21.640817770353383,23.720643787972783,0.1720000000000002,Two-sided ACI
2024-10-06,23.11,20.878349519499846,22.350614732831065,22.97861694553588,8.0,20.774573606243543,23.082392858792183,0.1760000000000002,Two-sided ACI
2024-10-07,24.63,21.89445537814146,23.542356930834984,24.59922114765374,8.0,21.757171146488616,24.736505379306582,0.1600000000000002,Two-sided ACI
2024-10-08,22.15,21.520920667143358,22.40382604499862,23.08066259112865,8.0,21.389537612679238,23.21204564559277,0.1640000000000002,Two-sided ACI
2024-10-09,23.74,20.90956684001101,22.336035074410642,23.48608897504059,8.0,20.805790926754703,23.589864888296894,0.1680000000000002,Two-sided ACI
2024-10-10,22.26,20.58084389342134,21.649842074811065,22.288000437954963,8.0,20.420548632081843,22.44829569929446,0.1520000000000002,Two-sided ACI
2024-10-11,22.61,20.765033966952945,22.19331012891023,23.2931484090888,8.0,20.60473870561345,23.453443670428296,0.1560000000000002,Two-sided ACI
2024-10-12,20.64,19.980034312423452,20.89560219797323,21.40844352788835,8.0,19.84275008077061,21.54572775954119,0.1600000000000002,Two-sided ACI
2024-10-13,20.05,18.41684941275187,20.188246757276275,20.970966156281264,8.0,18.312665574504027,21.075149994529106,0.1640000000000002,Two-sided ACI
2024-10-14,21.15,18.16059381663907,20.458882280267513,22.34120794611086,8.0,18.056817903382765,22.444983859367163,0.1680000000000002,Two-sided ACI
2024-10-15,19.2,18.27223941154336,19.518122295615186,20.47744753189233,8.0,18.21567625120147,20.534010692234222,0.1720000000000002,Two-sided ACI
2024-10-16,18.67,18.313909935290326,19.779128140406865,20.826055673888426,8.0,18.2685915130558,20.871374096122953,0.1760000000000002,Two-sided ACI
2024-10-17,18.38,16.80643618717987,17.96729811931396,18.94654285107722,8.0,16.76821819337907,18.984760844878018,0.18000000000000022,Two-sided ACI
2024-10-18,17.26,17.40301003181519,18.477921267877313,19.470331270574057,8.0,17.36479203801439,19.508549264374857,0.18400000000000022,Two-sided ACI
2024-10-19,16.36,15.959018992211032,16.902984980571844,17.377638503954913,8.0,15.90245583186914,17.434201664296804,0.1680000000000002,Two-sided ACI
2024-10-20,16.83,15.447671986734965,16.297242835146662,16.889371831904555,8.0,15.391108826393074,16.945934992246446,0.1720000000000002,Two-sided ACI
2024-10-21,17.55,16.495875279248015,17.381355561568437,18.802452243243838,8.0,16.44693076691483,18.851396755577024,0.1760000000000002,Two-sided ACI
2024-10-22,16.99,16.093302455898336,16.645922126021343,17.220097108888286,8.0,16.04798403366381,17.265415531122812,0.18000000000000022,Two-sided ACI
2024-10-23,16.51,16.30246134585984,16.99110557881332,18.01921895954473,8.0,16.257142923625313,18.064537381779257,0.18400000000000022,Two-sided ACI
2024-10-24,16.53,15.173956873692386,16.26345228252938,16.784376577154234,8.0,15.135738879891587,16.822594570955033,0.18800000000000022,Two-sided ACI
2024-10-25,16.17,15.701169413014211,16.507012767479075,17.22053321637057,8.0,15.670390560667952,17.251312068716828,0.19200000000000023,Two-sided ACI
2024-10-26,15.76,14.665507734022073,15.65729034065708,15.937449479406116,8.0,14.683902649021709,15.91905456440648,0.19600000000000023,Two-sided ACI
2024-10-27,15.83,14.544758753529408,15.560617545743566,16.14948308906793,8.0,14.563153668529043,16.131088174068296,0.20000000000000023,Two-sided ACI
2024-10-28,17.71,15.381589073191908,16.617298603522258,17.67369656447244,8.0,15.40958951114687,17.64569612651748,0.20400000000000024,Two-sided ACI
2024-10-29,17.09,15.512647085440282,16.237879274417004,16.906681204951816,8.0,15.476343649912721,16.942984640479377,0.18800000000000022,Two-sided ACI
2024-10-30,15.42,15.458371970161245,16.46206238637402,17.044910216779826,8.0,15.401808809819354,17.101473377121717,0.1720000000000002,Two-sided ACI
2024-10-31,8.95,13.160592278332622,14.916831838664788,15.490441986286072,8.0,13.111647765999436,15.539386498619258,0.1760000000000002,Two-sided ACI
2024-11-01,13.75,10.171302172684355,11.659298699969305,13.338443796017522,8.0,10.034017941031513,13.475728027670364,0.1600000000000002,Two-sided ACI
2024-11-02,13.01,11.945293585459444,12.124248461160374,13.374566079424884,8.0,11.765439652655678,13.55442001222865,0.14400000000000018,Two-sided ACI
2024-11-03,14.63,12.313011340707046,13.877970555043897,14.569463031420387,8.0,12.137140498216418,14.745333873911015,0.1480000000000002,Two-sided ACI
2024-11-04,12.61,14.754164519821511,15.693487755418143,17.17684319204706,8.0,14.593869258482016,17.337138453386554,0.1520000000000002,Two-sided ACI
2024-11-05,14.18,13.481377531115598,14.374243447643309,15.308645955342211,8.0,13.286182674391782,15.503840812066027,0.13600000000000018,Two-sided ACI
2024-11-06,14.16,14.326447543788237,14.500473802433433,15.767063542504255,8.0,14.143128748740054,15.950382337552439,0.14000000000000018,Two-sided ACI
2024-11-07,13.86,12.081984722461957,13.021302592437342,13.811639024567253,8.0,11.898665927413774,13.994957819615436,0.14400000000000018,Two-sided ACI
2024-11-08,13.53,14.122498258924677,14.494225136406238,15.262423905677881,8.0,13.942644326120911,15.442277838481647,0.1480000000000002,Two-sided ACI
2024-11-09,12.57,11.358314383753104,12.83614332157425,13.31570807874457,8.0,11.113693967502957,13.560328494994717,0.13200000000000017,Two-sided ACI
2024-11-10,12.46,11.321461092313937,13.162532493026632,13.737562010293235,8.0,11.096661963494006,13.962361139113167,0.13600000000000018,Two-sided ACI
2024-11-11,12.95,11.901696061760303,13.766480869346772,15.479605128580365,8.0,11.706501205036487,15.674799985304182,0.14000000000000018,Two-sided ACI
2024-11-12,13.92,12.381723211353346,13.864127996311112,14.629102757119568,8.0,12.18652835462953,14.824297613843385,0.14400000000000018,Two-sided ACI
2024-11-13,14.15,13.779632953526491,14.554693676397445,15.283441469613186,8.0,13.596314158478307,15.466760264661369,0.1480000000000002,Two-sided ACI
2024-11-14,13.78,12.96132254507183,13.784749152968637,13.917068132756873,8.0,12.785451702581202,14.0929389752475,0.1520000000000002,Two-sided ACI
2024-11-15,13.68,13.438449666137277,14.233889223542015,15.260234129515265,8.0,13.262578823646649,15.436104972005893,0.1560000000000002,Two-sided ACI
2024-11-16,13.26,12.540133152620378,13.382842107982807,14.011397493767706,8.0,12.37368560883214,14.177845037555944,0.1600000000000002,Two-sided ACI
2024-11-17,13.73,12.471365687983948,13.348686899635752,14.217557351399405,8.0,12.311070426644452,14.3778526127389,0.1640000000000002,Two-sided ACI
2024-11-18,13.75,13.290082120567234,14.012462801618613,15.114692501919727,8.0,13.158699066103114,15.246075556383847,0.1680000000000002,Two-sided ACI
2024-11-19,13.56,13.068439011833096,13.81954450462194,14.714187938768713,8.0,12.937055957368976,14.845570993232833,0.1720000000000002,Two-sided ACI
2024-11-20,14.15,13.323328957031379,14.147299128936407,15.013889766747113,8.0,13.219145118783537,15.118073604994954,0.1760000000000002,Two-sided ACI
2024-11-21,14.08,12.91906776629246,13.959669464107348,14.61488406418992,8.0,12.858530797712847,14.675421032769533,0.18000000000000022,Two-sided ACI
2024-11-22,14.1,13.449113260624241,14.22105415738882,15.276087054927604,8.0,13.388576292044627,15.336624023507218,0.18400000000000022,Two-sided ACI
2024-11-23,13.42,12.806346068701838,13.707079160858473,14.485722825456518,8.0,12.749782908359947,14.54228598579841,0.18800000000000022,Two-sided ACI
2024-11-24,13.05,12.778474891968452,13.812294127579959,14.480539581005509,8.0,12.730113916535705,14.528900556438256,0.19200000000000023,Two-sided ACI
2024-11-25,12.62,12.948812601849024,13.889047718291788,15.312125583156611,8.0,12.903494179614498,15.357444005391137,0.19600000000000023,Two-sided ACI
2024-11-26,12.8,12.20345488233706,13.046629526916988,13.907913050050055,8.0,12.099271044089217,14.012096888297897,0.18000000000000022,Two-sided ACI
2024-11-27,11.94,11.808960044268389,12.99466104458611,14.253046819891027,8.0,11.704776206020547,14.35723065813887,0.18400000000000022,Two-sided ACI
2024-11-28,10.46,8.847077168952728,11.216664525441924,12.573621335309465,8.0,8.786540200373114,12.634158303889079,0.18800000000000022,Two-sided ACI
2024-11-29,10.6,10.805160088603925,11.91392521903131,13.223087612582077,8.0,10.756215576270739,13.272032124915263,0.19200000000000023,Two-sided ACI
2024-11-30,11.51,10.35623058652685,10.942527388327656,11.844662750017712,8.0,10.213220554711663,11.987672781832899,0.1760000000000002,Two-sided ACI
2024-12-01,12.87,11.533714172425995,11.73116606730012,12.314407608345881,8.0,11.402331117961875,12.445790662810001,0.18000000000000022,Two-sided ACI
2024-12-02,13.33,13.112701913607001,13.22496468712384,14.189327307395843,8.0,12.936831071116373,14.36519814988647,0.1640000000000002,Two-sided ACI
2024-12-03,14.32,13.111094786844422,13.193180088961824,13.8664778314869,8.0,12.950799525504927,14.026773092826396,0.1680000000000002,Two-sided ACI
2024-12-04,14.11,13.741440630535667,13.909673162930975,15.172300076851432,8.0,13.558121835487484,15.355618871899615,0.1520000000000002,Two-sided ACI
2024-12-05,12.53,12.418178634502997,13.435752096613198,14.260213581838585,8.0,12.234859839454813,14.443532376886768,0.1560000000000002,Two-sided ACI
2024-12-06,13.16,12.046278949813665,12.695422127637077,13.90789741901436,8.0,11.866425017009899,14.087751351818126,0.1600000000000002,Two-sided ACI
2024-12-07,13.28,11.968878039260527,12.590079383468847,13.260337923523764,8.0,11.7930071967699,13.436208766014392,0.1640000000000002,Two-sided ACI
2024-12-08,13.36,12.647225438770942,13.511122207478167,13.95245189968955,8.0,12.480777894982705,14.118899443477787,0.1680000000000002,Two-sided ACI
2024-12-09,13.4,13.321950861062813,14.130654956995414,15.133165017084568,8.0,13.155503317274576,15.299612560872806,0.1720000000000002,Two-sided ACI
2024-12-10,13.92,13.12709694762037,13.6183808573572,14.231262741130806,8.0,12.984086915805182,14.374272772945993,0.1760000000000002,Two-sided ACI
2024-12-11,13.89,13.910546866607483,14.07036221917814,14.707377027753825,8.0,13.779163812143363,14.838760082217945,0.18000000000000022,Two-sided ACI
2024-12-12,13.93,12.649513679594257,13.311442461433568,13.727030609825748,8.0,12.518130625130137,13.858413664289868,0.18400000000000022,Two-sided ACI
2024-12-13,13.64,13.319917228295008,13.44773473773054,14.342229549407566,8.0,13.15346968450677,14.508677093195804,0.1680000000000002,Two-sided ACI
2024-12-14,13.3,12.661716123762726,13.197819509067994,13.754006970138857,8.0,12.49526857997449,13.920454513927094,0.1720000000000002,Two-sided ACI
2024-12-15,12.89,12.729013170916215,13.386573792234634,14.049783477419629,8.0,12.56871790957672,14.210078738759124,0.1760000000000002,Two-sided ACI
2024-12-16,13.01,12.861444109507879,13.704761458161041,14.883822920519112,8.0,12.718434077692692,15.0268329523343,0.18000000000000022,Two-sided ACI
2024-12-17,13.01,12.506430931659672,13.224347902691388,13.93457391704603,8.0,12.363420899844485,14.077583948861218,0.18400000000000022,Two-sided ACI
2024-12-18,12.67,12.769408122975367,13.385323294537315,14.466047296199136,8.0,12.638025068511247,14.597430350663256,0.18800000000000022,Two-sided ACI
2024-12-19,13.46,11.814929089903542,12.79211244186754,13.381675732303302,8.0,11.7107452516557,13.485859570551144,0.19200000000000023,Two-sided ACI
2024-12-20,13.17,12.7606071907496,13.147654891614554,14.373527541639174,8.0,12.661199067774232,14.47293566461454,0.19600000000000023,Two-sided ACI
2024-12-21,13.0,12.311029862016142,13.05527769226769,13.761625004190057,8.0,12.211621739040774,13.861033127165424,0.20000000000000023,Two-sided ACI
2024-12-22,12.65,12.243508732546967,13.014223978908941,13.75560684545201,8.0,12.165184464850268,13.83393111314871,0.20400000000000024,Two-sided ACI
2024-12-23,19.57,12.596243800171564,13.463081054964412,14.505487448838252,8.0,12.53570683159195,14.566024417417866,0.20800000000000024,Two-sided ACI
2024-12-24,10.59,15.367352812228336,16.1060296713928,16.982448176624832,8.0,15.235969757764217,17.11383123108895,0.19200000000000023,Two-sided ACI
2024-12-25,9.59,10.243547007867116,13.376809343276632,15.308551318353622,8.0,10.067676165376488,15.48442216084425,0.1760000000000002,Two-sided ACI
2024-12-26,10.78,8.373909531488387,9.967142099864706,12.069131062097334,8.0,8.168749442884462,12.27429115070126,0.1600000000000002,Two-sided ACI
2024-12-27,11.34,9.630570972544051,10.525877375284553,12.041788491460748,8.0,9.4276015823698,12.244757881635,0.1640000000000002,Two-sided ACI
2024-12-28,11.84,9.913112040407006,11.200851803857875,12.21285343257145,8.0,9.73325810760324,12.392707365375216,0.1680000000000002,Two-sided ACI
2024-12-29,12.2,10.881488378744473,12.09192208011967,12.997104218476265,8.0,10.701634445940707,13.176958151280031,0.1720000000000002,Two-sided ACI
2024-12-30,11.85,13.536566964626367,14.798298599935876,16.20198151120166,8.0,13.360696122135739,16.377852353692287,0.1760000000000002,Two-sided ACI
2024-12-31,11.51,10.8574757787349,11.413988237023528,12.296132423432784,8.0,10.652315690130974,12.50129251203671,0.1600000000000002,Two-sided ACI
2025-01-01,11.41,10.24650161898076,10.923222269201581,12.536028976293059,9.0,10.043532228806509,12.73899836646731,0.1640000000000002,Two-sided ACI
2025-01-02,12.85,10.606759026575327,11.767201541660762,12.502563519747158,9.0,10.423440231527143,12.685882314795341,0.1680000000000002,Two-sided ACI
2025-01-03,13.08,12.518973620732531,12.605208107226774,13.874382749638604,9.0,12.274353204482384,14.119003165888751,0.1520000000000002,Two-sided ACI
2025-01-04,12.67,12.52057546476735,13.161309150398882,13.874952683329631,9.0,12.275955048517204,14.119573099579778,0.1560000000000002,Two-sided ACI
2025-01-05,13.18,12.83116303637966,13.40975296227871,14.019034700626689,9.0,12.626002947775735,14.224194789230614,0.1600000000000002,Two-sided ACI
2025-01-06,13.17,13.818593309797809,15.065928077503106,16.320411558023093,9.0,13.615623919623557,16.523380948197342,0.1640000000000002,Two-sided ACI
2025-01-07,12.68,12.352731406650594,13.04190328173914,13.882003208049206,9.0,12.098820381691187,14.135914233008613,0.1480000000000002,Two-sided ACI
2025-01-08,13.87,12.123042180964102,12.600945838867004,13.6319989176027,9.0,11.878421764713956,13.876619333852847,0.1520000000000002,Two-sided ACI
2025-01-09,13.79,12.72583609247964,13.590286329463556,14.460272053634018,9.0,12.48783501008234,14.698273136031316,0.1560000000000002,Two-sided ACI
2025-01-10,13.37,12.811228147704893,13.762240539015554,15.015855813334403,9.0,12.606068059100968,15.221015901938328,0.1600000000000002,Two-sided ACI
2025-01-11,13.14,12.521451335639483,13.515173681427635,14.159972005137142,9.0,12.318481945465232,14.362941395311394,0.1640000000000002,Two-sided ACI
2025-01-12,13.3,12.462813213243258,13.661292384123708,14.504295921983772,9.0,12.279494418195075,14.687614717031956,0.1680000000000002,Two-sided ACI
2025-01-13,13.44,12.996213424855071,14.07124642922426,15.239252318571683,9.0,12.812894629806888,15.422571113619867,0.1720000000000002,Two-sided ACI
2025-01-14,13.44,12.584133609962036,13.224438380039711,14.03613225427376,9.0,12.40427967715827,14.215986187077526,0.1760000000000002,Two-sided ACI
2025-01-15,13.56,12.67241024349056,13.44824319367375,14.678648052016094,9.0,12.496539400999932,14.854518894506722,0.18000000000000022,Two-sided ACI
2025-01-16,13.65,12.264365050574233,13.683613709332473,14.543728510112626,9.0,12.088494208083604,14.719599352603254,0.18400000000000022,Two-sided ACI
2025-01-17,13.05,12.676137341611145,13.585986235325347,14.980544013125375,9.0,12.51584208027165,15.14083927446487,0.18800000000000022,Two-sided ACI
2025-01-18,13.01,11.896923938017242,13.067594333789108,13.892655546547648,9.0,11.765540883553122,14.024038601011767,0.19200000000000023,Two-sided ACI
2025-01-19,13.58,11.376998107881516,12.75543635922127,13.854385637021059,9.0,11.277589984906149,13.953793759996426,0.19600000000000023,Two-sided ACI
2025-01-20,14.21,11.995275181095746,14.16133894590818,15.766139327210556,9.0,11.895867058120379,15.865547450185923,0.20000000000000023,Two-sided ACI
2025-01-21,15.08,12.45741393768697,13.79335286143946,14.653438872856906,9.0,12.379089669990272,14.731763140553605,0.20400000000000024,Two-sided ACI
2025-01-22,14.85,14.15643472551406,14.889101079607208,16.086572168274024,9.0,13.996139464174565,16.24686742961352,0.18800000000000022,Two-sided ACI
2025-01-23,15.06,12.665301785374247,14.35201785034566,15.533589824705812,9.0,12.52229175355906,15.676599856521,0.19200000000000023,Two-sided ACI
2025-01-24,13.5,13.736442469970115,14.622867083014148,15.510740134137773,9.0,13.605059415505995,15.642123188601893,0.19600000000000023,Two-sided ACI
2025-01-25,14.22,12.373170885065807,13.520874387543401,14.661269757922023,9.0,12.19730004257518,14.837140600412651,0.18000000000000022,Two-sided ACI
2025-01-26,15.29,13.65727491716665,14.417549782378913,15.418414243018468,9.0,13.490827373378412,15.584861786806705,0.18400000000000022,Two-sided ACI
2025-01-27,15.9,13.90760968979486,15.663501143544577,16.958382552578666,9.0,13.747314428455365,17.11867781391816,0.18800000000000022,Two-sided ACI
2025-01-28,19.91,14.392140166347026,15.698917672260702,16.54886489352187,9.0,14.249130134531839,16.691874925337057,0.19200000000000023,Two-sided ACI
2025-01-29,17.26,16.69096288902693,18.028966356431415,19.04847769609141,9.0,16.511108956223165,19.228331628895177,0.1760000000000002,Two-sided ACI
2025-01-30,16.33,14.967168163762775,18.001083278587252,18.51628940370955,9.0,14.791297321272147,18.692160246200178,0.18000000000000022,Two-sided ACI
2025-01-31,14.5,14.128692914772943,15.576596666161407,17.370403236935424,9.0,13.952822072282315,17.546274079426052,0.18400000000000022,Two-sided ACI
2025-02-01,14.56,13.405808465891234,14.442554632914293,15.29798674415688,9.0,13.239360922102996,15.464434287945117,0.18800000000000022,Two-sided ACI
2025-02-02,14.79,13.345720052983216,14.712803645368728,15.599531740941774,9.0,13.18542479164372,15.75982700228127,0.19200000000000023,Two-sided ACI
2025-02-03,14.48,13.804235436918416,15.33656048664319,16.77314567728649,9.0,13.66122540510323,16.916155709101677,0.19600000000000023,Two-sided ACI
2025-02-04,14.51,14.108079813772243,15.484167242170352,16.629000555567615,9.0,13.965069781957055,16.772010587382802,0.20000000000000023,Two-sided ACI
2025-02-05,14.5,14.448588216731242,15.140127076825657,15.759788464297156,9.0,14.349180093755875,15.859196587272523,0.20400000000000024,Two-sided ACI
2025-02-06,14.38,13.904308832745844,14.676321944545304,15.64270130617738,9.0,13.84377186416623,15.703238274756993,0.20800000000000024,Two-sided ACI
2025-02-07,14.16,13.923188699841749,13.88882987415072,14.872071392585028,9.0,13.874244187508562,14.921015904918214,0.21200000000000024,Two-sided ACI
2025-02-08,13.64,13.60066759913434,13.710283407556982,14.410098616112197,9.0,13.552306623701593,14.458459591544944,0.21600000000000025,Two-sided ACI
2025-02-09,14.18,13.579758515395142,13.771244942635683,14.478859371281121,9.0,13.541386545233896,14.517231341442367,0.22000000000000025,Two-sided ACI
2025-02-10,14.35,14.137811848358666,14.194187912096922,15.377854194826845,9.0,14.101508412831105,15.414157630354406,0.22400000000000025,Two-sided ACI
2025-02-11,13.98,14.540468700913191,15.1469491493477,15.976559440364854,9.0,14.50416526538563,16.012862875892417,0.22800000000000026,Two-sided ACI
2025-02-12,14.03,14.018236576950919,14.159548258914047,14.895034814875935,9.0,13.969292064617733,14.94397932720912,0.21200000000000024,Two-sided ACI
2025-02-13,14.35,13.417466654311584,14.065546294379686,14.678752992879268,9.0,13.369105678878837,14.727113968312015,0.21600000000000025,Two-sided ACI
2025-02-14,14.04,14.055433875335096,14.037024229011342,15.179958102719713,9.0,14.017215881534296,15.218176096520512,0.22000000000000025,Two-sided ACI
2025-02-15,14.4,12.89463252746048,13.439271668833907,14.344668916524128,9.0,12.85832909193292,14.380972352051689,0.22400000000000025,Two-sided ACI
2025-02-16,14.08,12.957968269644692,13.787939165575391,14.53745565698581,9.0,12.909023757311505,14.586400169318996,0.20800000000000024,Two-sided ACI
2025-02-17,13.75,13.052507729853911,14.624371437858386,16.03181795260015,9.0,13.003563217520725,16.080762464933336,0.21200000000000024,Two-sided ACI
2025-02-18,14.21,12.795943436451331,14.02543245852026,14.614975732306517,9.0,12.757571466290086,14.653347702467762,0.21600000000000025,Two-sided ACI
2025-02-19,14.6,14.133718819462118,14.459155136606803,14.919279024154001,9.0,14.095500825661318,14.9574970179548,0.22000000000000025,Two-sided ACI
2025-02-20,14.74,13.34355011415132,14.229256556063328,14.721854261809312,9.0,13.307246678623759,14.758157697336873,0.22400000000000025,Two-sided ACI
2025-02-21,14.76,14.24312470460283,14.540147611308974,15.630449177736445,9.0,14.206821269075268,15.666752613264006,0.22800000000000026,Two-sided ACI
2025-02-22,14.54,13.87126764935965,14.36140540004105,14.960647808883511,9.0,13.840488797013391,14.99142666122977,0.23200000000000026,Two-sided ACI
2025-02-23,15.16,13.860440842149263,14.63134915766446,15.176772335389213,9.0,13.83989397554178,15.197319201996695,0.23600000000000027,Two-sided ACI
2025-02-24,15.88,14.495273793193563,15.494059146455985,16.526668015014156,9.0,14.474726926586081,16.54721488162164,0.24000000000000027,Two-sided ACI
2025-02-25,14.68,14.537472678026116,15.585781837471455,16.120237061449394,9.0,14.519326939835429,16.138382799640084,0.24400000000000027,Two-sided ACI
2025-02-26,14.7,14.56641906423394,15.333052482900403,16.161778994956762,9.0,14.550985188898844,16.17721287029186,0.24800000000000028,Two-sided ACI
2025-02-27,14.71,13.674614400669316,14.790404343536977,15.093298608148803,9.0,13.686377823718397,15.081535185099723,0.2520000000000003,Two-sided ACI
2025-02-28,13.88,14.252952944267177,14.665592097585778,15.501590402379753,9.0,14.264716367316257,15.489826979330672,0.2560000000000003,Two-sided ACI
2025-03-01,13.76,12.630458425423605,13.715975063999629,14.533267203472946,9.0,12.609911558816123,14.553814070080428,0.24000000000000027,Two-sided ACI
2025-03-02,14.05,13.0534995778447,13.749560769298107,14.463261997146185,9.0,13.033837501368465,14.48292407362242,0.24400000000000027,Two-sided ACI
2025-03-03,13.9,13.80844286022312,14.6754874070492,15.778384799929514,9.0,13.790297122032433,15.796530538120201,0.24800000000000028,Two-sided ACI
2025-03-04,14.08,12.985636820626718,13.52774880405093,14.341236724085807,9.0,12.970202945291621,14.356670599420903,0.2520000000000003,Two-sided ACI
2025-03-05,13.98,13.505467637937457,14.031609440853334,14.742408206775476,9.0,13.49003376260236,14.757842082110573,0.2560000000000003,Two-sided ACI
2025-03-06,13.72,12.973447490492493,13.80506766434517,14.431575888063263,9.0,12.990219825881706,14.41480355267405,0.2600000000000003,Two-sided ACI
2025-03-07,13.41,12.710765475246241,13.115658487049568,14.051347595253056,9.0,12.729160390245877,14.03295268025342,0.2640000000000003,Two-sided ACI
2025-03-08,13.52,12.580624387327601,12.948174114984475,13.480497624011292,9.0,12.599019302327237,13.462102709011656,0.2680000000000003,Two-sided ACI
2025-03-09,13.81,13.36045841775918,13.663789037903467,14.484458317836166,9.0,13.345024542424083,14.499892193171263,0.2520000000000003,Two-sided ACI
2025-03-10,14.11,13.642374489734912,14.383686957838146,15.701978357114776,9.0,13.626940614399816,15.717412232449872,0.2560000000000003,Two-sided ACI
2025-03-11,13.93,13.194176349081516,13.886614907704061,14.600634339039447,9.0,13.205939772130597,14.588870915990366,0.2600000000000003,Two-sided ACI
2025-03-12,14.48,13.356971609307854,13.939624321384638,14.849672929267218,9.0,13.373743944697067,14.832900593878005,0.2640000000000003,Two-sided ACI
2025-03-13,13.53,13.130594510897264,14.17598436630223,14.774780637260765,9.0,13.158594948852226,14.746780199305803,0.2680000000000003,Two-sided ACI
2025-03-14,13.67,13.05387569297054,13.765452931935279,14.749785906140971,9.0,13.0932080938362,14.71045350527531,0.2720000000000003,Two-sided ACI
2025-03-15,13.29,12.158795279955129,12.901341224272254,13.475625899762305,9.0,12.208087526132182,13.426333653585251,0.2760000000000003,Two-sided ACI
2025-03-16,13.17,13.042826196032081,13.567679454553755,14.138532311194654,9.0,13.09423797930084,14.087120527925896,0.2800000000000003,Two-sided ACI
2025-03-17,16.09,13.148293404169596,13.833036189174571,15.091632745374083,9.0,13.207665236074153,15.032260913469527,0.2840000000000003,Two-sided ACI
2025-03-18,12.7,14.174834258297459,14.634011249835634,15.482123842340126,9.0,14.21416665916312,15.442791441474466,0.2680000000000003,Two-sided ACI
2025-03-19,12.51,12.883404775873519,14.173922316074762,15.173475017909238,9.0,12.8951681989226,15.161711594860158,0.2520000000000003,Two-sided ACI
2025-03-20,13.19,11.540347989905321,12.471452781010635,13.213939558261007,9.0,11.519801123297839,13.23448642486849,0.23600000000000027,Two-sided ACI
2025-03-21,13.45,12.701474901184469,13.148545796095357,14.217043021983644,9.0,12.681812824708233,14.236705098459879,0.24000000000000027,Two-sided ACI
2025-03-22,13.18,12.210167799867419,13.29756250777551,13.951153248691073,9.0,12.194733924532322,13.96658712402617,0.24400000000000027,Two-sided ACI
2025-03-23,14.0,12.527882416458166,13.414125518259791,14.25334627423002,9.0,12.539645839507246,14.24158285118094,0.24800000000000028,Two-sided ACI
2025-03-24,16.16,14.20058876155747,15.16810855754806,16.43162884412162,9.0,14.217361096946682,16.414856508732406,0.2520000000000003,Two-sided ACI
2025-03-25,14.73,14.296952787300146,14.825565347700566,15.783572270432115,9.0,14.313725122689359,15.766799935042902,0.2560000000000003,Two-sided ACI
2025-03-26,16.4,13.97008058468124,15.192618672597716,16.24228267399878,9.0,13.994020142942247,16.218343115737774,0.2600000000000003,Two-sided ACI
2025-03-27,15.44,14.271852461249809,15.347080943185754,16.226136837360276,9.0,14.253706723059121,16.24428257555096,0.24400000000000027,Two-sided ACI
2025-03-28,14.67,14.350083491299806,15.606202989204352,16.757935233123195,9.0,14.33464961596471,16.77336910845829,0.24800000000000028,Two-sided ACI
2025-03-29,13.6,13.260055272712108,14.49129464702122,15.38321475210734,9.0,13.271818695761189,15.37145132905826,0.2520000000000003,Two-sided ACI
2025-03-30,13.56,10.164147904300089,12.65211822907962,13.385404026424807,9.0,10.180920239689302,13.368631691035594,0.2560000000000003,Two-sided ACI
2025-03-31,14.33,12.69913720752395,14.878450960623539,15.56076603333257,9.0,12.679475131047715,15.580428109808805,0.24000000000000027,Two-sided ACI
