date,y_true,q10,q50,q90,evaluation_fold,lower,upper,method
2023-01-01,12.68,13.127110447887755,13.998906871626577,14.728589266326765,1.0,12.486927356505186,15.368772357709334,Two-sided PID
2023-01-02,13.33,12.048543232735703,13.711981051776906,15.580247585901054,1.0,11.430546183272254,16.198244635364503,Two-sided PID
2023-01-03,14.08,12.399835312053211,13.146411277216377,13.462750476295161,1.0,11.805182058348773,14.0574037299996,Two-sided PID
2023-01-04,13.92,14.32474423670923,14.351544803985579,15.089904152081264,1.0,13.64028991428266,15.774358474507835,Two-sided PID
2023-01-05,15.98,13.923584549447654,14.080632393046486,14.874583566509333,1.0,13.243888440830547,15.55427967512644,Two-sided PID
2023-01-06,14.44,14.949403633652384,15.325748643008904,16.30128249577338,1.0,14.17965104383717,17.071035085588594,Two-sided PID
2023-01-07,14.65,14.599951326435058,15.310432376244346,16.01581555617938,1.0,13.853814329893142,16.761952552721294,Two-sided PID
2023-01-08,14.33,13.92194877372664,14.240481188551787,14.915768119234992,1.0,13.199735010254757,15.637981882706875,Two-sided PID
2023-01-09,14.04,14.567442428842504,14.831652534283952,16.194550743201063,1.0,13.868560642377497,16.893432529666068,Two-sided PID
2023-01-10,14.32,13.342536804258662,14.086375254717955,15.196928095370737,1.0,12.666399052832825,15.873065846796575,Two-sided PID
2023-01-11,13.96,13.619091760635698,14.260902610817677,15.330443134540952,1.0,12.966015629149679,15.98351926602697,Two-sided PID
2023-01-12,14.13,13.219510846711195,14.2891605792715,14.644446914026291,1.0,12.589817074886506,15.27414068585098,Two-sided PID
2023-01-13,14.35,14.564573961630124,14.40370986477973,14.985274870176221,1.0,13.976398222594852,15.573450609211493,Two-sided PID
2023-01-14,14.23,14.106571737851954,14.645260666066605,14.896831380945414,1.0,13.541075561501534,15.462327557295835,Two-sided PID
2023-01-15,13.8,13.44558170769719,14.426289763929885,14.50227506364078,1.0,12.902643707129043,15.045213064208928,Two-sided PID
2023-01-16,14.35,12.570122943135832,14.142530282636836,15.778563308069604,1.0,12.049624598143472,16.299061653061962,Two-sided PID
2023-01-17,14.69,13.159095307883302,14.161144231654813,14.266592231117881,1.0,12.660920898705372,14.76476664029581,Two-sided PID
2023-01-18,14.29,14.201239141778835,14.4588501306247,14.940521612954743,1.0,13.706561536952798,15.43519921778078,Two-sided PID
2023-01-19,14.66,13.380069786292378,14.184455892442138,14.543583408220606,1.0,12.907492824697693,15.01616036981529,Two-sided PID
2023-01-20,14.07,14.679054394495001,15.121271212906525,15.640714822506178,1.0,14.228470381178408,16.091298835822773,Two-sided PID
2023-01-21,14.11,13.295604334113635,14.235662205810586,14.562328992734212,1.0,12.758303482668563,15.099629844179285,Two-sided PID
2023-01-22,14.43,13.194874950196727,14.069827175508971,14.490989036952362,1.0,12.679650243222337,15.006213743926752,Two-sided PID
2023-01-23,14.31,14.015744995496501,14.78647152064832,15.700440913971644,1.0,13.522486240735061,16.193699668733082,Two-sided PID
2023-01-24,14.57,13.380950255250866,14.121596513011182,14.460146860349592,1.0,12.909549842766369,14.93154727283409,Two-sided PID
2023-01-25,14.16,14.371972997585498,14.635066574933965,15.254161564414911,1.0,13.922776989346561,15.703357572653848,Two-sided PID
2023-01-26,14.35,12.947452120658262,14.338594365958535,14.723080206112401,1.0,12.519906754392695,15.150625572377969,Two-sided PID
2023-01-27,14.46,13.353059450723425,14.270465980198521,14.939801612376119,1.0,12.94706452679565,15.345796536303894,Two-sided PID
2023-01-28,14.24,13.354557366127949,14.490853874364456,14.500815561229286,1.0,12.970015048559832,14.885357878797404,Two-sided PID
2023-01-29,14.65,13.331545926752986,14.16899723716754,14.118385498618057,1.0,12.96836069273639,14.481570732634653,Two-sided PID
2023-01-30,14.61,14.34804621993106,15.040016405243366,15.841712394216973,1.0,13.899755388844303,16.29000322530373,Two-sided PID
2023-01-31,14.84,13.47577064732764,14.455133455252813,14.593634275721689,1.0,13.048898779035978,15.02050614401335,Two-sided PID
2023-02-01,14.91,14.271796865247593,14.928295757843404,16.022026082448402,1.0,13.866246111693107,16.42757683600289,Two-sided PID
2023-02-02,14.48,13.68616040904206,14.810713963753024,15.587368283464295,1.0,13.301835208040988,15.971693484465368,Two-sided PID
2023-02-03,14.31,14.010238011088866,14.829680935511552,15.689567948613965,1.0,13.647045038080277,16.052760921622554,Two-sided PID
2023-02-04,14.07,13.462887887875686,14.355573007826639,15.284264957492807,1.0,13.12073600913791,15.626416836230582,Two-sided PID
2023-02-05,14.47,13.400185913961254,14.395634974665269,15.212445260582097,1.0,13.079437288126245,15.533193886417106,Two-sided PID
2023-02-06,14.16,14.186578129412172,14.846687405557775,16.072978388271885,1.0,13.88669472282008,16.37286179486398,Two-sided PID
2023-02-07,14.21,13.529107056899413,14.351908201992977,15.003187827273214,1.0,13.250004041562729,15.282290842609898,Two-sided PID
2023-02-08,14.16,14.059166490220232,14.349592440786003,15.237816909247503,1.0,13.800761055535428,15.496222343932306,Two-sided PID
2023-02-09,14.42,13.308599566850187,14.055830833167374,14.75514905597204,1.0,13.070810879421622,14.992937743400606,Two-sided PID
2023-02-10,14.18,13.977747615519188,14.363992104685257,14.999449054026915,1.0,13.77921092820488,15.197985741341224,Two-sided PID
2023-02-11,13.98,14.046465060241223,14.18820779161678,14.499643170688415,1.0,13.868389230215136,14.677719000714502,Two-sided PID
2023-02-12,13.96,13.865876237257487,14.27333418001292,14.896346264344405,1.0,13.708186133380329,15.054036368221563,Two-sided PID
2023-02-13,14.03,13.989089609103294,14.536339212699723,15.450426981216083,1.0,13.851711928234336,15.587804662085041,Two-sided PID
2023-02-14,13.83,13.849735952294452,13.982353123413144,14.479295932273912,1.0,13.732599184674127,14.596432699894237,Two-sided PID
2023-02-15,13.83,13.507456828763802,13.991753824037547,14.771979210441675,1.0,13.411783314137283,14.867652725068194,Two-sided PID
2023-02-16,14.23,13.349691954174688,13.823414983439594,13.795556190954612,1.0,13.284969164313502,13.860278980815798,Two-sided PID
2023-02-17,14.14,14.285224636091325,14.212178158845997,15.00803500042744,1.0,14.138214003594546,15.15504563292422,Two-sided PID
2023-02-18,13.94,13.559824421221045,13.904126820210603,14.642089314408164,1.0,13.43292406438081,14.768989671248399,Two-sided PID
2023-02-19,13.81,12.979603198639303,14.159301730872368,14.174054755652069,1.0,12.880554867159429,14.273103087131943,Two-sided PID
2023-02-20,13.77,12.703644970908456,14.065098434051936,15.868822193158753,1.0,12.624568495385809,15.9478986686814,Two-sided PID
2023-02-21,14.11,12.644666724120938,13.76292843463963,13.885550271382588,1.0,12.585495424734695,13.94472157076883,Two-sided PID
2023-02-22,13.97,13.893431562405304,14.088006431502665,14.937402445537163,1.0,13.752804082408407,15.07802992553406,Two-sided PID
2023-02-23,13.98,13.410353360360851,13.900180936883075,14.229602743443522,1.0,13.289638307810305,14.350317795994068,Two-sided PID
2023-02-24,14.31,14.058355479637715,14.523696552265733,15.0640710260375,1.0,13.95748419218175,15.164942313493464,Two-sided PID
2023-02-25,13.6,13.440036811267671,14.008675578940654,14.731764019599158,1.0,13.365350849055275,14.806449981811554,Two-sided PID
2023-02-26,13.61,13.207858825637633,13.912235797548266,14.513109377854583,1.0,13.16141154615605,14.559556657336167,Two-sided PID
2023-02-27,14.3,13.608727084507615,14.019375869558676,15.034098538402162,1.0,13.58192740852554,15.060898214384236,Two-sided PID
2023-02-28,14.3,13.767474821454304,13.94934719036582,14.310284904381245,1.0,13.760260539370762,14.317499186464786,Two-sided PID
2023-03-01,14.2,13.28361764787659,14.05743670703741,15.279600007736489,1.0,13.295928092155156,15.267289563457922,Two-sided PID
2023-03-02,14.03,12.349251361909172,13.900603516251454,14.561587952264231,1.0,12.381027380210282,14.52981193396312,Two-sided PID
2023-03-03,14.04,13.220714937200865,14.08154631028313,15.496396957261995,1.0,13.271898866262049,15.445213028200811,Two-sided PID
2023-03-04,13.38,12.394053172348109,13.585190223869635,14.477132536977331,1.0,12.464588812589133,14.406596896736307,Two-sided PID
2023-03-05,13.39,12.703701649798216,13.634952957360943,14.171324810154223,1.0,12.814315641774824,14.060710818177615,Two-sided PID
2023-03-06,14.23,13.0429599946291,13.83764985527737,15.34650539786877,1.0,13.172817591584677,15.216647800913194,Two-sided PID
2023-03-07,14.13,12.983432009820245,13.87975364010794,14.383465017997505,1.0,13.132481257773446,14.234415770044304,Two-sided PID
2023-03-08,14.14,13.087376008276287,13.96681837156636,14.8347409089901,1.0,13.262830780088512,14.659286137177874,Two-sided PID
2023-03-09,14.43,13.119550024986157,14.032045229661673,14.767367124202053,1.0,13.314096624507501,14.57282052468071,Two-sided PID
2023-03-10,13.79,13.695190636259495,14.370841167743848,15.40403981689158,1.0,13.908781150612016,15.190449302539058,Two-sided PID
2023-03-11,14.43,12.644625159166399,13.816705016695412,14.361685544321695,1.0,12.778104415150386,14.228206288337708,Two-sided PID
2023-03-12,11.46,13.168756454963255,13.97445624777154,14.69549146632166,1.0,13.222814504654625,14.641433416630289,Two-sided PID
2023-03-13,13.31,12.168321726971353,13.51406967008542,14.953966495723982,1.0,12.136295653302236,14.9859925693931,Two-sided PID
2023-03-14,13.06,11.941535994414217,12.759475360054303,14.144554609099853,1.0,11.935867860323484,14.150222743190586,Two-sided PID
2023-03-15,13.3,12.295892448306022,13.608023981247836,14.698911498634722,1.0,12.309259004590132,14.685544942350612,Two-sided PID
2023-03-16,12.77,12.141218750092825,13.39023495629467,14.425336029928706,1.0,12.17356262165797,14.392992158363562,Two-sided PID
2023-03-17,13.06,12.58414154038822,13.466042347551495,14.282560807833173,1.0,12.65005828210897,14.216644066112423,Two-sided PID
2023-03-18,12.98,12.843700783127062,13.419191775973982,13.946049137162687,1.0,12.928484243321149,13.8612656769686,Two-sided PID
2023-03-19,13.89,11.964960355153334,12.843677334812927,13.666184425996512,1.0,12.068557266116747,13.5625875150331,Two-sided PID
2023-03-20,13.96,13.471338502232978,14.298512230253749,15.710310369870795,1.0,13.497604134402462,15.684044737701312,Two-sided PID
2023-03-21,13.67,12.821403802701987,13.831234303351385,14.63817351323818,1.0,12.866471579737794,14.593105736202372,Two-sided PID
2023-03-22,13.8,13.281364797318918,13.94506273255023,14.92901317288868,1.0,13.34517973467785,14.86519823552975,Two-sided PID
2023-03-23,13.94,12.405826862837323,13.270902063951834,13.735431787392459,1.0,12.488335307823602,13.65292334240618,Two-sided PID
2023-03-24,13.54,13.68086718077581,14.346379187630676,15.299842966473825,1.0,13.686108643056727,15.294601504192908,Two-sided PID
2023-03-25,13.23,12.876299328576447,13.875302868426843,14.604426354902994,1.0,12.804782749677555,14.675942933801887,Two-sided PID
2023-03-26,13.65,12.824881602682535,12.847876338857034,13.366595519668797,1.0,12.77211213514527,13.41936498720606,Two-sided PID
2023-03-27,13.27,14.198355717837014,14.753878907283019,15.939301372769027,1.0,14.068703032274584,16.068954058331457,Two-sided PID
2023-03-28,13.46,13.197908385378195,13.150586134426314,13.667125668265903,1.0,12.970462530953458,13.89457152269064,Two-sided PID
2023-03-29,13.5,13.727777932809442,14.124067525682918,15.31557788804003,1.0,13.519183164947927,15.524172655901545,Two-sided PID
2023-03-30,13.93,12.599113009532928,13.658877019148246,14.371874428499849,1.0,12.315045941929842,14.655941496102935,Two-sided PID
2023-03-31,13.82,13.529534732307528,14.096091736156275,15.273685187486475,1.0,13.264353549544937,15.538866370249066,Two-sided PID
2023-04-01,13.93,12.771983877793913,13.751178897334674,14.193980445443028,2.0,12.525618153515603,14.440346169721337,Two-sided PID
2023-04-02,14.48,13.077614781325224,14.184178447984971,14.967901898318157,2.0,12.849995595506075,15.195521084137306,Two-sided PID
2023-04-03,14.37,13.386488329027102,14.692119389278483,15.77487839715841,2.0,13.177548240785125,15.983818485400388,Two-sided PID
2023-04-04,14.58,13.241129914199602,14.341717850653815,15.03736301086329,2.0,13.050802935335959,15.227689989726933,Two-sided PID
2023-04-05,14.67,13.44069347544988,14.296927377722508,14.9352098441615,2.0,13.268915044694658,15.106988274916722,Two-sided PID
2023-04-06,14.83,13.6846533424401,14.764097517425547,15.426852179998718,2.0,13.53136030038239,15.580145222056428,Two-sided PID
2023-04-07,14.77,13.87872882473603,14.851647317895544,15.747487554535176,2.0,13.743859389417647,15.882356989853559,Two-sided PID
2023-04-08,13.9,13.672787423376995,14.649935753983655,15.438615250325839,2.0,13.556281166529947,15.555121507172887,Two-sided PID
2023-04-09,14.8,13.388589613318095,14.396020746937076,15.28873983562432,2.0,13.290387437226547,15.386942011715867,Two-sided PID
2023-04-10,15.1,14.123944016743849,14.99880900964908,16.20072650158758,2.0,14.043988131712103,16.280682386619326,Two-sided PID
2023-04-11,15.61,13.933566279449735,15.038631424971708,15.945029288497118,2.0,13.89038797332718,15.988207594619674,Two-sided PID
2023-04-12,15.56,14.377818619230927,15.506448090184726,16.488108730834227,2.0,14.352774861632392,16.513152488432763,Two-sided PID
2023-04-13,15.33,14.093101529467257,15.518131086997677,16.455725322246035,2.0,14.086138325360828,16.462688526352462,Two-sided PID
2023-04-14,14.49,14.366882845529686,15.343188760856377,16.455665613210876,2.0,14.377947423487216,16.444601035253346,Two-sided PID
2023-04-15,13.42,13.004232678127638,14.134924503917446,15.01500632062257,2.0,13.033273470566794,14.985965528183414,Two-sided PID
2023-04-16,15.84,13.052929924833837,14.054935300946795,15.096528376597654,2.0,13.099896548767868,15.049561752663623,Two-sided PID
2023-04-17,15.86,14.929051298972613,15.604203629577505,17.214869357485803,2.0,14.883615720862892,17.260304935595524,Two-sided PID
2023-04-18,15.43,14.886816995037002,15.865652375480675,17.080180261551256,2.0,14.859304302531472,17.107692954056787,Two-sided PID
2023-04-19,15.64,14.969346083389151,15.770377941631523,17.12637316643962,2.0,14.95970441517707,17.136014834651704,Two-sided PID
2023-04-20,14.6,14.76209960282155,15.791439795849154,16.76423148097702,2.0,14.78886606186418,16.73746502193439,Two-sided PID
2023-04-21,14.59,14.289508453498879,15.186445386577688,16.77391088635621,2.0,14.243070633944376,16.82034870591071,Two-sided PID
2023-04-22,13.14,13.377162025592456,14.290202874892124,15.719162967597828,2.0,13.348544501789736,15.74778049140055,Two-sided PID
2023-04-23,14.1,13.415894290673162,14.33743979044533,15.609563563815806,2.0,13.314551128556262,15.710906725932706,Two-sided PID
2023-04-24,15.83,14.31153584881525,14.870675343724304,16.896412912657564,2.0,14.228020929108615,16.9799278323642,Two-sided PID
2023-04-25,14.77,14.776782136000886,15.53653229155369,16.778855981919435,2.0,14.711040707929499,16.844597409990822,Two-sided PID
2023-04-26,15.0,14.51269620882518,15.583537110126208,16.643276381745117,2.0,14.464674709505244,16.69129788106505,Two-sided PID
2023-04-27,15.34,13.494895041071754,14.718860389947661,15.769315022776311,2.0,13.467869280503939,15.796340783344126,Two-sided PID
2023-04-28,15.02,14.8116134626821,15.600169876353931,16.666325779743467,2.0,14.802838147075494,16.675101095350072,Two-sided PID
2023-04-29,15.27,14.067386203209441,14.92878824593005,16.086715238436664,2.0,14.081393487541927,16.072707954104178,Two-sided PID
2023-04-30,15.99,14.893073429149593,15.803846538830873,17.16349559415839,2.0,14.924597892826903,17.13197113048108,Two-sided PID
2023-05-01,17.56,15.524903288044966,17.012069690909215,18.879862729163854,2.0,15.577922219458117,18.8268437977507,Two-sided PID
2023-05-02,17.92,15.693970657881373,17.29778276437858,19.12101443711084,2.0,15.767013008562113,19.0479720864301,Two-sided PID
2023-05-03,19.97,16.461078885274674,18.30321192514319,20.268511611620696,2.0,16.551497932190138,20.17809256470523,Two-sided PID
2023-05-04,18.69,17.072527779832313,19.097730865686827,21.30775246884491,2.0,17.18027881113818,21.200001437539044,Two-sided PID
2023-05-05,20.01,16.89755734912827,19.156725816698433,21.437385645096423,2.0,17.02259668444636,21.312346309778334,Two-sided PID
2023-05-06,20.04,16.832163844879922,18.603841738384858,20.534167296040692,2.0,16.97444882000793,20.391882320912686,Two-sided PID
2023-05-07,20.19,17.971192303431963,20.077376869419922,21.925012620548184,2.0,18.130681255430265,21.765523668549882,Two-sided PID
2023-05-08,23.44,18.564714658420904,20.80911231324911,23.145359709078857,2.0,18.747802317757213,22.96227204974255,Two-sided PID
2023-05-09,22.47,19.769505204513123,21.930530664530185,23.89280969824852,2.0,19.874525181391494,23.78778972137015,Two-sided PID
2023-05-10,19.44,20.755496811772275,23.155081615670348,25.102473700604477,2.0,20.884096723830773,24.97387378854598,Two-sided PID
2023-05-11,17.17,17.049323901420365,19.879745286541574,22.180281842214384,2.0,17.10683021622919,22.122775527405558,Two-sided PID
2023-05-12,17.35,14.14019794297478,17.02255205474544,19.696761650965097,2.0,14.215806918363596,19.62115267557628,Two-sided PID
2023-05-13,16.66,13.600211654824147,16.40803041018187,18.378358829390084,2.0,13.69290959996372,18.28566088425051,Two-sided PID
2023-05-14,15.52,16.085143566908123,18.385622021001513,20.388764469173214,2.0,16.229067632527126,20.24484040355421,Two-sided PID
2023-05-15,17.38,14.002608840702361,17.052300553071497,20.08315434287631,2.0,14.041834841049756,20.043928342528915,Two-sided PID
2023-05-16,17.34,17.04770772659502,18.48962952399334,20.425269642800195,2.0,17.10397088101376,20.36900648838146,Two-sided PID
2023-05-17,18.93,17.55469890085819,19.027263767575953,21.263840089295613,2.0,17.662135073112452,21.156403917041352,Two-sided PID
2023-05-18,17.89,17.283437742846186,18.994457664424832,21.07113978132274,2.0,17.40782285065403,20.946754673514896,Two-sided PID
2023-05-19,17.6,16.70347586873553,18.734249072588007,20.959453649618748,2.0,16.853055412253653,20.809874106100626,Two-sided PID
2023-05-20,16.54,16.125191947431023,17.84599267597579,19.616168702850178,2.0,16.291636098947162,19.44972455133404,Two-sided PID
2023-05-21,18.04,15.973616707854625,17.664063852412813,20.027456923753398,2.0,16.16900505455416,19.832068577053864,Two-sided PID
2023-05-22,21.29,17.46555643790621,19.464865170436617,22.300806830256594,2.0,17.677728843765728,22.088634424397075,Two-sided PID
2023-05-23,21.68,18.257737920373877,20.632442992520957,22.91238450967733,2.0,18.486655494383584,22.683466935667624,Two-sided PID
2023-05-24,21.97,19.874841988487923,22.224240162548224,24.53801582702723,2.0,20.120466744628146,24.292391070887007,Two-sided PID
2023-05-25,21.86,19.166716627822595,21.56458485250618,24.265237946272762,2.0,19.429011472488888,24.00294310160647,Two-sided PID
2023-05-26,22.37,19.745079195431845,21.94741308469647,24.853889778482596,2.0,20.024007915160208,24.574961058754234,Two-sided PID
2023-05-27,20.84,18.943458518272195,21.244935150593964,23.92823717510412,2.0,19.2437404073465,23.627955286029813,Two-sided PID
2023-05-28,19.02,17.93658917328616,20.527324708469635,22.68960556940727,2.0,18.257792558587322,22.368402184106106,Two-sided PID
2023-05-29,21.61,17.749774262159686,20.57879034297168,24.165970705992596,2.0,18.087508044568896,23.828236923583386,Two-sided PID
2023-05-30,23.17,19.027595416481198,21.51105497429186,23.63038366670157,2.0,19.38182678608831,23.276152297094455,Two-sided PID
2023-05-31,24.35,21.463360187716784,23.62661825322351,25.737408097085773,2.0,21.83405715762054,25.36671112718202,Two-sided PID
2023-06-01,22.03,24.131253387803433,25.954931419302433,26.24898257789073,2.0,24.51838478348478,25.86185118220938,Two-sided PID
2023-06-02,19.68,22.354770251230313,24.496974287888648,25.014633783192366,2.0,22.66782436219852,24.70157967222416,Two-sided PID
2023-06-03,17.95,20.86685987197073,22.204390149857982,23.066220511828952,2.0,21.10602013025168,22.827060253548,Two-sided PID
2023-06-04,16.8,18.35742922692332,20.05233825225176,21.490180988619713,2.0,18.51585137661361,21.33175883892942,Two-sided PID
2023-06-05,19.17,13.67965233871124,17.60293831115104,19.034461359938184,2.0,13.761632821505577,18.95248087714385,Two-sided PID
2023-06-06,18.09,20.881593211622683,22.535912651869662,22.488668507388663,2.0,20.90411719497602,22.466144524035325,Two-sided PID
2023-06-07,19.57,21.227366115292483,22.8694397340502,23.737543952136008,2.0,21.174212415142545,23.790697652285946,Two-sided PID
2023-06-08,20.02,21.108848548777242,22.40190217181484,23.365081973109607,2.0,20.98860804182309,23.48532248006376,Two-sided PID
2023-06-09,20.81,21.527079694052574,22.796392461253372,23.554559080563106,2.0,21.30582351166592,23.77581526294976,Two-sided PID
2023-06-10,18.72,20.62173258972987,22.092621768984365,22.70666596727575,2.0,20.33287334814139,22.99552520886423,Two-sided PID
2023-06-11,18.01,20.977345109922783,21.907263326828108,22.70079742366231,2.0,20.61556914419422,23.06257338939087,Two-sided PID
2023-06-12,18.52,17.573672947524866,19.658119849993664,20.905198870085474,2.0,17.142918652090977,21.335953165519363,Two-sided PID
2023-06-13,17.73,19.637405423706735,20.84959840632235,20.92198805309886,2.0,19.223635686495523,21.335757790310073,Two-sided PID
2023-06-14,18.74,19.591214213559955,21.11627377978634,21.70463634529396,2.0,19.10722044596932,22.188630112884596,Two-sided PID
2023-06-15,18.05,20.381182987150297,21.572863543557244,22.163898261729706,2.0,19.825794788798092,22.71928646008191,Two-sided PID
2023-06-16,17.62,20.114710830414257,21.193932982162856,22.026556378691772,2.0,19.49248449210114,22.648782717004888,Two-sided PID
2023-06-17,16.89,17.79234860874257,18.870185615882757,18.855788913147965,2.0,17.100517518250598,19.54762000363994,Two-sided PID
2023-06-18,17.03,17.954851134253914,19.21672274244703,19.201140622296922,2.0,17.18724034379858,19.968751412752255,Two-sided PID
2023-06-19,20.96,18.867148875168592,20.5629623712996,22.229572248535458,2.0,18.023773181387124,23.072947942316926,Two-sided PID
2023-06-20,20.52,20.050100572781588,21.920130926421805,22.491987925214115,2.0,19.224542209662975,23.31754628833273,Two-sided PID
2023-06-21,21.87,22.078803867441287,23.46731425195801,23.924945646114196,2.0,21.270977712721802,24.73277180083368,Two-sided PID
2023-06-22,20.41,22.09768035836284,23.667298860720898,24.770993910906483,2.0,21.307502776819913,25.56117149244941,Two-sided PID
2023-06-23,23.48,21.542304476346946,23.481746318485534,24.733636086786998,2.0,20.650204907166,25.625735655967944,Two-sided PID
2023-06-24,23.34,22.574149607977716,23.985606361237128,25.200628990238222,2.0,21.699797497231152,26.074981100984786,Two-sided PID
2023-06-25,23.69,22.88888140660717,24.78048340731173,25.593168995752894,2.0,22.03219186005196,26.449858542308103,Two-sided PID
2023-06-26,27.95,24.988953951561754,26.466843429068316,27.529705339221174,2.0,24.14984354860441,28.36881574217852,Two-sided PID
2023-06-27,27.44,26.286562343961844,28.040511687774224,28.82820828079486,2.0,25.46362762027805,29.651143004478655,Two-sided PID
2023-06-28,30.27,27.39107422443211,29.913224113794733,30.70986596431026,2.0,26.585556115224154,31.515384073518216,Two-sided PID
2023-06-29,28.94,27.45296128378445,30.18386001819303,31.549515921979044,2.0,26.664780627783287,32.3376965779802,Two-sided PID
2023-06-30,27.38,28.392037177041182,31.048971901589145,32.03375043439332,2.0,27.621116181106196,32.804671430328305,Two-sided PID
2023-07-01,26.61,25.101592568833127,28.28074744749491,29.735080520267513,3.0,24.26551853781201,30.57115455128863,Two-sided PID
2023-07-02,25.9,24.886171520445245,27.812437718093967,29.52709293541139,3.0,24.06744605221525,30.345818403641385,Two-sided PID
2023-07-03,29.6,24.579515828391784,28.68178362184971,30.51469818282189,3.0,23.779381431440143,31.31483257977353,Two-sided PID
2023-07-04,24.94,25.381405823588754,29.230503060508212,30.97843296570941,3.0,24.59846338258936,31.7613754067088,Two-sided PID
2023-07-05,22.58,24.747660348493813,29.026116131047907,30.490815714624034,3.0,23.980512079806253,31.257963983311594,Two-sided PID
2023-07-06,21.59,22.249271951738653,25.33726402368444,26.944147403452703,3.0,21.40624677236039,27.787172582830962,Two-sided PID
2023-07-07,23.18,20.806760230487082,23.826323574870088,26.226019966661774,3.0,19.97483562840617,27.057944568742688,Two-sided PID
2023-07-08,21.45,21.199304202072778,24.00230589881626,25.555703491430755,3.0,20.384504820250594,26.37050287325294,Two-sided PID
2023-07-09,22.46,21.03711126883629,23.925097202379604,25.655536962820555,3.0,20.245463070400866,26.44718516125598,Two-sided PID
2023-07-10,26.14,22.76504240385339,25.41838749152987,27.79230365565874,3.0,21.990368454207715,28.566977605304412,Two-sided PID
2023-07-11,28.12,24.742227310684243,26.880698369424728,28.19242898094337,3.0,23.984454045907288,28.950202245720323,Two-sided PID
2023-07-12,30.56,25.7064159887163,28.94254397732911,30.667590397332294,3.0,24.965471095949137,31.408535290099458,Two-sided PID
2023-07-13,30.3,26.34479373211603,30.048398637965406,32.06120677412987,3.0,25.620606127634403,32.7853943786115,Two-sided PID
2023-07-14,31.84,27.264384499894987,30.886426288445755,33.312365505508446,3.0,26.556884307709478,34.01986569769395,Two-sided PID
2023-07-15,30.36,26.8316572818849,30.64563070810904,32.820251353368164,3.0,26.140775812853775,33.51113282239929,Two-sided PID
2023-07-16,29.97,26.354721685450507,30.221786218194808,32.51457181775926,3.0,25.680391416890846,33.188902086318926,Two-sided PID
2023-07-17,34.1,28.50045495307908,31.95914084148678,34.07499390799275,3.0,27.85384531945222,34.72160354161961,Two-sided PID
2023-07-18,31.19,30.388135761328883,33.175311498070755,34.20955449829245,3.0,29.757945703036988,34.83974455658434,Two-sided PID
2023-07-19,31.69,30.443320247527932,33.49151606420517,34.307163195234416,3.0,29.829485623708067,34.92099781905428,Two-sided PID
2023-07-20,26.56,29.08939348820612,31.669670447838907,32.47297347142289,3.0,28.491851247609816,33.070515712019194,Two-sided PID
2023-07-21,26.09,25.36343342298538,28.719418009717174,30.140639422168405,3.0,24.691946784953924,30.812126060199862,Two-sided PID
2023-07-22,27.63,24.310638454072446,26.941377282909063,28.437483852688107,3.0,23.655506758549265,29.09261554821129,Two-sided PID
2023-07-23,28.88,25.454519694249207,27.827243858654075,29.269801032587395,3.0,24.815678862992844,29.90864186384376,Two-sided PID
2023-07-24,31.83,28.41410338996662,31.11672418212612,32.82422093514146,3.0,27.791490425474485,33.446833899633596,Two-sided PID
2023-07-25,29.81,28.782658541233147,31.408840603782487,32.36643843172371,3.0,28.187447319417927,32.96164965353893,Two-sided PID
2023-07-26,30.93,29.792924094192003,32.920924937754805,34.161256544719464,3.0,29.213817915113605,34.74036272379786,Two-sided PID
2023-07-27,28.21,27.74007136567562,30.69229228540549,32.47414337127269,3.0,27.177010368216834,33.03720436873148,Two-sided PID
2023-07-28,27.28,25.549075878158597,28.93336108999103,31.103738035195043,3.0,25.00200121273417,31.65081270061947,Two-sided PID
2023-07-29,26.37,24.751619781285605,27.826787417100622,29.20376874955188,3.0,24.221795083511253,29.733593447326232,Two-sided PID
2023-07-30,27.64,25.208461211860495,28.070245931606962,29.512533473593095,3.0,24.69450811664525,30.02648656880834,Two-sided PID
2023-07-31,28.7,27.326567561568417,30.3532122209728,32.4085502133138,3.0,26.864147423558844,32.87097035132338,Two-sided PID
2023-08-01,22.75,24.82978919885724,27.541676203964567,29.145879994919568,3.0,24.38312978902314,29.59253940475367,Two-sided PID
2023-08-02,23.26,19.588132566196624,23.790288076220328,25.65718844732768,3.0,19.044306651487503,26.2010143620368,Two-sided PID
2023-08-03,20.83,22.170876029492753,24.466095904588677,26.210135054128404,3.0,21.678575609616775,26.702435474004382,Two-sided PID
2023-08-04,22.6,18.10644750498581,20.253143437259812,22.82755354639561,3.0,17.51710975854912,23.4168912928323,Two-sided PID
2023-08-05,22.19,20.379677555384653,22.553039176368056,23.902868691429642,3.0,19.806200299387434,24.47634594742686,Two-sided PID
2023-08-06,22.63,22.33455873495714,24.22445533276085,25.640110581818504,3.0,21.776884154560673,26.197785162214974,Two-sided PID
2023-08-07,24.34,24.608241368141968,25.991610059824133,28.15858184436841,3.0,24.06631261239325,28.700510600117127,Two-sided PID
2023-08-08,22.58,24.568626938990473,25.073448912898005,26.831623373417443,3.0,24.04238810553589,27.357862206872028,Two-sided PID
2023-08-09,24.93,23.241405675829725,24.63941343553655,25.99358137721781,3.0,22.65296917278318,26.582017880264356,Two-sided PID
2023-08-10,24.97,23.0503195920692,24.242633335734553,26.04128608054201,3.0,22.477624284608055,26.613981388003157,Two-sided PID
2023-08-11,27.54,24.7988682813144,26.109033871427414,27.753020028759835,3.0,24.241857338032496,28.31003097204174,Two-sided PID
2023-08-12,26.52,25.30516336406869,26.980598599096034,28.370442557323432,3.0,24.76378089477511,28.911825026617013,Two-sided PID
2023-08-13,25.22,25.480458516438006,27.962167743071774,29.43101089491995,3.0,24.95597104734282,29.955498364015135,Two-sided PID
2023-08-14,28.83,25.76284901178546,28.121506123518177,29.992880443915574,3.0,25.267722623268483,30.48800683243255,Two-sided PID
2023-08-15,27.94,26.00820716420493,27.41613433255172,28.940315718862806,3.0,25.536329931725792,29.412192951341943,Two-sided PID
2023-08-16,30.78,27.006932883723678,28.973964211901652,30.424836394926707,3.0,26.550469685492036,30.88129959315835,Two-sided PID
2023-08-17,29.98,27.57283309040546,29.405364134320948,30.434680995027982,3.0,27.131732526759663,30.87578155867378,Two-sided PID
2023-08-18,31.48,28.76933126147724,30.92771477955245,32.00297049109223,3.0,28.343542789946582,32.42875896262289,Two-sided PID
2023-08-19,29.04,28.786059063877556,31.004131881183113,31.781992020548685,3.0,28.37553298623841,32.192518098187826,Two-sided PID
2023-08-20,28.99,27.142676980068636,29.9141867943391,31.074126254562827,3.0,26.74736442968318,31.469438804948282,Two-sided PID
2023-08-21,31.96,28.40213205692916,30.681961643872896,32.198497618222284,3.0,28.02198498635956,32.57864468879189,Two-sided PID
2023-08-22,30.93,28.937872786333664,30.784608941009928,31.662984612137265,3.0,28.57284395522485,32.02801344324608,Two-sided PID
2023-08-23,32.08,30.049473684692913,32.43418205028305,33.24931689144038,3.0,29.713609440076954,33.585181136056335,Two-sided PID
2023-08-24,29.64,29.56192493457533,32.04422358230611,32.8656880817997,3.0,29.24108682279238,33.18652619358265,Two-sided PID
2023-08-25,26.8,28.923991890211674,31.718710248381132,32.93884594864248,3.0,28.62733872072405,33.23549911813011,Two-sided PID
2023-08-26,22.19,23.497463626561313,26.55913815284171,27.921167483479874,3.0,23.141451557341888,28.277179552699298,Two-sided PID
2023-08-27,21.92,21.522924497968617,24.7590770925728,26.530031859501193,3.0,21.09844751823265,26.95450883923716,Two-sided PID
2023-08-28,23.62,21.65841504432917,24.413044399143455,27.001118857502256,3.0,21.249031260014885,27.410502641816542,Two-sided PID
2023-08-29,23.17,21.744962070669235,24.21665950763975,25.68867253059088,3.0,21.350623354189377,26.083011247070736,Two-sided PID
2023-08-30,25.63,24.01750633053983,26.43457005006762,27.756956836251106,3.0,23.647369048028512,28.127094118762425,Two-sided PID
2023-08-31,25.59,24.705649150407638,26.441739301736558,27.398958331075196,3.0,24.35046305400945,27.754144427473385,Two-sided PID
2023-09-01,29.1,24.642641687324783,26.952011406286548,28.57993643884956,3.0,24.30236099984811,28.920217126326236,Two-sided PID
2023-09-02,26.16,24.57055114608019,26.92658437265493,28.197604578205304,3.0,24.162297436963225,28.60585828732227,Two-sided PID
2023-09-03,24.25,22.43246160691912,26.272935082961563,27.774541402289476,3.0,22.039146780628606,28.16785622857999,Two-sided PID
2023-09-04,26.51,21.330964911534387,25.305194901557513,28.244848753547654,3.0,20.961746073749108,28.614067591332933,Two-sided PID
2023-09-05,25.87,22.1064467249836,25.264093212018224,26.615571554983212,3.0,21.752074350289075,26.969943929677736,Two-sided PID
2023-09-06,30.2,24.315546929278582,27.136989940521172,28.278571452444183,3.0,23.98536003893983,28.608758342782934,Two-sided PID
2023-09-07,26.67,25.94176166159153,28.589715666389864,29.734132054781313,3.0,25.543825002760105,30.13206871361274,Two-sided PID
2023-09-08,30.07,26.232195083091593,29.03702602542858,30.426175733634317,3.0,25.84909272287926,30.80927809384665,Two-sided PID
2023-09-09,27.01,26.321279540078322,28.122487214280085,28.970779717975653,3.0,25.952965607471256,29.33909365058272,Two-sided PID
2023-09-10,23.03,24.22952777780022,26.76802624331622,28.280538056713624,3.0,23.875957151468935,28.63410868304491,Two-sided PID
2023-09-11,24.51,21.53874640509791,24.152779375075117,26.66154245910866,3.0,21.127129564126307,27.073159300080263,Two-sided PID
2023-09-12,24.24,21.21393335731012,23.34379508338973,24.650243622413498,3.0,20.817093704890645,25.04708327483297,Two-sided PID
2023-09-13,25.61,23.595201515483375,25.982783899488336,27.248569716843843,3.0,23.213093141364826,27.63067809096239,Two-sided PID
2023-09-14,22.9,22.921010688045538,25.11157570344038,26.45232034187319,3.0,22.55358842621235,26.819742603706377,Two-sided PID
2023-09-15,22.96,22.534361093072302,25.341389075486468,26.84233258164993,3.0,22.181580511089567,27.195113163632666,Two-sided PID
2023-09-16,22.41,22.42336031895237,24.108566907880473,24.870982917675185,3.0,22.094561800316793,25.19978143631076,Two-sided PID
2023-09-17,23.47,21.001095702988565,22.526239284251915,23.741344299160893,3.0,20.68685215856487,24.055587843584586,Two-sided PID
2023-09-18,26.18,22.604367569972283,24.327351254480963,25.88648029550381,3.0,22.304636706340066,26.186211159136025,Two-sided PID
2023-09-19,24.34,23.766463888845916,25.40953145069987,26.119144829348414,3.0,23.471820012938696,26.413788705255634,Two-sided PID
2023-09-20,25.91,23.852430031207554,26.318912759029335,27.182218558309742,3.0,23.581600411852296,27.453048177665,Two-sided PID
2023-09-21,24.73,23.25514871832474,25.24939827380525,26.26121902665391,3.0,23.00203722434087,26.51433052063778,Two-sided PID
2023-09-22,27.11,23.242427987244085,25.822307788990877,27.01457131567197,3.0,23.004300991411412,27.25269831150464,Two-sided PID
2023-09-23,25.21,23.034003131506015,25.325584218111885,26.36109403156304,3.0,22.815403979571215,26.57969318349784,Two-sided PID
2023-09-24,24.38,22.998495181376907,25.10030306401151,26.107995846617545,3.0,22.79416917666778,26.312321851326672,Two-sided PID
2023-09-25,27.39,23.544052592513363,25.302798038010383,26.939991411482836,3.0,23.353962098881336,27.130081905114864,Two-sided PID
2023-09-26,25.5,23.80359494180309,25.374521593854215,26.600643066595683,3.0,23.551308711998896,26.85292929639988,Two-sided PID
2023-09-27,26.39,24.11203680734998,26.270035935467416,27.567962344883732,3.0,23.874005087277066,27.805994064956646,Two-sided PID
2023-09-28,25.83,23.45587775830065,25.152304480484535,26.202806931802677,3.0,23.23727860636585,26.421406083737477,Two-sided PID
2023-09-29,26.3,24.656168376343242,26.331130053155164,27.228581244737427,3.0,24.451747640732073,27.433001980348596,Two-sided PID
2023-09-30,24.24,23.74507055117696,25.376414765720945,26.043085981068707,3.0,23.554791127648244,26.23336540459742,Two-sided PID
2023-10-01,23.85,21.60449999389941,22.765383621116733,23.615091528399436,4.0,21.432350585779524,23.78724093651932,Two-sided PID
2023-10-02,24.6,22.254433577770886,23.59864197293789,25.12777862068237,4.0,22.02171220233557,25.360499996117685,Two-sided PID
2023-10-03,21.52,21.202417376579046,22.076077549838242,22.63581718228871,4.0,20.983818224644246,22.85441633422351,Two-sided PID
2023-10-04,22.28,20.389313623142858,21.697957718147105,22.662081147970888,4.0,20.184799497964846,22.8665952731489,Two-sided PID
2023-10-05,21.2,20.204392500380468,20.885221624575607,21.789419748714554,4.0,20.013926818128716,21.979885430966306,Two-sided PID
2023-10-06,20.13,20.512037425168057,21.596707418862128,22.510192160144413,4.0,20.335584206907633,22.686645378404837,Two-sided PID
2023-10-07,18.63,19.0757753402134,19.56616622369364,20.193510558072052,4.0,18.837930141464707,20.431355756820746,Two-sided PID
2023-10-08,19.75,17.02809432537672,18.101295784019438,19.004936221459033,4.0,16.73357929145496,19.299451255380795,Two-sided PID
2023-10-09,20.65,17.772923323760487,19.720427133708988,21.77409876430453,4.0,17.419155045632024,22.127867042432992,Two-sided PID
2023-10-10,18.99,18.077283090129924,19.50074204098436,20.221729193442485,4.0,17.740998340786703,20.558013942785706,Two-sided PID
2023-10-11,18.47,18.661540061193023,19.390493514093194,20.25341117937622,4.0,18.33937006906282,20.57558117150642,Two-sided PID
2023-10-12,16.46,16.76453392400341,17.541367733753464,18.10448147153366,4.0,16.456438763624373,18.412576631912696,Two-sided PID
2023-10-13,16.2,16.519335189191473,17.315315645928653,18.02506885011529,4.0,16.221947364153174,18.32245667515359,Two-sided PID
2023-10-14,15.44,14.870633360145181,15.297427530126715,15.948893640111132,4.0,14.510552722351598,16.308974277904717,Two-sided PID
2023-10-15,16.26,15.056236575245926,15.632690638161403,16.38019660635506,4.0,14.710218124500798,16.726215057100188,Two-sided PID
2023-10-16,17.31,16.146206193789077,17.017859754997584,18.40204659349824,4.0,15.81420994947712,18.734042837810197,Two-sided PID
2023-10-17,17.14,15.846064571022698,16.379998800364163,16.86456514427074,4.0,15.528051181422976,17.182578533870462,Two-sided PID
2023-10-18,16.86,16.26646581275144,17.11940061203397,17.95601999357651,4.0,15.960142992608551,18.262342813719403,Two-sided PID
2023-10-19,14.32,15.060898111532971,16.091569200748374,16.450020158553244,4.0,14.768481295763653,16.742436974322562,Two-sided PID
2023-10-20,16.56,14.011533782146156,14.867086230188601,15.698709228346324,4.0,13.654773090205191,16.05546992028729,Two-sided PID
2023-10-21,15.14,14.101094837486404,14.61296766289188,15.058475534382465,4.0,13.675188077917966,15.484382293950903,Two-sided PID
2023-10-22,15.06,14.092496119898783,15.306284579281966,15.79874816522382,4.0,13.680589410949107,16.210654874173496,Two-sided PID
2023-10-23,15.79,14.807617281427008,15.862388246801476,17.13145340798576,4.0,14.409669916364717,17.52940077304805,Two-sided PID
2023-10-24,15.0,14.519303602983083,15.22822055699644,15.773065883314459,4.0,14.135275503926684,16.15709398237086,Two-sided PID
2023-10-25,14.53,14.423398036221062,15.347761638037792,15.928086551030653,4.0,14.053249745661056,16.29823484159066,Two-sided PID
2023-10-26,13.71,12.847647071251743,13.503750630805325,14.122950919944321,4.0,12.49133974374066,14.479258247455403,Two-sided PID
2023-10-27,13.69,13.551244125123262,13.918557798574868,14.578703539574322,4.0,13.208739519129818,14.921208145567766,Two-sided PID
2023-10-28,13.31,12.968608822860116,13.104977303639664,13.439709842515137,4.0,12.639869292783771,13.768449372591482,Two-sided PID
2023-10-29,13.82,12.84470397461121,13.025963018373588,13.36658110917792,4.0,12.529692462953538,13.681592620835593,Two-sided PID
2023-10-30,13.67,13.957712691151752,14.264640431103311,15.472466803453855,4.0,13.580477130621336,15.849702363984271,Two-sided PID
2023-10-31,13.76,13.474707222284604,13.82396957357431,14.488862221800371,4.0,13.104030389961828,14.859539054123147,Two-sided PID
2023-11-01,13.8,13.574947081859666,14.089103904457975,14.936991042014611,4.0,13.217984760970982,15.293953362903295,Two-sided PID
2023-11-02,13.73,12.84916840692079,13.510802565874378,14.065946761068021,4.0,12.513076964858673,14.402038203130138,Two-sided PID
2023-11-03,13.49,13.304551908513389,14.0342751616395,14.901685682803343,4.0,12.982101314042115,15.224136277274617,Two-sided PID
2023-11-04,13.49,12.561293217311455,13.303029372074082,13.876234353433318,4.0,12.252447495857576,14.185080074887198,Two-sided PID
2023-11-05,14.35,13.345960612523825,13.938680695313487,14.449144780867037,4.0,13.050684351262419,14.744421042128444,Two-sided PID
2023-11-06,13.8,13.9296595571845,14.85011963403905,16.073719837248845,4.0,13.647917897854477,16.35546149657887,Two-sided PID
2023-11-07,13.99,13.293830568644847,14.076000668941074,14.586188732901498,4.0,13.033372052206841,14.846647249339503,Two-sided PID
2023-11-08,14.11,13.435261198988545,13.86440403763688,14.835652412115431,4.0,13.188269203602594,15.082644407501382,Two-sided PID
2023-11-09,13.76,11.30098543732465,12.912325244784105,13.267430112214944,4.0,11.067426726684275,13.50098882285532,Two-sided PID
2023-11-10,13.28,12.304583522534376,13.681903548059596,14.715877040252344,4.0,12.009475894199868,15.010984668586852,Two-sided PID
2023-11-11,13.02,11.738930962993294,13.060907918488969,13.754088520030736,4.0,11.457273390162303,14.035746092861727,Two-sided PID
2023-11-12,13.7,12.695379683062441,13.1246960026033,14.059715075551747,4.0,12.427138314920475,14.327956443693713,Two-sided PID
2023-11-13,14.39,13.344985870133723,13.913049170111453,15.297647451482764,4.0,13.090127386167369,15.552505935449117,Two-sided PID
2023-11-14,13.73,13.564122224539894,13.868518309919972,14.647687722182198,4.0,13.322613827933687,14.889196118788405,Two-sided PID
2023-11-15,13.69,13.344027993937077,14.11387678445713,15.262865234361799,4.0,13.115837405095998,15.491055823202878,Two-sided PID
2023-11-16,13.93,12.6618839938566,13.43837830152754,14.202785551492662,4.0,12.44697944405154,14.417690101297723,Two-sided PID
2023-11-17,13.44,12.634591838777535,13.105843105082545,14.117716467067511,4.0,12.432942063911069,14.319366241933977,Two-sided PID
2023-11-18,12.94,12.73843018600314,13.297228345270305,13.992859059799443,4.0,12.550004420493076,14.181284825309506,Two-sided PID
2023-11-19,13.37,12.752895375348668,13.253598819339551,14.178027668647792,4.0,12.577663346126862,14.353259697869598,Two-sided PID
2023-11-20,13.6,13.339122193626581,13.9551456982447,15.392740533555283,4.0,13.177054114250593,15.554808612931271,Two-sided PID
2023-11-21,13.1,13.108748577313541,13.386492002852565,13.981439222414208,4.0,12.959815142188772,14.130372657538977,Two-sided PID
2023-11-22,12.48,12.12864572221597,13.201815428166656,14.047485618531928,4.0,11.992818100925955,14.183313239821942,Two-sided PID
2023-11-23,10.63,10.395830896782114,12.355969320872912,14.02160216253508,4.0,10.273080728524736,14.144352330792458,Two-sided PID
2023-11-24,11.0,10.235872423799771,11.645281910807594,12.855020172200183,4.0,10.126171811927186,12.964720784072767,Two-sided PID
2023-11-25,11.95,10.991482245619833,10.920941327651445,11.491189655065332,4.0,10.894803752279984,11.587868148405182,Two-sided PID
2023-11-26,14.16,12.465826240037408,12.50183715057845,13.254082650809613,4.0,12.308971263755012,13.410937627092009,Two-sided PID
2023-11-27,14.43,13.990243805448216,14.81208715266451,16.324617897001655,4.0,13.772619392884923,16.542242309564948,Two-sided PID
2023-11-28,14.5,13.719711707896439,14.493399038884554,15.220632468786384,4.0,13.515151406799385,15.425192769883438,Two-sided PID
2023-11-29,14.71,13.72648460199821,14.1958623781479,15.560740393751512,4.0,13.534958899156868,15.752266096592855,Two-sided PID
2023-11-30,14.16,12.852351031127943,14.014262250931703,15.115869242842745,4.0,12.6738308823115,15.29438939165919,Two-sided PID
2023-12-01,13.68,13.427190540980286,13.791854957216628,14.620709216325853,4.0,13.261647365441569,14.78625239186457,Two-sided PID
2023-12-02,13.42,13.158536861840936,13.29831084095125,13.651932879724901,4.0,13.013912161523914,13.796557580041924,Two-sided PID
2023-12-03,13.83,13.519045254169722,14.14185271801108,14.418863205460227,4.0,13.387341734608805,14.550566725021143,Two-sided PID
2023-12-04,14.53,13.987433802181744,14.816967602756094,15.625399096040878,4.0,13.868624241110233,15.74420865711239,Two-sided PID
2023-12-05,13.87,14.078873832622818,14.462740897615792,14.774651325687813,4.0,13.972931450269131,14.8805937080415,Two-sided PID
2023-12-06,14.31,13.934866588875309,14.401280156785454,15.000297492835646,4.0,13.776583753458619,15.158580328252336,Two-sided PID
2023-12-07,14.07,13.33327923304763,13.890954571046192,14.243353972849578,4.0,13.187868271027558,14.38876493486965,Two-sided PID
2023-12-08,13.53,13.501192561741206,13.933351079935743,14.510948583137683,4.0,13.375819626602693,14.636321518276196,Two-sided PID
2023-12-09,13.72,12.56496046747776,13.194922971980251,13.536485509920398,4.0,12.452405177153574,13.649040800244585,Two-sided PID
2023-12-10,14.71,13.237967296109165,13.83009765041017,14.227510641225425,4.0,13.07335445594165,14.39212348139294,Two-sided PID
2023-12-11,14.13,14.458480449346121,15.038909470304986,16.265148936126906,4.0,14.234786624144796,16.488842761328232,Two-sided PID
2023-12-12,14.17,13.269439247571182,14.023794388678331,14.719713864955278,4.0,12.98603476723998,15.00311834528648,Two-sided PID
2023-12-13,14.88,13.391608679945932,13.753444308406586,14.494957664278735,4.0,13.121107765895957,14.76545857832871,Two-sided PID
2023-12-14,14.35,13.771324588373147,14.444524306093719,14.972701168632057,4.0,13.444945830571964,15.29907992643324,Two-sided PID
2023-12-15,14.48,13.727101590844839,14.352499310856224,14.97577117840496,4.0,13.413642717016911,15.289230052232888,Two-sided PID
2023-12-16,14.16,13.405221527764049,14.078969292715465,14.556376485160575,4.0,13.104651185874387,14.856946827050237,Two-sided PID
2023-12-17,14.15,13.41509823518064,14.307416316011818,15.051743702723654,4.0,13.12738554402889,15.339456393875404,Two-sided PID
2023-12-18,14.63,13.652743549955524,14.699648373140082,16.05514114462189,4.0,13.377858093544686,16.330026601032724,Two-sided PID
2023-12-19,14.29,13.37716984178963,14.395316269522064,15.059547874054577,4.0,13.119389874618227,15.31732784122598,Two-sided PID
2023-12-20,14.15,13.53654798431915,14.649296854993953,15.418868846155044,4.0,13.29950541809391,15.655911412380284,Two-sided PID
2023-12-21,14.11,12.540262506230256,13.94498589285653,14.425503072962885,4.0,12.315958663193046,14.649806916000095,Two-sided PID
2023-12-22,13.37,13.179581477601964,13.804628438844162,14.629934611215692,4.0,12.975181235870147,14.834334852947508,Two-sided PID
2023-12-23,12.06,12.459572312431206,13.20446017801251,13.765711894755686,4.0,12.275636865200312,13.94964734198658,Two-sided PID
2023-12-24,11.8,10.857389494789675,12.399012034657355,13.209092639829853,4.0,10.614622277461168,13.451859857158361,Two-sided PID
2023-12-25,10.85,10.207293891222452,12.16706139984735,13.688257688884201,4.0,9.97721982299057,13.918331757116084,Two-sided PID
2023-12-26,11.95,10.502163280811377,11.830342574568107,12.630851578096053,4.0,10.29253651880839,12.84047834009904,Two-sided PID
2023-12-27,12.47,11.691436169613523,12.147154607125692,13.01033859814358,4.0,11.494445603383703,13.2073291643734,Two-sided PID
2023-12-28,13.62,11.829829474414087,12.620017711807645,13.098676747293332,4.0,11.659540068170855,13.268966153536564,Two-sided PID
2023-12-29,13.3,13.251278135700744,13.604511346452107,14.287889191511344,4.0,13.016145289439317,14.52302203777277,Two-sided PID
2023-12-30,13.01,12.389087092595032,13.147171298218144,13.740852921667644,4.0,12.166573698480505,13.96336631578217,Two-sided PID
2023-12-31,12.48,11.228254609313678,12.998781458276458,13.829615624207689,4.0,11.032425116741337,14.02544511678003,Two-sided PID
2024-01-01,12.5,11.06537665380737,12.798214986914317,14.265157614957765,5.0,10.891314054683221,14.439220214081914,Two-sided PID
2024-01-02,14.03,11.587128851365666,12.584863655191434,13.401584424625367,5.0,11.42785550962474,13.560857766366293,Two-sided PID
2024-01-03,19.22,13.389503142350096,13.708280151923406,14.27644828476442,5.0,13.17752015199666,14.488431275117856,Two-sided PID
2024-01-04,14.19,16.49563496003825,17.364028564399206,17.691939387291324,5.0,16.23332300781378,17.954251339515793,Two-sided PID
2024-01-05,14.09,14.578489882870766,15.996743489049312,17.133585907791236,5.0,14.265954814270131,17.44612097639187,Two-sided PID
2024-01-06,13.55,13.58140416240011,13.672792508538953,14.893528149521334,5.0,13.218730808593158,15.256201503328287,Two-sided PID
2024-01-07,13.61,12.952237017356898,13.665528450039346,14.543636301710453,5.0,12.604507710404738,14.891365608662614,Two-sided PID
2024-01-08,13.85,12.8452182290581,13.544702214213165,15.021108644893733,5.0,12.510147246395753,15.35617962755608,Two-sided PID
2024-01-09,13.89,12.920593305762038,13.697478485873518,14.433777754612741,5.0,12.598148938145073,14.756222122229705,Two-sided PID
2024-01-10,14.15,14.846398024469353,15.50300028322819,16.355463091674984,5.0,14.543679555256038,16.6581815608883,Two-sided PID
2024-01-11,14.58,13.038348471665493,14.278583460145565,14.649490611428025,5.0,12.678648327747512,15.009190755346006,Two-sided PID
2024-01-12,14.7,14.319291768011976,14.778255510482728,15.28880793098243,5.0,13.972208398115221,15.635891300879184,Two-sided PID
2024-01-13,14.58,13.78157976715161,14.526921226180649,15.027137077877416,5.0,13.447081413654539,15.361635431374488,Two-sided PID
2024-01-14,14.41,13.044908051695373,14.370567415596266,14.581761219559237,5.0,12.72296340807457,14.90370586318004,Two-sided PID
2024-01-15,15.43,12.764998333962534,14.714302624772504,15.722864600494049,5.0,12.455576539409432,16.03228639504715,Two-sided PID
2024-01-16,16.24,13.747542570474476,14.985059074783855,15.555897467710514,5.0,13.450613204608059,15.85282683357693,Two-sided PID
2024-01-17,15.75,15.602616925042401,16.992245558341494,17.88759142467125,5.0,15.253918049679056,18.236290300034593,Two-sided PID
2024-01-18,15.77,13.71691638007838,15.651588293353528,16.537939446650533,5.0,13.382983673090859,16.871872153638055,Two-sided PID
2024-01-19,15.29,14.40946571953408,15.656415839064172,16.671247207855558,5.0,14.088014715338478,16.99269821205116,Two-sided PID
2024-01-20,14.79,13.564394925881444,15.239314524489906,15.924074190310812,5.0,13.255395150701219,16.233073965491037,Two-sided PID
2024-01-21,15.64,13.404359406635539,15.079037182185804,15.906264355276896,5.0,13.114911358140274,16.19571240377216,Two-sided PID
2024-01-22,16.06,14.254750360126911,16.013330160477825,17.215081807168943,5.0,13.977693885989748,17.492138281306104,Two-sided PID
2024-01-23,18.81,14.082652595096496,15.677261890307808,16.470195156321026,5.0,13.817958504387738,16.734889247029784,Two-sided PID
2024-01-24,16.23,16.43000919816321,17.484595266903618,18.10985294948109,5.0,16.109045862134206,18.430816285510094,Two-sided PID
2024-01-25,11.88,14.542589984253125,16.63830298445456,17.56660473411931,5.0,14.234007130951337,17.875187587421095,Two-sided PID
2024-01-26,15.18,11.946201147781128,13.354427677703232,15.045908333988312,5.0,11.586354257833152,15.405755223936287,Two-sided PID
2024-01-27,14.99,12.44225706073563,13.563192646332272,14.331493531072933,5.0,12.094811202583486,14.678939389225077,Two-sided PID
2024-01-28,15.3,13.557330614345474,15.158128622610008,15.85212479038606,5.0,13.151787418747109,16.257667985984426,Two-sided PID
2024-01-29,15.52,14.261399026203112,15.621064494458237,17.200777310749906,5.0,13.868279842779941,17.593896494173077,Two-sided PID
2024-01-30,15.37,14.878294582044171,16.151254162956928,17.074478321093043,5.0,14.50677162720906,17.446001275928154,Two-sided PID
2024-01-31,15.26,14.967772286955528,15.867087796945818,16.748753601759176,5.0,14.608610815070938,17.107915073643767,Two-sided PID
2024-02-01,15.0,13.362841037570652,14.020967044571671,15.04595229033422,5.0,13.018263985844285,15.390529342060587,Two-sided PID
2024-02-02,14.87,14.656782786249977,15.000990747084948,15.718455218302317,5.0,14.324506409009935,16.05073159554236,Two-sided PID
2024-02-03,14.29,14.159903130937012,14.600998247725062,14.976710305317392,5.0,13.839897656632806,15.296715779621598,Two-sided PID
2024-02-04,14.89,9.608307559327939,12.039053412222815,12.565343849547784,5.0,9.30054363165085,12.873107777224872,Two-sided PID
2024-02-05,14.6,14.613612588903447,15.754986049255356,16.208237058847352,5.0,14.255128367151361,16.566721280599438,Two-sided PID
2024-02-06,14.55,14.492709641009082,15.039445124727816,15.843118315127377,5.0,14.146486966918648,16.18934098921781,Two-sided PID
2024-02-07,14.55,14.447831160643036,14.634624745287919,15.456334789038571,5.0,14.113840215543835,15.790325734137772,Two-sided PID
2024-02-08,14.58,13.707350621796497,13.887086105005025,14.23347167159056,5.0,13.385561999864361,14.555260293522696,Two-sided PID
2024-02-09,14.4,14.12120720543312,14.454292351661518,15.132619308879619,5.0,13.727872800150212,15.525953714162526,Two-sided PID
2024-02-10,14.62,13.397151295247205,14.206147321048409,15.100756278669591,5.0,13.016039813752847,15.481867760163949,Two-sided PID
2024-02-11,14.74,14.16565770853272,14.480878769880789,14.924467438636025,5.0,13.796739287670688,15.293385859498057,Two-sided PID
2024-02-12,15.49,14.844135796481579,15.369067327418781,16.58132739442433,5.0,14.48738098357482,16.93808220733109,Two-sided PID
2024-02-13,14.92,14.647883555593097,14.93028488039112,15.545907096348554,5.0,14.303263303700033,15.890527348241617,Two-sided PID
2024-02-14,15.01,14.575683663274084,15.046207290765789,15.655508253738304,5.0,14.243169326526843,15.988022590485546,Two-sided PID
2024-02-15,15.33,14.035886138319901,14.696339338303028,15.218210597354847,5.0,13.715449467342864,15.538647268331884,Two-sided PID
2024-02-16,14.53,14.558611094726103,15.052641989625581,15.572691208799657,5.0,14.250224232133212,15.88107807139255,Two-sided PID
2024-02-17,14.58,14.190435113363517,14.554134790979779,15.060580869400923,5.0,13.917367080178332,15.333648902586107,Two-sided PID
2024-02-18,14.41,13.031619667519852,14.288767590223532,14.953731726441987,5.0,12.770546886289134,15.214804507672705,Two-sided PID
2024-02-19,14.91,13.28762054553892,14.949849377203716,16.37065442584423,5.0,13.038516308593753,16.619758662789394,Two-sided PID
2024-02-20,15.53,13.624207772623064,14.721655240870946,15.272399495248957,5.0,13.38704574703061,15.50956152084141,Two-sided PID
2024-02-21,15.06,15.0316406465914,15.221100982933068,15.852271254724105,5.0,14.726372378169438,16.157539523146067,Two-sided PID
2024-02-22,15.14,14.029180202909153,14.958048421187215,15.236314474647902,5.0,13.735868655131517,15.529626022425537,Two-sided PID
2024-02-23,15.0,14.21080525789236,14.396762887600023,14.957392506743656,5.0,13.929423663219348,15.238774101416668,Two-sided PID
2024-02-24,14.76,14.453321916212918,14.955205576534818,15.542671099392416,5.0,14.183843879714715,15.81214913589062,Two-sided PID
2024-02-25,15.33,14.465208268375871,14.734909596323098,15.350445658946441,5.0,14.20760776362483,15.608046163697482,Two-sided PID
2024-02-26,15.04,14.993506659720678,15.550587107786281,16.543125320366173,5.0,14.747758024753017,16.788873955333834,Two-sided PID
2024-02-27,14.89,14.611840135196404,14.928772611489334,15.414703529311176,5.0,14.377918068542005,15.648625595965575,Two-sided PID
2024-02-28,14.52,14.691435887829341,14.739778891243038,14.96092942719536,5.0,14.46931544460837,15.183049870416331,Two-sided PID
2024-02-29,14.65,14.213932835580401,14.820245606401585,15.487623908602728,5.0,14.003589423665467,15.697967320517662,Two-sided PID
2024-03-01,14.51,13.624462425375642,14.199416573571833,15.208947000112639,5.0,13.425871801618285,15.407537623869995,Two-sided PID
2024-03-02,14.63,13.051913152038551,13.90311435359759,14.662638073624132,5.0,12.865051418558851,14.849499807103832,Two-sided PID
2024-03-03,15.02,13.963049482462397,14.462616931747888,15.17735704329873,5.0,13.787893083000496,15.352513442760632,Two-sided PID
2024-03-04,14.46,14.176443838312712,14.847403632013153,15.735077760336864,5.0,14.012969554641153,15.898552044008424,Two-sided PID
2024-03-05,14.43,13.999183116134034,14.63277965933055,15.5024764812277,5.0,13.847368064529734,15.654291532832,Two-sided PID
2024-03-06,14.9,13.736970630103327,14.183497928675692,15.073983711164889,5.0,13.59679225787813,15.214162083390086,Two-sided PID
2024-03-07,14.66,13.312958014050587,14.182057058752404,15.023524294666394,5.0,13.184394096139291,15.15208821257769,Two-sided PID
2024-03-08,14.34,13.340721866868279,13.971955283453925,14.678385809087882,5.0,13.223750502473095,14.795357173483065,Two-sided PID
2024-03-09,13.65,13.174435513428932,13.746525755582983,14.460648186010982,5.0,13.069035122719352,14.566048576720561,Two-sided PID
2024-03-10,12.99,13.738603996279483,14.336538556688584,15.494126922932452,5.0,13.644753317146536,15.587977602065399,Two-sided PID
2024-03-11,13.83,12.913297424191516,13.83109815630432,15.280524900908134,5.0,12.769636993015917,15.424185332083733,Two-sided PID
2024-03-12,14.26,12.813784665032808,13.430678279924594,14.124292572765661,5.0,12.6845357011748,14.253541536623668,Two-sided PID
2024-03-13,13.93,13.61666787399666,14.135096200884318,14.992836508724004,5.0,13.44063728702491,15.168867095695754,Two-sided PID
2024-03-14,13.84,12.616801826053573,13.72161579604131,14.320471446458244,5.0,12.45233058433963,14.484942688172186,Two-sided PID
2024-03-15,13.19,11.752882167503337,13.095970273005797,13.997676369368401,5.0,11.599947883269694,14.150610653602044,Two-sided PID
2024-03-16,13.46,11.447117025708867,13.000830288352638,13.6692959560719,5.0,11.305697631790059,13.810715349990708,Two-sided PID
2024-03-17,14.37,12.694237844964173,13.43014727445285,14.46966676464566,5.0,12.564311591539358,14.599593018070475,Two-sided PID
2024-03-18,14.56,13.79716287037692,14.58793245316868,15.692112644373633,5.0,13.678708321755924,15.810567192994629,Two-sided PID
2024-03-19,14.79,13.990520226480747,14.501689669630899,15.2377693261367,5.0,13.883516257942617,15.34477329467483,Two-sided PID
2024-03-20,14.91,14.305781442052574,14.845499076107512,15.8401310273081,5.0,14.210207236735695,15.93570523262498,Two-sided PID
2024-03-21,14.98,13.585237491260425,14.797313388716118,15.635599491386003,5.0,13.501072537103282,15.719764445543147,Two-sided PID
2024-03-22,14.65,14.1841445202273,14.821134548949345,15.863008610845677,5.0,14.111368606958976,15.935784524114,Two-sided PID
2024-03-23,14.46,13.451094438969196,14.471952475103873,14.998265206474704,5.0,13.389687655148728,15.059671990295172,Two-sided PID
2024-03-24,14.45,14.310529042191472,14.898789600219775,15.341104696748568,5.0,14.260471772295196,15.391161966644844,Two-sided PID
2024-03-25,14.77,14.14080213281847,14.822786499209874,16.004456011101414,5.0,14.102075054374504,16.04318308954538,Two-sided PID
2024-03-26,14.82,13.859094113254134,14.446252409969173,15.072203829277314,5.0,13.85211667318178,15.079181269349668,Two-sided PID
2024-03-27,15.06,14.76953195615054,15.260737131924632,16.029609457946293,5.0,14.776100484502724,16.02304092959411,Two-sided PID
2024-03-28,14.71,13.918212780294944,14.817325423398701,15.656396623495898,5.0,13.936055263029331,15.63855414076151,Two-sided PID
2024-03-29,13.91,14.288602466346951,14.790715294661112,15.734090058605485,5.0,14.317700725458002,15.704991799494435,Two-sided PID
2024-03-30,14.3,12.580380356749806,13.550284584622277,14.129447860693684,5.0,12.560952711862813,14.148875505580678,Two-sided PID
2024-03-31,14.49,13.725359714192805,14.243075842991644,15.200153815248484,5.0,13.65983129498943,15.265682234451859,Two-sided PID
2024-04-01,14.76,14.49868961995184,15.376664587582024,16.36274810449686,6.0,14.444433771049592,16.417003953399107,Two-sided PID
2024-04-02,14.92,13.505152680820515,14.391412356126017,14.803199450811196,6.0,13.462149894196688,14.846202237435023,Two-sided PID
2024-04-03,15.06,14.693207082654315,15.240531002824792,15.936951281311448,6.0,14.604303009219258,16.025855354746504,Two-sided PID
2024-04-04,15.83,13.744744185332532,14.866223196856335,15.494208573072234,6.0,13.667094881429076,15.57185787697569,Two-sided PID
2024-04-05,14.94,14.651479888218645,15.352185551234292,16.28347021656727,6.0,14.507660914402718,16.4272891903832,Two-sided PID
2024-04-06,15.11,13.863038340564007,14.990048053832911,15.639322396715318,6.0,13.730477851671477,15.771882885607848,Two-sided PID
2024-04-07,13.28,14.35035818661274,15.114315986125781,15.688003581645166,6.0,14.2290356325874,15.809326135670505,Two-sided PID
2024-04-08,15.07,13.653465018795568,14.81413748796546,15.99137347084449,6.0,13.4837396276204,16.161098862019657,Two-sided PID
2024-04-09,15.99,14.078503262954541,14.514776149776406,15.235924341135304,6.0,13.920020838417916,15.39440676567193,Two-sided PID
2024-04-10,15.07,14.992721518946258,15.812289489444549,16.490301691069988,6.0,14.781064400183814,16.701958809832433,Two-sided PID
2024-04-11,16.41,13.72453649540591,15.165933390499049,15.74872089611831,6.0,13.5241293345537,15.94912805697052,Two-sided PID
2024-04-12,16.19,15.588613657160428,15.833836158738775,16.791649187645962,6.0,15.335764575423463,17.044498269382927,Two-sided PID
2024-04-13,16.22,14.940484570585683,16.025492096602274,16.681385003466293,6.0,14.698894376823915,16.92297519722806,Two-sided PID
2024-04-14,16.66,14.823123069358603,15.782084871294414,16.667186206561908,6.0,14.592769505793338,16.897539770127175,Two-sided PID
2024-04-15,15.86,16.039054237275707,17.03812250765756,18.178041438519386,6.0,15.81991534841281,18.397180327382284,Two-sided PID
2024-04-16,15.25,15.201546219295405,16.243067680837832,17.17114787398927,6.0,15.000793836458664,17.371900256826013,Two-sided PID
2024-04-17,16.83,14.312672382446738,15.212302024229803,16.196397222696795,6.0,14.12309165801068,16.385977947132854,Two-sided PID
2024-04-18,14.77,15.536939503480461,16.746954443906098,17.472100716891106,6.0,15.295177499641445,17.713862720730123,Two-sided PID
2024-04-19,14.96,14.084092082556435,15.408727914986681,16.527701958769327,6.0,13.785166794158547,16.826627247167213,Two-sided PID
2024-04-20,14.04,13.752494915042215,14.861278936201437,15.494607276718568,6.0,13.464782223890465,15.782319967870318,Two-sided PID
2024-04-21,15.05,14.072796147267113,14.734076860081718,15.786870458010938,6.0,13.796273370650091,16.06339323462796,Two-sided PID
2024-04-22,15.71,15.011613379678014,15.706323126267968,17.269418391260416,6.0,14.746258137044013,17.534773633894417,Two-sided PID
2024-04-23,15.47,14.688351914565235,15.581156741165248,16.835170681062667,6.0,14.43414212445007,17.089380471177833,Two-sided PID
2024-04-24,16.13,15.299325574378331,16.138981744458547,17.171762637173785,6.0,15.05623945138185,17.414848760170266,Two-sided PID
2024-04-25,15.67,14.918841989469264,16.03832382913731,17.164737723484343,6.0,14.686858041279704,17.3967216716739,Two-sided PID
2024-04-26,15.3,15.006565479837615,16.2556457345449,17.596330245079205,6.0,14.785662504302922,17.817233220613897,Two-sided PID
2024-04-27,14.46,14.014242072890646,15.122328949830731,16.039484950929552,6.0,13.804399155135968,16.24932786868423,Two-sided PID
2024-04-28,14.8,11.272363323778912,13.876730848713144,14.696224086743696,6.0,11.073559833369446,14.895027577153162,Two-sided PID
2024-04-29,15.69,14.088438949425367,15.246503819419539,16.754151858017224,6.0,13.900654537573757,16.941936269868833,Two-sided PID
2024-04-30,15.77,15.095057773470685,15.840502224774099,16.873274119203792,6.0,14.918272370288221,17.050059522386256,Two-sided PID
2024-05-01,15.93,15.483294959758531,16.677787794940613,18.154999123725183,6.0,15.317488771549355,18.320805311934357,Two-sided PID
2024-05-02,16.29,14.729893346175324,16.111106740448854,17.02532577614141,6.0,14.575046852772944,17.180172269543792,Two-sided PID
2024-05-03,16.44,16.018910293861833,16.819458725883866,18.406021763781414,6.0,15.875004246007181,18.549927811636067,Two-sided PID
2024-05-04,16.87,15.065935629849015,16.723894037725962,18.04591994127686,6.0,14.932951046609354,18.178904524516522,Two-sided PID
2024-05-05,17.42,15.89920948667404,17.049040493750535,18.541475220024438,6.0,15.77712765290202,18.663557053796456,Two-sided PID
2024-05-06,17.03,16.835086342771117,18.220091672727005,20.054539289356395,6.0,16.723888806603302,20.16573682552421,Two-sided PID
2024-05-07,17.0,16.19260011735471,17.48772194005099,18.946132730314545,6.0,16.0922686877489,19.046464159920358,Two-sided PID
2024-05-08,18.1,16.58040816792619,17.71176857401026,19.319761808011368,6.0,16.50320274765936,19.3969672282782,Two-sided PID
2024-05-09,17.26,16.717128220076365,18.34300148977699,19.53402345232883,6.0,16.650753297090173,19.600398375315024,Two-sided PID
2024-05-10,17.76,15.931786923933029,17.693417899054555,19.09879879816985,6.0,15.883418562838417,19.147167159264463,Two-sided PID
2024-05-11,18.17,16.93100739731187,18.198811307361016,19.481319625289785,6.0,16.893434938890774,19.51889208371088,Two-sided PID
2024-05-12,18.06,17.576430926754117,18.859279557628284,20.266022886342245,6.0,17.5496374484431,20.292816364653262,Two-sided PID
2024-05-13,19.14,17.037382044372585,18.793170122323314,20.584847807251514,6.0,17.021350870432357,20.60087898119174,Two-sided PID
2024-05-14,20.42,17.882846953317053,19.197174379805293,20.802810327763087,6.0,17.885344504327712,20.800312776752428,Two-sided PID
2024-05-15,18.77,18.90728423165284,20.589827482030255,22.277188654288175,6.0,18.92051146722721,22.263961418713805,Two-sided PID
2024-05-16,20.63,16.63537823485131,19.24510419377745,20.90902200964276,6.0,16.604451333864898,20.939948910629173,Two-sided PID
2024-05-17,23.06,18.627794691675508,20.02636248907502,21.963855156796143,6.0,18.60759463683611,21.98405521163554,Two-sided PID
2024-05-18,22.71,20.04180739158446,22.250621307142087,23.918065294712985,6.0,19.96984593905935,23.990026747238094,Two-sided PID
2024-05-19,22.07,20.542231029527432,23.02155175079057,24.98194792980855,6.0,20.4809953795863,25.04318357974968,Two-sided PID
2024-05-20,24.25,20.6147292009009,22.937103918411033,25.462352703203898,6.0,20.564202259666974,25.512879644437824,Two-sided PID
2024-05-21,20.5,21.67759274995527,23.656030166697885,25.44365206459839,6.0,21.63775766772946,25.4834871468242,Two-sided PID
2024-05-22,23.2,18.146948934695757,21.412467195148917,23.63892199742735,6.0,18.056143126426228,23.72972780569688,Two-sided PID
2024-05-23,23.66,20.32151897959327,22.361905675616658,24.61572870076643,6.0,20.241404612902897,24.695843067456803,Two-sided PID
2024-05-24,25.75,21.467506435842278,24.19810574046779,26.157257239214562,6.0,21.39806633493873,26.22669734011811,Two-sided PID
2024-05-25,24.16,22.593169181920267,25.23979100824554,26.90865160697485,6.0,22.534386413892776,26.96743437500234,Two-sided PID
2024-05-26,23.2,21.07800625027337,24.645749568889933,26.505135401965568,6.0,21.029864122910165,26.55327752932877,Two-sided PID
2024-05-27,27.34,20.74403686517729,24.42257316496968,27.28343683965811,6.0,20.706518924816198,27.3209547800192,Two-sided PID
2024-05-28,26.83,22.175361292671788,25.41261496412802,27.897729287312934,6.0,22.09429750283026,27.978793077154464,Two-sided PID
2024-05-29,27.72,23.271671408944812,26.409923324688243,28.389896485202577,6.0,23.201230877059263,28.460337017088126,Two-sided PID
2024-05-30,26.93,23.4854294890787,26.652703289846233,28.93427717202158,6.0,23.42559544087743,28.99411122022285,Two-sided PID
2024-05-31,27.75,24.012109635011253,27.423138480253815,30.006982631435992,6.0,23.96286553351076,30.056226732936484,Two-sided PID
2024-06-01,29.44,24.758096991632094,28.237513152019396,29.703172846051483,6.0,24.72662002261583,29.734649815067748,Two-sided PID
2024-06-02,28.16,25.592142173087854,29.129936328604987,30.592252620252772,6.0,25.57900563197159,30.605389161369036,Two-sided PID
2024-06-03,31.92,26.444517790308048,30.621241203963663,32.39292812594553,6.0,26.44478099943142,32.392664916822156,Two-sided PID
2024-06-04,30.02,27.91111203599624,30.72088860796938,32.27190842371563,6.0,27.944593408222342,32.23842705148953,Two-sided PID
2024-06-05,33.34,27.316092482146495,31.462041580981392,33.14480514327619,6.0,27.360084602783093,33.10081302263959,Two-sided PID
2024-06-06,31.86,28.342049109264117,31.998611956904547,33.79112041701741,6.0,28.368799072423023,33.764370453858504,Two-sided PID
2024-06-07,33.42,28.15312305650828,32.81862130200202,34.65520460078314,6.0,28.19045067937779,34.61787697791363,Two-sided PID
2024-06-08,29.2,29.245318422234526,33.01053474983844,34.62611232504956,6.0,29.301932714483083,34.56949803280101,Two-sided PID
2024-06-09,26.39,25.876892103846725,30.370574669303103,32.016602435101575,6.0,25.895227970076277,31.998266568872022,Two-sided PID
2024-06-10,30.58,25.495917605320795,29.52461118981255,32.411526132394556,6.0,25.528398366232803,32.37904537148255,Two-sided PID
2024-06-11,30.38,25.825135026108747,29.304260358992757,31.037255319373017,6.0,25.87611545278879,30.986274892692972,Two-sided PID
2024-06-12,34.4,27.787848707835536,32.08722356256106,33.77399166481584,6.0,27.849287451307553,33.71255292134382,Two-sided PID
2024-06-13,33.45,29.62450914175063,33.296954680892924,34.882458469707444,6.0,29.64304921486822,34.86391839658985,Two-sided PID
2024-06-14,31.12,30.60971502209086,34.65518901386847,36.58156144252618,6.0,30.643172362050105,36.54810410256693,Two-sided PID
2024-06-15,31.23,27.418494419133367,31.413313219910265,33.53106419861139,6.0,27.47001103815431,33.479547579590445,Two-sided PID
2024-06-16,31.67,27.157187497153714,30.44321037863213,32.688969091609955,6.0,27.22001293534531,32.62614365341836,Two-sided PID
2024-06-17,34.98,28.70456786187099,32.78805514242423,35.06340359152623,6.0,28.811070642888605,34.95690081050862,Two-sided PID
2024-06-18,31.83,29.007327253287556,33.30424505876505,34.69973106695922,6.0,29.072714443413563,34.634343876833206,Two-sided PID
2024-06-19,33.53,28.63542835537869,34.13787579162978,36.17628028199714,6.0,28.71122373585834,36.10048490151749,Two-sided PID
2024-06-20,32.76,29.772944058386656,34.01727790939824,35.6909190500198,6.0,29.859131691415037,35.60473141699142,Two-sided PID
2024-06-21,35.18,29.733220010318657,33.745596203406535,35.743107142588286,6.0,29.8313999416497,35.64492721125725,Two-sided PID
2024-06-22,34.15,30.702087557453297,33.99586553328504,35.211582252466116,6.0,30.815060639633298,35.09860917028612,Two-sided PID
2024-06-23,34.41,30.39931810509004,33.79107545279239,34.815708196502,6.0,30.522636952746833,34.69238934884521,Two-sided PID
2024-06-24,35.44,32.361211344964026,35.63181252648626,37.629838516126924,6.0,32.49486089819672,37.49618896289423,Two-sided PID
2024-06-25,33.71,30.821568789181633,34.131656227058,35.483799791160024,6.0,30.96553420289185,35.339834377449804,Two-sided PID
2024-06-26,35.79,31.202392058160992,35.059439957253,36.95579044150585,6.0,31.369517708234152,36.78866479143269,Two-sided PID
2024-06-27,32.5,31.098145323082083,34.86529137412428,36.29269051703314,6.0,31.27555778061266,36.11527805950256,Two-sided PID
2024-06-28,35.31,30.126587072789977,33.95687214500787,35.42310573288043,6.0,30.314272126307245,35.23542067936316,Two-sided PID
2024-06-29,33.5,31.72763798009724,34.35833957722255,35.875299369014385,6.0,31.87290841043707,35.73002893867456,Two-sided PID
2024-06-30,30.48,30.75146123398366,34.453408292303266,35.72356137618097,6.0,30.91201115682299,35.56301145334164,Two-sided PID
2024-07-01,32.91,29.765844112922462,32.558558984852496,35.794018623961435,7.0,29.87913657438984,35.680726162494054,Two-sided PID
2024-07-02,31.64,29.990518763845632,31.691386460917556,33.914953022296395,7.0,30.11407691663364,33.79139486950839,Two-sided PID
2024-07-03,34.96,30.162778019534763,33.063740897142644,35.44034161023253,7.0,30.2965868562437,35.30653277352359,Two-sided PID
2024-07-04,31.61,30.124258717182613,32.9928243195446,35.61429974004672,7.0,30.273314587746153,35.46524386948318,Two-sided PID
2024-07-05,33.81,30.83331009353835,34.1040584434926,36.42974258205106,7.0,31.0006007532063,36.262451922383114,Two-sided PID
2024-07-06,33.36,31.248547398069164,33.020543684370814,35.08828681419366,7.0,31.434392206050955,34.902442006211864,Two-sided PID
2024-07-07,31.93,30.47044560297237,32.93631941062483,34.96812826972029,7.0,30.666483155551493,34.77209071714116,Two-sided PID
2024-07-08,36.08,30.748542729231062,33.00945657513288,35.49764040462834,7.0,30.954759055462546,35.29142407839686,Two-sided PID
2024-07-09,33.38,32.52489242461326,34.12242930106528,36.026099641446464,7.0,32.68074831182004,35.87024375423969,Two-sided PID
2024-07-10,36.55,32.56814543284586,35.26530070891159,37.427365347372714,7.0,32.734176034721735,37.26133474549684,Two-sided PID
2024-07-11,36.76,32.46039945165671,34.53823201829414,36.535200871180066,7.0,32.63659051127322,36.35900981156356,Two-sided PID
2024-07-12,39.34,33.89802005869562,36.738028233648954,38.723362222558286,7.0,34.02436064841386,38.59702163284005,Two-sided PID
2024-07-13,36.94,34.91705802077188,37.62375220359266,39.38114819976772,7.0,34.996695300343376,39.30151092019623,Two-sided PID
2024-07-14,33.54,33.64418383824784,36.65053947184768,38.36720781856274,7.0,33.73399234743432,38.277399309376264,Two-sided PID
2024-07-15,36.3,32.44263955360394,35.270018054584895,37.89480136739759,7.0,32.49090471955099,37.84653620145054,Two-sided PID
2024-07-16,34.0,32.130316728278366,34.10783427378255,36.06124952357891,7.0,32.188753659302265,36.00281259255501,Two-sided PID
2024-07-17,36.45,32.56949588815677,35.54403691079954,37.580158322524596,7.0,32.638088859346205,37.511565351335165,Two-sided PID
2024-07-18,34.8,32.988123376462056,35.261184344327894,36.98478050936153,7.0,33.066856873049474,36.90604701277411,Two-sided PID
2024-07-19,35.21,33.82976812672366,36.26592286687428,38.24839957827011,7.0,33.918626842283935,38.15954086270983,Two-sided PID
2024-07-20,31.46,32.79044733237348,34.6607496648176,36.239181037276005,7.0,32.89442731359223,36.135201056057255,Two-sided PID
2024-07-21,27.65,29.189382301693524,31.5620413174899,33.518731684095584,7.0,29.24701585981265,33.461098125976456,Two-sided PID
2024-07-22,32.51,28.274030936050373,30.427386610557647,33.49676579238933,7.0,28.27759425124389,33.493202477195815,Two-sided PID
2024-07-23,32.49,29.777305117241916,30.73064335640222,32.981097252009945,7.0,29.7909962541703,32.96740611508156,Two-sided PID
2024-07-24,35.01,31.365540937645026,33.715175219073394,35.73699170070898,7.0,31.389343828014898,35.713188810339105,Two-sided PID
2024-07-25,34.57,32.197704013325435,34.2620858578599,36.19901100694574,7.0,32.23160279874415,36.165112221527025,Two-sided PID
2024-07-26,35.68,33.450412052924705,35.52597747463267,37.978809157782166,7.0,33.49439108308651,37.93483012762036,Two-sided PID
2024-07-27,32.27,32.30021291129843,34.51325119851192,36.565137124171464,7.0,32.35425674219673,36.51109329327316,Two-sided PID
2024-07-28,31.47,28.95289635875288,31.43779849755046,33.32184209868814,7.0,28.965935438779486,33.308803018661536,Two-sided PID
2024-07-29,36.53,30.04336360748644,32.03597191652962,34.51495157782777,7.0,30.066469056234496,34.49184612907972,Two-sided PID
2024-07-30,33.61,32.40204360528137,34.07067019167774,35.59114320605036,7.0,32.379845089525745,35.61334172180599,Two-sided PID
2024-07-31,36.54,32.34590342739227,35.259747546332534,36.94625245385556,7.0,32.33377428563531,36.95838159561252,Two-sided PID
2024-08-01,34.73,32.924609336073594,35.446613980708065,37.36770649033675,7.0,32.92696548471257,37.36535034169778,Two-sided PID
2024-08-02,36.41,33.31548978568112,36.16267441513586,38.071656407447634,7.0,33.327883131339306,38.05926306178945,Two-sided PID
2024-08-03,35.1,32.72537572053528,34.80720337706614,36.50000337604245,7.0,32.76064949273937,36.464729603838364,Two-sided PID
2024-08-04,34.04,31.850919463825214,34.12008784858367,35.493545287116504,7.0,31.896199080416885,35.44826567052483,Two-sided PID
2024-08-05,36.46,32.92193560565927,35.25727536990758,37.483149348032875,7.0,32.97720569503339,37.427879258658756,Two-sided PID
2024-08-06,33.7,32.6296571397304,34.660076897402114,36.28024229505543,7.0,32.69490253111536,36.21499690367047,Two-sided PID
2024-08-07,33.23,32.60137836576985,35.33677777389962,37.165205590457674,7.0,32.68159523407173,37.08498872215579,Two-sided PID
2024-08-08,27.63,30.213670285264897,32.82845231523901,34.711585861481566,7.0,30.311438274158483,34.61381787258798,Two-sided PID
2024-08-09,25.75,27.520183384039576,30.592208198971075,33.05459335379649,7.0,27.569745736691203,33.005031001144864,Two-sided PID
2024-08-10,23.79,24.4868557445235,26.808134495820706,29.09032312785677,7.0,24.490922940072508,29.08625593230776,Two-sided PID
2024-08-11,24.14,22.837405599190046,25.28415164542401,27.51843557067892,7.0,22.78823455431789,27.567606615551078,Two-sided PID
2024-08-12,28.24,25.55669499788996,27.487989901762575,30.668687709557915,7.0,25.517508221018506,30.70787448642937,Two-sided PID
2024-08-13,25.88,27.330211208461833,28.257595024888147,30.1660421277694,7.0,27.313851341809457,30.182401994421777,Two-sided PID
2024-08-14,25.7,24.9196484729611,27.5081938406776,29.70716000087473,7.0,24.850188920840054,29.776619552995776,Two-sided PID
2024-08-15,25.55,25.404689130209334,26.53903000586055,27.81834623143005,7.0,25.34520276155417,27.877832600085213,Two-sided PID
2024-08-16,28.05,26.14972195097841,26.78832478092638,28.805646472501795,7.0,26.113051147706802,28.842317275773404,Two-sided PID
2024-08-17,28.54,25.569247443067596,26.806647593633514,28.18728955472273,7.0,25.54251677688455,28.214020220905777,Two-sided PID
2024-08-18,29.57,26.726529744165553,28.325792756914414,29.665578383610743,7.0,26.646856873059505,29.74525125471679,Two-sided PID
2024-08-19,31.83,29.056448756754044,31.040093807461126,32.885768286269226,7.0,28.98672172913208,32.95549531389119,Two-sided PID
2024-08-20,29.35,28.627968293336853,31.096983013116144,32.71516698105856,7.0,28.568170431116677,32.77496484327874,Two-sided PID
2024-08-21,32.03,27.550473712668577,30.161305087376725,31.981055487666815,7.0,27.500588542592677,32.03094065774271,Two-sided PID
2024-08-22,30.3,28.133325816285833,30.289782305145728,31.648402776479138,7.0,28.09333706813152,31.68839152463345,Two-sided PID
2024-08-23,31.9,28.62544706282478,30.821998333569006,31.93911134912951,7.0,28.595338667639385,31.969219744314906,Two-sided PID
2024-08-24,29.65,28.604007068814276,30.28442738938466,30.876349317458327,7.0,28.583763157175163,30.89659322909744,Two-sided PID
2024-08-25,29.78,28.23267792186573,30.387875455525688,31.16877450581449,7.0,28.235141830160394,31.166310597519825,Two-sided PID
2024-08-26,31.38,29.120632464230056,31.13064779323376,32.786845633220935,7.0,29.13794085552115,32.76953724192984,Two-sided PID
2024-08-27,29.79,28.354712136489972,29.986336053537574,30.895479516686137,7.0,28.381838583203564,30.868353069972546,Two-sided PID
2024-08-28,32.16,29.290783340472558,30.958072886521343,32.1217820061992,7.0,29.327712754388802,32.08485259228295,Two-sided PID
2024-08-29,31.15,29.030078768231437,30.70522236996498,31.730373603558704,7.0,29.02722352743086,31.73322884435928,Two-sided PID
2024-08-30,32.13,29.790234083564993,31.70291111334874,33.09755754510458,7.0,29.79718477735326,33.090606851316316,Two-sided PID
2024-08-31,29.46,29.28422444749444,31.015654097383955,32.229538620763776,7.0,29.30096573789408,32.21279733036413,Two-sided PID
2024-09-01,28.61,26.31462023266625,29.922116267463657,31.58028375194268,7.0,26.348742538011038,31.546161446597893,Two-sided PID
2024-09-02,31.8,25.994746913596554,29.670943488692515,32.64622042468419,7.0,26.038629713723974,32.60233762455677,Two-sided PID
2024-09-03,30.04,27.373190468419438,30.37011579790834,31.87825352302832,7.0,27.426818996269468,31.82462499517829,Two-sided PID
2024-09-04,30.44,28.1118166299536,31.202867251231126,33.05974527905601,7.0,28.175176305600363,32.996385603409244,Two-sided PID
2024-09-05,28.68,26.349973105639183,29.410379162664128,30.816484916773362,7.0,26.423049534741686,30.74340848767086,Two-sided PID
2024-09-06,31.67,27.032158126740594,29.705516874546674,31.425379583749855,7.0,27.115345024006455,31.342192686483994,Two-sided PID
2024-09-07,29.55,27.28648980919457,29.384037274382433,30.60501672402372,7.0,27.329726527029475,30.561780006188815,Two-sided PID
2024-09-08,29.59,26.384155434199883,29.292396113701635,30.47810964032461,7.0,26.437095928038712,30.425169146485782,Two-sided PID
2024-09-09,30.97,27.934761923034046,30.08495261412167,32.07446834257075,7.0,27.99739173876824,32.01183852683656,Two-sided PID
2024-09-10,28.54,27.234072762690644,29.161221728796576,30.344871265831245,7.0,27.306785554402836,30.272158474119053,Two-sided PID
2024-09-11,30.56,26.653760033800364,28.972518239366536,30.578394914999635,7.0,26.736133787288384,30.496021161511614,Two-sided PID
2024-09-12,28.78,26.42936187291611,28.556616675617665,29.687700019090528,7.0,26.47236644212463,29.644695449882008,Two-sided PID
2024-09-13,31.91,27.48820250758662,29.67303999925658,31.154377899679325,7.0,27.540869286287055,31.10171112097889,Two-sided PID
2024-09-14,29.14,28.08517923029829,29.688142290084052,30.511612365834058,7.0,28.098191603325986,30.498599992806362,Two-sided PID
2024-09-15,29.2,27.16624150956831,29.41858492303911,30.363849537384148,7.0,27.188918613835558,30.3411724331169,Two-sided PID
2024-09-16,30.76,27.996351493217002,29.556102434314123,31.670489827439283,7.0,28.02867857671033,31.638162743945955,Two-sided PID
2024-09-17,27.02,27.395544063105994,28.942305882455013,30.199394359041946,7.0,27.437506556838716,30.157431865309224,Two-sided PID
2024-09-18,29.66,25.80830918681894,27.947186892827624,29.480146067196234,7.0,25.811178084952086,29.477277169063086,Two-sided PID
2024-09-19,28.0,26.315237729736534,27.66665688963458,28.996893438292204,7.0,26.271501467117503,29.040629700911236,Two-sided PID
2024-09-20,29.97,26.930091996179073,29.141695692928497,30.519994129992174,7.0,26.896013679986954,30.554072446184293,Two-sided PID
2024-09-21,26.51,26.903137913096906,28.32897655753575,29.339741956767526,7.0,26.87870213073688,29.364177739127552,Two-sided PID
2024-09-22,23.57,25.29796859012977,27.458751866182276,28.51997244477949,7.0,25.22964918454764,28.58829185036162,Two-sided PID
2024-09-23,26.85,23.177077761398856,25.20933104884762,27.305924634094318,7.0,23.057105519698677,27.425896875794496,Two-sided PID
2024-09-24,26.03,24.217122157746424,25.009695529850713,26.548587134414557,7.0,24.10682077648976,26.658888515671222,Two-sided PID
2024-09-25,27.9,24.98523209861465,26.872239949464028,28.28006737608684,7.0,24.897444323188157,28.367855151513332,Two-sided PID
2024-09-26,26.26,25.29746430637839,26.721804133123197,27.989610867513793,7.0,25.219315056946833,28.06776011694535,Two-sided PID
2024-09-27,28.75,25.96302911512735,27.587801152560278,29.27250114733023,7.0,25.894502508981144,29.341027753476435,Two-sided PID
2024-09-28,26.01,25.96070775382295,27.09857355080589,28.00005213121797,7.0,25.901788095765347,28.05897178927557,Two-sided PID
2024-09-29,26.5,23.950137522388175,26.045929060034492,27.218430787949977,7.0,23.90080930314021,27.26775900719794,Two-sided PID
2024-09-30,28.87,25.496425946836915,26.790961662175985,28.694129157509373,7.0,25.456673841464085,28.733881262882203,Two-sided PID
2024-10-01,25.58,24.532874569965475,25.728328408286533,25.99269690710595,8.0,24.454560780389446,26.07101069668198,Two-sided PID
2024-10-02,26.73,23.917631827711443,25.833761436396195,26.569704738660505,8.0,23.84889990749023,26.638436658881716,Two-sided PID
2024-10-03,24.74,22.623693605854047,24.162225872726456,25.08274811450296,8.0,22.503639026974543,25.202802693382463,Two-sided PID
2024-10-04,25.01,22.942793085198048,25.054008205986506,25.821190961082486,8.0,22.832327326305904,25.93165671997463,Two-sided PID
2024-10-05,23.54,21.745001608601225,23.064254472484986,23.61645994972494,8.0,21.644108698853845,23.71735285947232,Two-sided PID
2024-10-06,23.11,20.878349519499846,22.350614732831065,22.97861694553588,8.0,20.799872681920913,23.057093783114812,Two-sided PID
2024-10-07,24.63,21.89445537814146,23.542356930834984,24.59922114765374,8.0,21.777654828952656,24.716021696842542,Two-sided PID
2024-10-08,22.15,21.520920667143358,22.40382604499862,23.08066259112865,8.0,21.418695633138178,23.18288762513383,Two-sided PID
2024-10-09,23.74,20.90956684001101,22.336035074410642,23.48608897504059,8.0,20.81689016161404,23.57876565343756,Two-sided PID
2024-10-10,22.26,20.58084389342134,21.649842074811065,22.288000437954963,8.0,20.444946746932416,22.423897584443885,Two-sided PID
2024-10-11,22.61,20.765033966952945,22.19331012891023,23.2931484090888,8.0,20.64370438558889,23.414477990452855,Two-sided PID
2024-10-12,20.64,19.980034312423452,20.89560219797323,21.40844352788835,8.0,19.875850474175614,21.512627366136186,Two-sided PID
2024-10-13,20.05,18.41684941275187,20.188246757276275,20.970966156281264,8.0,18.322597624206463,21.06521794482667,Two-sided PID
2024-10-14,21.15,18.16059381663907,20.458882280267513,22.34120794611086,8.0,18.075850283059026,22.425951479690905,Two-sided PID
2024-10-15,19.2,18.27223941154336,19.518122295615186,20.47744753189233,8.0,18.196988445875274,20.552698497560417,Two-sided PID
2024-10-16,18.67,18.313909935290326,19.779128140406865,20.826055673888426,8.0,18.24813603162375,20.891829577555,Two-sided PID
2024-10-17,18.38,16.80643618717987,17.96729811931396,18.94654285107722,8.0,16.772375466857753,18.980603571399335,Two-sided PID
2024-10-18,17.26,17.40301003181519,18.477921267877313,19.470331270574057,8.0,17.378395899009753,19.494945403379493,Two-sided PID
2024-10-19,16.36,15.959018992211032,16.902984980571844,17.377638503954913,8.0,15.896447281126557,17.44021021503939,Two-sided PID
2024-10-20,16.83,15.447671986734965,16.297242835146662,16.889371831904555,8.0,15.419514545923192,16.91752927271633,Two-sided PID
2024-10-21,17.55,16.495875279248015,17.381355561568437,18.802452243243838,8.0,16.484774082224497,18.813553440267356,Two-sided PID
2024-10-22,16.99,16.093302455898336,16.645922126021343,17.220097108888286,8.0,16.091623662775806,17.221775902010815,Two-sided PID
2024-10-23,16.51,16.30246134585984,16.99110557881332,18.01921895954473,8.0,16.31018994061673,18.01149036478784,Two-sided PID
2024-10-24,16.53,15.173956873692386,16.26345228252938,16.784376577154234,8.0,15.19107801470197,16.76725543614465,Two-sided PID
2024-10-25,16.17,15.701169413014211,16.507012767479075,17.22053321637057,8.0,15.727668431601963,17.194034197782816,Two-sided PID
2024-10-26,15.76,14.665507734022073,15.65729034065708,15.937449479406116,8.0,14.701370133042252,15.901587080385937,Two-sided PID
2024-10-27,15.83,14.544758753529408,15.560617545743566,16.14948308906793,8.0,14.589970205960578,16.10427163663676,Two-sided PID
2024-10-28,17.71,15.381589073191908,16.617298603522258,17.67369656447244,8.0,15.436135420751125,17.619150216913223,Two-sided PID
2024-10-29,17.09,15.512647085440282,16.237879274417004,16.906681204951816,8.0,15.533120472318524,16.886207818073576,Two-sided PID
2024-10-30,15.42,15.458371970161245,16.46206238637402,17.044910216779826,8.0,15.441223981401249,17.06205820553982,Two-sided PID
2024-10-31,8.95,13.160592278332622,14.916831838664788,15.490441986286072,8.0,13.105891658209407,15.545142606409287,Two-sided PID
2024-11-01,13.75,10.171302172684355,11.659298699969305,13.338443796017522,8.0,10.075482737597431,13.434263231104445,Two-sided PID
2024-11-02,13.01,11.945293585459444,12.124248461160374,13.374566079424884,8.0,11.804413930542921,13.515445734341407,Two-sided PID
2024-11-03,14.63,12.313011340707046,13.877970555043897,14.569463031420387,8.0,12.181565060609383,14.70090931151805,Two-sided PID
2024-11-04,12.61,14.754164519821511,15.693487755418143,17.17684319204706,8.0,14.628161166453147,17.302846545415424,Two-sided PID
2024-11-05,14.18,13.481377531115598,14.374243447643309,15.308645955342211,8.0,13.274792956206594,15.515230530251214,Two-sided PID
2024-11-06,14.16,14.326447543788237,14.500473802433433,15.767063542504255,8.0,14.172529724295847,15.920981361996645,Two-sided PID
2024-11-07,13.86,12.081984722461957,13.021302592437342,13.811639024567253,8.0,11.847553321894726,14.046070425134484,Two-sided PID
2024-11-08,13.53,14.122498258924677,14.494225136406238,15.262423905677881,8.0,13.897506830343778,15.487415334258781,Two-sided PID
2024-11-09,12.57,11.358314383753104,12.83614332157425,13.31570807874457,8.0,11.09611100053161,13.577911461966064,Two-sided PID
2024-11-10,12.46,11.321461092313937,13.162532493026632,13.737562010293235,8.0,11.068710922124398,13.990312180482775,Two-sided PID
2024-11-11,12.95,11.901696061760303,13.766480869346772,15.479605128580365,8.0,11.6583814459564,15.722919744384269,Two-sided PID
2024-11-12,13.92,12.381723211353346,13.864127996311112,14.629102757119568,8.0,12.147826679892523,14.862999288580392,Two-sided PID
2024-11-13,14.15,13.779632953526491,14.554693676397445,15.283441469613186,8.0,13.555137223306353,15.507937199833323,Two-sided PID
2024-11-14,13.78,12.96132254507183,13.784749152968637,13.917068132756873,8.0,12.74621051828871,14.132180159539994,Two-sided PID
2024-11-15,13.68,13.438449666137277,14.233889223542015,15.260234129515265,8.0,13.232704428666626,15.465979366985916,Two-sided PID
2024-11-16,13.26,12.540133152620378,13.382842107982807,14.011397493767706,8.0,12.343737972418666,14.207792673969418,Two-sided PID
2024-11-17,13.73,12.471365687983948,13.348686899635752,14.217557351399405,8.0,12.284304013511738,14.404619025871614,Two-sided PID
2024-11-18,13.75,13.290082120567234,14.012462801618613,15.114692501919727,8.0,13.112337579233124,15.292437043253837,Two-sided PID
2024-11-19,13.56,13.068439011833096,13.81954450462194,14.714187938768713,8.0,12.899995408458208,14.882631542143601,Two-sided PID
2024-11-20,14.15,13.323328957031379,14.147299128936407,15.013889766747113,8.0,13.164170272334097,15.173048451444394,Two-sided PID
2024-11-21,14.08,12.91906776629246,13.959669464107348,14.61488406418992,8.0,12.76917815539312,14.764773675089259,Two-sided PID
2024-11-22,14.1,13.449113260624241,14.22105415738882,15.276087054927604,8.0,13.308477051569465,15.41672326398238,Two-sided PID
2024-11-23,13.42,12.806346068701838,13.707079160858473,14.485722825456518,8.0,12.674947761008237,14.61712113315012,Two-sided PID
2024-11-24,13.05,12.778474891968452,13.812294127579959,14.480539581005509,8.0,12.656299155185405,14.602715317788556,Two-sided PID
2024-11-25,12.62,12.948812601849024,13.889047718291788,15.312125583156611,8.0,12.87908321881695,15.381854966188685,Two-sided PID
2024-11-26,12.8,12.20345488233706,13.046629526916988,13.907913050050055,8.0,12.096990410668623,14.014377521718492,Two-sided PID
2024-11-27,11.94,11.808960044268389,12.99466104458611,14.253046819891027,8.0,11.711711468724573,14.350295395434843,Two-sided PID
2024-11-28,10.46,8.847077168952728,11.216664525441924,12.573621335309465,8.0,8.759029124551862,12.66166937971033,Two-sided PID
2024-11-29,10.6,10.805160088603925,11.91392521903131,13.223087612582077,8.0,10.726297378288056,13.301950322897946,Two-sided PID
2024-11-30,11.51,10.35623058652685,10.942527388327656,11.844662750017712,8.0,10.19751765082252,12.003375685722041,Two-sided PID
2024-12-01,12.87,11.533714172425995,11.73116606730012,12.314407608345881,8.0,11.384195349443317,12.46392643132856,Two-sided PID
2024-12-02,13.33,13.112701913607001,13.22496468712384,14.189327307395843,8.0,12.926236453608993,14.37579276739385,Two-sided PID
2024-12-03,14.32,13.111094786844422,13.193180088961824,13.8664778314869,8.0,12.933833241831557,14.043739376499765,Two-sided PID
2024-12-04,14.11,13.741440630535667,13.909673162930975,15.172300076851432,8.0,13.520102636386792,15.393638071000307,Two-sided PID
2024-12-05,12.53,12.418178634502997,13.435752096613198,14.260213581838585,8.0,12.213660939568868,14.464731276772714,Two-sided PID
2024-12-06,13.16,12.046278949813665,12.695422127637077,13.90789741901436,8.0,11.85095984921827,14.103216519609754,Two-sided PID
2024-12-07,13.28,11.968878039260527,12.590079383468847,13.260337923523764,8.0,11.782741564114236,13.446474398670055,Two-sided PID
2024-12-08,13.36,12.647225438770942,13.511122207478167,13.95245189968955,8.0,12.470255790320662,14.12942154813983,Two-sided PID
2024-12-09,13.4,13.321950861062813,14.130654956995414,15.133165017084568,8.0,13.154540334249877,15.300575543897505,Two-sided PID
2024-12-10,13.92,13.12709694762037,13.6183808573572,14.231262741130806,8.0,13.012061099367541,14.346298589383634,Two-sided PID
2024-12-11,13.89,13.910546866607483,14.07036221917814,14.707377027753825,8.0,13.808605263604493,14.809318630756815,Two-sided PID
2024-12-12,13.93,12.649513679594257,13.311442461433568,13.727030609825748,8.0,12.556677381244487,13.819866908175518,Two-sided PID
2024-12-13,13.64,13.319917228295008,13.44773473773054,14.342229549407566,8.0,13.190857671056309,14.471289106646266,Two-sided PID
2024-12-14,13.3,12.661716123762726,13.197819509067994,13.754006970138857,8.0,12.54177112982636,13.873951964075223,Two-sided PID
2024-12-15,12.89,12.729013170916215,13.386573792234634,14.049783477419629,8.0,12.618167412019728,14.160629236316115,Two-sided PID
2024-12-16,13.01,12.861444109507879,13.704761458161041,14.883822920519112,8.0,12.75968242124163,14.985584608785361,Two-sided PID
2024-12-17,13.01,12.506430931659672,13.224347902691388,13.93457391704603,8.0,12.413738312111118,14.027266536594585,Two-sided PID
2024-12-18,12.67,12.769408122975367,13.385323294537315,14.466047296199136,8.0,12.685769731390787,14.549685687783716,Two-sided PID
2024-12-19,13.46,11.814929089903542,12.79211244186754,13.381675732303302,8.0,11.69126092914684,13.505343893060004,Two-sided PID
2024-12-20,13.17,12.7606071907496,13.147654891614554,14.373527541639174,8.0,12.628214777666473,14.5059199547223,Two-sided PID
2024-12-21,13.0,12.311029862016142,13.05527769226769,13.761625004190057,8.0,12.187685462024229,13.88496940418197,Two-sided PID
2024-12-22,12.65,12.243508732546967,13.014223978908941,13.75560684545201,8.0,12.12919747246238,13.869918105536598,Two-sided PID
2024-12-23,19.57,12.596243800171564,13.463081054964412,14.505487448838252,8.0,12.508738265126905,14.592992983882912,Two-sided PID
2024-12-24,10.59,15.367352812228336,16.1060296713928,16.982448176624832,8.0,15.226145882916104,17.123655105937065,Two-sided PID
2024-12-25,9.59,10.243547007867116,13.376809343276632,15.308551318353622,8.0,10.04538537372411,15.506712952496628,Two-sided PID
2024-12-26,10.78,8.373909531488387,9.967142099864706,12.069131062097334,8.0,8.135544887497387,12.307495706088334,Two-sided PID
2024-12-27,11.34,9.630570972544051,10.525877375284553,12.041788491460748,8.0,9.401285575523584,12.271073888481215,Two-sided PID
2024-12-28,11.84,9.913112040407006,11.200851803857875,12.21285343257145,8.0,9.697257743669663,12.428707729308792,Two-sided PID
2024-12-29,12.2,10.881488378744473,12.09192208011967,12.997104218476265,8.0,10.674681620425389,13.203910976795349,Two-sided PID
2024-12-30,11.85,13.536566964626367,14.798298599935876,16.20198151120166,8.0,13.338792137138398,16.399756338689627,Two-sided PID
2024-12-31,11.51,10.8574757787349,11.413988237023528,12.296132423432784,8.0,10.619638072789364,12.53397012937832,Two-sided PID
2025-01-01,11.41,10.24650161898076,10.923222269201581,12.536028976293059,9.0,10.017707113039402,12.764823482234418,Two-sided PID
2025-01-02,12.85,10.606759026575327,11.767201541660762,12.502563519747158,9.0,10.391359713559071,12.717962832763414,Two-sided PID
2025-01-03,13.08,12.518973620732531,12.605208107226774,13.874382749638604,9.0,12.267963701088005,14.12539266928313,Two-sided PID
2025-01-04,12.67,12.52057546476735,13.161309150398882,13.874952683329631,9.0,12.299688667234793,14.095839480862189,Two-sided PID
2025-01-05,13.18,12.83116303637966,13.40975296227871,14.019034700626689,9.0,12.637086818365237,14.213110918641112,Two-sided PID
2025-01-06,13.17,13.818593309797809,15.065928077503106,16.320411558023093,9.0,13.633524549850005,16.505480317970896,Two-sided PID
2025-01-07,12.68,12.352731406650594,13.04190328173914,13.882003208049206,9.0,12.114375286144542,14.120359328555258,Two-sided PID
2025-01-08,13.87,12.123042180964102,12.600945838867004,13.6319989176027,9.0,11.893705618607264,13.86133547995954,Two-sided PID
2025-01-09,13.79,12.72583609247964,13.590286329463556,14.460272053634018,9.0,12.439967437187876,14.74614070892578,Two-sided PID
2025-01-10,13.37,12.811228147704893,13.762240539015554,15.015855813334403,9.0,12.55547594040262,15.271608020636677,Two-sided PID
2025-01-11,13.14,12.521451335639483,13.515173681427635,14.159972005137142,9.0,12.274715358433623,14.406707982343002,Two-sided PID
2025-01-12,13.3,12.462813213243258,13.661292384123708,14.504295921983772,9.0,12.225077269137579,14.742031866089452,Two-sided PID
2025-01-13,13.44,12.996213424855071,14.07124642922426,15.239252318571683,9.0,12.767461481070166,15.468004262356589,Two-sided PID
2025-01-14,13.44,12.584133609962036,13.224438380039711,14.03613225427376,9.0,12.364349796551808,14.255916067683987,Two-sided PID
2025-01-15,13.56,12.67241024349056,13.44824319367375,14.678648052016094,9.0,12.461578851976274,14.88947944353038,Two-sided PID
2025-01-16,13.65,12.264365050574233,13.683613709332473,14.543728510112626,9.0,12.080257831712967,14.727835728973892,Two-sided PID
2025-01-17,13.05,12.676137341611145,13.585986235325347,14.980544013125375,9.0,12.500951606712972,15.155729748023548,Two-sided PID
2025-01-18,13.01,11.896923938017242,13.067594333789108,13.892655546547648,9.0,11.730644454981745,14.058935029583145,Two-sided PID
2025-01-19,13.58,11.376998107881516,12.75543635922127,13.854385637021059,9.0,11.219609800782543,14.011773944120032,Two-sided PID
2025-01-20,14.21,11.995275181095746,14.16133894590818,15.766139327210556,9.0,11.846763128899607,15.914651379406695,Two-sided PID
2025-01-21,15.08,12.45741393768697,13.79335286143946,14.653438872856906,9.0,12.31776337298674,14.793089437557137,Two-sided PID
2025-01-22,14.85,14.15643472551406,14.889101079607208,16.086572168274024,9.0,13.963901814985576,16.27910507880251,Two-sided PID
2025-01-23,15.06,12.665301785374247,14.35201785034566,15.533589824705812,9.0,12.499427838352021,15.699463771728038,Two-sided PID
2025-01-24,13.5,13.736442469970115,14.622867083014148,15.510740134137773,9.0,13.583399048234995,15.663783555872893,Two-sided PID
2025-01-25,14.22,12.373170885065807,13.520874387543401,14.661269757922023,9.0,12.185115808291778,14.849324834696052,Two-sided PID
2025-01-26,15.29,13.65727491716665,14.417549782378913,15.418414243018468,9.0,13.485705950975982,15.589983209209135,Two-sided PID
2025-01-27,15.9,13.90760968979486,15.663501143544577,16.958382552578666,9.0,13.745476596489764,17.12051564588376,Two-sided PID
2025-01-28,19.91,14.392140166347026,15.698917672260702,16.54886489352187,9.0,14.23884443614816,16.702160623720737,Two-sided PID
2025-01-29,17.26,16.69096288902693,18.028966356431415,19.04847769609141,9.0,16.50217951362543,19.237261071492913,Two-sided PID
2025-01-30,16.33,14.967168163762775,18.001083278587252,18.51628940370955,9.0,14.787233127001793,18.696224440470534,Two-sided PID
2025-01-31,14.5,14.128692914772943,15.576596666161407,17.370403236935424,9.0,13.95759106585812,17.541505085850247,Two-sided PID
2025-02-01,14.56,13.405808465891234,14.442554632914293,15.29798674415688,9.0,13.243524807155552,15.460270402892561,Two-sided PID
2025-02-02,14.79,13.345720052983216,14.712803645368728,15.599531740941774,9.0,13.19223973863557,15.753012055289421,Two-sided PID
2025-02-03,14.48,13.804235436918416,15.33656048664319,16.77314567728649,9.0,13.659543771807787,16.91783734239712,Two-sided PID
2025-02-04,14.51,14.108079813772243,15.484167242170352,16.629000555567615,9.0,13.972745789067691,16.764334580272166,Two-sided PID
2025-02-05,14.5,14.448588216731242,15.140127076825657,15.759788464297156,9.0,14.322013898015316,15.886362783013082,Two-sided PID
2025-02-06,14.38,13.904308832745844,14.676321944545304,15.64270130617738,9.0,13.786479969525566,15.760530169397658,Two-sided PID
2025-02-07,14.16,13.923188699841749,13.88882987415072,14.872071392585028,9.0,13.814091187472602,14.981168904954174,Two-sided PID
2025-02-08,13.64,13.60066759913434,13.710283407556982,14.410098616112197,9.0,13.50333003085745,14.507436184389087,Two-sided PID
2025-02-09,14.18,13.579758515395142,13.771244942635683,14.478859371281121,9.0,13.491124521595914,14.567493365080349,Two-sided PID
2025-02-10,14.35,14.137811848358666,14.194187912096922,15.377854194826845,9.0,14.057867755028893,15.457798288156619,Two-sided PID
2025-02-11,13.98,14.540468700913191,15.1469491493477,15.976559440364854,9.0,14.469200975334221,16.047827165943822,Two-sided PID
2025-02-12,14.03,14.018236576950919,14.159548258914047,14.895034814875935,9.0,13.909367908420535,15.003903483406319,Two-sided PID
2025-02-13,14.35,13.417466654311584,14.065546294379686,14.678752992879268,9.0,13.31728235282145,14.7789372943694,Two-sided PID
2025-02-14,14.04,14.055433875335096,14.037024229011342,15.179958102719713,9.0,13.963920237821453,15.271471740233356,Two-sided PID
2025-02-15,14.4,12.89463252746048,13.439271668833907,14.344668916524128,9.0,12.814818544812296,14.424482899172313,Two-sided PID
2025-02-16,14.08,12.957968269644692,13.787939165575391,14.53745565698581,9.0,12.883755412809785,14.611668513820716,Two-sided PID
2025-02-17,13.75,13.052507729853911,14.624371437858386,16.03181795260015,9.0,12.986925267940764,16.097400414513295,Two-sided PID
2025-02-18,14.21,12.795943436451331,14.02543245852026,14.614975732306517,9.0,12.738978222862002,14.671940945895846,Two-sided PID
2025-02-19,14.6,14.133718819462118,14.459155136606803,14.919279024154001,9.0,14.085357844029373,14.967639999586746,Two-sided PID
2025-02-20,14.74,13.34355011415132,14.229256556063328,14.721854261809312,9.0,13.306823055288715,14.758581320671917,Two-sided PID
2025-02-21,14.76,14.24312470460283,14.540147611308974,15.630449177736445,9.0,14.214976268674675,15.658597613664599,Two-sided PID
2025-02-22,14.54,13.87126764935965,14.36140540004105,14.960647808883511,9.0,13.8516852292529,14.980230228990262,Two-sided PID
2025-02-23,15.16,13.860440842149263,14.63134915766446,15.176772335389213,9.0,13.849411963064941,15.187801214473534,Two-sided PID
2025-02-24,15.88,14.495273793193563,15.494059146455985,16.526668015014156,9.0,14.492786111648682,16.529155696559037,Two-sided PID
2025-02-25,14.68,14.537472678026116,15.585781837471455,16.120237061449394,9.0,14.543513980867683,16.114195758607828,Two-sided PID
2025-02-26,14.7,14.56641906423394,15.333052482900403,16.161778994956762,9.0,14.580977267664899,16.147220791525804,Two-sided PID
2025-02-27,14.71,13.674614400669316,14.790404343536977,15.093298608148803,9.0,13.697677549286276,15.070235459531844,Two-sided PID
2025-02-28,13.88,14.252952944267177,14.665592097585778,15.501590402379753,9.0,14.291455662183028,15.463087684463902,Two-sided PID
2025-03-01,13.76,12.630458425423605,13.715975063999629,14.533267203472946,9.0,12.627811700260251,14.5359139286363,Two-sided PID
2025-03-02,14.05,13.0534995778447,13.749560769298107,14.463261997146185,9.0,13.059350319069603,14.457411255921283,Two-sided PID
2025-03-03,13.9,13.80844286022312,14.6754874070492,15.778384799929514,9.0,13.82277907752659,15.764048582626044,Two-sided PID
2025-03-04,14.08,12.985636820626718,13.52774880405093,14.341236724085807,9.0,13.008446650656092,14.318426894056433,Two-sided PID
2025-03-05,13.98,13.505467637937457,14.031609440853334,14.742408206775476,9.0,13.536739343360829,14.711136501352104,Two-sided PID
2025-03-06,13.72,12.973447490492493,13.80506766434517,14.431575888063263,9.0,13.013169459073689,14.391853919482067,Two-sided PID
2025-03-07,13.41,12.710765475246241,13.115658487049568,14.051347595253056,9.0,12.7589262189309,14.003186851568396,Two-sided PID
2025-03-08,13.52,12.580624387327601,12.948174114984475,13.480497624011292,9.0,12.63721254134022,13.423909469998673,Two-sided PID
2025-03-09,13.81,13.36045841775918,13.663789037903467,14.484458317836166,9.0,13.383016927193676,14.46189980840167,Two-sided PID
2025-03-10,14.11,13.642374489734912,14.383686957838146,15.701978357114776,9.0,13.673363877455179,15.670988969394509,Two-sided PID
2025-03-11,13.93,13.194176349081516,13.886614907704061,14.600634339039447,9.0,13.239401137273898,14.555409550847065,Two-sided PID
2025-03-12,14.48,13.356971609307854,13.939624321384638,14.849672929267218,9.0,13.410604350475936,14.796040188099136,Two-sided PID
2025-03-13,13.53,13.130594510897264,14.17598436630223,14.774780637260765,9.0,13.193754331537319,14.71162081662071,Two-sided PID
2025-03-14,13.67,13.05387569297054,13.765452931935279,14.749785906140971,9.0,13.125421028964462,14.678240570147048,Two-sided PID
2025-03-15,13.29,12.158795279955129,12.901341224272254,13.475625899762305,9.0,12.238715093184448,13.395706086532986,Two-sided PID
2025-03-16,13.17,13.042826196032081,13.567679454553755,14.138532311194654,9.0,13.13110956769245,14.050248939534285,Two-sided PID
2025-03-17,16.09,13.148293404169596,13.833036189174571,15.091632745374083,9.0,13.244929533922965,14.994996615620714,Two-sided PID
2025-03-18,12.7,14.174834258297459,14.634011249835634,15.482123842340126,9.0,14.236491822612189,15.420466278025396,Two-sided PID
2025-03-19,12.51,12.883404775873519,14.173922316074762,15.173475017909238,9.0,12.905466542010192,15.151413251772565,Two-sided PID
2025-03-20,13.19,11.540347989905321,12.471452781010635,13.213939558261007,9.0,11.525649365409842,13.228638182756486,Two-sided PID
2025-03-21,13.45,12.701474901184469,13.148545796095357,14.217043021983644,9.0,12.695161870896289,14.223356052271823,Two-sided PID
2025-03-22,13.18,12.210167799867419,13.29756250777551,13.951153248691073,9.0,12.21222861419466,13.949092434363832,Two-sided PID
2025-03-23,14.0,12.527882416458166,13.414125518259791,14.25334627423002,9.0,12.538305448127199,14.242923242560988,Two-sided PID
2025-03-24,16.16,14.20058876155747,15.16810855754806,16.43162884412162,9.0,14.21936250472091,16.41285510095818,Two-sided PID
2025-03-25,14.73,14.296952787300146,14.825565347700566,15.783572270432115,9.0,14.324065856655427,15.756459201076835,Two-sided PID
2025-03-26,16.4,13.97008058468124,15.192618672597716,16.24228267399878,9.0,14.005521714599608,16.20684154408041,Two-sided PID
2025-03-27,15.44,14.271852461249809,15.347080943185754,16.226136837360276,9.0,14.273146524639001,16.224842773971083,Two-sided PID
2025-03-28,14.67,14.350083491299806,15.606202989204352,16.757935233123195,9.0,14.35970955268561,16.748309171737393,Two-sided PID
2025-03-29,13.6,13.260055272712108,14.49129464702122,15.38321475210734,9.0,13.278001913032913,15.365268111786536,Two-sided PID
2025-03-30,13.56,10.164147904300089,12.65211822907962,13.385404026424807,9.0,10.190987360621785,13.35856457010311,Two-sided PID
2025-03-31,14.33,12.69913720752395,14.878450960623539,15.56076603333257,9.0,12.692519547789107,15.567383693067413,Two-sided PID
