date,water_demand_mgd,projected_water_demand_mgd,actual_projected_demand_ratio,plant_demand_mgd,tmax_f,tmin_f,tavg_f,temperature_range_f,precipitation_in,snowfall_in,snow_depth_in,year,month,day_of_year,day_of_week,is_weekend
2020-01-01,12.47,12.06,1.03399668325041,12.77,54,23,38.5,31,0,0,1,2020,1,1,2,0
2020-01-02,13.24,13.11,1.00991609458429,14.17,49,32,40.5,17,0,0,1,2020,1,2,3,0
2020-01-03,13.57,13.53,1.0029563932003,14.1,43,18,30.5,25,0,0,1,2020,1,3,4,0
2020-01-04,13.38,13.63,0.981658107116654,13.84,54,22,38,32,0,0,0,2020,1,4,5,1
2020-01-05,13.52,13.7,0.986861313868613,14.51,54,28,41,26,0,0,0,2020,1,5,6,1
2020-01-06,13.9,13.56,1.02507374631268,14.62,44,26,35,18,0,0,0,2020,1,6,0,0
2020-01-07,13.89,13.48,1.03041543026706,14.32,56,32,44,24,0,0,0,2020,1,7,1,0
2020-01-08,13.67,13.51,1.01184307920059,14.4,59,23,41,36,0,0,0,2020,1,8,2,0
2020-01-09,13.46,13.71,0.981765134938001,14.61,45,27,36,18,0,0,0,2020,1,9,3,0
2020-01-10,13.52,13.72,0.985422740524781,13.99,36,22,29,14,0,0,0,2020,1,10,4,0
2020-01-11,13.3,13.67,0.972933430870519,13.99,43,9,26,34,0,0,0,2020,1,11,5,1
2020-01-12,13.56,13.49,1.0051890289103,14.32,41,17,29,24,0,0,0,2020,1,12,6,1
2020-01-13,13.54,13.7,0.988321167883212,14.04,44,15,29.5,29,0,0,0,2020,1,13,0,0
2020-01-14,13.55,13.73,0.986890021849964,14.17,55,15,35,40,0,0,0,2020,1,14,1,0
2020-01-15,13.39,13.74,0.9745269286754,14.07,45,24,34.5,21,0,0,0,2020,1,15,2,0
2020-01-16,13.76,13.86,0.992784992784993,14.26,36,15,25.5,21,0,0,0,2020,1,16,3,0
2020-01-17,13.74,13.82,0.994211287988422,14.39,51,19,35,32,0,0,0,2020,1,17,4,0
2020-01-18,13.46,14.04,0.958689458689459,14.16,39,21,30,18,0,0,0,2020,1,18,5,1
2020-01-19,13.82,13.97,0.989262705798139,14.2,47,14,30.5,33,0,0,0,2020,1,19,6,1
2020-01-20,14.58,14.1,1.03404255319149,15.54,49,13,31,36,0,0,0,2020,1,20,0,0
2020-01-21,13.23,14.15,0.934982332155477,14.78,48,28,38,20,0,0,0,2020,1,21,1,0
2020-01-22,14.27,14.12,1.01062322946176,14.63,53,33,43,20,0,0,0,2020,1,22,2,0
2020-01-23,14.06,14.15,0.993639575971731,14.69,43,30,36.5,13,0,0,0,2020,1,23,3,0
2020-01-24,14.21,14.16,1.00353107344633,14.96,49,20,34.5,29,0,0,0,2020,1,24,4,0
2020-01-25,14.29,14.25,1.00280701754386,14.92,55,27,41,28,0,0,0,2020,1,25,5,1
2020-01-26,14.44,14.18,1.01833568406206,14.78,52,26,39,26,0,0,0,2020,1,26,6,1
2020-01-27,14.37,14.2,1.01197183098592,15.23,41,28,34.5,13,0,0,0,2020,1,27,0,0
2020-01-28,14.42,14.09,1.02342086586231,14.98,47,29,38,18,0,0,0,2020,1,28,1,0
2020-01-29,14.04,14.33,0.979762735519888,14.51,45,25,35,20,0,0,0,2020,1,29,2,0
2020-01-30,14.16,14.11,1.00354358610914,15.17,42,19,30.5,23,0,0,0,2020,1,30,3,0
2020-01-31,14.01,14.04,0.997863247863248,14.87,54,22,38,32,0,0,0,2020,1,31,4,0
2020-02-01,14.13,14.53,0.972470750172058,14.92,68,27,47.5,41,0,0,0,2020,2,32,5,1
2020-02-02,14.58,14.34,1.01673640167364,15.62,74,34,54,40,0,0,0,2020,2,33,6,1
2020-02-03,13.67,14.5,0.942758620689655,14.81,55,17,36,38,0.16,1.6,2,2020,2,34,0,0
2020-02-04,14,14.22,0.984528832630098,16.08,20,13,16.5,7,0.14,2.8,4,2020,2,35,1,0
2020-02-05,14.07,14.54,0.96767537826685,7.01,29,-4,12.5,33,0,0.1,3,2020,2,36,2,0
2020-02-06,15.85,14.51,1.09235010337698,13.25,43,8,25.5,35,0,0,2,2020,2,37,3,0
2020-02-07,13.26,14.52,0.913223140495868,14.93,34,25,29.5,9,0.12,2.8,5,2020,2,38,4,0
2020-02-08,13.65,14.66,0.931105047748977,17.75,45,15,30,30,0.06,1.3,5,2020,2,39,5,1
2020-02-09,13.97,14.81,0.943281566509115,17.94,41,23,32,18,0,0,3,2020,2,40,6,1
2020-02-10,14.58,14.58,1,18.35,36,12,24,24,0.06,1,3,2020,2,41,0,0
2020-02-11,14.34,14.57,0.984214138641043,15.03,35,7,21,28,0.04,0.8,4,2020,2,42,1,0
2020-02-12,14.18,14.47,0.979958534899793,15.19,39,19,29,20,0.02,0.5,4,2020,2,43,2,0
2020-02-13,14.25,14.62,0.97469220246238,14.96,27,17,22,10,0.03,0.6,4,2020,2,44,3,0
2020-02-14,14.54,14.61,0.995208761122519,14.92,49,9,29,40,0,0,3,2020,2,45,4,0
2020-02-15,13.81,14.55,0.94914089347079,14.83,41,25,33,16,0,0,3,2020,2,46,5,1
2020-02-16,14.23,14.6,0.974657534246575,15.06,47,23,35,24,0,0,3,2020,2,47,6,1
2020-02-17,14.51,14.59,0.994516792323509,15.17,43,32,37.5,11,0,0,2,2020,2,48,0,0
2020-02-18,14.59,14.43,1.01108801108801,15.52,36,15,25.5,21,0,0.1,2,2020,2,49,1,0
2020-02-19,14.18,14.36,0.987465181058496,15.44,29,19,24,10,0.03,1.7,4,2020,2,50,2,0
2020-02-20,14.81,14.41,1.02775850104094,15.56,32,6,19,26,0,0.2,2,2020,2,51,3,0
2020-02-21,14.55,14.42,1.00901525658807,15.8,53,9,31,44,0,0,0,2020,2,52,4,0
2020-02-22,14.37,14.48,0.992403314917127,15.58,58,23,40.5,35,0,0,0,2020,2,53,5,1
2020-02-23,14.51,14.34,1.0118549511855,15.45,47,37,42,10,0,0,0,2020,2,54,6,1
2020-02-24,14.44,14.04,1.02849002849003,15.61,43,25,34,18,0.03,0.6,0,2020,2,55,0,0
2020-02-25,14.27,14.37,0.99304105775922,15.56,33,21,27,12,0,0,0,2020,2,56,1,0
2020-02-26,14.3,14.45,0.98961937716263,15.28,42,8,25,34,0,0,0,2020,2,57,2,0
2020-02-27,14.21,14.38,0.98817802503477,15.3,53,24,38.5,29,0,0,0,2020,2,58,3,0
2020-02-28,14.41,14.4,1.00069444444444,15.74,58,21,39.5,37,0,0,0,2020,2,59,4,0
2020-02-29,14.51,14.48,1.00207182320442,15.19,56,29,42.5,27,0,0,0,2020,2,60,5,1
2020-03-01,14.18,14.48,0.979281767955801,15.51,45,29,37,16,0.02,0.2,0,2020,3,61,6,1
2020-03-02,15.02,14.44,1.04016620498615,16.08,41,26,33.5,15,0.01,0.3,0,2020,3,62,0,0
2020-03-03,15.86,14.53,1.09153475567791,16.79,65,23,44,42,0,0,0,2020,3,63,1,0
2020-03-04,14.29,14.65,0.97542662116041,15.83,64,22,43,42,0,0,0,2020,3,64,2,0
2020-03-05,15.59,14.65,1.0641638225256,16.75,52,30,41,22,0,0,0,2020,3,65,3,0
2020-03-06,14.1,14.5,0.972413793103448,15.27,68,24,46,44,0,0,0,2020,3,66,4,0
2020-03-07,14.41,14.49,0.99447895100069,15.74,71,34,52.5,37,0,0,0,2020,3,67,5,1
2020-03-08,14.14,14.71,0.961250849762067,15.8,71,34,52.5,37,0,0,0,2020,3,68,6,1
2020-03-09,14.52,14.82,0.979757085020243,23.27,58,37,47.5,21,0.12,0,0,2020,3,69,0,0
2020-03-10,14.36,14.75,0.973559322033898,15.6,62,31,46.5,31,0,0,0,2020,3,70,1,0
2020-03-11,14.81,14.39,1.02918693537179,16,68,29,48.5,39,0,0,0,2020,3,71,2,0
2020-03-12,14.66,14.4,1.01805555555556,16.06,55,33,44,22,0,0,0,2020,3,72,3,0
2020-03-13,13.73,14.2,0.966901408450704,14.86,36,31,33.5,5,0.02,0.1,0,2020,3,73,4,0
2020-03-14,13.67,14.32,0.954608938547486,14.85,37,29,33,8,0,0.1,0,2020,3,74,5,1
2020-03-15,13.57,14.12,0.961048158640227,14.73,53,30,41.5,23,0,0,0,2020,3,75,6,1
2020-03-16,13.86,14.06,0.985775248933144,14.93,54,28,41,26,0,0,0,2020,3,76,0,0
2020-03-17,13.04,13.97,0.933428775948461,14.33,53,34,43.5,19,0,0,0,2020,3,77,1,0
2020-03-18,13.59,14.11,0.963146704464918,14.7,65,27,46,38,0.03,0,0,2020,3,78,2,0
2020-03-19,12.55,14.39,0.872133425990271,13.71,45,29,37,16,0.9,3.3,4,2020,3,79,3,0
2020-03-20,12.98,14.53,0.893324156916724,14.1,30,19,24.5,11,0.04,0.5,3,2020,3,80,4,0
2020-03-21,13.53,14.71,0.919782460910945,14.46,49,13,31,36,0,0,0,2020,3,81,5,1
2020-03-22,13.21,14.84,0.890161725067385,14.39,57,27,42,30,0,0,0,2020,3,82,6,1
2020-03-23,13.89,14.55,0.954639175257732,14.93,58,27,42.5,31,0,0,0,2020,3,83,0,0
2020-03-24,13.7,14.9,0.919463087248322,14.82,65,31,48,34,0,0,0,2020,3,84,1,0
2020-03-25,14.26,15.11,0.943745863666446,15.2,67,38,52.5,29,0,0,0,2020,3,85,2,0
2020-03-26,13.06,14.91,0.875922199865862,14.02,56,35,45.5,21,0,0,0,2020,3,86,3,0
2020-03-27,13.22,15.15,0.872607260726073,14.13,49,34,41.5,15,0.15,0,0,2020,3,87,4,0
2020-03-28,13.54,15.25,0.887868852459016,14.43,53,34,43.5,19,0,0,0,2020,3,88,5,1
2020-03-29,13.28,15.16,0.87598944591029,14.73,55,25,40,30,0,0,0,2020,3,89,6,1
2020-03-30,13.75,15.32,0.897519582245431,15.02,62,32,47,30,0,0,0,2020,3,90,0,0
2020-03-31,14.38,15.51,0.927143778207608,16.1,71,32,51.5,39,0,0,0,2020,3,91,1,0
2020-04-01,14.07,15.39,0.914230019493177,15.12,69,34,51.5,35,0,0,0,2020,4,92,2,0
2020-04-02,13.08,15.16,0.862796833773087,13.66,55,21,38,34,0.11,1.4,1,2020,4,93,3,0
2020-04-03,13.24,15.21,0.870479947403024,14.42,43,18,30.5,25,0,0,0,2020,4,94,4,0
2020-04-04,13.87,15.87,0.873976055450536,14.7,60,22,41,38,0,0,0,2020,4,95,5,1
2020-04-05,16.08,16.23,0.990757855822551,20.2,69,31,50,38,0,0,0,2020,4,96,6,1
2020-04-06,14.49,16.03,0.903930131004367,17.62,77,34,55.5,43,0,0,0,2020,4,97,0,0
2020-04-07,14.89,16.42,0.906820950060901,18.19,75,35,55,40,0,0,0,2020,4,98,1,0
2020-04-08,14.52,16.85,0.861721068249258,19.1,70,42,56,28,0,0,0,2020,4,99,2,0
2020-04-09,14.6,16.82,0.868014268727705,14.41,58,35,46.5,23,0,0,0,2020,4,100,3,0
2020-04-10,14.63,16.7,0.876047904191617,13.95,74,34,54,40,0,0,0,2020,4,101,4,0
2020-04-11,14.36,17.07,0.84124194493263,14.39,71,43,57,28,0,0,0,2020,4,102,5,1
2020-04-12,13.18,17.08,0.771662763466042,12.24,60,22,41,38,0.11,2.7,1,2020,4,103,6,1
2020-04-13,13.86,17.06,0.81242672919109,12.9,30,16,23,14,0.09,1.8,0,2020,4,104,0,0
2020-04-14,13.65,16.8,0.8125,12.73,49,15,32,34,0,0,0,2020,4,105,1,0
2020-04-15,13.68,16.77,0.815742397137746,13.1,48,30,39,18,0,0,0,2020,4,106,2,0
2020-04-16,12.75,16.81,0.758477096966092,11.64,38,22,30,16,1.3,12.3,12,2020,4,107,3,0
2020-04-17,12.67,16.93,0.748375664500886,11.63,44,8,26,36,0,0,4,2020,4,108,4,0
2020-04-18,13.28,17.92,0.741071428571428,12.08,53,25,39,28,0.02,0,2,2020,4,109,5,1
2020-04-19,13.79,17.99,0.766536964980545,13.28,57,32,44.5,25,0,0,0,2020,4,110,6,1
2020-04-20,13.96,17.74,0.786922209695603,13.43,68,34,51,34,0,0,0,2020,4,111,0,0
2020-04-21,14.52,18.01,0.806218767351471,16.03,71,35,53,36,0,0,0,2020,4,112,1,0
2020-04-22,14.81,18.29,0.809732094040459,16.15,69,40,54.5,29,0,0,0,2020,4,113,2,0
2020-04-23,14.07,18.58,0.757265877287406,15.55,71,43,57,28,0,0,0,2020,4,114,3,0
2020-04-24,12.84,18.84,0.681528662420382,14.9,63,40,51.5,23,0.05,0,0,2020,4,115,4,0
2020-04-25,14.34,19,0.754736842105263,16.64,65,39,52,26,0.03,0,0,2020,4,116,5,1
2020-04-26,14.78,18.54,0.797195253505933,17.34,72,39,55.5,33,0,0,0,2020,4,117,6,1
2020-04-27,16.37,18.58,0.881054897739505,19.35,81,40,60.5,41,0,0,0,2020,4,118,0,0
2020-04-28,16.46,19.08,0.862683438155136,19.56,74,51,62.5,23,0,0,0,2020,4,119,1,0
2020-04-29,17.62,18.68,0.943254817987152,22.59,72,37,54.5,35,0,0,0,2020,4,120,2,0
2020-04-30,17.38,19.22,0.90426638917794,22.16,78,44,61,34,0,0,0,2020,4,121,3,0
2020-05-01,18.4,19.46,0.945529290853032,22.82,82,54,68,28,0,0,0,2020,5,122,4,0
2020-05-02,15.69,20.2,0.776732673267327,17.47,67,51,59,16,0.12,0,0,2020,5,123,5,1
2020-05-03,16.18,20.88,0.774904214559387,18.2,74,49,61.5,25,0,0,0,2020,5,124,6,1
2020-05-04,16.22,21.95,0.738952164009112,16.08,65,46,55.5,19,0.21,0,0,2020,5,125,0,0
2020-05-05,17.56,21.91,0.801460520310361,18.29,72,35,53.5,37,0,0,0,2020,5,126,1,0
2020-05-06,17.89,21.59,0.828624363131079,20.7,69,37,53,32,0,0,0,2020,5,127,2,0
2020-05-07,18.56,20.72,0.895752895752896,21.37,72,43,57.5,29,0,0,0,2020,5,128,3,0
2020-05-08,19.36,20.58,0.940719144800777,22.46,61,37,49,24,0,0,0,2020,5,129,4,0
2020-05-09,19.68,21.06,0.934472934472934,21.5,59,45,52,14,0,0,0,2020,5,130,5,1
2020-05-10,20.36,21.01,0.969062351261304,22.97,62,39,50.5,23,0,0,0,2020,5,131,6,1
2020-05-11,18.06,19.69,0.91721686135094,18.79,59,34,46.5,25,0.16,0,0,2020,5,132,0,0
2020-05-12,17.45,19.04,0.916491596638655,13.9,61,38,49.5,23,0.01,0,0,2020,5,133,1,0
2020-05-13,19.93,19.78,1.00758341759353,18.64,76,40,58,36,0,0,0,2020,5,134,2,0
2020-05-14,17.99,20.54,0.875851996105161,15.69,68,49,58.5,19,0.74,0,0,2020,5,135,3,0
2020-05-15,18.33,20.94,0.875358166189112,17.53,64,50,57,14,0.08,0,0,2020,5,136,4,0
2020-05-16,18.44,21.31,0.865321445330831,19.51,72,48,60,24,0.01,0,0,2020,5,137,5,1
2020-05-17,19.36,21.18,0.914069877242682,21.86,71,40,55.5,31,0,0,0,2020,5,138,6,1
2020-05-18,23.89,20.83,1.14690350456073,28.27,84,48,66,36,0,0,0,2020,5,139,0,0
2020-05-19,24.52,19.52,1.25614754098361,27.83,89,52,70.5,37,0,0,0,2020,5,140,1,0
2020-05-20,28.58,19.41,1.47243688820196,32.97,88,59,73.5,29,0,0,0,2020,5,141,2,0
2020-05-21,27.19,21.08,1.28984819734345,32.54,75,46,60.5,29,0,0,0,2020,5,142,3,0
2020-05-22,30.75,20.93,1.46918299092212,36.12,80,44,62,36,0,0,0,2020,5,143,4,0
2020-05-23,27.59,20.77,1.32835820895522,31.75,79,51,65,28,0,0,0,2020,5,144,5,1
2020-05-24,22.05,20.57,1.0719494409334,22.93,64,46,55,18,0.64,0,0,2020,5,145,6,1
2020-05-25,22.88,21.61,1.05876908838501,21.52,67,38,52.5,29,0,0,0,2020,5,146,0,0
2020-05-26,22.91,21.62,1.05966697502313,23.42,81,40,60.5,41,0,0,0,2020,5,147,1,0
2020-05-27,27.18,21.6,1.25833333333333,28.78,82,49,65.5,33,0.09,0,0,2020,5,148,2,0
2020-05-28,25.57,23.28,1.0983676975945,27.01,74,54,64,20,0,0,0,2020,5,149,3,0
2020-05-29,29.49,22.56,1.30718085106383,32.42,85,52,68.5,33,0,0,0,2020,5,150,4,0
2020-05-30,26.83,23.22,1.15546942291128,29.54,82,47,64.5,35,0.11,0,0,2020,5,151,5,1
2020-05-31,24.09,24.37,0.988510463684858,25.5,88,57,72.5,31,0.38,0,0,2020,5,152,6,1
2020-06-01,27.77,25.97,1.06931074316519,30.11,92,56,74,36,0,0,0,2020,6,153,0,0
2020-06-02,27.56,27.08,1.01772525849335,31.74,88,60,74,28,0,0,0,2020,6,154,1,0
2020-06-03,31.29,27.19,1.15079073188672,41.07,89,57,73,32,0,0,0,2020,6,155,2,0
2020-06-04,30.99,29.17,1.06239286938636,33.21,90,56,73,34,0,0,0,2020,6,156,3,0
2020-06-05,33.2,29.22,1.13620807665982,36.69,94,56,75,38,0,0,0,2020,6,157,4,0
2020-06-06,27.02,30.09,0.897972748421402,28.65,84,62,73,22,0.39,0,0,2020,6,158,5,1
2020-06-07,25.69,29.81,0.861791345186179,26.61,89,48,68.5,41,0,0,0,2020,6,159,6,1
2020-06-08,27.66,30.43,0.908971409792967,29.79,76,51,63.5,25,0,0,0,2020,6,160,0,0
2020-06-09,23.7,30.28,0.782694848084544,22.68,69,42,55.5,27,0.57,0,0,2020,6,161,1,0
2020-06-10,27.54,30.79,0.894446248782072,25.84,77,49,63,28,0,0,0,2020,6,162,2,0
2020-06-11,30.05,31.11,0.965927354548377,30.54,83,47,65,36,0,0,0,2020,6,163,3,0
2020-06-12,33.19,30.64,1.08322454308094,35.44,90,51,70.5,39,0,0,0,2020,6,164,4,0
2020-06-13,31.3,31.15,1.00481540930979,33.55,86,55,70.5,31,0,0,0,2020,6,165,5,1
2020-06-14,31.71,31.6,1.00348101265823,35.16,89,60,74.5,29,0,0,0,2020,6,166,6,1
2020-06-15,34.69,32.88,1.05504866180049,38.66,88,55,71.5,33,0,0,0,2020,6,167,0,0
2020-06-16,33.65,32.03,1.05057758351545,42.22,92,54,73,38,0,0,0,2020,6,168,1,0
2020-06-17,33.83,31.5,1.07396825396825,43.87,92,55,73.5,37,0,0,0,2020,6,169,2,0
2020-06-18,31,32.41,0.95649490897871,34.28,78,54,66,24,0.04,0,0,2020,6,170,3,0
2020-06-19,27.48,32.62,0.842427958307787,28.62,66,52,59,14,0.19,0,0,2020,6,171,4,0
2020-06-20,28.61,33.65,0.850222882615156,28.37,84,45,64.5,39,0,0,0,2020,6,172,5,1
2020-06-21,28.38,33.5,0.847164179104478,30.68,80,62,71,18,0.01,0,0,2020,6,173,6,1
2020-06-22,32.95,33.94,0.970830878020035,35.02,84,53,68.5,31,0,0,0,2020,6,174,0,0
2020-06-23,31.28,34.32,0.911421911421911,33.82,85,55,70,30,0.01,0,0,2020,6,175,1,0
2020-06-24,33.79,34.24,0.986857476635514,37.27,90,55,72.5,35,0.03,0,0,2020,6,176,2,0
2020-06-25,30.77,34.25,0.898394160583942,33.83,87,55,71,32,0.01,0,0,2020,6,177,3,0
2020-06-26,31.68,35.32,0.896942242355606,33.81,77,55,66,22,0.01,0,0,2020,6,178,4,0
2020-06-27,31.61,35.9,0.88050139275766,31.38,86,53,69.5,33,0,0,0,2020,6,179,5,1
2020-06-28,32.26,36.1,0.893628808864266,33.17,91,54,72.5,37,0,0,0,2020,6,180,6,1
2020-06-29,36.42,36.6,0.995081967213115,39.28,91,56,73.5,35,0,0,0,2020,6,181,0,0
2020-06-30,31.61,35.55,0.889170182841069,34.77,82,56,69,26,0.07,0,0,2020,6,182,1,0
2020-07-01,34.19,34.75,0.983884892086331,37.41,85,50,67.5,35,0.02,0,0,2020,7,183,2,0
2020-07-02,34.9,35.38,0.986433013001696,38.34,92,53,72.5,39,0,0,0,2020,7,184,3,0
2020-07-03,38.69,36.17,1.06967099806469,42.5,89,60,74.5,29,0,0,0,2020,7,185,4,0
2020-07-04,32.31,34.97,0.923934801258221,37.1,84,59,71.5,25,0,0,0,2020,7,186,5,1
2020-07-05,34.38,33.43,1.02841758899192,38.07,89,55,72,34,0,0,0,2020,7,187,6,1
2020-07-06,38.09,32.81,1.16092654678452,42.56,94,55,74.5,39,0,0,0,2020,7,188,0,0
2020-07-07,37.62,31.01,1.21315704611416,40.43,96,58,77,38,0,0,0,2020,7,189,1,0
2020-07-08,39.25,31.17,1.25922361244787,43.78,95,54,74.5,41,0,0,0,2020,7,190,2,0
2020-07-09,37.99,32.5,1.16892307692308,42.08,91,58,74.5,33,0,0,0,2020,7,191,3,0
2020-07-10,40.77,33.78,1.20692717584369,46.91,99,58,78.5,41,0,0,0,2020,7,192,4,0
2020-07-11,38.67,34.91,1.10770552850186,43.64,91,61,76,30,0,0,0,2020,7,193,5,1
2020-07-12,36.74,34.08,1.07805164319249,43.12,95,60,77.5,35,0,0,0,2020,7,194,6,1
2020-07-13,38.2,34.09,1.12056321501907,43.23,95,62,78.5,33,0.06,0,0,2020,7,195,0,0
2020-07-14,34.28,33.67,1.01811701811702,36.83,73,59,66,14,0,0,0,2020,7,196,1,0
2020-07-15,31.47,33.7,0.933827893175074,37.98,77,58,67.5,19,0.03,0,0,2020,7,197,2,0
2020-07-16,35.95,34.65,1.03751803751804,37.47,93,55,74,38,0,0,0,2020,7,198,3,0
2020-07-17,39.34,34.8,1.13045977011494,44.66,95,59,77,36,0,0,0,2020,7,199,4,0
2020-07-18,38.98,35.8,1.08882681564246,41.99,96,60,78,36,0,0,0,2020,7,200,5,1
2020-07-19,35.7,34.95,1.02145922746781,40.83,87,66,76.5,21,0,0,0,2020,7,201,6,1
2020-07-20,39.63,35.78,1.10760201229737,43.37,90,59,74.5,31,0,0,0,2020,7,202,0,0
2020-07-21,36.64,35.31,1.03766638346078,38.44,87,61,74,26,0,0,0,2020,7,203,1,0
2020-07-22,38.52,35.96,1.07119021134594,40.3,90,58,74,32,0,0,0,2020,7,204,2,0
2020-07-23,37.05,36.56,1.01340262582057,39.67,92,65,78.5,27,0,0,0,2020,7,205,3,0
2020-07-24,37.95,36.57,1.0377358490566,42.39,89,66,77.5,23,0,0,0,2020,7,206,4,0
2020-07-25,36.35,35.62,1.02049410443571,38.47,84,64,74,20,0,0,0,2020,7,207,5,1
2020-07-26,34.83,34.76,1.00201380897583,37.27,82,63,72.5,19,0,0,0,2020,7,208,6,1
2020-07-27,37.06,34.86,1.06310958118187,42.62,86,58,72,28,0,0,0,2020,7,209,0,0
2020-07-28,33.51,34.4,0.974127906976744,37.39,84,60,72,24,0.01,0,0,2020,7,210,1,0
2020-07-29,35.46,34.23,1.03593339176161,38.93,91,54,72.5,37,0,0,0,2020,7,211,2,0
2020-07-30,32.68,33.82,0.966292134831461,34.63,80,55,67.5,25,0.03,0,0,2020,7,212,3,0
2020-07-31,34.5,34.08,1.01232394366197,34.58,90,53,71.5,37,0,0,0,2020,7,213,4,0
2020-08-01,33.47,33.95,0.985861561119293,35.53,89,55,72,34,0.3,0,0,2020,8,214,5,1
2020-08-02,33.12,33.63,0.984834968777877,35.67,85,57,71,28,0,0,0,2020,8,215,6,1
2020-08-03,36.37,33.93,1.07191276156793,40.37,83,55,69,28,0,0,0,2020,8,216,0,0
2020-08-04,32.68,32.84,0.995127892813642,35.7,89,59,74,30,0.01,0,0,2020,8,217,1,0
2020-08-05,35.15,33.54,1.04800238521169,38.83,87,61,74,26,0,0,0,2020,8,218,2,0
2020-08-06,33.15,33.48,0.990143369175627,37.65,91,56,73.5,35,0,0,0,2020,8,219,3,0
2020-08-07,39.31,33.7,1.16646884272997,42.41,95,54,74.5,41,0,0,0,2020,8,220,4,0
2020-08-08,36.08,34.04,1.0599294947121,39.99,93,57,75,36,0,0,0,2020,8,221,5,1
2020-08-09,36.15,33.4,1.08233532934132,40.17,97,52,74.5,45,0,0,0,2020,8,222,6,1
2020-08-10,38.39,33.69,1.13950727218759,43.14,85,60,72.5,25,0,0,0,2020,8,223,0,0
2020-08-11,35.68,33.45,1.06666666666667,38.83,94,61,77.5,33,0,0,0,2020,8,224,1,0
2020-08-12,37.1,34.02,1.09053497942387,41.27,92,55,73.5,37,0,0,0,2020,8,225,2,0
2020-08-13,36.03,34.75,1.0368345323741,40.13,93,56,74.5,37,0,0,0,2020,8,226,3,0
2020-08-14,38.18,34.16,1.11768149882904,42.66,85,54,69.5,31,0,0,0,2020,8,227,4,0
2020-08-15,35.34,34.43,1.02643043857101,39.67,88,54,71,34,0,0,0,2020,8,228,5,1
2020-08-16,35.37,33.14,1.06729028364514,39.62,94,55,74.5,39,0,0,0,2020,8,229,6,1
2020-08-17,37.79,34.08,1.10886150234742,42.65,93,60,76.5,33,0,0,0,2020,8,230,0,0
2020-08-18,36.62,34.02,1.07642563198119,39.95,98,58,78,40,0,0,0,2020,8,231,1,0
2020-08-19,37.49,33.67,1.11345411345411,40.38,91,60,75.5,31,0.06,0,0,2020,8,232,2,0
2020-08-20,34.41,34.09,1.00938691698445,36.71,90,58,74,32,0,0,0,2020,8,233,3,0
2020-08-21,37.74,35.01,1.07797772065124,42.42,93,57,75,36,0,0,0,2020,8,234,4,0
2020-08-22,36.25,35.26,1.02807714123653,41.33,98,55,76.5,43,0,0,0,2020,8,235,5,1
2020-08-23,35.94,34.67,1.03663109316412,40.98,92,55,73.5,37,0,0,0,2020,8,236,6,1
2020-08-24,38.81,35.38,1.09694742792538,42.49,95,62,78.5,33,0,0,0,2020,8,237,0,0
2020-08-25,35.45,34.82,1.01809304997128,38.3,98,60,79,38,0,0,0,2020,8,238,1,0
2020-08-26,36.36,35.34,1.02886247877759,39.8,92,64,78,28,0,0,0,2020,8,239,2,0
2020-08-27,35.87,35.43,1.01241885407846,38.35,91,56,73.5,35,0,0,0,2020,8,240,3,0
2020-08-28,35.26,35.59,0.990727732509132,38.18,80,63,71.5,17,0.03,0,0,2020,8,241,4,0
2020-08-29,31.92,35.46,0.900169204737733,33.32,71,54,62.5,17,0.08,0,0,2020,8,242,5,1
2020-08-30,30.96,35.24,0.878547105561862,34.42,91,51,71,40,0,0,0,2020,8,243,6,1
2020-08-31,34.15,35.12,0.972380410022779,38.31,82,48,65,34,0,0,0,2020,8,244,0,0
2020-09-01,33.18,34.89,0.950988822012038,35.89,80,48,64,32,0,0,0,2020,9,245,1,0
2020-09-02,35.31,35.04,1.00770547945205,39.88,86,47,66.5,39,0,0,0,2020,9,246,2,0
2020-09-03,33.44,35.06,0.953793496862521,37.17,81,55,68,26,0,0,0,2020,9,247,3,0
2020-09-04,35.8,34.89,1.02608197191172,40.89,90,49,69.5,41,0,0,0,2020,9,248,4,0
2020-09-05,34.13,34.74,0.982440990213011,38.05,95,51,73,44,0,0,0,2020,9,249,5,1
2020-09-06,32.51,33.05,0.983661119515885,37.17,99,54,76.5,45,0,0,0,2020,9,250,6,1
2020-09-07,29.69,33.21,0.894007828967178,33.47,77,51,64,26,0,0,0,2020,9,251,0,0
2020-09-08,18.89,32.27,0.58537341183762,14.06,61,32,46.5,29,1.19,2.3,2,2020,9,252,1,0
2020-09-09,18.39,32.17,0.571650606154803,16.48,42,32,37,10,0.16,0.4,0,2020,9,253,2,0
2020-09-10,17.66,31.44,0.561704834605598,19.58,51,38,44.5,13,0,0,0,2020,9,254,3,0
2020-09-11,18.83,30.51,0.617174696820714,18.92,58,39,48.5,19,0.04,0,0,2020,9,255,4,0
2020-09-12,20.78,30.08,0.690824468085106,19.27,83,39,61,44,0,0,0,2020,9,256,5,1
2020-09-13,22.55,29.08,0.77544704264099,22.4,83,42,62.5,41,0,0,0,2020,9,257,6,1
2020-09-14,25.65,29.09,0.881746304572018,30.47,83,44,63.5,39,0,0,0,2020,9,258,0,0
2020-09-15,25.63,28.81,0.88962165914613,31.85,89,45,67,44,0,0,0,2020,9,259,1,0
2020-09-16,27.52,28.94,0.950932964754665,33.66,75,49,62,26,0,0,0,2020,9,260,2,0
2020-09-17,27.28,28.98,0.941338854382333,31.81,85,44,64.5,41,0,0,0,2020,9,261,3,0
2020-09-18,28.77,29.06,0.990020646937371,33.18,76,46,61,30,0,0,0,2020,9,262,4,0
2020-09-19,27.29,29.6,0.921959459459459,31.92,85,53,69,32,0,0,0,2020,9,263,5,1
2020-09-20,27.38,29.47,0.929080420766882,31.79,79,53,66,26,0,0,0,2020,9,264,6,1
2020-09-21,29.09,29.69,0.97979117547996,33.7,82,47,64.5,35,0,0,0,2020,9,265,0,0
2020-09-22,27.24,28.43,0.958142806894126,30.63,86,48,67,38,0,0,0,2020,9,266,1,0
2020-09-23,29.65,28.43,1.04291241646148,33.27,87,54,70.5,33,0,0,0,2020,9,267,2,0
2020-09-24,27.32,28.39,0.962310672772103,30.79,87,47,67,40,0,0,0,2020,9,268,3,0
2020-09-25,28.27,28.31,0.998587071706111,32.64,79,53,66,26,0,0,0,2020,9,269,4,0
2020-09-26,27.82,27.5,1.01163636363636,31.38,82,52,67,30,0,0,0,2020,9,270,5,1
2020-09-27,24.82,27.11,0.915529324972335,26.34,67,46,56.5,21,0,0,0,2020,9,271,6,1
2020-09-28,26.78,26.59,1.00714554343738,27.63,67,33,50,34,0,0,0,2020,9,272,0,0
2020-09-29,25.03,25.51,0.981183849470796,26.39,81,35,58,46,0,0,0,2020,9,273,1,0
2020-09-30,28.11,25.34,1.10931333859511,31.4,72,40,56,32,0,0,0,2020,9,274,2,0
2020-10-01,18.32,25.41,0.720975993703266,20.34,67,36,51.5,31,0,0,0,2020,10,275,3,0
2020-10-02,16.91,24.52,0.689641109298532,17.87,74,39,56.5,35,0,0,0,2020,10,276,4,0
2020-10-03,15.74,24.06,0.654197838736492,18.19,68,41,54.5,27,0,0,0,2020,10,277,5,1
2020-10-04,16.54,23.08,0.716637781629116,18.16,79,37,58,42,0,0,0,2020,10,278,6,1
2020-10-05,16.57,22.47,0.737427681352915,19.42,82,42,62,40,0,0,0,2020,10,279,0,0
2020-10-06,15.85,21.27,0.745181006111895,17.17,82,37,59.5,45,0,0,0,2020,10,280,1,0
2020-10-07,16.84,21.1,0.798104265402844,16.69,84,39,61.5,45,0,0,0,2020,10,281,2,0
2020-10-08,15.64,20.2,0.774257425742574,13.47,83,40,61.5,43,0,0,0,2020,10,282,3,0
2020-10-09,15.5,19.21,0.806871421134826,14.77,81,44,62.5,37,0,0,0,2020,10,283,4,0
2020-10-10,15.24,18.81,0.810207336523126,16.82,79,42,60.5,37,0,0,0,2020,10,284,5,1
2020-10-11,15.03,18.5,0.812432432432432,17.96,73,43,58,30,0,0,0,2020,10,285,6,1
2020-10-12,15.34,17.96,0.854120267260579,19.28,75,35,55,40,0,0,0,2020,10,286,0,0
2020-10-13,15.37,17.76,0.865427927927928,18.86,71,42,56.5,29,0,0,0,2020,10,287,1,0
2020-10-14,15.02,17.83,0.842400448681997,18.79,73,46,59.5,27,0,0,0,2020,10,288,2,0
2020-10-15,14.55,17.87,0.814213766088416,16.41,54,33,43.5,21,0,0,0,2020,10,289,3,0
2020-10-16,14.89,17.82,0.835578002244669,16.41,60,25,42.5,35,0,0,0,2020,10,290,4,0
2020-10-17,14.67,17.63,0.832104367555303,15.42,72,45,58.5,27,0,0,0,2020,10,291,5,1
2020-10-18,14.17,17.16,0.825757575757576,15.41,54,31,42.5,23,0.03,0,0,2020,10,292,6,1
2020-10-19,14.34,16.98,0.84452296819788,16.11,62,31,46.5,31,0,0,0,2020,10,293,0,0
2020-10-20,14.56,16.79,0.867182846932698,15.79,64,34,49,30,0,0,0,2020,10,294,1,0
2020-10-21,14.76,16.42,0.898903775883069,16.15,59,34,46.5,25,0,0,0,2020,10,295,2,0
2020-10-22,14.11,16.18,0.872064276885043,15.27,46,28,37,18,0,0,0,2020,10,296,3,0
2020-10-23,14.13,15.78,0.895437262357414,15.55,35,22,28.5,13,0,0,0,2020,10,297,4,0
2020-10-24,13.61,15.78,0.862484157160963,14.62,45,21,33,24,0,0,0,2020,10,298,5,1
2020-10-25,13.02,15.49,0.840542285345384,14.01,39,10,24.5,29,1.03,13.2,12,2020,10,299,6,1
2020-10-26,13.48,15.38,0.876462938881664,14.89,19,6,12.5,13,0.08,1.3,10,2020,10,300,0,0
2020-10-27,14.14,15.58,0.907573812580231,15.44,44,-3,20.5,47,0,0,7,2020,10,301,1,0
2020-10-28,14.55,14.99,0.970647098065377,15.29,56,18,37,38,0,0,3,2020,10,302,2,0
2020-10-29,14.15,15.14,0.934610303830911,15.65,59,23,41,36,0,0,2,2020,10,303,3,0
2020-10-30,14.16,15.06,0.940239043824701,15.57,63,25,44,38,0,0,0,2020,10,304,4,0
2020-10-31,14.29,14.48,0.986878453038674,16.12,60,33,46.5,27,0,0,0,2020,10,305,5,1
2020-11-01,14.72,15.39,0.956465237166992,15.72,64,26,45,38,0,0,0,2020,11,306,6,1
2020-11-02,14.87,15.49,0.959974176888315,16.07,74,27,50.5,47,0,0,0,2020,11,307,0,0
2020-11-03,14.51,15.44,0.939766839378238,15.97,78,31,54.5,47,0,0,0,2020,11,308,1,0
2020-11-04,14.48,15.09,0.959575878064944,15.99,77,40,58.5,37,0,0,0,2020,11,309,2,0
2020-11-05,14.68,15.13,0.970257766027759,15.95,73,35,54,38,0,0,0,2020,11,310,3,0
2020-11-06,14.11,15.56,0.90681233933162,15.25,69,31,50,38,0,0,0,2020,11,311,4,0
2020-11-07,14.05,15.21,0.923734385272847,15.13,63,39,51,24,0,0,0,2020,11,312,5,1
2020-11-08,14.3,15.13,0.945142101784534,15.69,59,41,50,18,0,0,0,2020,11,313,6,1
2020-11-09,14.2,15.28,0.929319371727749,15.31,44,25,34.5,19,0.25,3.6,3,2020,11,314,0,0
2020-11-10,14.63,15.3,0.956209150326797,15.29,38,25,31.5,13,0,0,1,2020,11,315,1,0
2020-11-11,14.04,15.02,0.934753661784288,15.61,52,22,37,30,0,0,0,2020,11,316,2,0
2020-11-12,14.18,15.21,0.932281393819855,15.61,45,24,34.5,21,0,0,0,2020,11,317,3,0
2020-11-13,14.46,15.25,0.948196721311475,15.75,60,15,37.5,45,0,0,0,2020,11,318,4,0
2020-11-14,14.09,15.04,0.936835106382979,15.1,52,32,42,20,0.02,0.1,0,2020,11,319,5,1
2020-11-15,14.48,15.31,0.94578706727629,15.73,57,21,39,36,0,0,0,2020,11,320,6,1
2020-11-16,15.1,15.05,1.00332225913621,16.08,65,34,49.5,31,0,0,0,2020,11,321,0,0
2020-11-17,14.8,15.51,0.954223081882656,16.44,69,27,48,42,0,0,0,2020,11,322,1,0
2020-11-18,14.33,15.1,0.949006622516556,15.6,69,34,51.5,35,0,0,0,2020,11,323,2,0
2020-11-19,14.38,15.11,0.951687624090007,15.72,64,37,50.5,27,0,0,0,2020,11,324,3,0
2020-11-20,14,14.91,0.938967136150235,14.87,51,33,42,18,0,0,0,2020,11,325,4,0
2020-11-21,13.9,14.59,0.952707333790267,15.2,54,23,38.5,31,0,0,0,2020,11,326,5,1
2020-11-22,14.09,13.75,1.02472727272727,15.5,44,19,31.5,25,0,0,0,2020,11,327,6,1
2020-11-23,14.07,13.64,1.03152492668622,15.23,59,23,41,36,0,0,0,2020,11,328,0,0
2020-11-24,13.39,13.3,1.00676691729323,13.5,50,32,41,18,0.37,0,0,2020,11,329,1,0
2020-11-25,12.88,13.55,0.950553505535055,13.6,51,19,35,32,0,0,0,2020,11,330,2,0
2020-11-26,11.09,13.94,0.795552367288379,11.95,45,22,33.5,23,0,0,0,2020,11,331,3,0
2020-11-27,11.3,13.94,0.810616929698709,11.75,44,21,32.5,23,0,0,0,2020,11,332,4,0
2020-11-28,12.89,13.92,0.926005747126437,13.01,58,18,38,40,0,0,0,2020,11,333,5,1
2020-11-29,13.59,14.18,0.958392101551481,14.14,43,26,34.5,17,0,0,0,2020,11,334,6,1
2020-11-30,13.71,14.47,0.947477539737388,14.43,58,13,35.5,45,0,0,0,2020,11,335,0,0
2020-12-01,13.93,14.58,0.955418381344307,14.54,43,28,35.5,15,0,0,0,2020,12,336,1,0
2020-12-02,14.25,14.69,0.970047651463581,14.5,38,22,30,16,0,0,0,2020,12,337,2,0
2020-12-03,13.47,14.78,0.911366711772666,14.07,52,12,32,40,0,0,0,2020,12,338,3,0
2020-12-04,13.09,14.93,0.876758204956463,13.67,63,19,41,44,0,0,0,2020,12,339,4,0
2020-12-05,13.19,14.85,0.888215488215488,13.87,56,20,38,36,0,0,0,2020,12,340,5,1
2020-12-06,13.68,14.44,0.947368421052632,14.22,61,19,40,42,0,0,0,2020,12,341,6,1
2020-12-07,13.89,14.81,0.937879810938555,14.28,62,18,40,44,0,0,0,2020,12,342,0,0
2020-12-08,14.28,14.76,0.967479674796748,14.81,60,18,39,42,0,0,0,2020,12,343,1,0
2020-12-09,14.09,14.93,0.943737441393168,14.96,63,21,42,42,0,0,0,2020,12,344,2,0
2020-12-10,13.76,14.93,0.921634293369056,14.54,44,28,36,16,0,0,0,2020,12,345,3,0
2020-12-11,13.55,14.65,0.924914675767918,14.23,32,18,25,14,0.19,2.4,2,2020,12,346,4,0
2020-12-12,13.41,14.82,0.904858299595142,14.38,26,13,19.5,13,0.01,0.1,2,2020,12,347,5,1
2020-12-13,13.59,15,0.906,14.65,36,5,20.5,31,0.02,0.6,2,2020,12,348,6,1
2020-12-14,13.72,14.79,0.927653820148749,14.18,34,10,22,24,0.03,0.8,3,2020,12,349,0,0
2020-12-15,13.69,14.98,0.91388518024032,14.71,39,18,28.5,21,0,0.2,2,2020,12,350,1,0
2020-12-16,13.85,14.68,0.943460490463215,14.94,46,16,31,30,0,0,2,2020,12,351,2,0
2020-12-17,13.84,14.78,0.936400541271989,14.85,44,14,29,30,0,0,1,2020,12,352,3,0
2020-12-18,14.03,14.68,0.955722070844687,14.57,42,23,32.5,19,0,0,0,2020,12,353,4,0
2020-12-19,13.78,14.59,0.944482522275531,14.66,47,15,31,32,0,0,0,2020,12,354,5,1
2020-12-20,13.86,14.7,0.942857142857143,14.8,53,21,37,32,0,0,0,2020,12,355,6,1
2020-12-21,14.34,14.3,1.0027972027972,15.34,58,30,44,28,0,0,0,2020,12,356,0,0
2020-12-22,14.264,13.97,1.02104509663565,19.92,62,27,44.5,35,0.01,0.1,0,2020,12,357,1,0
2020-12-23,13.66,13.51,1.01110288675056,14.45,36,23,29.5,13,0,0,0,2020,12,358,2,0
2020-12-24,12.69,12.14,1.04530477759473,13.93,56,14,35,42,0,0,0,2020,12,359,3,0
2020-12-25,10.94,10.56,1.03598484848485,12,56,18,37,38,0,0,0,2020,12,360,4,0
2020-12-26,12.38,13.03,0.950115118956255,13.24,60,24,42,36,0,0,0,2020,12,361,5,1
2020-12-27,13.99,13.51,1.03552923760178,14.21,48,34,41,14,0,0,0,2020,12,362,6,1
2020-12-28,14.25,13.66,1.04319180087848,15.37,41,21,31,20,0.1,1.3,1,2020,12,363,0,0
2020-12-29,14.04,13.58,1.03387334315169,15.06,41,18,29.5,23,0.14,1.4,2,2020,12,364,1,0
2020-12-30,14.21,13.49,1.0533728687917,15.16,35,5,20,30,0,0,2,2020,12,365,2,0
2020-12-31,14.26,12.96,1.10030864197531,14.9,45,14,29.5,31,0,0,1,2020,12,366,3,0
2021-01-01,12.85,12.36,1.03964401294498,13.73,44,26,35,18,0,0,1,2021,1,1,4,0
2021-01-02,13.81,13.54,1.01994091580502,14.76,44,12,28,32,0,0,1,2021,1,2,5,1
2021-01-03,14.2,14,1.01428571428571,15.34,43,20,31.5,23,0,0,1,2021,1,3,6,1
2021-01-04,14.67,14.01,1.04710920770878,15.14,48,22,35,26,0,0,1,2021,1,4,0,0
2021-01-05,14.86,14.14,1.05091937765205,15.97,55,22,38.5,33,0,0,0,2021,1,5,1,0
2021-01-06,14.6,14.01,1.04211277658815,15.62,44,20,32,24,0,0,0,2021,1,6,2,0
2021-01-07,14.18,13.91,1.01941049604601,15.24,45,19,32,26,0,0,0,2021,1,7,3,0
2021-01-08,14.16,13.91,1.01797268152408,14.9,45,19,32,26,0,0,0,2021,1,8,4,0
2021-01-09,13.85,14.09,0.982966643009226,14.65,35,22,28.5,13,0.14,2.6,3,2021,1,9,5,1
2021-01-10,14.22,14.09,1.00922640170334,15.26,36,20,28,16,0.03,0.5,2,2021,1,10,6,1
2021-01-11,14.73,13.97,1.05440229062276,15.73,46,6,26,40,0,0,1,2021,1,11,0,0
2021-01-12,14.52,13.81,1.05141202027516,15.54,46,11,28.5,35,0,0,1,2021,1,12,1,0
2021-01-13,14.91,14.04,1.06196581196581,15.65,58,27,42.5,31,0,0,0,2021,1,13,2,0
2021-01-14,15.95,14.11,1.13040396881644,17.15,54,28,41,26,0,0,0,2021,1,14,3,0
2021-01-15,15.22,14.12,1.07790368271955,16.29,46,22,34,24,0,0,0,2021,1,15,4,0
2021-01-16,15.01,14.26,1.05259467040673,15.87,54,26,40,28,0,0,0,2021,1,16,5,1
2021-01-17,15,14.25,1.05263157894737,15.86,43,26,34.5,17,0,0,0,2021,1,17,6,1
2021-01-18,16.01,14.36,1.11490250696379,17.19,45,29,37,16,0,0,0,2021,1,18,0,0
2021-01-19,15.59,14.34,1.08716875871688,16.73,39,16,27.5,23,0,0,0,2021,1,19,1,0
2021-01-20,11.12,14.55,0.76426116838488,18.93,55,14,34.5,41,0,0,0,2021,1,20,2,0
2021-01-21,14.64,14.44,1.01385041551247,15.28,45,27,36,18,0,0,0,2021,1,21,3,0
2021-01-22,14.6,14.52,1.00550964187328,15.55,45,20,32.5,25,0,0,0,2021,1,22,4,0
2021-01-23,14.48,14.55,0.995189003436426,15.62,45,20,32.5,25,0,0,0,2021,1,23,5,1
2021-01-24,14.59,14.57,1.00137268359643,15.56,33,24,28.5,9,0.01,0.3,0,2021,1,24,6,1
2021-01-25,14.84,14.69,1.01021102791014,15.76,39,17,28,22,0,0,0,2021,1,25,0,0
2021-01-26,14.16,14.64,0.967213114754098,15.23,26,15,20.5,11,0.12,2.1,2,2021,1,26,1,0
2021-01-27,15.19,14.67,1.03544648943422,15.99,29,11,20,18,0,0.1,1,2021,1,27,2,0
2021-01-28,14.94,14.58,1.02469135802469,15.71,39,12,25.5,27,0,0,1,2021,1,28,3,0
2021-01-29,15.11,14.77,1.02301963439404,15.7,57,20,38.5,37,0,0,0,2021,1,29,4,0
2021-01-30,14.52,14.51,1.00068917987595,15.7,53,30,41.5,23,0,0,0,2021,1,30,5,1
2021-01-31,15.05,14.43,1.04296604296604,16.2,51,21,36,30,0,0,0,2021,1,31,6,1
2021-02-01,15.41,14.75,1.04474576271186,15.88,54,20,37,34,0,0,0,2021,2,32,0,0
2021-02-02,15.36,14.62,1.05061559507524,16.62,62,24,43,38,0,0,0,2021,2,33,1,0
2021-02-03,15.1,14.74,1.02442333785617,16.29,58,27,42.5,31,0,0,0,2021,2,34,2,0
2021-02-04,14.85,14.51,1.02343211578222,16.03,44,20,32,24,0,0,0,2021,2,35,3,0
2021-02-05,14.63,14.79,0.989181879648411,15.42,40,25,32.5,15,0,0,0,2021,2,36,4,0
2021-02-06,14.9,14.95,0.996655518394649,15.71,40,25,32.5,15,0,0,0,2021,2,37,5,1
2021-02-07,15.03,14.72,1.0210597826087,16.14,54,16,35,38,0,0,0,2021,2,38,6,1
2021-02-08,15.26,14.83,1.02899527983817,16.35,29,10,19.5,19,0,0,0,2021,2,39,0,0
2021-02-09,15.06,14.97,1.0060120240481,16.08,29,10,19.5,19,0,0,0,2021,2,40,1,0
2021-02-10,15.16,14.84,1.02156334231806,15.88,24,9,16.5,15,0,0,0,2021,2,41,2,0
2021-02-11,14.98,14.85,1.00875420875421,15.93,19,8,13.5,11,0,0.1,0,2021,2,42,3,0
2021-02-12,14.99,14.72,1.01834239130435,15.86,10,-3,3.5,13,0.01,0.3,0,2021,2,43,4,0
2021-02-13,14.72,14.92,0.986595174262734,15.64,6,-4,1,10,0.08,0.9,1,2021,2,44,5,1
2021-02-14,14.88,14.93,0.996651038178165,15.79,2,-8,-3,10,0.15,1.8,2,2021,2,45,6,1
2021-02-15,15.88,14.74,1.07734056987788,17.14,15,-11,2,26,0,0,2,2021,2,46,0,0
2021-02-16,15.91,14.85,1.07138047138047,16.96,40,1,20.5,39,0,0,1,2021,2,47,1,0
2021-02-17,15.49,14.86,1.04239569313594,16.88,32,23,27.5,9,0.11,1.8,3,2021,2,48,2,0
2021-02-18,15.21,14.77,1.02979011509817,15.83,33,19,26,14,0.15,1.8,3,2021,2,49,3,0
2021-02-19,14.95,14.69,1.01769911504425,16.09,46,7,26.5,39,0,0,1,2021,2,50,4,0
2021-02-20,15.23,14.76,1.03184281842818,16.35,50,17,33.5,33,0,0,1,2021,2,51,5,1
2021-02-21,15.07,14.78,1.01962110960758,16.37,48,27,37.5,21,0,0,0,2021,2,52,6,1
2021-02-22,15.65,14.78,1.05886332882273,16.33,61,26,43.5,35,0,0,0,2021,2,53,0,0
2021-02-23,15.92,14.54,1.0949105914718,17.09,59,25,42,34,0,0,0,2021,2,54,1,0
2021-02-24,15.73,14.42,1.09084604715673,17.07,46,19,32.5,27,0.07,1.3,1,2021,2,55,2,0
2021-02-25,15.53,14.69,1.0571817562968,16.33,35,21,28,14,0.24,2.1,2,2021,2,56,3,0
2021-02-26,15.08,14.73,1.02376103190767,15.61,47,15,31,32,0,0,0,2021,2,57,4,0
2021-02-27,14.79,14.65,1.00955631399317,15.3,43,29,36,14,0,0,0,2021,2,58,5,1
2021-02-28,15.21,14.72,1.03328804347826,15.94,41,18,29.5,23,0,0,0,2021,2,59,6,1
2021-03-01,15.14,14.59,1.03769705277587,15.82,50,15,32.5,35,0,0,0,2021,3,60,0,0
2021-03-02,14.86,14.62,1.01641586867305,15.68,65,20,42.5,45,0,0,0,2021,3,61,1,0
2021-03-03,14.69,14.83,0.99055967633176,15.17,63,25,44,38,0,0,0,2021,3,62,2,0
2021-03-04,14.69,14.78,0.993910690121786,15.34,49,30,39.5,19,0.04,0,0,2021,3,63,3,0
2021-03-05,15.37,14.95,1.02809364548495,15.95,63,25,44,38,0,0,0,2021,3,64,4,0
2021-03-06,15.49,14.65,1.05733788395904,16.29,63,22,42.5,41,0,0,0,2021,3,65,5,1
2021-03-07,15.5,14.66,1.05729877216917,16.15,69,29,49,40,0,0,0,2021,3,66,6,1
2021-03-08,15.73,14.82,1.06140350877193,16.23,67,33,50,34,0,0,0,2021,3,67,0,0
2021-03-09,15.2,14.97,1.01536406145625,15.79,67,34,50.5,33,0,0,0,2021,3,68,1,0
2021-03-10,14.92,14.82,1.00674763832659,15.82,54,34,44,20,0.06,0,0,2021,3,69,2,0
2021-03-11,14.85,14.6,1.01712328767123,15.5,48,26,37,22,0,0,0,2021,3,70,3,0
2021-03-12,14.66,14.54,1.00825309491059,15.82,44,33,38.5,11,0.07,0,0,2021,3,71,4,0
2021-03-13,13.93,14.35,0.970731707317073,14.48,43,33,38,10,0.53,2.6,3,2021,3,72,5,1
2021-03-14,12.01,14.58,0.823731138545953,12.94,33,28,30.5,5,1.78,16.8,18,2021,3,73,6,1
2021-03-15,13.06,14.27,0.91520672740014,13.33,39,15,27,24,0.01,0.1,14,2021,3,74,0,0
2021-03-16,13.9,14.24,0.976123595505618,14.34,36,17,26.5,19,0,0,12,2021,3,75,1,0
2021-03-17,14.83,14.07,1.05401563610519,15.2,47,30,38.5,17,0,0,9,2021,3,76,2,0
2021-03-18,14.81,14.3,1.03566433566434,15.09,46,17,31.5,29,0,0,6,2021,3,77,3,0
2021-03-19,14.77,14.5,1.01862068965517,15.02,53,23,38,30,0,0,4,2021,3,78,4,0
2021-03-20,14.89,14.65,1.01638225255973,15.14,60,28,44,32,0,0,2,2021,3,79,5,1
2021-03-21,14.85,14.83,1.00134861766689,15.87,49,33,41,16,0.08,0,1,2021,3,80,6,1
2021-03-22,15.42,14.87,1.03698722259583,15.96,45,29,37,16,0.01,0.3,1,2021,3,81,0,0
2021-03-23,15.51,14.72,1.05366847826087,16.1,45,27,36,18,0,0,0,2021,3,82,1,0
2021-03-24,15.7,15.02,1.04527296937417,15.87,43,27,35,16,0,0,0,2021,3,83,2,0
2021-03-25,15.31,15.34,0.998044328552803,15.98,50,22,36,28,0,0,0,2021,3,84,3,0
2021-03-26,14.96,15,0.997333333333333,15.13,51,34,42.5,17,0.01,0,0,2021,3,85,4,0
2021-03-27,15.08,15.2,0.992105263157895,15.65,55,29,42,26,0.07,0,0,2021,3,86,5,1
2021-03-28,15.58,15.31,1.01763553233181,16.33,67,27,47,40,0,0,0,2021,3,87,6,1
2021-03-29,15.51,15.21,1.01972386587771,16.39,73,36,54.5,37,0,0,0,2021,3,88,0,0
2021-03-30,15.38,15.42,0.997405966277562,15.68,49,27,38,22,0,0.1,0,2021,3,89,1,0
2021-03-31,15.16,15.65,0.968690095846645,15.89,53,22,37.5,31,0,0,0,2021,3,90,2,0
2021-04-01,15.59,15.64,0.996803069053708,16.3,68,25,46.5,43,0,0,0,2021,4,91,3,0
2021-04-02,15.21,15.29,0.994767822105952,16.11,78,33,55.5,45,0,0,0,2021,4,92,4,0
2021-04-03,16,15.32,1.0443864229765,16.87,80,34,57,46,0,0,0,2021,4,93,5,1
2021-04-04,15.81,16.09,0.982597886886265,16.99,81,39,60,42,0,0,0,2021,4,94,6,1
2021-04-05,16.31,16.48,0.989684466019417,17.2,82,38,60,44,0,0,0,2021,4,95,0,0
2021-04-06,15.28,16.19,0.94379246448425,16.02,71,41,56,30,0.08,0,0,2021,4,96,1,0
2021-04-07,15.66,16.67,0.939412117576485,16.4,65,36,50.5,29,0,0,0,2021,4,97,2,0
2021-04-08,16.48,16.98,0.97055359246172,17.57,72,33,52.5,39,0,0,0,2021,4,98,3,0
2021-04-09,15.06,16.95,0.888495575221239,15.7,60,35,47.5,25,0,0,0,2021,4,99,4,0
2021-04-10,15.92,16.92,0.940898345153664,17.12,71,26,48.5,45,0,0,0,2021,4,100,5,1
2021-04-11,15.3,17.18,0.890570430733411,16.33,63,37,50,26,0,0,0,2021,4,101,6,1
2021-04-12,14.84,17.01,0.872427983539095,15.83,46,29,37.5,17,0,0,0,2021,4,102,0,0
2021-04-13,14.9,17.05,0.873900293255132,15.58,41,29,35,12,0,0,0,2021,4,103,1,0
2021-04-14,14.75,16.69,0.883762732174955,15.08,41,26,33.5,15,0.05,0.4,0,2021,4,104,2,0
2021-04-15,14.58,16.68,0.87410071942446,15.55,36,31,33.5,5,0.55,3,3,2021,4,105,3,0
2021-04-16,14.49,16.72,0.866626794258373,15.14,41,27,34,14,0.07,1.8,0,2021,4,106,4,0
2021-04-17,14.8,16.93,0.874187832250443,15.4,49,26,37.5,23,0,0,0,2021,4,107,5,1
2021-04-18,14.85,17.79,0.834738617200675,15.67,61,29,45,32,0,0,0,2021,4,108,6,1
2021-04-19,14.43,17.73,0.813874788494078,15.24,53,23,38,30,0.45,6.4,6,2021,4,109,0,0
2021-04-20,14.57,17.6,0.827840909090909,14.81,39,11,25,28,0.05,0.5,0,2021,4,110,1,0
2021-04-21,14.71,17.98,0.818131256952169,15.39,35,27,31,8,0.04,0,0,2021,4,111,2,0
2021-04-22,14.92,18.43,0.809549647314162,15.76,53,29,41,24,0.01,0,0,2021,4,112,3,0
2021-04-23,15,18.76,0.799573560767591,15.75,58,32,45,26,0,0,0,2021,4,113,4,0
2021-04-24,14.76,18.92,0.780126849894292,15.75,59,33,46,26,0.02,0,0,2021,4,114,5,1
2021-04-25,15.68,19.23,0.815392615704628,17.62,77,37,57,40,0,0,0,2021,4,115,6,1
2021-04-26,16.03,18.71,0.856761090326029,17.35,79,49,64,30,0,0,0,2021,4,116,0,0
2021-04-27,14.93,18.9,0.78994708994709,15.81,69,42,55.5,27,0.3,0,0,2021,4,117,1,0
2021-04-28,15.52,19.29,0.804561949196475,16.61,64,39,51.5,25,0.53,0,0,2021,4,118,2,0
2021-04-29,16.02,19.19,0.83480979676915,17.61,72,36,54,36,0,0,0,2021,4,119,3,0
2021-04-30,16.87,19.69,0.856780091416963,18.51,79,41,60,38,0,0,0,2021,4,120,4,0
2021-05-01,16.8,19.89,0.844645550527903,19.23,86,47,66.5,39,0,0,0,2021,5,121,5,1
2021-05-02,15.8,20.33,0.777176586325627,17.4,70,47,58.5,23,0.46,0,0,2021,5,122,6,1
2021-05-03,15.23,20.83,0.731156985117619,16.35,49,38,43.5,11,0.7,0,0,2021,5,123,0,0
2021-05-04,16.02,21.92,0.730839416058394,17.16,60,36,48,24,0.02,0,0,2021,5,124,1,0
2021-05-05,16,21.91,0.730260155180283,17.55,60,40,50,20,0,0,0,2021,5,125,2,0
2021-05-06,16.72,21.67,0.771573604060914,17.98,68,37,52.5,31,0,0,0,2021,5,126,3,0
2021-05-07,17.19,20.86,0.824065196548418,18.83,80,40,60,40,0,0,0,2021,5,127,4,0
2021-05-08,16.37,20.86,0.784755512943432,18.52,74,47,60.5,27,0,0,0,2021,5,128,5,1
2021-05-09,15.87,21.25,0.746823529411765,17.5,56,38,47,18,0,0,0,2021,5,129,6,1
2021-05-10,15.69,21.25,0.738352941176471,17.59,48,32,40,16,1.45,1.9,2,2021,5,130,0,0
2021-05-11,15.89,19.81,0.802120141342756,16.74,42,32,37,10,0.6,0.8,0,2021,5,131,1,0
2021-05-12,16.92,19.35,0.874418604651163,18.41,64,36,50,28,0,0,0,2021,5,132,2,0
2021-05-13,16.68,20.18,0.826560951437066,18.13,76,37,56.5,39,0,0,0,2021,5,133,3,0
2021-05-14,16.87,20.74,0.813404050144648,20.29,69,44,56.5,25,0.01,0,0,2021,5,134,4,0
2021-05-15,16.41,21.39,0.767180925666199,19.38,64,51,57.5,13,0.08,0,0,2021,5,135,5,1
2021-05-16,16.21,21.68,0.747693726937269,19.6,63,50,56.5,13,0,0,0,2021,5,136,6,1
2021-05-17,17.01,21.34,0.7970946579194,19.79,65,49,57,16,0.89,0,0,2021,5,137,0,0
2021-05-18,16.41,21.58,0.760426320667285,16.61,67,45,56,22,0,0,0,2021,5,138,1,0
2021-05-19,18.12,20.3,0.892610837438424,17.93,74,45,59.5,29,0,0,0,2021,5,139,2,0
2021-05-20,17.51,20.55,0.852068126520681,18.14,80,47,63.5,33,0,0,0,2021,5,140,3,0
2021-05-21,18.5,21.95,0.842824601366743,20.1,75,50,62.5,25,0,0,0,2021,5,141,4,0
2021-05-22,17.09,22.13,0.772254857659286,18.39,71,48,59.5,23,0.14,0,0,2021,5,142,5,1
2021-05-23,17.59,21.58,0.815106580166821,17.92,76,52,64,24,0.36,0,0,2021,5,143,6,1
2021-05-24,19.16,20.72,0.924710424710425,20.99,74,41,57.5,33,0,0,0,2021,5,144,0,0
2021-05-25,19.43,21.69,0.895804518211157,20.77,76,43,59.5,33,0,0,0,2021,5,145,1,0
2021-05-26,21.06,21.91,0.961204929256047,24.64,77,49,63,28,0,0,0,2021,5,146,2,0
2021-05-27,20.84,22.15,0.940857787810384,23.01,75,48,61.5,27,0,0,0,2021,5,147,3,0
2021-05-28,22.82,23.34,0.977720651242502,23.21,82,50,66,32,0,0,0,2021,5,148,4,0
2021-05-29,20.07,23.22,0.864341085271318,20.66,75,51,63,24,0,0,0,2021,5,149,5,1
2021-05-30,17.96,23.51,0.763930242450021,16.51,62,49,55.5,13,0.81,0,0,2021,5,150,6,1
2021-05-31,19.41,24.08,0.806063122923588,17.4,64,45,54.5,19,0,0,0,2021,5,151,0,0
2021-06-01,19.52,26,0.750769230769231,16.85,74,41,57.5,33,0,0,0,2021,6,152,1,0
2021-06-02,21.74,26.94,0.806978470675575,20.77,78,46,62,32,0,0,0,2021,6,153,2,0
2021-06-03,22.53,27.69,0.813651137594799,24.26,84,50,67,34,0,0,0,2021,6,154,3,0
2021-06-04,25.77,29.25,0.881025641025641,28.46,89,53,71,36,0,0,0,2021,6,155,4,0
2021-06-05,25.35,29.51,0.859030837004405,29.75,91,55,73,36,0,0,0,2021,6,156,5,1
2021-06-06,25.84,29.75,0.868571428571429,29.09,88,60,74,28,0,0,0,2021,6,157,6,1
2021-06-07,28.61,29.32,0.975784447476126,33.14,89,54,71.5,35,0,0,0,2021,6,158,0,0
2021-06-08,28.94,30.61,0.945442665795492,30.73,92,53,72.5,39,0,0,0,2021,6,159,1,0
2021-06-09,31.69,29.77,1.06449445750756,34.48,89,56,72.5,33,0,0,0,2021,6,160,2,0
2021-06-10,31.15,30.71,1.01432758059264,33.78,94,59,76.5,35,0,0,0,2021,6,161,3,0
2021-06-11,33.2,31.43,1.05631562201718,36.36,87,55,71,32,0,0,0,2021,6,162,4,0
2021-06-12,33.14,32.04,1.03433208489388,36.53,90,48,69,42,0,0,0,2021,6,163,5,1
2021-06-13,33.58,32.47,1.03418540190945,36.75,93,58,75.5,35,0,0,0,2021,6,164,6,1
2021-06-14,36.34,32.86,1.10590383444918,41.29,95,60,77.5,35,0,0,0,2021,6,165,0,0
2021-06-15,36.18,34.35,1.05327510917031,41.01,98,60,79,38,0,0,0,2021,6,166,1,0
2021-06-16,37.45,32.98,1.13553668890237,42.86,100,59,79.5,41,0,0,0,2021,6,167,2,0
2021-06-17,36.86,32.24,1.14330024813896,39.24,99,58,78.5,41,0,0,0,2021,6,168,3,0
2021-06-18,37.97,32.56,1.16615479115479,40.19,88,63,75.5,25,0,0,0,2021,6,169,4,0
2021-06-19,33.9,32.46,1.04436229205176,34.96,83,62,72.5,21,0.05,0,0,2021,6,170,5,1
2021-06-20,32.02,33.65,0.951560178306092,32.48,80,55,67.5,25,0,0,0,2021,6,171,6,1
2021-06-21,35.78,33.25,1.07609022556391,38.12,73,53,63,20,0.01,0,0,2021,6,172,0,0
2021-06-22,36.07,34.14,1.05653192735794,38.09,94,51,72.5,43,0,0,0,2021,6,173,1,0
2021-06-23,37.05,34.24,1.08206775700935,41.06,97,57,77,40,0,0,0,2021,6,174,2,0
2021-06-24,33.53,34.33,0.976696766676376,37.66,86,66,76,20,0,0,0,2021,6,175,3,0
2021-06-25,32.16,33.85,0.950073855243722,35.84,76,57,66.5,19,0.29,0,0,2021,6,176,4,0
2021-06-26,27.74,35.35,0.784724186704385,30.56,73,55,64,18,0.11,0,0,2021,6,177,5,1
2021-06-27,28.2,35.93,0.784859448928472,32.61,75,55,65,20,0,0,0,2021,6,178,6,1
2021-06-28,32.06,35.77,0.896281800391389,37.95,75,53,64,22,0.02,0,0,2021,6,179,0,0
2021-06-29,32.02,36.66,0.873431533006001,37.78,79,50,64.5,29,0,0,0,2021,6,180,1,0
2021-06-30,35.16,34.91,1.00716127184188,41.33,83,53,68,30,0,0,0,2021,6,181,2,0
2021-07-01,31.05,34.49,0.900260945201508,34.38,78,62,70,16,0.05,0,0,2021,7,182,3,0
2021-07-02,32.87,35.1,0.936467236467236,35.59,86,55,70.5,31,0,0,0,2021,7,183,4,0
2021-07-03,32.23,36.44,0.884467618002195,35.24,87,57,72,30,0,0,0,2021,7,184,5,1
2021-07-04,31.39,35.4,0.886723163841808,34.77,88,60,74,28,0,0,0,2021,7,185,6,1
2021-07-05,35.91,34.35,1.04541484716157,40.36,87,58,72.5,29,0,0,0,2021,7,186,0,0
2021-07-06,33.28,33.89,0.982000590144585,37.95,86,63,74.5,23,0,0,0,2021,7,187,1,0
2021-07-07,37.19,32.42,1.14713140037014,42.22,91,59,75,32,0,0,0,2021,7,188,2,0
2021-07-08,35.24,32.96,1.06917475728155,38.68,97,58,77.5,39,0.09,0,0,2021,7,189,3,0
2021-07-09,37.44,33.83,1.10671002069169,41.65,94,59,76.5,35,0.01,0,0,2021,7,190,4,0
2021-07-10,35.09,35.29,0.994332672145084,39.58,84,64,74,20,0,0,0,2021,7,191,5,1
2021-07-11,35.12,36.02,0.975013881177124,39.24,86,54,70,32,0,0,0,2021,7,192,6,1
2021-07-12,38.3,34.5,1.11014492753623,43.53,90,56,73,34,0,0,0,2021,7,193,0,0
2021-07-13,34.79,34.57,1.00636389933468,38.59,84,65,74.5,19,0,0,0,2021,7,194,1,0
2021-07-14,34.8,33.53,1.03787652848196,38.66,78,61,69.5,17,0.01,0,0,2021,7,195,2,0
2021-07-15,32.5,33.99,0.956163577522801,35.26,86,55,70.5,31,0,0,0,2021,7,196,3,0
2021-07-16,36.94,34.48,1.07134570765661,41.12,92,55,73.5,37,0,0,0,2021,7,197,4,0
2021-07-17,36.09,35.14,1.02703471826978,39.76,92,57,74.5,35,0,0,0,2021,7,198,5,1
2021-07-18,34.95,36.19,0.965736391268306,39.52,92,58,75,34,0,0,0,2021,7,199,6,1
2021-07-19,38.72,34.94,1.10818546078993,44.31,93,59,76,34,0,0,0,2021,7,200,0,0
2021-07-20,36.66,36.48,1.00493421052632,40,93,58,75.5,35,0,0,0,2021,7,201,1,0
2021-07-21,36.88,35.74,1.03189703413542,41.73,87,64,75.5,23,0.01,0,0,2021,7,202,2,0
2021-07-22,36.22,36.57,0.990429313645064,40.03,92,61,76.5,31,0,0,0,2021,7,203,3,0
2021-07-23,36.15,36.61,0.987435127014477,39.67,92,67,79.5,25,0.04,0,0,2021,7,204,4,0
2021-07-24,34.47,36.84,0.935667752442997,36.69,88,63,75.5,25,0,0,0,2021,7,205,5,1
2021-07-25,35.47,35.64,0.995230078563412,37.49,91,61,76,30,0,0,0,2021,7,206,6,1
2021-07-26,38.61,34.34,1.12434478741992,42.72,93,59,76,34,0,0,0,2021,7,207,0,0
2021-07-27,36.11,34.95,1.03319027181688,40.65,94,57,75.5,37,0,0,0,2021,7,208,1,0
2021-07-28,38.79,34.25,1.13255474452555,44.15,97,62,79.5,35,0,0,0,2021,7,209,2,0
2021-07-29,37.61,34.49,1.09046100318933,41.27,92,66,79,26,0,0,0,2021,7,210,3,0
2021-07-30,34.82,33.47,1.0403346280251,39.38,92,66,79,26,0.22,0,0,2021,7,211,4,0
2021-07-31,29.38,33.99,0.864371874080612,28.94,77,63,70,14,0.22,0,0,2021,7,212,5,1
2021-08-01,30.23,34.28,0.881855309218203,31.22,80,56,68,24,0,0,0,2021,8,213,6,1
2021-08-02,35.5,34.23,1.03710195734736,37.96,86,55,70.5,31,0,0,0,2021,8,214,0,0
2021-08-03,31.21,34.58,0.902544823597455,33.77,79,64,71.5,15,0.09,0,0,2021,8,215,1,0
2021-08-04,31.51,33.04,0.953692493946731,34.83,87,61,74,26,0.05,0,0,2021,8,216,2,0
2021-08-05,31.79,34.07,0.933078955092457,36.91,90,55,72.5,35,0,0,0,2021,8,217,3,0
2021-08-06,34.32,33.49,1.0247835174679,40.04,88,56,72,32,0.03,0,0,2021,8,218,4,0
2021-08-07,30.27,34.37,0.880709921443119,33.91,81,60,70.5,21,0.1,0,0,2021,8,219,5,1
2021-08-08,31.25,34.95,0.894134477825465,35.67,91,51,71,40,0,0,0,2021,8,220,6,1
2021-08-09,35.33,34.28,1.0306301050175,39.14,92,55,73.5,37,0,0,0,2021,8,221,0,0
2021-08-10,32.52,34.64,0.938799076212471,36.29,90,55,72.5,35,0,0,0,2021,8,222,1,0
2021-08-11,36.19,33.71,1.07356867398398,40.03,90,59,74.5,31,0,0,0,2021,8,223,2,0
2021-08-12,33.94,34.69,0.978379936581147,36.46,86,58,72,28,0,0,0,2021,8,224,3,0
2021-08-13,35.82,34.99,1.0237210631609,39.55,84,57,70.5,27,0,0,0,2021,8,225,4,0
2021-08-14,34.47,34.8,0.99051724137931,37.49,90,59,74.5,31,0,0,0,2021,8,226,5,1
2021-08-15,33.51,34.72,0.965149769585253,36.46,89,65,77,24,0,0,0,2021,8,227,6,1
2021-08-16,36.39,33.88,1.07408500590319,40.71,91,56,73.5,35,0,0,0,2021,8,228,0,0
2021-08-17,33.86,35.46,0.954878736604625,38.11,93,55,74,38,0,0,0,2021,8,229,1,0
2021-08-18,35.86,34.48,1.04002320185615,40.43,93,57,75,36,0,0,0,2021,8,230,2,0
2021-08-19,32.03,34.72,0.922523041474654,35.16,80,66,73,14,0.03,0,0,2021,8,231,3,0
2021-08-20,31.19,34.64,0.90040415704388,33.46,78,50,64,28,0.34,0,0,2021,8,232,4,0
2021-08-21,31.06,35.68,0.870515695067264,33.39,82,54,68,28,0,0,0,2021,8,233,5,1
2021-08-22,32.15,35.55,0.90436005625879,34.58,87,56,71.5,31,0,0,0,2021,8,234,6,1
2021-08-23,35.45,35.18,1.00767481523593,40.36,91,55,73,36,0,0,0,2021,8,235,0,0
2021-08-24,33.21,36.55,0.908618331053352,38.13,92,53,72.5,39,0,0,0,2021,8,236,1,0
2021-08-25,35.96,35.12,1.02391799544419,41.3,83,61,72,22,0,0,0,2021,8,237,2,0
2021-08-26,32.77,35.85,0.914086471408647,37.75,86,59,72.5,27,0,0,0,2021,8,238,3,0
2021-08-27,35.7,35.6,1.00280898876404,40.82,92,54,73,38,0,0,0,2021,8,239,4,0
2021-08-28,34.19,35.78,0.955561766349916,38.34,88,54,71,34,0,0,0,2021,8,240,5,1
2021-08-29,32.24,35.3,0.913314447592068,37.48,80,60,70,20,0,0,0,2021,8,241,6,1
2021-08-30,35.75,34.92,1.0237686139748,40,91,54,72.5,37,0,0,0,2021,8,242,0,0
2021-08-31,32.77,35.4,0.925706214689266,36.91,92,54,73,38,0,0,0,2021,8,243,1,0
2021-09-01,34.36,35.18,0.976691301876066,38.56,90,60,75,30,0.02,0,0,2021,9,244,2,0
2021-09-02,31.49,35.81,0.879363306339011,36,84,65,74.5,19,0,0,0,2021,9,245,3,0
2021-09-03,34.02,35.37,0.961832061068702,36.95,78,59,68.5,19,0.02,0,0,2021,9,246,4,0
2021-09-04,30.55,35.55,0.859353023909986,32.45,82,52,67,30,0,0,0,2021,9,247,5,1
2021-09-05,30.89,35.29,0.875318787191839,33.54,89,45,67,44,0,0,0,2021,9,248,6,1
2021-09-06,35.33,33.34,1.05968806238752,39.6,94,48,71,46,0,0,0,2021,9,249,0,0
2021-09-07,32.61,33.23,0.981342160698164,35.61,83,53,68,30,0,0,0,2021,9,250,1,0
2021-09-08,34.74,31.18,1.11417575368826,38.75,87,49,68,38,0,0,0,2021,9,251,2,0
2021-09-09,33.05,31.19,1.05963449823661,36.19,96,50,73,46,0,0,0,2021,9,252,3,0
2021-09-10,35.55,30.2,1.17715231788079,39.26,98,51,74.5,47,0,0,0,2021,9,253,4,0
2021-09-11,32.89,29.41,1.11832709962598,36.95,96,57,76.5,39,0,0,0,2021,9,254,5,1
2021-09-12,31.91,29.11,1.09618687736173,34.48,81,60,70.5,21,0,0,0,2021,9,255,6,1
2021-09-13,32,28.25,1.13274336283186,35.96,86,55,70.5,31,0.29,0,0,2021,9,256,0,0
2021-09-14,29.25,28.72,1.01845403899721,30.45,76,58,67,18,0.12,0,0,2021,9,257,1,0
2021-09-15,31.81,28.26,1.12561924982307,34.89,86,49,67.5,37,0,0,0,2021,9,258,2,0
2021-09-16,30.27,28.78,1.05177206393329,34.2,93,49,71,44,0,0,0,2021,9,259,3,0
2021-09-17,31.78,28.65,1.10924956369983,36.05,75,46,60.5,29,0,0,0,2021,9,260,4,0
2021-09-18,30.27,29.54,1.02471225457007,34.14,89,42,65.5,47,0,0,0,2021,9,261,5,1
2021-09-19,30.5,29.63,1.02936213297334,34.62,87,56,71.5,31,0,0,0,2021,9,262,6,1
2021-09-20,31.79,29.29,1.0853533629225,36.11,76,51,63.5,25,0.03,0,0,2021,9,263,0,0
2021-09-21,28.44,29.94,0.949899799599198,31.34,66,40,53,26,0.01,0,0,2021,9,264,1,0
2021-09-22,30.53,28.67,1.0648761771887,34.22,78,37,57.5,41,0,0,0,2021,9,265,2,0
2021-09-23,28.6,29.23,0.978446801231611,31.6,83,43,63,40,0,0,0,2021,9,266,3,0
2021-09-24,30.59,28.42,1.07635467980296,34.43,72,44,58,28,0,0,0,2021,9,267,4,0
2021-09-25,28.77,28.61,1.00559245019224,31.85,84,41,62.5,43,0,0,0,2021,9,268,5,1
2021-09-26,29.17,27.71,1.05268856008661,31.97,88,46,67,42,0,0,0,2021,9,269,6,1
2021-09-27,31.6,26.73,1.1821922933034,35.61,88,47,67.5,41,0,0,0,2021,9,270,0,0
2021-09-28,28.33,26.55,1.06704331450094,31.59,83,50,66.5,33,0,0,0,2021,9,271,1,0
2021-09-29,27.1,25.24,1.07369255150555,29.85,69,50,59.5,19,0.07,0,0,2021,9,272,2,0
2021-09-30,24.99,25.63,0.975029262582911,26.2,64,45,54.5,19,0,0,0,2021,9,273,3,0
2021-10-01,25.46,24.21,1.05163155720777,30.21,69,41,55,28,0,0,0,2021,10,274,4,0
2021-10-02,24.61,23.56,1.04456706281834,31.19,75,42,58.5,33,0,0,0,2021,10,275,5,1
2021-10-03,24.49,22.89,1.0698995194408,29.46,79,38,58.5,41,0,0,0,2021,10,276,6,1
2021-10-04,25.85,21.87,1.18198445358939,30.08,81,40,60.5,41,0,0,0,2021,10,277,0,0
2021-10-05,24.63,21.52,1.14451672862454,27.27,80,42,61,38,0,0,0,2021,10,278,1,0
2021-10-06,24.39,20.24,1.2050395256917,27.44,78,44,61,34,0,0,0,2021,10,279,2,0
2021-10-07,22.89,20.33,1.12592228234137,24.55,77,46,61.5,31,0,0,0,2021,10,280,3,0
2021-10-08,23.13,19.56,1.18251533742331,25.19,72,47,59.5,25,0,0,0,2021,10,281,4,0
2021-10-09,21.49,18.6,1.15537634408602,22.04,71,47,59,24,0,0,0,2021,10,282,5,1
2021-10-10,21.42,18.46,1.16034669555796,21.64,68,43,55.5,25,0,0,0,2021,10,283,6,1
2021-10-11,21.1,17.95,1.17548746518106,23.12,68,34,51,34,0,0,0,2021,10,284,0,0
2021-10-12,18.97,18,1.05388888888889,20.83,61,37,49,24,0.11,0,0,2021,10,285,1,0
2021-10-13,17.3,17.75,0.974647887323944,18.13,60,33,46.5,27,0,0,0,2021,10,286,2,0
2021-10-14,15.77,17.79,0.886453063518831,16.47,48,30,39,18,0.04,0,0,2021,10,287,3,0
2021-10-15,15.11,17.49,0.863922241280732,16.24,56,28,42,28,0,0,0,2021,10,288,4,0
2021-10-16,15.46,17.37,0.890040299366724,17.26,68,27,47.5,41,0,0,0,2021,10,289,5,1
2021-10-17,16.01,17.17,0.932440302853815,16.78,72,30,51,42,0,0,0,2021,10,290,6,1
2021-10-18,16.39,16.74,0.979091995221027,18.89,74,38,56,36,0,0,0,2021,10,291,0,0
2021-10-19,16.18,16.66,0.971188475390156,19.57,64,39,51.5,25,0,0,0,2021,10,292,1,0
2021-10-20,15.33,16.44,0.932481751824818,18.63,63,30,46.5,33,0,0,0,2021,10,293,2,0
2021-10-21,15.71,16.19,0.970352069178505,19.27,65,30,47.5,35,0,0,0,2021,10,294,3,0
2021-10-22,15.17,15.99,0.948717948717949,18.98,74,32,53,42,0,0,0,2021,10,295,4,0
2021-10-23,14.6,15.75,0.926984126984127,18.13,62,38,50,24,0,0,0,2021,10,296,5,1
2021-10-24,15.24,15.61,0.976297245355541,18.93,67,36,51.5,31,0,0,0,2021,10,297,6,1
2021-10-25,15.26,15.27,0.999345121152587,16.92,67,37,52,30,0,0,0,2021,10,298,0,0
2021-10-26,14.32,15.24,0.939632545931758,14.76,67,35,51,32,0,0,0,2021,10,299,1,0
2021-10-27,14.84,15.54,0.954954954954955,14.59,57,42,49.5,15,0,0,0,2021,10,300,2,0
2021-10-28,14.81,14.98,0.988651535380507,15.01,63,38,50.5,25,0,0,0,2021,10,301,3,0
2021-10-29,14.71,15.15,0.970957095709571,14.35,72,30,51,42,0,0,0,2021,10,302,4,0
2021-10-30,14.29,14.99,0.953302201467645,14.17,65,34,49.5,31,0,0,0,2021,10,303,5,1
2021-10-31,14.19,14.6,0.971917808219178,13.6,49,36,42.5,13,0.05,0,0,2021,10,304,6,1
2021-11-01,14.85,15.34,0.968057366362451,14.08,39,32,35.5,7,0.15,0.4,0,2021,11,305,0,0
2021-11-02,13.53,15.49,0.873466752743706,14.16,44,34,39,10,0.06,0,0,2021,11,306,1,0
2021-11-03,14.56,15.37,0.947299934938191,15.9,61,29,45,32,0,0,0,2021,11,307,2,0
2021-11-04,14.63,15.04,0.972739361702128,16.05,65,29,47,36,0,0,0,2021,11,308,3,0
2021-11-05,13.9,15.11,0.919920582395764,15.09,74,34,54,40,0,0,0,2021,11,309,4,0
2021-11-06,14.27,15.38,0.927828348504551,15.42,72,32,52,40,0,0,0,2021,11,310,5,1
2021-11-07,14.92,15.04,0.992021276595745,15.8,77,37,57,40,0,0,0,2021,11,311,6,1
2021-11-08,13.49,15,0.899333333333333,15.79,58,36,47,22,0,0,0,2021,11,312,0,0
2021-11-09,14.61,15.2,0.961184210526316,15.78,53,27,40,26,0,0,0,2021,11,313,1,0
2021-11-10,13.88,15.21,0.912557527942143,16.56,57,38,47.5,19,0,0,0,2021,11,314,2,0
2021-11-11,14.41,14.94,0.964524765729585,16.07,56,29,42.5,27,0,0,0,2021,11,315,3,0
2021-11-12,13.88,15.15,0.916171617161716,15.63,57,27,42,30,0,0,0,2021,11,316,4,0
2021-11-13,14.32,15.25,0.939016393442623,14.78,68,34,51,34,0,0,0,2021,11,317,5,1
2021-11-14,14.65,14.98,0.977970627503338,16.6,71,31,51,40,0,0,0,2021,11,318,6,1
2021-11-15,14.42,15.29,0.943100065402224,16.69,67,47,57,20,0,0,0,2021,11,319,0,0
2021-11-16,14.27,15.05,0.948172757475083,15.37,68,41,54.5,27,0,0,0,2021,11,320,1,0
2021-11-17,14.19,15.53,0.913715389568577,14.94,52,22,37,30,0.02,0.3,0,2021,11,321,2,0
2021-11-18,13.67,15.06,0.907702523240372,15.06,45,14,29.5,31,0,0,0,2021,11,322,3,0
2021-11-19,13.58,15.09,0.899933730947647,14.58,64,29,46.5,35,0,0,0,2021,11,323,4,0
2021-11-20,13.12,14.89,0.881128274009402,14.77,56,30,43,26,0.03,0,0,2021,11,324,5,1
2021-11-21,13.52,14.54,0.929848693259972,15.77,53,25,39,28,0,0,0,2021,11,325,6,1
2021-11-22,14.02,13.79,1.01667875271936,16.21,63,25,44,38,0,0,0,2021,11,326,0,0
2021-11-23,13.88,13.67,1.01536210680322,16.17,62,25,43.5,37,0,0,0,2021,11,327,1,0
2021-11-24,13.29,13.23,1.00453514739229,14.24,50,29,39.5,21,0,0,0,2021,11,328,2,0
2021-11-25,11,13.69,0.803506208911614,11.95,55,14,34.5,41,0,0,0,2021,11,329,3,0
2021-11-26,11.7,13.89,0.842332613390929,12.04,69,21,45,48,0,0,0,2021,11,330,4,0
2021-11-27,13.85,13.83,1.00144613159798,14.72,56,36,46,20,0,0,0,2021,11,331,5,1
2021-11-28,14.3,13.84,1.03323699421965,15.2,60,24,42,36,0,0,0,2021,11,332,6,1
2021-11-29,15.03,14.05,1.06975088967972,16.17,72,33,52.5,39,0,0,0,2021,11,333,0,0
2021-11-30,14.34,14.37,0.997912317327766,14.22,55,39,47,16,0,0,0,2021,11,334,1,0
2021-12-01,14.68,14.7,0.998639455782313,14.8,72,33,52.5,39,0,0,0,2021,12,335,2,0
2021-12-02,15.26,14.86,1.02691790040377,15.37,74,29,51.5,45,0,0,0,2021,12,336,3,0
2021-12-03,14.04,14.86,0.944818304172274,14.21,56,30,43,26,0,0,0,2021,12,337,4,0
2021-12-04,14.3,15,0.953333333333333,14.84,61,25,43,36,0,0,0,2021,12,338,5,1
2021-12-05,14.79,14.95,0.989297658862876,15.11,63,23,43,40,0,0,0,2021,12,339,6,1
2021-12-06,14.56,14.53,1.0020646937371,13.71,28,16,22,12,0,0,0,2021,12,340,0,0
2021-12-07,14.29,14.98,0.953938584779706,14.36,48,22,35,26,0,0,0,2021,12,341,1,0
2021-12-08,14.35,14.92,0.961796246648794,15.02,48,21,34.5,27,0,0,0,2021,12,342,2,0
2021-12-09,14.36,15.05,0.954152823920266,15.42,49,39,44,10,0,0,0,2021,12,343,3,0
2021-12-10,13.69,15.03,0.91084497671324,14.52,42,27,34.5,15,0,0,0,2021,12,344,4,0
2021-12-11,13.68,14.8,0.924324324324324,14.4,43,14,28.5,29,0,0,0,2021,12,345,5,1
2021-12-12,14.35,14.94,0.960508701472557,15.33,57,24,40.5,33,0,0,0,2021,12,346,6,1
2021-12-13,14.6,15.07,0.968812209688122,15.58,52,26,39,26,0,0,0,2021,12,347,0,0
2021-12-14,14.41,14.88,0.968413978494624,15.58,53,26,39.5,27,0,0,0,2021,12,348,1,0
2021-12-15,14.64,15.09,0.970178926441352,16.02,48,22,35,26,0,0,0,2021,12,349,2,0
2021-12-16,14.83,14.83,1,15.9,44,16,30,28,0,0,0,2021,12,350,3,0
2021-12-17,14.45,14.92,0.968498659517426,15.61,42,19,30.5,23,0,0,0,2021,12,351,4,0
2021-12-18,13.18,14.89,0.885157824042982,14.66,35,8,21.5,27,0,0,0,2021,12,352,5,1
2021-12-19,13.7,14.79,0.9263015551048,14.73,56,14,35,42,0,0,0,2021,12,353,6,1
2021-12-20,14.1,14.89,0.946944257891202,15.5,54,22,38,32,0,0,0,2021,12,354,0,0
2021-12-21,13.81,14.54,0.949793672627235,15.71,61,21,41,40,0,0,0,2021,12,355,1,0
2021-12-22,14.2,14.23,0.997891777933942,15.85,62,28,45,34,0,0,0,2021,12,356,2,0
2021-12-23,13.93,13.74,1.01382823871907,15.16,63,29,46,34,0,0,0,2021,12,357,3,0
2021-12-24,11.55,12.37,0.933710590137429,13.06,54,39,46.5,15,0.06,0,0,2021,12,358,4,0
2021-12-25,9.93,10.82,0.917744916820702,10.73,54,29,41.5,25,0,0,0,2021,12,359,5,1
2021-12-26,11.9,13.2,0.901515151515152,12.87,54,21,37.5,33,0,0,0,2021,12,360,6,1
2021-12-27,13.29,13.79,0.963741841914431,14.64,39,19,29,20,0,0,0,2021,12,361,0,0
2021-12-28,13.39,13.93,0.961234745154343,14.47,36,23,29.5,13,0,0,0,2021,12,362,1,0
2021-12-29,13.22,13.85,0.954512635379061,14.41,33,13,23,20,0,0,0,2021,12,363,2,0
2021-12-30,13.24,13.83,0.957339117859725,14.47,49,11,30,38,0,0,0,2021,12,364,3,0
2021-12-31,11.8,13.29,0.887885628291949,12.99,35,16,25.5,19,0.49,6.5,6,2021,12,365,4,0
2022-01-01,12.09,12.45,0.971084337349398,13.12,18,-1,8.5,19,0.09,1.4,7,2022,1,1,5,1
2022-01-02,13.17,13.74,0.958515283842795,14.3,40,-7,16.5,47,0,0,6,2022,1,2,6,1
2022-01-03,13.6,14.18,0.959097320169252,14.83,39,10,24.5,29,0,0,6,2022,1,3,0,0
2022-01-04,13.82,14.24,0.970505617977528,14.91,47,17,32,30,0,0,4,2022,1,4,1,0
2022-01-05,13.72,14.4,0.952777777777778,14.43,39,5,22,34,0.19,3.7,8,2022,1,5,2,0
2022-01-06,13.41,14.24,0.941713483146067,14.76,15,1,8,14,0.08,1.7,7,2022,1,6,3,0
2022-01-07,13.4,14.12,0.949008498583569,14.39,49,6,27.5,43,0,0,6,2022,1,7,4,0
2022-01-08,13.32,14.16,0.940677966101695,14.35,51,22,36.5,29,0,0,4,2022,1,8,5,1
2022-01-09,13.36,14.27,0.936229852838122,14.68,39,23,31,16,0,0,4,2022,1,9,6,1
2022-01-10,14.85,14.27,1.0406447091801,15.28,53,11,32,42,0,0,4,2022,1,10,0,0
2022-01-11,13.19,14.18,0.93018335684062,14.06,46,17,31.5,29,0,0,4,2022,1,11,1,0
2022-01-12,12.53,13.96,0.89756446991404,13.87,55,23,39,32,0,0,4,2022,1,12,2,0
2022-01-13,13.46,14.24,0.945224719101124,14.19,53,24,38.5,29,0,0,4,2022,1,13,3,0
2022-01-14,12.86,14.46,0.889349930843707,13.36,49,31,40,18,0,0,3,2022,1,14,4,0
2022-01-15,13.15,14.38,0.914464534075104,13.64,44,15,29.5,29,0,0,3,2022,1,15,5,1
2022-01-16,13.63,14.5,0.94,14.21,50,21,35.5,29,0,0,3,2022,1,16,6,1
2022-01-17,13.95,14.43,0.966735966735967,14.92,55,21,38,34,0,0,3,2022,1,17,0,0
2022-01-18,14.09,14.53,0.969717825189264,14.66,44,30,37,14,0,0,3,2022,1,18,1,0
2022-01-19,14.15,14.42,0.98127600554785,14.52,38,17,27.5,21,0.05,0.1,2,2022,1,19,2,0
2022-01-20,13.66,14.64,0.933060109289617,14.46,26,16,21,10,0.05,0.3,2,2022,1,20,3,0
2022-01-21,13.57,14.59,0.930089102124743,13.96,41,19,30,22,0,0,2,2022,1,21,4,0
2022-01-22,13.45,14.7,0.914965986394558,13.8,46,21,33.5,25,0,0,2,2022,1,22,5,1
2022-01-23,14.1,14.68,0.960490463215259,14.66,50,19,34.5,31,0,0,1,2022,1,23,6,1
2022-01-24,12.61,14.7,0.857823129251701,12.92,47,22,34.5,25,0,0,1,2022,1,24,0,0
2022-01-25,13.41,14.91,0.899396378269618,13.72,37,27,32,10,0.26,3.2,3,2022,1,25,1,0
2022-01-26,13.71,14.79,0.926977687626775,13.57,40,6,23,34,0,0,3,2022,1,26,2,0
2022-01-27,13.78,14.9,0.924832214765101,13.27,37,21,29,16,0.13,1.5,3,2022,1,27,3,0
2022-01-28,13.79,14.75,0.934915254237288,13.73,47,7,27,40,0,0,3,2022,1,28,4,0
2022-01-29,13.72,14.95,0.917725752508361,13.22,52,13,32.5,39,0,0,2,2022,1,29,5,1
2022-01-30,14.24,14.67,0.970688479890934,14.35,57,12,34.5,45,0,0,3,2022,1,30,6,1
2022-01-31,13.99,14.63,0.956254272043746,13.63,55,16,35.5,39,0,0,2,2022,1,31,0,0
2022-02-01,13.58,14.51,0.935906271536871,13.2,47,23,35,24,0.08,1.2,4,2022,2,32,1,0
2022-02-02,13.44,14.33,0.937892533147244,13.42,25,4,14.5,21,0.48,7.8,11,2022,2,33,2,0
2022-02-03,13.79,14.45,0.954325259515571,13.84,18,-9,4.5,27,0,0,7,2022,2,34,3,0
2022-02-04,13.33,14.22,0.937412095639944,13.95,39,-4,17.5,43,0,0,6,2022,2,35,4,0
2022-02-05,13.48,14.48,0.930939226519337,13.9,51,13,32,38,0,0,4,2022,2,36,5,1
2022-02-06,14.36,14.7,0.97687074829932,14.69,44,26,35,18,0,0,4,2022,2,37,6,1
2022-02-07,14.29,14.44,0.989612188365651,14.87,53,14,33.5,39,0,0,3,2022,2,38,0,0
2022-02-08,13.92,14.56,0.956043956043956,14.43,56,27,41.5,29,0,0,3,2022,2,39,1,0
2022-02-09,13.64,14.69,0.928522804628999,14.84,48,26,37,22,0,0,2,2022,2,40,2,0
2022-02-10,14.06,14.59,0.963673749143249,14.93,56,24,40,32,0,0,2,2022,2,41,3,0
2022-02-11,13.51,14.59,0.925976696367375,14.78,51,28,39.5,23,0,0,1,2022,2,42,4,0
2022-02-12,13.68,14.47,0.945404284727021,14.8,39,13,26,26,0,0,1,2022,2,43,5,1
2022-02-13,14.46,14.63,0.98838004101162,15.36,60,18,39,42,0,0,0,2022,2,44,6,1
2022-02-14,13.97,14.64,0.954234972677596,15.53,55,21,38,34,0,0,0,2022,2,45,0,0
2022-02-15,15.66,14.53,1.07777013076394,16.75,60,24,42,36,0,0,0,2022,2,46,1,0
2022-02-16,13.59,14.64,0.92827868852459,14.68,47,23,35,24,0.08,1.5,2,2022,2,47,2,0
2022-02-17,14.16,14.66,0.965893587994543,15.38,32,6,19,26,0.12,2.5,1,2022,2,48,3,0
2022-02-18,13.96,14.53,0.960770818995182,15.19,48,16,32,32,0,0,0,2022,2,49,4,0
2022-02-19,13.76,14.42,0.954230235783634,14.98,53,19,36,34,0,0,0,2022,2,50,5,1
2022-02-20,14.04,14.61,0.960985626283368,15.19,60,31,45.5,29,0,0,0,2022,2,51,6,1
2022-02-21,14.1,14.55,0.969072164948454,15.96,54,9,31.5,45,0,0.1,0,2022,2,52,0,0
2022-02-22,13.98,14.58,0.958847736625514,14.72,11,-3,4,14,0.03,0.8,1,2022,2,53,1,0
2022-02-23,14.07,14.39,0.97776233495483,15.53,10,-4,3,14,0.17,2,2,2022,2,54,2,0
2022-02-24,13.6,14.28,0.952380952380952,14.72,22,0,11,22,0.02,0.3,2,2022,2,55,3,0
2022-02-25,13.59,14.52,0.93595041322314,14.67,28,3,15.5,25,0,0,2,2022,2,56,4,0
2022-02-26,13.85,14.51,0.954514128187457,14.82,38,3,20.5,35,0,0,1,2022,2,57,5,1
2022-02-27,14.04,14.4,0.975,15.65,55,9,32,46,0,0,0,2022,2,58,6,1
2022-02-28,14.44,14.49,0.996549344375431,15.58,62,25,43.5,37,0,0,0,2022,2,59,0,0
2022-03-01,14.06,14.47,0.971665514858328,15.56,68,33,50.5,35,0,0,0,2022,3,60,1,0
2022-03-02,14.14,14.47,0.977194194885971,15.26,68,33,50.5,35,0,0,0,2022,3,61,2,0
2022-03-03,14.32,14.63,0.978810663021189,15.16,67,33,50,34,0,0,0,2022,3,62,3,0
2022-03-04,12.74,14.62,0.87140902872777,14.43,64,30,47,34,0,0,0,2022,3,63,4,0
2022-03-05,13.31,14.88,0.894489247311828,14.62,56,28,42,28,0.25,0.3,0,2022,3,64,5,1
2022-03-06,13.73,14.59,0.941055517477724,15,30,20,25,10,0.07,3,2,2022,3,65,6,1
2022-03-07,13.89,14.6,0.951369863013699,15.35,34,9,21.5,25,0,0,0,2022,3,66,0,0
2022-03-08,13.82,14.76,0.936314363143631,15,42,13,27.5,29,0,0,0,2022,3,67,1,0
2022-03-09,14.05,14.84,0.946765498652291,15.08,32,9,20.5,23,0.2,3.1,3,2022,3,68,2,0
2022-03-10,13.99,14.61,0.957563312799452,15.65,23,4,13.5,19,0.05,0.8,2,2022,3,69,3,0
2022-03-11,14.08,14.44,0.975069252077562,15.26,33,1,17,32,0,0,1,2022,3,70,4,0
2022-03-12,13.94,14.44,0.965373961218836,15.09,61,14,37.5,47,0,0,0,2022,3,71,5,1
2022-03-13,12.9,14.29,0.902729181245626,14.63,62,25,43.5,37,0,0,0,2022,3,72,6,1
2022-03-14,13.32,14.23,0.936050597329585,14.29,60,38,49,22,0,0,0,2022,3,73,0,0
2022-03-15,13.56,14.03,0.966500356379187,14.98,68,26,47,42,0,0,0,2022,3,74,1,0
2022-03-16,12.79,14.06,0.909672830725462,13.86,53,39,46,14,0.02,0,0,2022,3,75,2,0
2022-03-17,13.07,14.01,0.932905067808708,14.19,41,31,36,10,0.31,1.1,0,2022,3,76,3,0
2022-03-18,13.25,14.24,0.930477528089888,14.29,56,20,38,36,0.02,0.5,0,2022,3,77,4,0
2022-03-19,13.16,14.34,0.917712691771269,14.2,60,26,43,34,0,0,0,2022,3,78,5,1
2022-03-20,13.94,14.4,0.968055555555556,15.51,66,30,48,36,0,0,0,2022,3,79,6,1
2022-03-21,14.01,14.56,0.962225274725275,15.04,59,36,47.5,23,0,0,0,2022,3,80,0,0
2022-03-22,14.54,14.74,0.986431478968792,15.51,46,29,37.5,17,0.01,0,0,2022,3,81,1,0
2022-03-23,14.52,14.53,0.999311768754301,15.11,58,35,46.5,23,0,0,0,2022,3,82,2,0
2022-03-24,14.54,14.92,0.974530831099196,15.47,71,27,49,44,0,0,0,2022,3,83,3,0
2022-03-25,14.06,15.18,0.926218708827404,15.37,59,36,47.5,23,0,0,0,2022,3,84,4,0
2022-03-26,13.84,14.74,0.938941655359566,15.26,80,32,56,48,0,0,0,2022,3,85,5,1
2022-03-27,14.84,15,0.989333333333333,15.56,63,32,47.5,31,0,0,0,2022,3,86,6,1
2022-03-28,14.7,15.2,0.967105263157895,15.81,77,41,59,36,0,0,0,2022,3,87,0,0
2022-03-29,14.05,15.11,0.929847782925215,14.22,64,43,53.5,21,0.04,0,0,2022,3,88,1,0
2022-03-30,14.47,15.26,0.948230668414155,14.87,51,32,41.5,19,0,0,0,2022,3,89,2,0
2022-03-31,14.75,15.45,0.954692556634304,15.56,66,22,44,44,0,0,0,2022,3,90,3,0
2022-04-01,14.75,15.23,0.968483256730138,14.94,60,44,52,16,0,0,0,2022,4,91,4,0
2022-04-02,14.76,14.74,1.00135685210312,15.15,65,31,48,34,0,0,0,2022,4,92,5,1
2022-04-03,14.78,15.15,0.975577557755776,14.54,57,39,48,18,0,0,0,2022,4,93,6,1
2022-04-04,15.05,15.75,0.955555555555556,16.11,69,27,48,42,0,0,0,2022,4,94,0,0
2022-04-05,14.85,16.04,0.925810473815461,15.54,62,38,50,24,0.02,0,0,2022,4,95,1,0
2022-04-06,14.37,15.76,0.911802030456853,14.92,50,33,41.5,17,0,0,0,2022,4,96,2,0
2022-04-07,14.58,16.16,0.902227722772277,14.93,56,34,45,22,0,0,0,2022,4,97,3,0
2022-04-08,15.22,16.45,0.925227963525836,17.11,71,26,48.5,45,0,0,0,2022,4,98,4,0
2022-04-09,15.17,16.3,0.930674846625767,15.49,78,39,58.5,39,0,0,0,2022,4,99,5,1
2022-04-10,13.9,16.53,0.840895341802783,14.5,61,36,48.5,25,0.09,0,0,2022,4,100,6,1
2022-04-11,15.24,16.39,0.929835265405735,16.07,64,25,44.5,39,0,0,0,2022,4,101,0,0
2022-04-12,14.82,16.21,0.91425046267736,14.93,57,36,46.5,21,0,0,0,2022,4,102,1,0
2022-04-13,14.71,16.33,0.900796080832823,14.8,44,12,28,32,0,0,0,2022,4,103,2,0
2022-04-14,14.86,16.26,0.91389913899139,15.62,58,25,41.5,33,0,0,0,2022,4,104,3,0
2022-04-15,15.18,16.15,0.939938080495356,15.93,58,29,43.5,29,0,0,0,2022,4,105,4,0
2022-04-16,15.22,16.11,0.944754810676598,16.22,59,26,42.5,33,0,0,0,2022,4,106,5,1
2022-04-17,15.11,16.32,0.925857843137255,15.85,63,30,46.5,33,0,0,0,2022,4,107,6,1
2022-04-18,16.52,17.08,0.967213114754098,18.33,63,29,46,34,0,0,0,2022,4,108,0,0
2022-04-19,17.78,17.03,1.04403992953611,19.63,79,33,56,46,0,0,0,2022,4,109,1,0
2022-04-20,17.13,16.85,1.01661721068249,19.43,74,45,59.5,29,0,0,0,2022,4,110,2,0
2022-04-21,17.41,17.31,1.00577700751011,21.1,80,40,60,40,0,0,0,2022,4,111,3,0
2022-04-22,18.78,17.72,1.05981941309255,21.6,86,43,64.5,43,0,0,0,2022,4,112,4,0
2022-04-23,16.97,18.16,0.934471365638766,19.06,62,48,55,14,0,0,0,2022,4,113,5,1
2022-04-24,17.9,18.35,0.975476839237057,20.61,57,42,49.5,15,0,0,0,2022,4,114,6,1
2022-04-25,19.07,18.56,1.02747844827586,21.24,57,30,43.5,27,0,0,0,2022,4,115,0,0
2022-04-26,20.66,18.17,1.13703907539901,24.42,76,30,53,46,0,0,0,2022,4,116,1,0
2022-04-27,21.42,18.09,1.18407960199005,25.99,75,43,59,32,0,0,0,2022,4,117,2,0
2022-04-28,23.2,18.39,1.2615551930397,28.45,77,41,59,36,0,0,0,2022,4,118,3,0
2022-04-29,22.11,18.51,1.19448946515397,25.6,70,43,56.5,27,0,0,0,2022,4,119,4,0
2022-04-30,22.78,19.12,1.19142259414226,24.8,67,42,54.5,25,0,0,0,2022,4,120,5,1
2022-05-01,23.51,19.32,1.21687370600414,24.65,63,35,49,28,0,0,0,2022,5,121,6,1
2022-05-02,20.03,19.5,1.02717948717949,19.37,59,37,48,22,0.53,0,0,2022,5,122,0,0
2022-05-03,18.5,19.72,0.938133874239351,18.41,55,36,45.5,19,0,0,0,2022,5,123,1,0
2022-05-04,18.36,20.86,0.880153403643336,17.17,56,40,48,16,0.7,0,0,2022,5,124,2,0
2022-05-05,18.25,20.55,0.888077858880779,17.27,73,39,56,34,0.17,0,0,2022,5,125,3,0
2022-05-06,20.27,20.24,1.00148221343874,22.43,82,44,63,38,0,0,0,2022,5,126,4,0
2022-05-07,22.04,19.33,1.14019658561821,23.49,86,48,67,38,0,0,0,2022,5,127,5,1
2022-05-08,20.88,19.13,1.09147935180345,22.8,75,47,61,28,0.14,0,0,2022,5,128,6,1
2022-05-09,23.41,19.33,1.21107087428867,25.84,71,45,58,26,0,0,0,2022,5,129,0,0
2022-05-10,23.4,19.37,1.20805369127517,23.82,67,45,56,22,0,0,0,2022,5,130,1,0
2022-05-11,25.98,18.88,1.3760593220339,27.15,85,43,64,42,0,0,0,2022,5,131,2,0
2022-05-12,24.07,18.8,1.28031914893617,25.21,71,51,61,20,0,0,0,2022,5,132,3,0
2022-05-13,26.76,19.43,1.37725167267113,28.35,75,43,59,32,0,0,0,2022,5,133,4,0
2022-05-14,26.16,20.14,1.29890764647468,28.63,78,44,61,34,0,0,0,2022,5,134,5,1
2022-05-15,26.21,20.71,1.26557218734911,29.23,76,49,62.5,27,0,0,0,2022,5,135,6,1
2022-05-16,28.07,20.8,1.34951923076923,30.86,85,47,66,38,0,0,0,2022,5,136,0,0
2022-05-17,26.12,20.58,1.26919339164237,28.7,83,50,66.5,33,0.05,0,0,2022,5,137,1,0
2022-05-18,28.31,20.77,1.36302359171883,33.68,85,51,68,34,0,0,0,2022,5,138,2,0
2022-05-19,24.5,19.99,1.2256128064032,29.19,86,50,68,36,0,0,0,2022,5,139,3,0
2022-05-20,19.71,20.15,0.978163771712159,19.6,52,34,43,18,0.15,0,0,2022,5,140,4,0
2022-05-21,18.28,21.6,0.846296296296296,15.87,53,33,43,20,0,0,0,2022,5,141,5,1
2022-05-22,19.49,21.56,0.903988868274582,17.66,61,32,46.5,29,0,0,0,2022,5,142,6,1
2022-05-23,20.56,20.89,0.984202967927238,21.51,63,43,53,20,0.29,0,0,2022,5,143,0,0
2022-05-24,19.96,20.34,0.981317600786627,21.86,57,38,47.5,19,0.01,0,0,2022,5,144,1,0
2022-05-25,23.77,21.24,1.11911487758945,28.28,76,37,56.5,39,0,0,0,2022,5,145,2,0
2022-05-26,25.75,21.65,1.18937644341801,31.52,85,41,63,44,0,0,0,2022,5,146,3,0
2022-05-27,29.64,21.64,1.36968576709797,36.95,90,49,69.5,41,0,0,0,2022,5,147,4,0
2022-05-28,27.38,23.18,1.18119068162209,32.7,81,53,67,28,0,0,0,2022,5,148,5,1
2022-05-29,23.25,23.01,1.01043024771838,28.68,74,51,62.5,23,0.16,0,0,2022,5,149,6,1
2022-05-30,24.68,22.85,1.0800875273523,26.45,68,46,57,22,0,0,0,2022,5,150,0,0
2022-05-31,22.03,23.38,0.942258340461933,23.94,64,41,52.5,23,0.17,0,0,2022,5,151,1,0
2022-06-01,22.05,25.36,0.869479495268139,20.52,59,43,51,16,0.26,0,0,2022,6,152,2,0
2022-06-02,21.92,26.38,0.830932524639879,20.32,70,40,55,30,0,0,0,2022,6,153,3,0
2022-06-03,26.27,26.89,0.97694310152473,26.02,76,47,61.5,29,0,0,0,2022,6,154,4,0
2022-06-04,26.94,28.74,0.937369519832985,27.81,85,47,66,38,0,0,0,2022,6,155,5,1
2022-06-05,26.14,28.79,0.907954150746787,29.9,83,56,69.5,27,0.03,0,0,2022,6,156,6,1
2022-06-06,27.13,28.99,0.935839944808555,29.64,80,51,65.5,29,0.37,0,0,2022,6,157,0,0
2022-06-07,23.5,28.83,0.815123135622615,23.97,83,51,67,32,0.06,0,0,2022,6,158,1,0
2022-06-08,27.61,30.08,0.917885638297872,30.99,77,47,62,30,0,0,0,2022,6,159,2,0
2022-06-09,28.02,30.57,0.916584887144259,31.98,93,50,71.5,43,0,0,0,2022,6,160,3,0
2022-06-10,31.21,31.36,0.995216836734694,36.59,94,53,73.5,41,0,0,0,2022,6,161,4,0
2022-06-11,30.22,32.16,0.939676616915423,36.08,99,57,78,42,0,0,0,2022,6,162,5,1
2022-06-12,31.06,32.39,0.958937943809818,36.24,94,63,78.5,31,0,0,0,2022,6,163,6,1
2022-06-13,34.59,32.71,1.05747477835524,41.32,97,57,77,40,0,0,0,2022,6,164,0,0
2022-06-14,30.95,33.32,0.928871548619448,36.11,87,55,71,32,0,0,0,2022,6,165,1,0
2022-06-15,33.54,34.33,0.976988057092922,38.99,89,53,71,36,0,0,0,2022,6,166,2,0
2022-06-16,32.83,33.5,0.98,37.5,92,51,71.5,41,0,0,0,2022,6,167,3,0
2022-06-17,34.9,33.07,1.05533716359238,37.25,88,63,75.5,25,0,0,0,2022,6,168,4,0
2022-06-18,32.42,33.55,0.966318926974665,35.31,90,58,74,32,0,0,0,2022,6,169,5,1
2022-06-19,31.12,33.18,0.937914406268837,34.73,87,63,75,24,0,0,0,2022,6,170,6,1
2022-06-20,35.21,34.24,1.02832943925234,40.51,87,58,72.5,29,0,0,0,2022,6,171,0,0
2022-06-21,33.43,33.97,0.984103620841919,37.58,80,55,67.5,25,0,0,0,2022,6,172,1,0
2022-06-22,35.63,34.43,1.03485332558815,41.21,82,51,66.5,31,0,0,0,2022,6,173,2,0
2022-06-23,34.54,34.52,1.00057937427578,38.13,94,53,73.5,41,0,0,0,2022,6,174,3,0
2022-06-24,35.21,34.06,1.03376394597769,39.59,90,57,73.5,33,0,0,0,2022,6,175,4,0
2022-06-25,32.48,33.52,0.968973747016706,35.91,73,54,63.5,19,0,0,0,2022,6,176,5,1
2022-06-26,30.46,34.5,0.882898550724638,31.57,69,55,62,14,0.09,0,0,2022,6,177,6,1
2022-06-27,35.3,34.88,1.01204128440367,38.99,86,50,68,36,0,0,0,2022,6,178,0,0
2022-06-28,35.14,35.05,1.00256776034237,38.09,92,52,72,40,0,0,0,2022,6,179,1,0
2022-06-29,35.72,35.82,0.997208263539922,40.24,92,56,74,36,0.02,0,0,2022,6,180,2,0
2022-06-30,30.05,34.98,0.859062321326472,32,82,59,70.5,23,0.11,0,0,2022,6,181,3,0
2022-07-01,32.2,34.34,0.937682003494467,35.95,84,54,69,30,0.05,0,0,2022,7,182,4,0
2022-07-02,28.8,35.39,0.813789205990393,30.94,85,54,69.5,31,0.91,0,0,2022,7,183,5,1
2022-07-03,30.06,36.39,0.826051112943116,32.82,88,59,73.5,29,0,0,0,2022,7,184,6,1
2022-07-04,34.34,34.94,0.98282770463652,38.02,93,57,75,36,0.01,0,0,2022,7,185,0,0
2022-07-05,30.96,34.59,0.895056374674761,34.35,91,62,76.5,29,0,0,0,2022,7,186,1,0
2022-07-06,32.42,34.05,0.952129221732746,35.7,82,64,73,18,0.06,0,0,2022,7,187,2,0
2022-07-07,30.14,33.48,0.900238948626045,34.09,84,56,70,28,0,0,0,2022,7,188,3,0
2022-07-08,35.23,33.66,1.04664289958408,39.66,92,57,74.5,35,0,0,0,2022,7,189,4,0
2022-07-09,34.08,34.74,0.981001727115717,39.9,99,60,79.5,39,0,0,0,2022,7,190,5,1
2022-07-10,34.06,35.8,0.951396648044693,39.42,96,60,78,36,0,0,0,2022,7,191,6,1
2022-07-11,37.31,36.28,1.02839029768467,42.15,83,62,72.5,21,0,0,0,2022,7,192,0,0
2022-07-12,34.18,35.21,0.970746946890088,38.38,91,57,74,34,0,0,0,2022,7,193,1,0
2022-07-13,36.74,35.27,1.04167848029487,41.28,97,59,78,38,0.01,0,0,2022,7,194,2,0
2022-07-14,33.79,34.25,0.986569343065693,38.34,97,60,78.5,37,0.01,0,0,2022,7,195,3,0
2022-07-15,36.78,34.05,1.08017621145374,40.9,93,69,81,24,0.08,0,0,2022,7,196,4,0
2022-07-16,31.89,34.66,0.920080784766301,36.37,92,64,78,28,0.09,0,0,2022,7,197,5,1
2022-07-17,33.68,36.17,0.931158418578933,38.2,95,60,77.5,35,0,0,0,2022,7,198,6,1
2022-07-18,37.43,36,1.03972222222222,42.98,98,65,81.5,33,0,0,0,2022,7,199,0,0
2022-07-19,36.26,35.51,1.02112081103914,39.74,98,69,83.5,29,0,0,0,2022,7,200,1,0
2022-07-20,36.32,36.36,0.998899889988999,41.23,92,64,78,28,0.08,0,0,2022,7,201,2,0
2022-07-21,33.03,36.03,0.916736053288926,37.45,94,59,76.5,35,0.09,0,0,2022,7,202,3,0
2022-07-22,37.41,36.51,1.02465078060805,42.28,96,65,80.5,31,0,0,0,2022,7,203,4,0
2022-07-23,32.73,36.34,0.900660429279031,37.58,93,64,78.5,29,0.25,0,0,2022,7,204,5,1
2022-07-24,27.43,36.4,0.753571428571428,29.48,77,59,68,18,0.16,0,0,2022,7,205,6,1
2022-07-25,32.72,35.07,0.932991160536071,34.4,88,59,73.5,29,0,0,0,2022,7,206,0,0
2022-07-26,31.11,34.41,0.90409764603313,35.48,85,59,72,26,0.05,0,0,2022,7,207,1,0
2022-07-27,34.13,34.69,0.983857019313923,40.17,87,62,74.5,25,0,0,0,2022,7,208,2,0
2022-07-28,25.8,34.37,0.750654640675007,26.95,72,54,63,18,1.97,0,0,2022,7,209,3,0
2022-07-29,25.96,34.17,0.759730757974832,27.93,82,61,71.5,21,0,0,0,2022,7,210,4,0
2022-07-30,27.06,32.9,0.822492401215805,30.34,90,58,74,32,0,0,0,2022,7,211,5,1
2022-07-31,28.36,32.77,0.86542569423253,31.71,91,60,75.5,31,0.02,0,0,2022,7,212,6,1
2022-08-01,32.12,33.36,0.962829736211031,37.05,94,59,76.5,35,0,0,0,2022,8,213,0,0
2022-08-02,30.33,34.24,0.885806074766355,33.8,92,63,77.5,29,0.01,0,0,2022,8,214,1,0
2022-08-03,33.21,33.97,0.97762731822196,36.45,88,63,75.5,25,0,0,0,2022,8,215,2,0
2022-08-04,31.51,32.82,0.960085313833029,34.43,94,58,76,36,0,0,0,2022,8,216,3,0
2022-08-05,33.77,33.33,1.01320132013201,37.79,97,63,80,34,0,0,0,2022,8,217,4,0
2022-08-06,32.21,33.09,0.973405862798428,35.53,88,68,78,20,0,0,0,2022,8,218,5,1
2022-08-07,30.95,33.49,0.924156464616303,32.83,85,66,75.5,19,0.17,0,0,2022,8,219,6,1
2022-08-08,33.14,33.92,0.977004716981132,35.09,87,60,73.5,27,0,0,0,2022,8,220,0,0
2022-08-09,32.36,33.91,0.954290769684459,34.54,92,61,76.5,31,0,0,0,2022,8,221,1,0
2022-08-10,35.01,33.9,1.03274336283186,38.67,92,59,75.5,33,0,0,0,2022,8,222,2,0
2022-08-11,32.82,33.16,0.989746682750302,39.07,94,60,77,34,0,0,0,2022,8,223,3,0
2022-08-12,35.94,34.05,1.05550660792952,44.16,93,70,81.5,23,0,0,0,2022,8,224,4,0
2022-08-13,32.29,34.6,0.933236994219653,39.68,88,65,76.5,23,0.05,0,0,2022,8,225,5,1
2022-08-14,29.11,34.44,0.845238095238095,35.5,89,64,76.5,25,0.02,0,0,2022,8,226,6,1
2022-08-15,30.68,34.06,0.900763358778626,36.61,83,65,74,18,0.22,0,0,2022,8,227,0,0
2022-08-16,27.73,33.78,0.820899940793369,30.28,77,63,70,14,0,0,0,2022,8,228,1,0
2022-08-17,31.41,34.82,0.902067777139575,37.68,84,57,70.5,27,0,0,0,2022,8,229,2,0
2022-08-18,31.42,34.02,0.923574368018812,37.95,90,53,71.5,37,0,0,0,2022,8,230,3,0
2022-08-19,33.73,33.91,0.994691831318195,40.48,85,56,70.5,29,0,0,0,2022,8,231,4,0
2022-08-20,32.23,33.82,0.952986398580721,37.23,81,57,69,24,0,0,0,2022,8,232,5,1
2022-08-21,30.94,34.71,0.891385767790262,36.6,79,57,68,22,0,0,0,2022,8,233,6,1
2022-08-22,34.99,34.59,1.01156403584851,40.06,86,55,70.5,31,0,0,0,2022,8,234,0,0
2022-08-23,32.63,34.68,0.940888119953864,35.1,86,55,70.5,31,0,0,0,2022,8,235,1,0
2022-08-24,35.48,35.52,0.998873873873874,39.3,87,56,71.5,31,0,0,0,2022,8,236,2,0
2022-08-25,30.72,34.63,0.887092116661854,33.82,85,53,69,32,0.04,0,0,2022,8,237,3,0
2022-08-26,33.78,34.87,0.968741038141669,36.61,82,60,71,22,0,0,0,2022,8,238,4,0
2022-08-27,32.76,35.04,0.934931506849315,35.64,92,53,72.5,39,0,0,0,2022,8,239,5,1
2022-08-28,32.22,35.25,0.914042553191489,35.34,90,58,74,32,0,0,0,2022,8,240,6,1
2022-08-29,35.69,34.6,1.03150289017341,39.76,86,54,70,32,0,0,0,2022,8,241,0,0
2022-08-30,32.47,34.18,0.949970743124634,36.55,91,54,72.5,37,0,0,0,2022,8,242,1,0
2022-08-31,34.7,34.52,1.00521436848204,39.63,92,59,75.5,33,0,0,0,2022,8,243,2,0
2022-09-01,33.33,34.22,0.973991817650497,39.03,93,52,72.5,41,0,0,0,2022,9,244,3,0
2022-09-02,34.32,34.65,0.99047619047619,41.27,94,58,76,36,0.05,0,0,2022,9,245,4,0
2022-09-03,29.99,34.79,0.862029318769761,34.01,87,56,71.5,31,0,0,0,2022,9,246,5,1
2022-09-04,30.38,34.7,0.875504322766571,36.09,92,55,73.5,37,0,0,0,2022,9,247,6,1
2022-09-05,35.32,34.14,1.03456356180433,41.71,96,55,75.5,41,0,0,0,2022,9,248,0,0
2022-09-06,33.17,33.41,0.992816521999401,37.23,97,57,77,40,0,0,0,2022,9,249,1,0
2022-09-07,34.83,33.35,1.04437781109445,38.79,94,55,74.5,39,0,0,0,2022,9,250,2,0
2022-09-08,32.58,31.79,1.02485058194401,35.31,96,55,75.5,41,0,0,0,2022,9,251,3,0
2022-09-09,31.28,31.31,0.999041839667838,33.02,77,50,63.5,27,0.11,0,0,2022,9,252,4,0
2022-09-10,25.05,30.06,0.833333333333333,23.54,55,46,50.5,9,0.52,0,0,2022,9,253,5,1
2022-09-11,25.37,29.68,0.854784366576819,24.77,76,43,59.5,33,0,0,0,2022,9,254,6,1
2022-09-12,30.01,28.74,1.04418928322895,33.66,90,43,66.5,47,0,0,0,2022,9,255,0,0
2022-09-13,29.41,28.18,1.04364797728886,35.76,82,48,65,34,0,0,0,2022,9,256,1,0
2022-09-14,30.02,28.64,1.0481843575419,39.17,84,57,70.5,27,0,0,0,2022,9,257,2,0
2022-09-15,28.01,28.97,0.966862271315154,34.7,78,57,67.5,21,0,0,0,2022,9,258,3,0
2022-09-16,30.19,29.23,1.03284296955183,36.6,77,50,63.5,27,0,0,0,2022,9,259,4,0
2022-09-17,28.38,29.44,0.963994565217391,34.49,80,53,66.5,27,0,0,0,2022,9,260,5,1
2022-09-18,28.68,29.99,0.956318772924308,34.4,81,50,65.5,31,0,0,0,2022,9,261,6,1
2022-09-19,31.36,29.85,1.05058626465662,36.32,90,50,70,40,0,0,0,2022,9,262,0,0
2022-09-20,28.15,29.64,0.949730094466936,31.36,88,49,68.5,39,0,0,0,2022,9,263,1,0
2022-09-21,27.04,29.8,0.90738255033557,28.52,75,51,63,24,0.2,0,0,2022,9,264,2,0
2022-09-22,21.54,28.89,0.745586708203531,20.02,56,46,51,10,0.31,0,0,2022,9,265,3,0
2022-09-23,23.94,28.98,0.826086956521739,25.69,81,45,63,36,0,0,0,2022,9,266,4,0
2022-09-24,23.59,28.47,0.828591499824377,26.66,80,42,61,38,0,0,0,2022,9,267,5,1
2022-09-25,24.4,28.33,0.861277797387928,28.7,72,43,57.5,29,0,0,0,2022,9,268,6,1
2022-09-26,27.48,27.39,1.00328587075575,32.3,83,43,63,40,0,0,0,2022,9,269,0,0
2022-09-27,25.4,26.78,0.948469006721434,28.74,75,47,61,28,0,0,0,2022,9,270,1,0
2022-09-28,27.68,26.06,1.06216423637759,31.03,83,45,64,38,0,0,0,2022,9,271,2,0
2022-09-29,25.61,24.93,1.02727637384677,28.03,84,47,65.5,37,0,0,0,2022,9,272,3,0
2022-09-30,24.3,24.97,0.973167801361634,26.29,74,50,62,24,0.03,0,0,2022,9,273,4,0
2022-10-01,21.77,23.82,0.913937867338371,21.73,72,51,61.5,21,0.02,0,0,2022,10,274,5,1
2022-10-02,21.27,23.13,0.91958495460441,22.96,68,47,57.5,21,0,0,0,2022,10,275,6,1
2022-10-03,24.44,22.4,1.09107142857143,27.06,71,49,60,22,0.07,0,0,2022,10,276,0,0
2022-10-04,21.28,21.62,0.98427382053654,22.08,67,42,54.5,25,0,0,0,2022,10,277,1,0
2022-10-05,22.12,21.07,1.04983388704319,26.61,72,42,57,30,0,0,0,2022,10,278,2,0
2022-10-06,21,20.11,1.04425658876181,26.31,70,39,54.5,31,0,0,0,2022,10,279,3,0
2022-10-07,20.55,20.1,1.02238805970149,24.57,59,39,49,20,0.03,0,0,2022,10,280,4,0
2022-10-08,18.66,19.85,0.940050377833753,21.45,66,33,49.5,33,0,0,0,2022,10,281,5,1
2022-10-09,19.48,18.77,1.0378263185935,22.54,75,35,55,40,0,0,0,2022,10,282,6,1
2022-10-10,21.39,18.55,1.15309973045822,25.08,76,36,56,40,0,0,0,2022,10,283,0,0
2022-10-11,19.36,18.04,1.07317073170732,22.5,75,41,58,34,0,0,0,2022,10,284,1,0
2022-10-12,19.45,17.81,1.09208309938237,22.29,67,34,50.5,33,0,0,0,2022,10,285,2,0
2022-10-13,18.98,17.44,1.08830275229358,21.12,71,34,52.5,37,0,0,0,2022,10,286,3,0
2022-10-14,19.43,17.31,1.12247255921433,21.65,79,34,56.5,45,0,0,0,2022,10,287,4,0
2022-10-15,18.34,16.98,1.08009422850412,19.82,66,38,52,28,0,0,0,2022,10,288,5,1
2022-10-16,18.07,16.98,1.06419316843345,19.69,62,45,53.5,17,0,0,0,2022,10,289,6,1
2022-10-17,18.33,16.91,1.08397397989355,19.77,64,31,47.5,33,0,0,0,2022,10,290,0,0
2022-10-18,17.77,16.59,1.07112718505124,18.77,71,31,51,40,0,0,0,2022,10,291,1,0
2022-10-19,17.8,16.51,1.07813446396124,18.84,80,33,56.5,47,0,0,0,2022,10,292,2,0
2022-10-20,17.2,16.27,1.05716041794714,18.65,81,31,56,50,0,0,0,2022,10,293,3,0
2022-10-21,17.56,16,1.0975,19.24,78,45,61.5,33,0,0,0,2022,10,294,4,0
2022-10-22,16.33,15.8,1.03354430379747,17.99,77,37,57,40,0,0,0,2022,10,295,5,1
2022-10-23,15.72,15.48,1.01550387596899,16.83,68,44,56,24,0,0,0,2022,10,296,6,1
2022-10-24,16.32,15.42,1.05836575875486,17.45,54,31,42.5,23,0,0,0,2022,10,297,0,0
2022-10-25,15.69,15.28,1.02683246073298,17.63,60,28,44,32,0,0,0,2022,10,298,1,0
2022-10-26,15.62,15.29,1.02158273381295,17.65,56,35,45.5,21,0,0,0,2022,10,299,2,0
2022-10-27,14.64,15.55,0.941479099678456,16.56,55,32,43.5,23,0.21,0.2,0,2022,10,300,3,0
2022-10-28,14.82,15.02,0.986684420772304,16.15,60,24,42,36,0,0,0,2022,10,301,4,0
2022-10-29,14.28,15.21,0.938856015779093,16.03,61,24,42.5,37,0,0,0,2022,10,302,5,1
2022-10-30,14.79,15.03,0.984031936127744,16.65,62,30,46,32,0,0,0,2022,10,303,6,1
2022-10-31,14.56,14.6,0.997260273972603,15.94,66,27,46.5,39,0,0,0,2022,10,304,0,0
2022-11-01,16.37,15.16,1.07981530343008,18.07,68,29,48.5,39,0,0,0,2022,11,305,1,0
2022-11-02,15.27,15.24,1.00196850393701,16.66,70,37,53.5,33,0,0,0,2022,11,306,2,0
2022-11-03,14.26,15.2,0.938157894736842,15.35,51,29,40,22,0.14,1.6,1,2022,11,307,3,0
2022-11-04,14.24,15.08,0.944297082228117,15.83,42,26,34,16,0,0,0,2022,11,308,4,0
2022-11-05,13.23,15.09,0.876739562624254,14.56,63,26,44.5,37,0,0,0,2022,11,309,5,1
2022-11-06,14.87,15.13,0.982815598149372,15.72,55,40,47.5,15,0,0,0,2022,11,310,6,1
2022-11-07,14.48,14.92,0.970509383378016,16.43,54,28,41,26,0,0,0,2022,11,311,0,0
2022-11-08,14.98,14.71,1.01835486063902,16.23,68,28,48,40,0,0,0,2022,11,312,1,0
2022-11-09,14.42,15.07,0.956867949568679,15.47,48,26,37,22,0,0,0,2022,11,313,2,0
2022-11-10,14.46,14.93,0.968519758874749,15.23,50,25,37.5,25,0,0,0,2022,11,314,3,0
2022-11-11,14.47,14.77,0.97968855788761,16.14,37,12,24.5,25,0,0,0,2022,11,315,4,0
2022-11-12,14.36,14.99,0.95797198132088,16.01,46,13,29.5,33,0,0,0,2022,11,316,5,1
2022-11-13,14.6,15.12,0.965608465608466,15.71,52,13,32.5,39,0,0,0,2022,11,317,6,1
2022-11-14,14.92,14.82,1.00674763832659,16.91,41,16,28.5,25,0,0,0,2022,11,318,0,0
2022-11-15,15.2,15.04,1.01063829787234,16.6,40,22,31,18,0,0,0,2022,11,319,1,0
2022-11-16,15.33,14.7,1.04285714285714,16.9,46,18,32,28,0,0,0,2022,11,320,2,0
2022-11-17,14.88,15.19,0.979591836734694,16.34,35,18,26.5,17,0.15,2,2,2022,11,321,3,0
2022-11-18,14.99,14.71,1.01903467029232,16.3,24,7,15.5,17,0.08,1,2,2022,11,322,4,0
2022-11-19,14.73,14.85,0.991919191919192,16.23,38,9,23.5,29,0,0,2,2022,11,323,5,1
2022-11-20,14.08,14.6,0.964383561643836,15.67,48,11,29.5,37,0,0,1,2022,11,324,6,1
2022-11-21,14.6,14.28,1.02240896358543,15.98,50,13,31.5,37,0,0,0,2022,11,325,0,0
2022-11-22,13.99,13.55,1.03247232472325,15.22,53,20,36.5,33,0,0,0,2022,11,326,1,0
2022-11-23,13.59,13.44,1.01116071428571,11.5,51,18,34.5,33,0,0,0,2022,11,327,2,0
2022-11-24,11.49,13.24,0.867824773413897,12.92,47,31,39,16,0,0,0,2022,11,328,3,0
2022-11-25,13.06,13.47,0.969561989606533,14.59,61,20,40.5,41,0,0,0,2022,11,329,4,0
2022-11-26,13.51,13.52,0.999260355029586,15.18,61,22,41.5,39,0,0,0,2022,11,330,5,1
2022-11-27,14.08,13.6,1.03529411764706,15.51,46,32,39,14,0.13,0.4,0,2022,11,331,6,1
2022-11-28,14.53,13.65,1.06446886446886,15.55,51,26,38.5,25,0,0,0,2022,11,332,0,0
2022-11-29,14.36,13.9,1.03309352517986,14.76,31,11,21,20,0.29,4.2,4,2022,11,333,1,0
2022-11-30,14.81,14.17,1.04516584333098,15.34,29,4,16.5,25,0,0,3,2022,11,334,2,0
2022-12-01,15.11,14.43,1.04712404712405,15.49,54,11,32.5,43,0,0,2,2022,12,335,3,0
2022-12-02,14.32,14.68,0.975476839237057,14.82,54,29,41.5,25,0,0,0,2022,12,336,4,0
2022-12-03,13.89,14.57,0.953328757721345,14.66,41,12,26.5,29,0,0,0,2022,12,337,5,1
2022-12-04,14.42,14.7,0.980952380952381,14.8,51,22,36.5,29,0,0,0,2022,12,338,6,1
2022-12-05,14.62,14.67,0.996591683708248,15.15,54,27,40.5,27,0,0,0,2022,12,339,0,0
2022-12-06,14.41,14.17,1.01693719124912,15.36,50,23,36.5,27,0.08,0.6,0,2022,12,340,1,0
2022-12-07,15.37,14.49,1.06073153899241,16.02,44,18,31,26,0,0,0,2022,12,341,2,0
2022-12-08,14.75,14.69,1.00408441116406,15.77,47,21,34,26,0,0,0,2022,12,342,3,0
2022-12-09,14.92,14.71,1.01427600271924,15.35,52,14,33,38,0,0,0,2022,12,343,4,0
2022-12-10,14.3,14.68,0.974114441416894,15,45,18,31.5,27,0,0,0,2022,12,344,5,1
2022-12-11,14.36,14.59,0.984235777930089,15.08,57,22,39.5,35,0,0,0,2022,12,345,6,1
2022-12-12,14.45,14.74,0.980325644504749,15.08,48,25,36.5,23,0,0,0,2022,12,346,0,0
2022-12-13,14.04,14.78,0.949932341001353,14.6,33,23,28,10,0,0,0,2022,12,347,1,0
2022-12-14,14.56,14.57,0.999313658201784,14.84,38,26,32,12,0,0,0,2022,12,348,2,0
2022-12-15,14.64,14.71,0.99524133242692,15.64,35,18,26.5,17,0,0,0,2022,12,349,3,0
2022-12-16,14.33,14.74,0.972184531886024,15.68,35,18,26.5,17,0,0,0,2022,12,350,4,0
2022-12-17,13.53,14.62,0.925444596443228,15.18,36,9,22.5,27,0,0,0,2022,12,351,5,1
2022-12-18,15.3,14.45,1.05882352941176,15.46,39,6,22.5,33,0,0,0,2022,12,352,6,1
2022-12-19,13.1,14.42,0.908460471567268,15.74,48,11,29.5,37,0,0,0,2022,12,353,0,0
2022-12-20,14.02,14.55,0.963573883161512,15.55,41,14,27.5,27,0,0,0,2022,12,354,1,0
2022-12-21,15.17,14.19,1.06906272022551,15.41,50,-1,24.5,51,0.03,0.6,1,2022,12,355,2,0
2022-12-22,12.49,14,0.892142857142857,15.08,0,-17,-8.5,17,0.1,2.1,2,2022,12,356,3,0
2022-12-23,14.37,13.55,1.06051660516605,14.59,10,-16,-3,26,0,0,2,2022,12,357,4,0
2022-12-24,14.16,12.12,1.16831683168317,15.83,41,-1,20,42,0,0,2,2022,12,358,5,1
2022-12-25,11.89,10.57,1.12488174077578,13.24,54,16,35,38,0,0,1,2022,12,359,6,1
2022-12-26,12.61,12.86,0.980559875583204,15,48,27,37.5,21,0,0,0,2022,12,360,0,0
2022-12-27,13.79,13.5,1.02148148148148,14.04,48,24,36,24,0,0,0,2022,12,361,1,0
2022-12-28,13.72,13.63,1.006603081438,13.69,54,29,41.5,25,0.04,0,0,2022,12,362,2,0
2022-12-29,13.92,13.55,1.02730627306273,14.88,37,25,31,12,0.07,0.7,0,2022,12,363,3,0
2022-12-30,13.15,13.52,0.972633136094674,14.49,38,15,26.5,23,0,0,0,2022,12,364,4,0
2022-12-31,14.93,12.89,1.15826221877424,15.23,48,20,34,28,0,0,0,2022,12,365,5,1
2023-01-01,12.68,12.29,1.03173311635476,15.24,40,28,34,12,0,0,0,2023,1,1,6,1
2023-01-02,13.33,13.56,0.983038348082596,14.34,35,26,30.5,9,0.14,1.4,2,2023,1,2,0,0
2023-01-03,14.08,13.91,1.01222142343638,15.58,30,14,22,16,0.01,0.3,2,2023,1,3,1,0
2023-01-04,13.92,14,0.994285714285714,15.16,35,13,24,22,0,0,1,2023,1,4,2,0
2023-01-05,15.98,14.09,1.13413768630234,15.32,33,9,21,24,0,0,1,2023,1,5,3,0
2023-01-06,14.44,13.97,1.0336435218325,16.06,48,17,32.5,31,0,0,0,2023,1,6,4,0
2023-01-07,14.65,13.84,1.05852601156069,16.05,43,28,35.5,15,0,0,0,2023,1,7,5,1
2023-01-08,14.33,13.89,1.03167746580274,15.8,45,17,31,28,0,0,0,2023,1,8,6,1
2023-01-09,14.04,13.96,1.00573065902579,15.7,50,25,37.5,25,0,0,0,2023,1,9,0,0
2023-01-10,14.32,14.09,1.01632363378282,15.67,59,25,42,34,0,0,0,2023,1,10,1,0
2023-01-11,13.96,13.82,1.01013024602026,15.35,46,33,39.5,13,0.08,0.1,0,2023,1,11,2,0
2023-01-12,14.13,13.53,1.04434589800443,15.44,44,24,34,20,0,0,0,2023,1,12,3,0
2023-01-13,14.35,13.94,1.02941176470588,15.91,50,21,35.5,29,0,0,0,2023,1,13,4,0
2023-01-14,14.23,14.13,1.0070771408351,15.48,56,27,41.5,29,0,0,0,2023,1,14,5,1
2023-01-15,13.8,14.09,0.979418026969482,15.15,47,28,37.5,19,0,0,0,2023,1,15,6,1
2023-01-16,14.35,14.21,1.00985221674877,15.87,46,27,36.5,19,0,0,0,2023,1,16,0,0
2023-01-17,14.69,14.14,1.03889674681754,16.34,39,23,31,16,0.01,0.3,0,2023,1,17,1,0
2023-01-18,14.29,14.32,0.997905027932961,15.5,35,25,30,10,0.47,4.8,5,2023,1,18,2,0
2023-01-19,14.66,14.17,1.03458009880028,16.07,35,9,22,26,0,0,4,2023,1,19,3,0
2023-01-20,14.07,14.35,0.980487804878049,15.56,36,13,24.5,23,0,0,3,2023,1,20,4,0
2023-01-21,14.11,14.32,0.985335195530726,15.16,35,17,26,18,0,0,3,2023,1,21,5,1
2023-01-22,14.43,14.45,0.998615916955017,15.98,39,18,28.5,21,0,0,3,2023,1,22,6,1
2023-01-23,14.31,14.46,0.989626556016598,14.86,34,22,28,12,0.01,0.1,3,2023,1,23,0,0
2023-01-24,14.57,14.32,1.01745810055866,14.15,39,16,27.5,23,0,0,3,2023,1,24,1,0
2023-01-25,14.16,14.59,0.970527758738862,13.81,37,19,28,18,0,0,3,2023,1,25,2,0
2023-01-26,14.35,14.53,0.987611837577426,13.82,42,22,32,20,0,0,3,2023,1,26,3,0
2023-01-27,14.46,14.65,0.987030716723549,13.59,40,22,31,18,0,0,3,2023,1,27,4,0
2023-01-28,14.24,14.5,0.982068965517241,13.86,34,14,24,20,0.02,0.3,3,2023,1,28,5,1
2023-01-29,14.65,14.62,1.00205198358413,14.36,17,-1,8,18,0.02,1,4,2023,1,29,6,1
2023-01-30,14.61,14.35,1.01811846689895,14.15,7,-4,1.5,11,0.03,0.5,4,2023,1,30,0,0
2023-01-31,14.84,14.38,1.03198887343533,14.98,25,-6,9.5,31,0,0,4,2023,1,31,1,0
2023-02-01,14.91,14.37,1.03757828810021,15.05,43,5,24,38,0,0,3,2023,2,32,2,0
2023-02-02,14.48,14.22,1.0182841068917,15.1,44,11,27.5,33,0,0,3,2023,2,33,3,0
2023-02-03,14.31,14.32,0.999301675977654,14.78,55,15,35,40,0,0,3,2023,2,34,4,0
2023-02-04,14.07,14.06,1.00071123755334,14.58,56,29,42.5,27,0,0,2,2023,2,35,5,1
2023-02-05,14.47,14.27,1.01401541695865,14.72,48,26,37,22,0,0,0,2023,2,36,6,1
2023-02-06,14.16,14.57,0.971859986273164,14.96,48,29,38.5,19,0,0,0,2023,2,37,0,0
2023-02-07,14.21,14.31,0.993011879804333,14.21,47,16,31.5,31,0,0,0,2023,2,38,1,0
2023-02-08,14.16,14.38,0.984700973574409,14.65,51,18,34.5,33,0,0,0,2023,2,39,2,0
2023-02-09,14.42,14.48,0.99585635359116,15.43,36,27,31.5,9,0,0,0,2023,2,40,3,0
2023-02-10,14.18,14.42,0.983356449375867,15.21,45,10,27.5,35,0,0,0,2023,2,41,4,0
2023-02-11,13.98,14.39,0.971507991660876,15.53,59,15,37,44,0,0,0,2023,2,42,5,1
2023-02-12,13.96,14.28,0.977591036414566,15.43,50,31,40.5,19,0,0,0,2023,2,43,6,1
2023-02-13,14.03,14.48,0.968922651933702,15.49,56,17,36.5,39,0,0,0,2023,2,44,0,0
2023-02-14,13.83,14.44,0.957756232686981,14.58,51,27,39,24,0,0,0,2023,2,45,1,0
2023-02-15,13.83,14.55,0.950515463917526,15.12,30,14,22,16,0.08,0.9,1,2023,2,46,2,0
2023-02-16,14.23,14.41,0.987508674531575,15.86,33,6,19.5,27,0,0,0,2023,2,47,3,0
2023-02-17,14.14,14.51,0.974500344589938,15.6,53,10,31.5,43,0,0,0,2023,2,48,4,0
2023-02-18,13.94,14.4,0.968055555555556,15.16,46,26,36,20,0,0,0,2023,2,49,5,1
2023-02-19,13.81,14.24,0.969803370786517,14.72,50,24,37,26,0,0,0,2023,2,50,6,1
2023-02-20,13.77,14.41,0.95558639833449,15.29,55,34,44.5,21,0,0,0,2023,2,51,0,0
2023-02-21,14.11,14.35,0.983275261324042,15.54,58,25,41.5,33,0,0,0,2023,2,52,1,0
2023-02-22,13.97,14.38,0.971488178025035,15.09,45,-3,21,48,0.33,3.9,4,2023,2,53,2,0
2023-02-23,13.98,14.2,0.984507042253521,15.31,8,-14,-3,22,0,0,3,2023,2,54,3,0
2023-02-24,14.31,14.07,1.01705756929638,15.28,43,-5,19,48,0,0,2,2023,2,55,4,0
2023-02-25,13.6,14.3,0.951048951048951,14.92,54,11,32.5,43,0,0,1,2023,2,56,5,1
2023-02-26,13.61,14.28,0.953081232492997,14.98,54,24,39,30,0,0,0,2023,2,57,6,1
2023-02-27,14.3,14.22,1.0056258790436,15.52,55,24,39.5,31,0,0,0,2023,2,58,0,0
2023-02-28,14.3,14.38,0.994436717663421,14.93,48,24,36,24,0,0,0,2023,2,59,1,0
2023-03-01,14.2,14.27,0.995094604064471,15.14,34,16,25,18,0.08,1.5,1,2023,3,60,2,0
2023-03-02,14.03,14.34,0.978382147838215,15.25,46,13,29.5,33,0,0,0,2023,3,61,3,0
2023-03-03,14.04,14.52,0.96694214876033,15.22,49,24,36.5,25,0,0,0,2023,3,62,4,0
2023-03-04,13.38,14.22,0.940928270042194,14.39,38,22,30,16,0,0,0,2023,3,63,5,1
2023-03-05,13.39,14.6,0.917123287671233,14.48,54,24,39,30,0,0,0,2023,3,64,6,1
2023-03-06,14.23,14.33,0.993021632937892,15.16,42,22,32,20,0,0,0,2023,3,65,0,0
2023-03-07,14.13,14.45,0.977854671280277,15.39,35,25,30,10,0.02,0,0,2023,3,66,1,0
2023-03-08,14.14,14.5,0.975172413793103,15.39,36,27,31.5,9,0,0,0,2023,3,67,2,0
2023-03-09,14.43,14.63,0.98632946001367,15.4,54,25,39.5,29,0,0,0,2023,3,68,3,0
2023-03-10,13.79,14.47,0.953006219765031,14.88,50,27,38.5,23,0,0,0,2023,3,69,4,0
2023-03-11,14.43,14.26,1.01192145862553,14.63,59,32,45.5,27,0,0,0,2023,3,70,5,1
2023-03-12,11.46,14.24,0.804775280898876,14.38,46,22,34,24,0,0,0,2023,3,71,6,1
2023-03-13,13.31,13.99,0.951393852751966,14.15,51,22,36.5,29,0,0,0,2023,3,72,0,0
2023-03-14,13.06,13.93,0.937544867193108,14.22,64,24,44,40,0,0,0,2023,3,73,1,0
2023-03-15,13.3,13.9,0.956834532374101,14.41,72,34,53,38,0,0,0,2023,3,74,2,0
2023-03-16,12.77,13.66,0.934846266471449,14.15,52,30,41,22,0,0,0,2023,3,75,3,0
2023-03-17,13.06,13.61,0.959588537839824,13.81,46,18,32,28,0,0,0,2023,3,76,4,0
2023-03-18,12.98,13.93,0.931801866475233,14.21,49,15,32,34,0,0,0,2023,3,77,5,1
2023-03-19,13.89,14.02,0.990727532097004,15.21,57,13,35,44,0,0,0,2023,3,78,6,1
2023-03-20,13.96,14.14,0.987270155586987,15,56,29,42.5,27,0,0,0,2023,3,79,0,0
2023-03-21,13.67,14.24,0.95997191011236,14.24,59,35,47,24,0,0,0,2023,3,80,1,0
2023-03-22,13.8,14.4,0.958333333333333,15.27,49,31,40,18,0.16,1.2,0,2023,3,81,2,0
2023-03-23,13.94,14.18,0.983074753173484,15.41,52,32,42,20,0,0,0,2023,3,82,3,0
2023-03-24,13.54,14.4,0.940277777777778,15.06,53,25,39,28,0,0,0,2023,3,83,4,0
2023-03-25,13.23,14.61,0.905544147843942,14.26,44,26,35,18,0.37,4.2,1,2023,3,84,5,1
2023-03-26,13.65,14.28,0.955882352941176,14.77,42,13,27.5,29,0,0,0,2023,3,85,6,1
2023-03-27,13.27,14.6,0.908904109589041,14.66,38,23,30.5,15,0.52,8.8,5,2023,3,86,0,0
2023-03-28,13.46,14.73,0.913781398506449,14.83,42,8,25,34,0,0,1,2023,3,87,1,0
2023-03-29,13.5,14.62,0.923392612859097,14.93,41,24,32.5,17,0,0,0,2023,3,88,2,0
2023-03-30,13.93,14.7,0.947619047619048,15.41,61,27,44,34,0,0,0,2023,3,89,3,0
2023-03-31,13.82,14.73,0.938221317040054,14.33,50,31,40.5,19,0,0,0,2023,3,90,4,0
2023-04-01,13.93,14.72,0.94633152173913,14.38,62,27,44.5,35,0,0,0,2023,4,91,5,1
2023-04-02,14.48,14.64,0.989071038251366,15.01,69,34,51.5,35,0,0,0,2023,4,92,6,1
2023-04-03,14.37,15.03,0.956087824351297,14.81,54,35,44.5,19,0,0,0,2023,4,93,0,0
2023-04-04,14.58,15.53,0.93882807469414,15.01,42,24,33,18,0.34,3.6,2,2023,4,94,1,0
2023-04-05,14.67,15.74,0.932020330368488,14.83,41,18,29.5,23,0,0,0,2023,4,95,2,0
2023-04-06,14.83,15.35,0.966123778501629,16.56,51,21,36,30,0,0,0,2023,4,96,3,0
2023-04-07,14.77,15.62,0.945582586427657,15.39,66,24,45,42,0,0,0,2023,4,97,4,0
2023-04-08,13.9,15.99,0.869293308317698,14.41,66,34,50,32,0,0,0,2023,4,98,5,1
2023-04-09,14.8,15.67,0.944479897894065,16.42,70,32,51,38,0,0,0,2023,4,99,6,1
2023-04-10,15.1,15.68,0.963010204081633,17.01,75,34,54.5,41,0,0,0,2023,4,100,0,0
2023-04-11,15.61,15.98,0.976846057571965,17.71,86,36,61,50,0,0,0,2023,4,101,1,0
2023-04-12,15.56,15.79,0.985433818872704,20.83,85,39,62,46,0,0,0,2023,4,102,2,0
2023-04-13,15.33,15.83,0.968414403032217,17.6,77,51,64,26,0,0,0,2023,4,103,3,0
2023-04-14,14.49,16.03,0.903930131004367,16.54,68,33,50.5,35,0.12,0,0,2023,4,104,4,0
2023-04-15,13.42,16.01,0.838226108682074,16.39,53,29,41,24,0.12,0.3,0,2023,4,105,5,1
2023-04-16,15.84,15.66,1.01149425287356,19.09,62,26,44,36,0,0,0,2023,4,106,6,1
2023-04-17,15.86,15.77,1.00570703868104,19.72,74,32,53,42,0,0,0,2023,4,107,0,0
2023-04-18,15.43,16.37,0.94257788637752,19.82,77,40,58.5,37,0,0,0,2023,4,108,1,0
2023-04-19,15.64,16.6,0.942168674698795,17.74,63,39,51,24,0,0,0,2023,4,109,2,0
2023-04-20,14.6,16.23,0.899568699938386,13.86,50,32,41,18,0,0,0,2023,4,110,3,0
2023-04-21,14.59,16.33,0.893447642375995,12.86,47,29,38,18,0,0,0,2023,4,111,4,0
2023-04-22,13.14,16.78,0.783075089392133,10.89,39,24,31.5,15,0.08,1.1,0,2023,4,112,5,1
2023-04-23,14.1,16.81,0.838786436644854,13.4,57,24,40.5,33,0,0,0,2023,4,113,6,1
2023-04-24,15.83,17.13,0.9241097489784,14.44,66,32,49,34,0,0,0,2023,4,114,0,0
2023-04-25,14.77,17.39,0.84933870040253,12.59,59,42,50.5,17,0.12,0,0,2023,4,115,1,0
2023-04-26,15,17.4,0.862068965517241,12.97,59,39,49,20,0.39,0,0,2023,4,116,2,0
2023-04-27,15.34,17.63,0.87010777084515,14.22,71,41,56,30,0.09,0,0,2023,4,117,3,0
2023-04-28,15.02,18.14,0.82800441014333,14.18,62,37,49.5,25,0.01,0,0,2023,4,118,4,0
2023-04-29,15.27,17.85,0.85546218487395,14.85,76,41,58.5,35,0,0,0,2023,4,119,5,1
2023-04-30,15.99,18.04,0.886363636363636,16.95,68,39,53.5,29,0,0,0,2023,4,120,6,1
2023-05-01,17.56,18.5,0.949189189189189,19.07,71,38,54.5,33,0,0,0,2023,5,121,0,0
2023-05-02,17.92,18.21,0.984074684239429,20.58,71,41,56,30,0,0,0,2023,5,122,1,0
2023-05-03,19.97,18.27,1.09304871373837,23,82,44,63,38,0,0,0,2023,5,123,2,0
2023-05-04,18.69,19.14,0.976489028213166,21.2,76,49,62.5,27,0,0,0,2023,5,124,3,0
2023-05-05,20.01,19.06,1.0498426023085,22.51,72,45,58.5,27,0.02,0,0,2023,5,125,4,0
2023-05-06,20.04,19.42,1.03192584963955,21.52,74,39,56.5,35,0,0,0,2023,5,126,5,1
2023-05-07,20.19,19.35,1.04341085271318,21.53,68,44,56,24,0,0,0,2023,5,127,6,1
2023-05-08,23.44,18.89,1.24086818422446,24.8,75,46,60.5,29,0,0,0,2023,5,128,0,0
2023-05-09,22.47,18.83,1.19330855018587,25.95,79,44,61.5,35,0,0,0,2023,5,129,1,0
2023-05-10,19.44,18.78,1.03514376996805,20.12,71,50,60.5,21,0.23,0,0,2023,5,130,2,0
2023-05-11,17.17,18.68,0.919164882226981,15.56,56,48,52,8,0.91,0,0,2023,5,131,3,0
2023-05-12,17.35,18.97,0.914602003162889,14.93,65,48,56.5,17,0.86,0,0,2023,5,132,4,0
2023-05-13,16.66,19.69,0.846114779075673,14.2,66,50,58,16,0,0,0,2023,5,133,5,1
2023-05-14,15.52,19.74,0.786220871327254,14.09,61,50,55.5,11,0.73,0,0,2023,5,134,6,1
2023-05-15,17.38,20.2,0.86039603960396,17.58,61,48,54.5,13,0.09,0,0,2023,5,135,0,0
2023-05-16,17.34,20.28,0.855029585798816,18.68,80,43,61.5,37,0,0,0,2023,5,136,1,0
2023-05-17,18.93,20.11,0.941322725012432,23.09,79,47,63,32,0,0,0,2023,5,137,2,0
2023-05-18,17.89,20.36,0.878683693516699,22.15,69,51,60,18,0.23,0,0,2023,5,138,3,0
2023-05-19,17.6,20.07,0.876930742401594,21.17,59,50,54.5,9,0.2,0,0,2023,5,139,4,0
2023-05-20,16.54,19.64,0.842158859470468,21.51,70,49,59.5,21,0.01,0,0,2023,5,140,5,1
2023-05-21,18.04,20.39,0.884747425208436,23.77,80,45,62.5,35,0,0,0,2023,5,141,6,1
2023-05-22,21.29,20.35,1.04619164619165,28.03,76,48,62,28,0,0,0,2023,5,142,0,0
2023-05-23,21.68,20.24,1.07114624505929,28.56,77,48,62.5,29,0,0,0,2023,5,143,1,0
2023-05-24,21.97,20.16,1.08978174603175,27.24,75,54,64.5,21,0.01,0,0,2023,5,144,2,0
2023-05-25,21.86,21.24,1.02919020715631,24.02,77,49,63,28,0,0,0,2023,5,145,3,0
2023-05-26,22.37,21.77,1.02756086357373,23.79,72,52,62,20,0,0,0,2023,5,146,4,0
2023-05-27,20.84,22.17,0.94000902119982,20.97,76,48,62,28,0.03,0,0,2023,5,147,5,1
2023-05-28,19.02,22.89,0.830930537352556,18.24,77,46,61.5,31,0.01,0,0,2023,5,148,6,1
2023-05-29,21.61,22.19,0.973862100045065,22.71,82,48,65,34,0,0,0,2023,5,149,0,0
2023-05-30,23.17,22,1.05318181818182,23.94,80,52,66,28,0,0,0,2023,5,150,1,0
2023-05-31,24.35,22.42,1.08608385370205,26.46,78,49,63.5,29,0,0,0,2023,5,151,2,0
2023-06-01,22.03,23.96,0.919449081803005,23.22,74,50,62,24,0.41,0,0,2023,6,152,3,0
2023-06-02,19.68,25.18,0.781572676727561,20.38,71,52,61.5,19,0.12,0,0,2023,6,153,4,0
2023-06-03,17.95,26.09,0.688003066308931,19.4,66,54,60,12,0.12,0,0,2023,6,154,5,1
2023-06-04,16.8,27.64,0.607814761215629,15.47,63,52,57.5,11,1.98,0,0,2023,6,155,6,1
2023-06-05,19.17,27.87,0.68783638320775,21.3,71,51,61,20,0.12,0,0,2023,6,156,0,0
2023-06-06,18.09,27.72,0.652597402597403,22.25,76,49,62.5,27,0,0,0,2023,6,157,1,0
2023-06-07,19.57,27.52,0.711119186046512,26.09,78,51,64.5,27,0,0,0,2023,6,158,2,0
2023-06-08,20.02,28.82,0.694656488549618,25.52,80,52,66,28,0,0,0,2023,6,159,3,0
2023-06-09,20.81,29.36,0.708787465940054,26.99,81,58,69.5,23,0.11,0,0,2023,6,160,4,0
2023-06-10,18.72,30.65,0.610766721044046,23.27,76,51,63.5,25,0,0,0,2023,6,161,5,1
2023-06-11,18.01,31.03,0.580406058652917,22.31,69,51,60,18,0.98,0,0,2023,6,162,6,1
2023-06-12,18.52,31.52,0.58756345177665,18.57,64,53,58.5,11,0.2,0,0,2023,6,163,0,0
2023-06-13,17.73,32.01,0.553889409559513,16.62,69,52,60.5,17,0.21,0,0,2023,6,164,1,0
2023-06-14,18.74,32.4,0.578395061728395,17.14,77,46,61.5,31,0,0,0,2023,6,165,2,0
2023-06-15,18.05,33.58,0.537522334723049,18.51,78,55,66.5,23,0.05,0,0,2023,6,166,3,0
2023-06-16,17.62,32.75,0.538015267175572,19.44,65,50,57.5,15,0.73,0,0,2023,6,167,4,0
2023-06-17,16.89,32.62,0.517780502759044,18.22,73,46,59.5,27,0.44,0,0,2023,6,168,5,1
2023-06-18,17.03,32.25,0.528062015503876,18.41,84,48,66,36,0,0,0,2023,6,169,6,1
2023-06-19,20.96,31.91,0.656847383265434,24.26,88,53,70.5,35,0,0,0,2023,6,170,0,0
2023-06-20,20.52,33.27,0.616771866546438,25.86,84,53,68.5,31,0,0,0,2023,6,171,1,0
2023-06-21,21.87,32.81,0.666565071624505,25.92,82,54,68,28,0,0,0,2023,6,172,2,0
2023-06-22,20.41,33.18,0.615129596142254,23.23,77,59,68,18,0.02,0,0,2023,6,173,3,0
2023-06-23,23.48,33.45,0.701943198804185,28.41,81,61,71,20,0,0,0,2023,6,174,4,0
2023-06-24,23.34,33.19,0.70322386260922,29.42,84,54,69,30,0,0,0,2023,6,175,5,1
2023-06-25,23.69,32.58,0.727133210558625,30.33,79,51,65,28,0,0,0,2023,6,176,6,1
2023-06-26,27.95,33.24,0.840854392298436,34.39,85,54,69.5,31,0,0,0,2023,6,177,0,0
2023-06-27,27.44,34.24,0.801401869158878,28.14,93,60,76.5,33,0,0,0,2023,6,178,1,0
2023-06-28,30.27,34.81,0.8695777075553,32.13,85,60,72.5,25,0,0,0,2023,6,179,2,0
2023-06-29,28.94,35.12,0.824031890660592,30.25,83,62,72.5,21,0,0,0,2023,6,180,3,0
2023-06-30,27.38,33.72,0.811981020166074,31.65,72,53,62.5,19,0.11,0,0,2023,6,181,4,0
2023-07-01,26.61,33.21,0.80126467931346,30.41,86,49,67.5,37,0,0,0,2023,7,182,5,1
2023-07-02,25.9,33.81,0.766045548654244,31.14,90,56,73,34,0,0,0,2023,7,183,6,1
2023-07-03,29.6,35.21,0.840670264129509,34.31,91,54,72.5,37,0.02,0,0,2023,7,184,0,0
2023-07-04,24.94,34.03,0.732882750514252,27.82,83,57,70,26,0.34,0,0,2023,7,185,1,0
2023-07-05,22.58,33.79,0.668245042912104,23.84,62,53,57.5,9,0.24,0,0,2023,7,186,2,0
2023-07-06,21.59,33.78,0.639135583185317,20.31,71,55,63,16,0.25,0,0,2023,7,187,3,0
2023-07-07,23.18,33.72,0.687425860023725,24.38,76,53,64.5,23,0.19,0,0,2023,7,188,4,0
2023-07-08,21.45,34.55,0.620839363241679,21.8,77,56,66.5,21,0.01,0,0,2023,7,189,5,1
2023-07-09,22.46,35.35,0.635360678925035,22.09,80,54,67,26,0.43,0,0,2023,7,190,6,1
2023-07-10,26.14,36.28,0.720507166482911,30.72,92,56,74,36,0,0,0,2023,7,191,0,0
2023-07-11,28.12,36.6,0.768306010928962,33.32,94,57,75.5,37,0,0,0,2023,7,192,1,0
2023-07-12,30.56,35.14,0.869664200341491,36.98,91,61,76,30,0,0,0,2023,7,193,2,0
2023-07-13,30.3,35.07,0.863986313088109,33.77,92,60,76,32,0,0,0,2023,7,194,3,0
2023-07-14,31.84,33.92,0.938679245283019,36.81,82,58,70,24,0,0,0,2023,7,195,4,0
2023-07-15,30.36,33.92,0.895047169811321,34.22,83,57,70,26,0.01,0,0,2023,7,196,5,1
2023-07-16,29.97,33.95,0.882768777614138,34.62,88,55,71.5,33,0,0,0,2023,7,197,6,1
2023-07-17,34.1,35.78,0.953046394633874,38.69,94,60,77,34,0,0,0,2023,7,198,0,0
2023-07-18,31.19,35.52,0.878096846846847,34.22,95,63,79,32,0,0,0,2023,7,199,1,0
2023-07-19,31.69,35.2,0.900284090909091,35.88,85,68,76.5,17,0.01,0,0,2023,7,200,2,0
2023-07-20,26.56,35.68,0.744394618834081,26.49,79,61,70,18,0.82,0,0,2023,7,201,3,0
2023-07-21,26.09,35.19,0.741403807899972,26.8,82,55,68.5,27,0.01,0,0,2023,7,202,4,0
2023-07-22,27.63,36.08,0.76579822616408,32.26,89,54,71.5,35,0,0,0,2023,7,203,5,1
2023-07-23,28.88,35.38,0.816280384397965,36.02,98,57,77.5,41,0,0,0,2023,7,204,6,1
2023-07-24,31.83,35.01,0.90916880891174,39.46,96,60,78,36,0.17,0,0,2023,7,205,0,0
2023-07-25,29.81,34.52,0.863557358053302,35.52,98,62,80,36,0,0,0,2023,7,206,1,0
2023-07-26,30.93,33.96,0.910777385159011,35.48,90,63,76.5,27,0,0,0,2023,7,207,2,0
2023-07-27,28.21,34.24,0.823890186915888,30.28,92,59,75.5,33,0.11,0,0,2023,7,208,3,0
2023-07-28,27.28,33.05,0.825416036308623,31.17,87,61,74,26,0.13,0,0,2023,7,209,4,0
2023-07-29,26.37,33.05,0.797881996974281,29.35,82,56,69,26,0,0,0,2023,7,210,5,1
2023-07-30,27.64,32.06,0.862133499688085,32.06,88,61,74.5,27,0,0,0,2023,7,211,6,1
2023-07-31,28.7,31.98,0.897435897435897,33.49,88,63,75.5,25,1.21,0,0,2023,7,212,0,0
2023-08-01,22.75,32.96,0.690230582524272,24.02,83,61,72,22,2.45,0,0,2023,8,213,1,0
2023-08-02,23.26,33.73,0.689593833382745,25.07,86,64,75,22,0,0,0,2023,8,214,2,0
2023-08-03,20.83,33.43,0.623093030212384,23.9,82,59,70.5,23,1.38,0,0,2023,8,215,3,0
2023-08-04,22.6,32.26,0.700557966522009,26.98,87,56,71.5,31,0.33,0,0,2023,8,216,4,0
2023-08-05,22.19,32.87,0.675083662914512,27.93,80,57,68.5,23,0.07,0,0,2023,8,217,5,1
2023-08-06,22.63,32.56,0.69502457002457,27.55,72,58,65,14,0.03,0,0,2023,8,218,6,1
2023-08-07,24.34,32.95,0.738694992412746,28.82,77,50,63.5,27,0,0,0,2023,8,219,0,0
2023-08-08,22.58,33.14,0.68135184067592,26.6,81,52,66.5,29,0.01,0,0,2023,8,220,1,0
2023-08-09,24.93,33.17,0.75158275550196,30.11,83,54,68.5,29,0.09,0,0,2023,8,221,2,0
2023-08-10,24.97,33.38,0.748052726183343,29.19,86,58,72,28,0,0,0,2023,8,222,3,0
2023-08-11,27.54,32.79,0.839890210430009,32.3,92,59,75.5,33,0,0,0,2023,8,223,4,0
2023-08-12,26.52,33.94,0.781378903948144,30.06,85,62,73.5,23,0,0,0,2023,8,224,5,1
2023-08-13,25.22,33.96,0.74263839811543,29.5,76,60,68,16,0,0,0,2023,8,225,6,1
2023-08-14,28.83,33.59,0.858291158082763,33.25,78,47,62.5,31,0,0,0,2023,8,226,0,0
2023-08-15,27.94,33.24,0.840553549939831,30.99,90,50,70,40,0,0,0,2023,8,227,1,0
2023-08-16,30.78,33.12,0.929347826086956,34.52,98,57,77.5,41,0,0,0,2023,8,228,2,0
2023-08-17,29.98,34.13,0.878406094345151,32.95,90,60,75,30,0,0,0,2023,8,229,3,0
2023-08-18,31.48,33.38,0.943079688436189,35.24,91,62,76.5,29,0,0,0,2023,8,230,4,0
2023-08-19,29.04,33.52,0.866348448687351,32.38,92,60,76,32,0,0,0,2023,8,231,5,1
2023-08-20,28.99,33.29,0.870832081706218,32.21,87,60,73.5,27,0,0,0,2023,8,232,6,1
2023-08-21,31.96,34.1,0.937243401759531,36.44,96,57,76.5,39,0,0,0,2023,8,233,0,0
2023-08-22,30.93,34.19,0.904650482597251,33.67,94,58,76,36,0,0,0,2023,8,234,1,0
2023-08-23,32.08,34.23,0.937189599766287,37.72,92,61,76.5,31,0,0,0,2023,8,235,2,0
2023-08-24,29.64,35.24,0.841089670828604,34.5,92,67,79.5,25,0,0,0,2023,8,236,3,0
2023-08-25,26.8,34.05,0.787077826725404,29.45,80,59,69.5,21,0.84,0,0,2023,8,237,4,0
2023-08-26,22.19,34.48,0.643561484918794,22.46,76,58,67,18,0.02,0,0,2023,8,238,5,1
2023-08-27,21.92,34.39,0.637394591451003,24.43,83,55,69,28,0.19,0,0,2023,8,239,6,1
2023-08-28,23.62,34.84,0.677956371986223,25.4,79,55,67,24,0.21,0,0,2023,8,240,0,0
2023-08-29,23.17,34.27,0.676101546542165,26.23,81,51,66,30,0,0,0,2023,8,241,1,0
2023-08-30,25.63,33.68,0.760985748218527,31.93,91,52,71.5,39,0,0,0,2023,8,242,2,0
2023-08-31,25.59,34.04,0.751762632197415,32.95,93,54,73.5,39,0,0,0,2023,8,243,3,0
2023-09-01,29.1,33.96,0.856890459363957,38.1,94,56,75,38,0,0,0,2023,9,244,4,0
2023-09-02,26.16,34.59,0.756287944492628,34.79,91,62,76.5,29,0,0,0,2023,9,245,5,1
2023-09-03,24.25,33.93,0.714706749189508,32.01,87,62,74.5,25,0.02,0,0,2023,9,246,6,1
2023-09-04,26.51,34.11,0.777191439460569,34.59,83,55,69,28,0.11,0,0,2023,9,247,0,0
2023-09-05,25.87,33.86,0.764028352037803,33.03,78,55,66.5,23,0,0,0,2023,9,248,1,0
2023-09-06,30.2,33.1,0.91238670694864,33.68,84,49,66.5,35,0,0,0,2023,9,249,2,0
2023-09-07,26.67,33.27,0.801623083859333,29.94,90,51,70.5,39,0,0,0,2023,9,250,3,0
2023-09-08,30.07,31.64,0.950379266750948,32.34,86,50,68,36,0,0,0,2023,9,251,4,0
2023-09-09,27.01,30.77,0.877803054923627,28.34,87,50,68.5,37,0,0,0,2023,9,252,5,1
2023-09-10,23.03,28.79,0.799930531434526,23.98,75,57,66,18,0.2,0,0,2023,9,253,6,1
2023-09-11,24.51,28.99,0.845463953087271,24.14,71,53,62,18,0.01,0,0,2023,9,254,0,0
2023-09-12,24.24,29.03,0.834998277643817,25.6,76,46,61,30,0,0,0,2023,9,255,1,0
2023-09-13,25.61,28.75,0.890782608695652,28.61,80,45,62.5,35,0,0,0,2023,9,256,2,0
2023-09-14,22.9,28.99,0.78992756122801,24.13,72,52,62,20,0.31,0,0,2023,9,257,3,0
2023-09-15,22.96,28.97,0.79254401104591,23.24,71,52,61.5,19,0,0,0,2023,9,258,4,0
2023-09-16,22.41,29.32,0.764324693042292,23.07,79,44,61.5,35,0,0,0,2023,9,259,5,1
2023-09-17,23.47,29.18,0.804318026045236,24.98,83,44,63.5,39,0,0,0,2023,9,260,6,1
2023-09-18,26.18,29.91,0.875292544299565,31.06,85,49,67,36,0,0,0,2023,9,261,0,0
2023-09-19,24.34,29.72,0.818977119784657,27.83,79,53,66,26,0.01,0,0,2023,9,262,1,0
2023-09-20,25.91,29.31,0.883998635278062,31.7,77,47,62,30,0.01,0,0,2023,9,263,2,0
2023-09-21,24.73,29.17,0.847788824134385,29.47,81,48,64.5,33,0,0,0,2023,9,264,3,0
2023-09-22,27.11,27.93,0.970640887934121,31.98,80,55,67.5,25,0,0,0,2023,9,265,4,0
2023-09-23,25.21,28.25,0.892389380530973,29.26,75,45,60,30,0,0,0,2023,9,266,5,1
2023-09-24,24.38,27.68,0.880780346820809,28.95,77,40,58.5,37,0,0,0,2023,9,267,6,1
2023-09-25,27.39,28.07,0.975774848592804,31.53,83,40,61.5,43,0,0,0,2023,9,268,0,0
2023-09-26,25.5,27.82,0.916606757728253,27.11,81,42,61.5,39,0,0,0,2023,9,269,1,0
2023-09-27,26.39,27.21,0.969864020580669,29.23,84,44,64,40,0,0,0,2023,9,270,2,0
2023-09-28,25.83,26.61,0.970687711386697,27.5,85,45,65,40,0,0,0,2023,9,271,3,0
2023-09-29,26.3,25.43,1.03421156114825,30.23,79,46,62.5,33,0,0,0,2023,9,272,4,0
2023-09-30,24.24,25.13,0.96458416235575,27.83,83,46,64.5,37,0,0,0,2023,9,273,5,1
2023-10-01,23.85,23.58,1.01145038167939,27.48,85,48,66.5,37,0,0,0,2023,10,274,6,1
2023-10-02,24.6,22.81,1.07847435335379,28.17,81,48,64.5,33,0.07,0,0,2023,10,275,0,0
2023-10-03,21.52,22.5,0.956444444444444,21.75,69,47,58,22,0.09,0,0,2023,10,276,1,0
2023-10-04,22.28,21.67,1.02814951545916,25.43,70,43,56.5,27,0,0,0,2023,10,277,2,0
2023-10-05,21.2,21.44,0.988805970149254,26.1,67,46,56.5,21,0,0,0,2023,10,278,3,0
2023-10-06,20.13,20.59,0.977659057795046,26.9,57,45,51,12,0,0,0,2023,10,279,4,0
2023-10-07,18.63,20.47,0.910112359550562,21.46,72,34,53,38,0,0,0,2023,10,280,5,1
2023-10-08,19.75,19.88,0.993460764587525,20.84,80,37,58.5,43,0,0,0,2023,10,281,6,1
2023-10-09,20.65,18.98,1.08798735511064,22.06,78,38,58,40,0,0,0,2023,10,282,0,0
2023-10-10,18.99,18.92,1.00369978858351,20.05,79,38,58.5,41,0,0,0,2023,10,283,1,0
2023-10-11,18.47,18.23,1.013165112452,18.97,72,46,59,26,0.06,0,0,2023,10,284,2,0
2023-10-12,16.46,18.05,0.91191135734072,14.68,62,42,52,20,0,0,0,2023,10,285,3,0
2023-10-13,16.2,17.79,0.910623946037099,17.06,56,39,47.5,17,0,0,0,2023,10,286,4,0
2023-10-14,15.44,17.64,0.875283446712018,18.01,56,28,42,28,0,0,0,2023,10,287,5,1
2023-10-15,16.26,17.12,0.949766355140187,17.68,70,30,50,40,0,0,0,2023,10,288,6,1
2023-10-16,17.31,17.09,1.01287302516091,20.06,75,34,54.5,41,0,0,0,2023,10,289,0,0
2023-10-17,17.14,17.14,1,20.18,84,38,61,46,0,0,0,2023,10,290,1,0
2023-10-18,16.86,16.75,1.0065671641791,19.98,76,44,60,32,0,0,0,2023,10,291,2,0
2023-10-19,14.32,16.71,0.856971873129862,20.01,81,40,60.5,41,0,0,0,2023,10,292,3,0
2023-10-20,16.56,16.36,1.01222493887531,19.04,84,40,62,44,0,0,0,2023,10,293,4,0
2023-10-21,15.14,16.11,0.939788950962135,18.89,77,38,57.5,39,0,0,0,2023,10,294,5,1
2023-10-22,15.06,15.8,0.953164556962025,17.81,73,40,56.5,33,0,0,0,2023,10,295,6,1
2023-10-23,15.79,15.44,1.02266839378238,18.52,77,38,57.5,39,0,0,0,2023,10,296,0,0
2023-10-24,15,15.66,0.957854406130268,16.1,69,40,54.5,29,0,0,0,2023,10,297,1,0
2023-10-25,14.53,15.45,0.940453074433657,15.84,61,40,50.5,21,0,0,0,2023,10,298,2,0
2023-10-26,13.71,15.51,0.88394584139265,14.39,51,38,44.5,13,0,0,0,2023,10,299,3,0
2023-10-27,13.69,15.62,0.876440460947503,14.16,42,22,32,20,0,0,0,2023,10,300,4,0
2023-10-28,13.31,15.15,0.878547854785478,13.95,34,24,29,10,0.3,3.5,3,2023,10,301,5,1
2023-10-29,13.82,15.24,0.906824146981627,15.5,35,21,28,14,0.16,2.3,2,2023,10,302,6,1
2023-10-30,13.67,15.04,0.908909574468085,14.81,46,11,28.5,35,0,0,1,2023,10,303,0,0
2023-10-31,13.76,14.62,0.941176470588235,14.55,49,20,34.5,29,0,0,0,2023,10,304,1,0
2023-11-01,13.8,15.04,0.917553191489362,14.41,60,25,42.5,35,0,0,0,2023,11,305,2,0
2023-11-02,13.73,15.08,0.910477453580902,15.23,69,28,48.5,41,0,0,0,2023,11,306,3,0
2023-11-03,13.49,14.9,0.905369127516778,14.63,70,43,56.5,27,0,0,0,2023,11,307,4,0
2023-11-04,13.49,14.78,0.912719891745602,14.24,65,36,50.5,29,0,0,0,2023,11,308,5,1
2023-11-05,14.35,14.61,0.982203969883641,15.39,76,39,57.5,37,0,0,0,2023,11,309,6,1
2023-11-06,13.8,14.88,0.92741935483871,14.64,68,35,51.5,33,0,0,0,2023,11,310,0,0
2023-11-07,13.99,14.54,0.962173314993122,15.16,76,31,53.5,45,0,0,0,2023,11,311,1,0
2023-11-08,14.11,14.44,0.977146814404432,15.51,53,39,46,14,0.06,0,0,2023,11,312,2,0
2023-11-09,13.76,14.69,0.936691626957114,15,51,25,38,26,0,0,0,2023,11,313,3,0
2023-11-10,13.28,14.58,0.910836762688614,14.93,55,22,38.5,33,0,0,0,2023,11,314,4,0
2023-11-11,13.02,14.41,0.90353920888272,14.39,62,24,43,38,0,0,0,2023,11,315,5,1
2023-11-12,13.7,14.49,0.945479641131815,14.86,62,30,46,32,0,0,0,2023,11,316,6,1
2023-11-13,14.39,14.71,0.978246091094494,16.06,61,24,42.5,37,0,0,0,2023,11,317,0,0
2023-11-14,13.73,14.54,0.944291609353508,16.62,71,35,53,36,0,0,0,2023,11,318,1,0
2023-11-15,13.69,14.78,0.926251691474966,15.11,63,29,46,34,0,0,0,2023,11,319,2,0
2023-11-16,13.93,14.47,0.962681409813407,14.57,67,33,50,34,0.1,0,0,2023,11,320,3,0
2023-11-17,13.44,14.89,0.902619207521827,12.72,60,30,45,30,0,0,0,2023,11,321,4,0
2023-11-18,12.94,14.45,0.895501730103806,12.85,61,27,44,34,0,0,0,2023,11,322,5,1
2023-11-19,13.37,14.63,0.913875598086124,13.85,60,35,47.5,25,0,0,0,2023,11,323,6,1
2023-11-20,13.6,14.24,0.955056179775281,14.33,50,40,45,10,0,0,0,2023,11,324,0,0
2023-11-21,13.1,14.04,0.933048433048433,13.79,58,26,42,32,0,0,0,2023,11,325,1,0
2023-11-22,12.48,13.59,0.91832229580574,14.42,68,24,46,44,0,0,0,2023,11,326,2,0
2023-11-23,10.63,13.48,0.788575667655786,11.61,42,29,35.5,13,0,0,0,2023,11,327,3,0
2023-11-24,11,12.78,0.860719874804382,11.84,30,11,20.5,19,0.26,4,5,2023,11,328,4,0
2023-11-25,11.95,13.03,0.917114351496546,13.52,26,13,19.5,13,0.16,5.3,6,2023,11,329,5,1
2023-11-26,14.16,13.18,1.07435508345979,16.3,39,8,23.5,31,0,0,3,2023,11,330,6,1
2023-11-27,14.43,13.21,1.09235427706283,16.71,41,11,26,30,0,0,3,2023,11,331,0,0
2023-11-28,14.5,13.38,1.08370702541106,15.8,49,14,31.5,35,0,0,2,2023,11,332,1,0
2023-11-29,14.71,13.62,1.08002936857562,15.58,53,14,33.5,39,0,0,2,2023,11,333,2,0
2023-11-30,14.16,13.92,1.01724137931034,15.12,37,20,28.5,17,0,0,2,2023,11,334,3,0
2023-12-01,13.68,14.02,0.975748930099857,13.96,35,20,27.5,15,0,0,1,2023,12,335,4,0
2023-12-02,13.42,14.17,0.947071277346507,13.6,42,19,30.5,23,0,0,1,2023,12,336,5,1
2023-12-03,13.83,13.97,0.989978525411596,13.73,46,28,37,18,0,0,1,2023,12,337,6,1
2023-12-04,14.53,14.14,1.02758132956153,15.16,58,24,41,34,0,0,0,2023,12,338,0,0
2023-12-05,13.87,14.16,0.979519774011299,14.48,58,23,40.5,35,0,0,0,2023,12,339,1,0
2023-12-06,14.31,13.67,1.04681784930505,15.25,65,25,45,40,0,0,0,2023,12,340,2,0
2023-12-07,14.07,14.1,0.997872340425532,15.1,64,25,44.5,39,0,0,0,2023,12,341,3,0
2023-12-08,13.53,14.27,0.948142957252978,14.47,49,30,39.5,19,0,0,0,2023,12,342,4,0
2023-12-09,13.72,14.27,0.9614576033637,15.77,42,28,35,14,0,0,0,2023,12,343,5,1
2023-12-10,14.71,14.19,1.03664552501762,16.44,53,18,35.5,35,0,0,0,2023,12,344,6,1
2023-12-11,14.13,14.06,1.0049786628734,15.87,49,27,38,22,0,0,0,2023,12,345,0,0
2023-12-12,14.17,14.24,0.995084269662921,15.61,40,30,35,10,0.01,0,0,2023,12,346,1,0
2023-12-13,14.88,14.21,1.04714989444053,16.03,36,28,32,8,0,0,0,2023,12,347,2,0
2023-12-14,14.35,14.05,1.02135231316726,15.76,36,30,33,6,0,0,0,2023,12,348,3,0
2023-12-15,14.48,14.2,1.01971830985915,15.72,54,20,37,34,0,0,0,2023,12,349,4,0
2023-12-16,14.16,14.21,0.996481351161154,16.03,57,22,39.5,35,0,0,0,2023,12,350,5,1
2023-12-17,14.15,13.92,1.01652298850575,15.69,62,22,42,40,0,0,0,2023,12,351,6,1
2023-12-18,14.63,13.91,1.05176132278936,15.79,51,20,35.5,31,0,0,0,2023,12,352,0,0
2023-12-19,14.29,13.74,1.04002911208151,15.45,62,21,41.5,41,0,0,0,2023,12,353,1,0
2023-12-20,14.15,13.89,1.0187185025198,15.06,55,32,43.5,23,0,0,0,2023,12,354,2,0
2023-12-21,14.11,13.77,1.02469135802469,15.19,62,30,46,32,0,0,0,2023,12,355,3,0
2023-12-22,13.37,13.36,1.00074850299401,14.69,56,23,39.5,33,0,0,0,2023,12,356,4,0
2023-12-23,12.06,13.12,0.919207317073171,13.15,55,29,42,26,0,0,0,2023,12,357,5,1
2023-12-24,11.8,11.96,0.986622073578595,13.04,41,26,33.5,15,0.13,0,0,2023,12,358,6,1
2023-12-25,10.85,10.22,1.06164383561644,11.07,35,15,25,20,0,0,0,2023,12,359,0,0
2023-12-26,11.95,12.3,0.971544715447154,11.93,42,30,36,12,0,0,0,2023,12,360,1,0
2023-12-27,12.47,13.02,0.957757296466974,12.17,49,33,41,16,0,0,0,2023,12,361,2,0
2023-12-28,13.62,13.29,1.02483069977427,13.97,51,18,34.5,33,0,0,0,2023,12,362,3,0
2023-12-29,13.3,13.27,1.00226073850791,14.8,56,16,36,40,0,0,0,2023,12,363,4,0
2023-12-30,13.01,13.22,0.98411497730711,14.38,57,19,38,38,0,0,0,2023,12,364,5,1
2023-12-31,12.48,12.81,0.97423887587822,13.32,45,21,33,24,0,0,0,2023,12,365,6,1
2024-01-01,12.5,12.38,1.00969305331179,12.99,55,16,35.5,39,0,0,0,2024,1,1,0,0
2024-01-02,14.03,13.56,1.03466076696165,14.52,47,18,32.5,29,0,0,0,2024,1,2,1,0
2024-01-03,19.22,13.97,1.37580529706514,19.82,46,16,31,30,0,0,0,2024,1,3,2,0
2024-01-04,14.19,14.06,1.00924608819346,14.76,33,23,28,10,0,0,0,2024,1,4,3,0
2024-01-05,14.09,14.28,0.986694677871148,15.24,45,18,31.5,27,0,0,0,2024,1,5,4,0
2024-01-06,13.55,14.06,0.963726884779516,14.72,42,17,29.5,25,0,0,0,2024,1,6,5,1
2024-01-07,13.61,13.92,0.977729885057471,14.74,41,22,31.5,19,0,0,0,2024,1,7,6,1
2024-01-08,13.85,13.95,0.992831541218638,15.17,32,20,26,12,0,0,0,2024,1,8,0,0
2024-01-09,13.89,13.99,0.992852037169407,14.99,42,9,25.5,33,0,0,0,2024,1,9,1,0
2024-01-10,14.15,14.17,0.998588567395907,14.79,41,30,35.5,11,0,0,0,2024,1,10,2,0
2024-01-11,14.58,13.88,1.05043227665706,15.39,31,13,22,18,0,0,0,2024,1,11,3,0
2024-01-12,14.7,13.69,1.07377647918188,15.27,37,3,20,34,0,0,0,2024,1,12,4,0
2024-01-13,14.58,14.08,1.03551136363636,16.32,11,-11,0,22,0.14,1.8,2,2024,1,13,5,1
2024-01-14,14.41,14.13,1.01981599433829,15.45,7,-5,1,12,0.01,0.1,2,2024,1,14,6,1
2024-01-15,15.43,14.06,1.09743954480797,16.2,3,-9,-3,12,0.07,1.1,3,2024,1,15,0,0
2024-01-16,16.24,14.19,1.14446793516561,17.4,26,-17,4.5,43,0,0,3,2024,1,16,1,0
2024-01-17,15.75,14.17,1.11150317572336,15.23,44,8,26,36,0,0,2,2024,1,17,2,0
2024-01-18,15.77,14.3,1.1027972027972,16.92,50,12,31,38,0,0,2,2024,1,18,3,0
2024-01-19,15.29,14.2,1.07676056338028,16.67,31,5,18,26,0,0,1,2024,1,19,4,0
2024-01-20,14.79,14.28,1.03571428571429,16.56,33,14,23.5,19,0,0,1,2024,1,20,5,1
2024-01-21,15.64,14.22,1.09985935302391,17,46,21,33.5,25,0,0,1,2024,1,21,6,1
2024-01-22,16.06,14.42,1.11373092926491,15.83,53,27,40,26,0,0,0,2024,1,22,0,0
2024-01-23,18.81,14.43,1.3035343035343,20.47,51,23,37,28,0,0,0,2024,1,23,1,0
2024-01-24,16.23,14.3,1.13496503496503,18.79,52,24,38,28,0,0,0,2024,1,24,2,0
2024-01-25,11.88,14.55,0.816494845360825,21.2,50,21,35.5,29,0,0,0,2024,1,25,3,0
2024-01-26,15.18,14.53,1.04473503097041,17.39,49,31,40,18,0,0,0,2024,1,26,4,0
2024-01-27,14.99,14.59,1.02741603838245,16.03,52,18,35,34,0,0,0,2024,1,27,5,1
2024-01-28,15.3,14.47,1.0573600552868,16.79,62,22,42,40,0,0,0,2024,1,28,6,1
2024-01-29,15.52,14.68,1.05722070844687,17.31,64,25,44.5,39,0,0,0,2024,1,29,0,0
2024-01-30,15.37,14.4,1.06736111111111,17.94,61,25,43,36,0,0,0,2024,1,30,1,0
2024-01-31,15.26,14.44,1.05678670360111,16.8,63,22,42.5,41,0,0,0,2024,1,31,2,0
2024-02-01,15,14.38,1.04311543810848,17.01,64,31,47.5,33,0,0,0,2024,2,32,3,0
2024-02-02,14.87,14.16,1.05014124293785,16.25,51,29,40,22,0,0,0,2024,2,33,4,0
2024-02-03,14.29,14.23,1.00421644413212,15.78,46,33,39.5,13,1.63,1,1,2024,2,34,5,1
2024-02-04,14.89,13.94,1.06814921090387,17.47,42,22,32,20,0,0,0,2024,2,35,6,1
2024-02-05,14.6,14.24,1.0252808988764,16.56,53,21,37,32,0,0,0,2024,2,36,0,0
2024-02-06,14.55,14.5,1.00344827586207,15.99,54,25,39.5,29,0,0,0,2024,2,37,1,0
2024-02-07,14.55,14.25,1.02105263157895,15.43,49,26,37.5,23,0,0,0,2024,2,38,2,0
2024-02-08,14.58,14.3,1.01958041958042,15.18,52,32,42,20,0,0,0,2024,2,39,3,0
2024-02-09,14.4,14.44,0.997229916897507,15,44,24,34,20,0,0,0,2024,2,40,4,0
2024-02-10,14.62,14.33,1.02023726448011,15.21,36,23,29.5,13,0.15,1.9,1,2024,2,41,5,1
2024-02-11,14.74,14.32,1.02932960893855,15.43,39,17,28,22,0,0.1,0,2024,2,42,6,1
2024-02-12,15.49,14.19,1.09161381254405,15.85,49,20,34.5,29,0,0,0,2024,2,43,0,0
2024-02-13,14.92,14.38,1.03755215577191,15.32,48,27,37.5,21,0,0,0,2024,2,44,1,0
2024-02-14,15.01,14.33,1.04745289602233,15.78,54,22,38,32,0,0,0,2024,2,45,2,0
2024-02-15,15.33,14.48,1.05870165745856,15.88,45,26,35.5,19,0,0,0,2024,2,46,3,0
2024-02-16,14.53,14.36,1.01183844011142,14.93,36,12,24,24,0.11,2.5,2,2024,2,47,4,0
2024-02-17,14.58,14.41,1.0117973629424,14.87,36,5,20.5,31,0.01,0.4,0,2024,2,48,5,1
2024-02-18,14.41,14.28,1.00910364145658,15.06,47,12,29.5,35,0,0,0,2024,2,49,6,1
2024-02-19,14.91,14.12,1.05594900849858,15.91,55,29,42,26,0,0,0,2024,2,50,0,0
2024-02-20,15.53,14.31,1.08525506638714,15.99,66,27,46.5,39,0,0,0,2024,2,51,1,0
2024-02-21,15.06,14.3,1.05314685314685,15.72,51,30,40.5,21,0,0,0,2024,2,52,2,0
2024-02-22,15.14,14.32,1.0572625698324,15.4,50,34,42,16,0.1,0,0,2024,2,53,3,0
2024-02-23,15,14.14,1.06082036775106,15.26,55,27,41,28,0,0,0,2024,2,54,4,0
2024-02-24,14.76,14.11,1.04606661941885,15.82,61,21,41,40,0,0,0,2024,2,55,5,1
2024-02-25,15.33,14.18,1.08110014104372,16.51,65,37,51,28,0,0,0,2024,2,56,6,1
2024-02-26,15.04,14.18,1.06064880112835,15.17,65,45,55,20,0,0,0,2024,2,57,0,0
2024-02-27,14.89,14.15,1.05229681978799,15.42,54,27,40.5,27,0.03,0,0,2024,2,58,1,0
2024-02-28,14.52,14.31,1.0146750524109,15.36,52,14,33,38,0,0,0,2024,2,59,2,0
2024-02-29,14.65,14.3,1.02447552447552,14.81,63,23,43,40,0,0,0,2024,2,60,3,0
2024-03-01,14.51,14.35,1.01114982578397,15.33,65,29,47,36,0,0,0,2024,3,61,4,0
2024-03-02,14.63,14.47,1.01105736005529,15.38,69,30,49.5,39,0,0,0,2024,3,62,5,1
2024-03-03,15.02,14.24,1.05477528089888,15.69,58,33,45.5,25,0.01,0,0,2024,3,63,6,1
2024-03-04,14.46,14.55,0.993814432989691,14.91,45,25,35,20,0,0,0,2024,3,64,0,0
2024-03-05,14.43,14.38,1.00347705146036,15.19,48,23,35.5,25,0,0,0,2024,3,65,1,0
2024-03-06,14.9,14.45,1.03114186851211,15.34,60,21,40.5,39,0,0,0,2024,3,66,2,0
2024-03-07,14.66,14.57,1.00617707618394,15.09,48,33,40.5,15,0.02,0,0,2024,3,67,3,0
2024-03-08,14.34,14.72,0.974184782608696,15.12,39,25,32,14,0.15,1.2,0,2024,3,68,4,0
2024-03-09,13.65,14.41,0.947258848022207,14.19,55,16,35.5,39,0,0,0,2024,3,69,5,1
2024-03-10,12.99,14.32,0.907122905027933,14.14,64,23,43.5,41,0,0,0,2024,3,70,6,1
2024-03-11,13.83,13.94,0.992109038737446,15.49,56,26,41,30,0,0,0,2024,3,71,0,0
2024-03-12,14.26,14.01,1.01784439685939,15.3,61,29,45,32,0,0,0,2024,3,72,1,0
2024-03-13,13.93,13.93,1,15.29,55,37,46,18,0.04,0,0,2024,3,73,2,0
2024-03-14,13.84,13.83,1.00072306579899,15.2,43,33,38,10,0.93,3.1,3,2024,3,74,3,0
2024-03-15,13.19,13.72,0.96137026239067,14.08,40,31,35.5,9,0.5,3.5,4,2024,3,75,4,0
2024-03-16,13.46,13.59,0.990434142752024,15.13,50,25,37.5,25,0,0,1,2024,3,76,5,1
2024-03-17,14.37,13.84,1.03829479768786,15.56,48,34,41,14,0,0,0,2024,3,77,6,1
2024-03-18,14.56,14.09,1.0333569907736,16.28,62,28,45,34,0,0,0,2024,3,78,0,0
2024-03-19,14.79,14.14,1.04596888260255,16.68,65,31,48,34,0,0,0,2024,3,79,1,0
2024-03-20,14.91,14.21,1.04926108374384,16.39,58,35,46.5,23,0,0,0,2024,3,80,2,0
2024-03-21,14.98,14.32,1.04608938547486,16.12,69,30,49.5,39,0,0,0,2024,3,81,3,0
2024-03-22,14.65,14.14,1.03606789250354,16.42,61,36,48.5,25,0,0,0,2024,3,82,4,0
2024-03-23,14.46,14.27,1.01331464611072,15.8,59,31,45,28,0,0,0,2024,3,83,5,1
2024-03-24,14.45,14.48,0.99792817679558,16,59,29,44,30,0.09,1,1,2024,3,84,6,1
2024-03-25,14.77,14.33,1.03070481507327,16.35,39,20,29.5,19,0.08,0.2,0,2024,3,85,0,0
2024-03-26,14.82,14.4,1.02916666666667,16.36,44,18,31,26,0,0,0,2024,3,86,1,0
2024-03-27,15.06,14.59,1.03221384509938,16.42,55,27,41,28,0,0,0,2024,3,87,2,0
2024-03-28,14.71,14.54,1.01169188445667,16.43,64,29,46.5,35,0,0,0,2024,3,88,3,0
2024-03-29,13.91,14.65,0.949488054607508,15.18,54,38,46,16,0.11,0,0,2024,3,89,4,0
2024-03-30,14.3,14.62,0.978112175102599,15.69,58,38,48,20,0.01,0,0,2024,3,90,5,1
2024-03-31,14.49,14.54,0.99656121045392,16.41,57,35,46,22,0,0,0,2024,3,91,6,1
2024-04-01,14.76,14.51,1.01722949689869,16.19,55,39,47,16,0.04,0,0,2024,4,92,0,0
2024-04-02,14.92,14.95,0.997993311036789,16.61,63,35,49,28,0,0,0,2024,4,93,1,0
2024-04-03,15.06,15.36,0.98046875,17.25,73,35,54,38,0,0,0,2024,4,94,2,0
2024-04-04,15.83,15.63,1.0127959053103,17.5,73,33,53,40,0,0,0,2024,4,95,3,0
2024-04-05,14.94,15.34,0.973924380704042,15.94,75,42,58.5,33,0,0,0,2024,4,96,4,0
2024-04-06,15.11,15.59,0.969211032713278,17.97,68,42,55,26,0,0,0,2024,4,97,5,1
2024-04-07,13.28,15.78,0.841571609632446,16.08,56,39,47.5,17,0,0,0,2024,4,98,6,1
2024-04-08,15.07,15.52,0.971005154639175,16.26,57,35,46,22,0,0,0,2024,4,99,0,0
2024-04-09,15.99,15.75,1.0152380952381,16.51,60,27,43.5,33,0,0,0,2024,4,100,1,0
2024-04-10,15.07,15.97,0.943644333124609,16.33,58,40,49,18,0.01,0,0,2024,4,101,2,0
2024-04-11,16.41,15.79,1.03926535782141,15.31,61,32,46.5,29,0,0,0,2024,4,102,3,0
2024-04-12,16.19,15.87,1.02016383112791,16.03,76,33,54.5,43,0,0,0,2024,4,103,4,0
2024-04-13,16.22,15.93,1.01820464532329,16.69,78,46,62,32,0,0,0,2024,4,104,5,1
2024-04-14,16.66,15.73,1.05912269548633,17.61,80,39,59.5,41,0,0,0,2024,4,105,6,1
2024-04-15,15.86,15.64,1.01406649616368,16.21,76,41,58.5,35,0,0,0,2024,4,106,0,0
2024-04-16,15.25,15.74,0.968869123252859,15.32,68,46,57,22,0.07,0,0,2024,4,107,1,0
2024-04-17,16.83,16.22,1.03760789149199,11.94,71,45,58,26,0,0,0,2024,4,108,2,0
2024-04-18,14.77,16.29,0.906691221608349,6.96,47,32,39.5,15,0.25,1.7,0,2024,4,109,3,0
2024-04-19,14.96,15.98,0.936170212765957,14.99,36,32,34,4,0.18,0,0,2024,4,110,4,0
2024-04-20,14.04,16.05,0.874766355140187,14.17,36,30,33,6,0.15,2.2,0,2024,4,111,5,1
2024-04-21,15.05,16.09,0.935363579863269,15.5,61,26,43.5,35,0,0,0,2024,4,112,6,1
2024-04-22,15.71,16.41,0.957343083485679,15.97,77,29,53,48,0,0,0,2024,4,113,0,0
2024-04-23,15.47,16.88,0.916469194312796,16.34,67,41,54,26,0,0,0,2024,4,114,1,0
2024-04-24,16.13,16.86,0.956702253855279,17.59,73,40,56.5,33,0,0,0,2024,4,115,2,0
2024-04-25,15.67,16.76,0.934964200477327,17.56,70,51,60.5,19,0,0,0,2024,4,116,3,0
2024-04-26,15.3,17.05,0.897360703812317,17.66,70,51,60.5,19,0.09,0,0,2024,4,117,4,0
2024-04-27,14.46,17.16,0.842657342657343,16.26,53,41,47,12,1.11,0,0,2024,4,118,5,1
2024-04-28,14.8,17.06,0.867526377491208,17.09,65,38,51.5,27,0.05,0,0,2024,4,119,6,1
2024-04-29,15.69,17.27,0.90851187029531,19.01,66,36,51,30,0,0,0,2024,4,120,0,0
2024-04-30,15.77,17.69,0.891464104013567,18.67,74,44,59,30,0,0,0,2024,4,121,1,0
2024-05-01,15.93,17.89,0.890441587479038,18.91,65,44,54.5,21,0.01,0,0,2024,5,122,2,0
2024-05-02,16.29,18.3,0.89016393442623,19.37,63,39,51,24,0,0,0,2024,5,123,3,0
2024-05-03,16.44,19.04,0.863445378151261,18.76,67,40,53.5,27,0,0,0,2024,5,124,4,0
2024-05-04,16.87,19.11,0.882783882783883,18.89,64,37,50.5,27,0,0,0,2024,5,125,5,1
2024-05-05,17.42,19.17,0.908711528429838,21.87,74,39,56.5,35,0,0,0,2024,5,126,6,1
2024-05-06,17.03,19.06,0.893494228751312,20.76,71,48,59.5,23,0,0,0,2024,5,127,0,0
2024-05-07,17,19.02,0.893796004206099,18.9,61,45,53,16,0,0,0,2024,5,128,1,0
2024-05-08,18.1,18.6,0.973118279569892,23.77,58,34,46,24,0,0,0,2024,5,129,2,0
2024-05-09,17.26,18.21,0.947830862163646,22.44,56,39,47.5,17,0.18,0,0,2024,5,130,3,0
2024-05-10,17.76,17.67,1.00509337860781,20.22,61,44,52.5,17,0,0,0,2024,5,131,4,0
2024-05-11,18.17,18.15,1.00110192837466,19.38,68,36,52,32,0,0,0,2024,5,132,5,1
2024-05-12,18.06,18.46,0.978331527627302,20.13,73,48,60.5,25,0.04,0,0,2024,5,133,6,1
2024-05-13,19.14,18.47,1.03627504060639,20.61,76,41,58.5,35,0,0,0,2024,5,134,0,0
2024-05-14,20.42,19.14,1.06687565308255,22.88,79,52,65.5,27,0,0,0,2024,5,135,1,0
2024-05-15,18.77,19.1,0.982722513089005,21.46,68,47,57.5,21,0.09,0,0,2024,5,136,2,0
2024-05-16,20.63,19.28,1.07002074688797,24.31,76,42,59,34,0.02,0,0,2024,5,137,3,0
2024-05-17,23.06,19.26,1.19730010384216,28.95,84,47,65.5,37,0,0,0,2024,5,138,4,0
2024-05-18,22.71,19.17,1.18466353677621,27.77,76,48,62,28,0,0,0,2024,5,139,5,1
2024-05-19,22.07,19.07,1.15731515469324,26.5,80,54,67,26,0,0,0,2024,5,140,6,1
2024-05-20,24.25,20.22,1.19930761622156,26.36,68,48,58,20,0,0,0,2024,5,141,0,0
2024-05-21,20.5,20.36,1.00687622789784,21.02,62,43,52.5,19,0.27,0,0,2024,5,142,1,0
2024-05-22,23.2,20.2,1.14851485148515,24.96,72,36,54,36,0,0,0,2024,5,143,2,0
2024-05-23,23.66,20.25,1.16839506172839,25.16,79,40,59.5,39,0,0,0,2024,5,144,3,0
2024-05-24,25.75,20.94,1.22970391595033,29.19,70,39,54.5,31,0,0,0,2024,5,145,4,0
2024-05-25,24.16,21.39,1.12949976624591,28.09,72,46,59,26,0,0,0,2024,5,146,5,1
2024-05-26,23.2,21.15,1.09692671394799,26.1,74,48,61,26,0,0,0,2024,5,147,6,1
2024-05-27,27.34,21.92,1.24726277372263,32.01,79,49,64,30,0,0,0,2024,5,148,0,0
2024-05-28,26.83,21.84,1.22847985347985,29.98,81,46,63.5,35,0.02,0,0,2024,5,149,1,0
2024-05-29,27.72,21.7,1.27741935483871,29.48,80,50,65,30,0.01,0,0,2024,5,150,2,0
2024-05-30,26.93,22.58,1.19264836138175,30.73,81,54,67.5,27,0.04,0,0,2024,5,151,3,0
2024-05-31,27.75,23.5,1.18085106382979,32.08,72,50,61,22,0,0,0,2024,5,152,4,0
2024-06-01,29.44,24.51,1.20114239086087,33.51,84,49,66.5,35,0,0,0,2024,6,153,5,1
2024-06-02,28.16,24.83,1.13411196133709,32.38,82,52,67,30,0,0,0,2024,6,154,6,1
2024-06-03,31.92,26.15,1.22065009560229,37.69,86,51,68.5,35,0,0,0,2024,6,155,0,0
2024-06-04,30.02,26.66,1.12603150787697,33.89,83,59,71,24,0,0,0,2024,6,156,1,0
2024-06-05,33.34,26.39,1.26335733232285,38.7,90,53,71.5,37,0,0,0,2024,6,157,2,0
2024-06-06,31.86,26.71,1.19281168101835,36.29,89,58,73.5,31,0,0,0,2024,6,158,3,0
2024-06-07,33.42,27.61,1.21043100325969,39.24,94,56,75,38,0,0,0,2024,6,159,4,0
2024-06-08,29.2,28.16,1.03693181818182,32.41,80,61,70.5,19,0.05,0,0,2024,6,160,5,1
2024-06-09,26.39,28.88,0.913781163434903,27.61,73,53,63,20,0,0,0,2024,6,161,6,1
2024-06-10,30.58,29.29,1.04404233526801,33.98,85,61,73,24,0.03,0,0,2024,6,162,0,0
2024-06-11,30.38,29.84,1.01809651474531,34.45,86,57,71.5,29,0,0,0,2024,6,163,1,0
2024-06-12,34.4,29.77,1.15552569701041,39.81,97,57,77,40,0,0,0,2024,6,164,2,0
2024-06-13,33.45,30.74,1.08815875081327,38.93,93,59,76,34,0,0,0,2024,6,165,3,0
2024-06-14,31.12,31.57,0.985745961355717,34.62,82,64,73,18,0.08,0,0,2024,6,166,4,0
2024-06-15,31.23,30.77,1.01494962625934,35.12,90,57,73.5,33,0,0,0,2024,6,167,5,1
2024-06-16,31.67,30.26,1.04659616655651,36.58,84,56,70,28,0,0,0,2024,6,168,6,1
2024-06-17,34.98,30.22,1.15751158173395,41.07,86,57,71.5,29,0,0,0,2024,6,169,0,0
2024-06-18,31.83,30.39,1.04738400789733,37.25,84,58,71,26,0,0,0,2024,6,170,1,0
2024-06-19,33.53,31.32,1.0705619412516,38.9,72,46,59,26,0,0,0,2024,6,171,2,0
2024-06-20,32.76,31.17,1.05101058710298,35.81,88,56,72,32,0,0,0,2024,6,172,3,0
2024-06-21,35.18,31.19,1.127925617185,39.84,85,61,73,24,0,0,0,2024,6,173,4,0
2024-06-22,34.15,31.89,1.0708686108498,38.5,89,55,72,34,0.01,0,0,2024,6,174,5,1
2024-06-23,34.41,31.47,1.09342230695901,39.04,96,54,75,42,0,0,0,2024,6,175,6,1
2024-06-24,35.44,31.18,1.13662604233483,39.2,93,58,75.5,35,0.02,0,0,2024,6,176,0,0
2024-06-25,33.71,32.51,1.03691171947093,37.18,99,57,78,42,0,0,0,2024,6,177,1,0
2024-06-26,35.79,33,1.08454545454545,39.52,88,61,74.5,27,0,0,0,2024,6,178,2,0
2024-06-27,32.5,33.86,0.959834613112817,36.17,90,63,76.5,27,0.01,0,0,2024,6,179,3,0
2024-06-28,35.31,33.97,1.03944657050339,40.06,91,63,77,28,0,0,0,2024,6,180,4,0
2024-06-29,33.5,33.01,1.01484398667071,36.67,82,55,68.5,27,0,0,0,2024,6,181,5,1
2024-06-30,30.48,32.63,0.934109714986209,32.18,88,58,73,30,0.14,0,0,2024,6,182,6,1
2024-07-01,32.91,33.48,0.982974910394265,36.5,82,63,72.5,19,0.02,0,0,2024,7,183,0,0
2024-07-02,31.64,35.03,0.903225806451613,33.48,86,61,73.5,25,0,0,0,2024,7,184,1,0
2024-07-03,34.96,32.99,1.05971506517126,40.79,90,54,72,36,0,0,0,2024,7,185,2,0
2024-07-04,31.61,32.89,0.961082395865004,36.59,82,52,67,30,0,0,0,2024,7,186,3,0
2024-07-05,33.81,32.66,1.03521126760563,40.3,82,54,68,28,0,0,0,2024,7,187,4,0
2024-07-06,33.36,32.96,1.0121359223301,39.54,87,51,69,36,0,0,0,2024,7,188,5,1
2024-07-07,31.93,33.1,0.964652567975831,36.94,83,55,69,28,0.05,0,0,2024,7,189,6,1
2024-07-08,36.08,34.14,1.05682483889865,41.95,82,51,66.5,31,0,0,0,2024,7,190,0,0
2024-07-09,33.38,35.44,0.941873589164786,45.89,89,52,70.5,37,0,0,0,2024,7,191,1,0
2024-07-10,36.55,35.58,1.02726250702642,45.98,92,56,74,36,0,0,0,2024,7,192,2,0
2024-07-11,36.76,34.77,1.05723324705206,40.06,97,58,77.5,39,0,0,0,2024,7,193,3,0
2024-07-12,39.34,34.38,1.14426992437464,43.21,102,59,80.5,43,0,0,0,2024,7,194,4,0
2024-07-13,36.94,33.64,1.09809750297265,40.47,96,60,78,36,0,0,0,2024,7,195,5,1
2024-07-14,33.54,33.23,1.00932891965092,35.73,99,62,80.5,37,0.04,0,0,2024,7,196,6,1
2024-07-15,36.3,33.66,1.07843137254902,36.97,96,64,80,32,0.01,0,0,2024,7,197,0,0
2024-07-16,34,35.8,0.949720670391061,36.16,89,58,73.5,31,0,0,0,2024,7,198,1,0
2024-07-17,36.45,34.88,1.04501146788991,43.72,88,61,74.5,27,0,0,0,2024,7,199,2,0
2024-07-18,34.8,34.67,1.00374963945774,42.09,85,57,71,28,0,0,0,2024,7,200,3,0
2024-07-19,35.21,34.65,1.01616161616162,42.07,89,58,73.5,31,0.06,0,0,2024,7,201,4,0
2024-07-20,31.46,34.38,0.915066899360093,36.45,85,58,71.5,27,0.36,0,0,2024,7,202,5,1
2024-07-21,27.65,35.06,0.788648031945237,29.21,80,58,69,22,0.01,0,0,2024,7,203,6,1
2024-07-22,32.51,34.94,0.930452203777905,37.97,85,53,69,32,0,0,0,2024,7,204,0,0
2024-07-23,32.49,35.43,0.917019475021168,37.76,90,55,72.5,35,0,0,0,2024,7,205,1,0
2024-07-24,35.01,34.19,1.0239836209418,41.11,93,57,75,36,0,0,0,2024,7,206,2,0
2024-07-25,34.57,33.95,1.01826215022091,39.1,96,58,77,38,0,0,0,2024,7,207,3,0
2024-07-26,35.68,33.6,1.06190476190476,40.3,93,64,78.5,29,0,0,0,2024,7,208,4,0
2024-07-27,32.27,33.11,0.974630021141649,36.34,90,59,74.5,31,0.02,0,0,2024,7,209,5,1
2024-07-28,31.47,33.02,0.953058752271351,34.97,94,58,76,36,0.05,0,0,2024,7,210,6,1
2024-07-29,36.53,32.07,1.13907078266292,42.25,95,55,75,40,0,0,0,2024,7,211,0,0
2024-07-30,33.61,32.05,1.04867394695788,39.72,94,55,74.5,39,0,0,0,2024,7,212,1,0
2024-07-31,36.54,32.07,1.13938260056127,42.48,94,66,80,28,0,0,0,2024,7,213,2,0
2024-08-01,34.73,33.06,1.05051421657592,39.12,96,59,77.5,37,0,0,0,2024,8,214,3,0
2024-08-02,36.41,32.25,1.12899224806202,43.15,97,63,80,34,0,0,0,2024,8,215,4,0
2024-08-03,35.1,31.53,1.11322549952426,41.39,94,59,76.5,35,0,0,0,2024,8,216,5,1
2024-08-04,34.04,31.81,1.07010374096196,38.01,94,60,77,34,0,0,0,2024,8,217,6,1
2024-08-05,36.46,31.65,1.1519747235387,43.07,92,63,77.5,29,0,0,0,2024,8,218,0,0
2024-08-06,33.7,32.36,1.04140914709518,41.33,92,61,76.5,31,0,0,0,2024,8,219,1,0
2024-08-07,33.23,32.16,1.03327114427861,38.3,90,62,76,28,0.14,0,0,2024,8,220,2,0
2024-08-08,27.63,32.51,0.84989234081821,26.55,70,58,64,12,0.25,0,0,2024,8,221,3,0
2024-08-09,25.75,32.47,0.793039728980597,27.09,65,56,60.5,9,0.31,0,0,2024,8,222,4,0
2024-08-10,23.79,32.3,0.736532507739938,25.67,72,55,63.5,17,0.26,0,0,2024,8,223,5,1
2024-08-11,24.14,33.02,0.73107207752877,28.42,90,57,73.5,33,0,0,0,2024,8,224,6,1
2024-08-12,28.24,33.32,0.847539015606242,34.32,84,60,72,24,0,0,0,2024,8,225,0,0
2024-08-13,25.88,33.63,0.769550996134404,28.81,86,59,72.5,27,0.9,0,0,2024,8,226,1,0
2024-08-14,25.7,33,0.778787878787879,27.69,86,58,72,28,0.03,0,0,2024,8,227,2,0
2024-08-15,25.55,33.5,0.762686567164179,28.3,85,52,68.5,33,0,0,0,2024,8,228,3,0
2024-08-16,28.05,34.05,0.823788546255507,33.04,89,57,73,32,0.02,0,0,2024,8,229,4,0
2024-08-17,28.54,33.55,0.850670640834575,34.75,95,55,75,40,0,0,0,2024,8,230,5,1
2024-08-18,29.57,33.05,0.894704992435703,37.99,92,62,77,30,0,0,0,2024,8,231,6,1
2024-08-19,31.83,33.01,0.964253256588912,39.4,89,65,77,24,0,0,0,2024,8,232,0,0
2024-08-20,29.35,34.29,0.855934674832313,33.3,93,58,75.5,35,0.04,0,0,2024,8,233,1,0
2024-08-21,32.03,33.83,0.946792787466745,38.37,92,61,76.5,31,0,0,0,2024,8,234,2,0
2024-08-22,30.3,34.34,0.88235294117647,34.49,84,62,73,22,0,0,0,2024,8,235,3,0
2024-08-23,31.9,34.74,0.91824985607369,35.7,86,58,72,28,0.01,0,0,2024,8,236,4,0
2024-08-24,29.65,33.73,0.879039430773792,32.97,91,59,75,32,0,0,0,2024,8,237,5,1
2024-08-25,29.78,33.33,0.893489348934893,33.01,90,63,76.5,27,0,0,0,2024,8,238,6,1
2024-08-26,31.38,33.36,0.940647482014388,35.15,83,58,70.5,25,0.05,0,0,2024,8,239,0,0
2024-08-27,29.79,34.03,0.875404055245372,33.43,84,52,68,32,0,0,0,2024,8,240,1,0
2024-08-28,32.16,33.11,0.971307762005436,39.47,92,54,73,38,0,0,0,2024,8,241,2,0
2024-08-29,31.15,33.04,0.942796610169492,35.98,84,56,70,28,0,0,0,2024,8,242,3,0
2024-08-30,32.13,33.29,0.965154701111445,39.12,86,50,68,36,0,0,0,2024,8,243,4,0
2024-08-31,29.46,33.62,0.876264128494943,36.02,91,49,70,42,0,0,0,2024,8,244,5,1
2024-09-01,28.61,33.76,0.847452606635071,33.3,87,52,69.5,35,0,0,0,2024,9,245,6,1
2024-09-02,31.8,33.19,0.95811991563724,38.33,87,51,69,36,0,0,0,2024,9,246,0,0
2024-09-03,30.04,33.76,0.889810426540284,34.89,92,52,72,40,0,0,0,2024,9,247,1,0
2024-09-04,30.44,32.95,0.923823975720789,34.36,84,60,72,24,0.15,0,0,2024,9,248,2,0
2024-09-05,28.68,32.82,0.873857404021938,28.2,78,55,66.5,23,0,0,0,2024,9,249,3,0
2024-09-06,31.67,32.52,0.973862238622386,35.24,82,48,65,34,0,0,0,2024,9,250,4,0
2024-09-07,29.55,31.44,0.939885496183206,33.73,86,49,67.5,37,0,0,0,2024,9,251,5,1
2024-09-08,29.59,30.26,0.977858559153999,35.41,87,50,68.5,37,0,0,0,2024,9,252,6,1
2024-09-09,30.97,28.61,1.08248864033555,38.14,89,52,70.5,37,0.01,0,0,2024,9,253,0,0
2024-09-10,28.54,28.92,0.98686030428769,35.34,89,54,71.5,35,0.02,0,0,2024,9,254,1,0
2024-09-11,30.56,28.51,1.07190459487899,38.05,85,55,70,30,0.01,0,0,2024,9,255,2,0
2024-09-12,28.78,28.39,1.01373723141951,34.51,89,50,69.5,39,0,0,0,2024,9,256,3,0
2024-09-13,31.91,28.33,1.12636780797741,38.24,79,52,65.5,27,0,0,0,2024,9,257,4,0
2024-09-14,29.14,28.5,1.02245614035088,33.73,86,49,67.5,37,0,0,0,2024,9,258,5,1
2024-09-15,29.2,28.46,1.02600140548138,32.44,88,50,69,38,0,0,0,2024,9,259,6,1
2024-09-16,30.76,28.89,1.06472827968155,35.65,83,50,66.5,33,0,0,0,2024,9,260,0,0
2024-09-17,27.02,29.62,0.912221471978393,30.07,80,51,65.5,29,0.07,0,0,2024,9,261,1,0
2024-09-18,29.66,29.06,1.02064693737096,33.39,81,46,63.5,35,0,0,0,2024,9,262,2,0
2024-09-19,28,29.12,0.961538461538462,32.47,81,45,63,36,0,0,0,2024,9,263,3,0
2024-09-20,29.97,29.01,1.03309203722854,35.73,82,49,65.5,33,0,0,0,2024,9,264,4,0
2024-09-21,26.51,28.51,0.929849175727815,32.04,73,58,65.5,15,0,0,0,2024,9,265,5,1
2024-09-22,23.57,28.32,0.832274011299435,27.27,65,47,56,18,0.27,0,0,2024,9,266,6,1
2024-09-23,26.85,27.77,0.966870723802665,29.69,82,40,61,42,0,0,0,2024,9,267,0,0
2024-09-24,26.03,28.43,0.915582131551178,30.3,79,45,62,34,0,0,0,2024,9,268,1,0
2024-09-25,27.9,27.63,1.00977198697068,32.97,84,47,65.5,37,0,0,0,2024,9,269,2,0
2024-09-26,26.26,27.33,0.960848884010245,30.58,90,49,69.5,41,0,0,0,2024,9,270,3,0
2024-09-27,28.75,26.49,1.08531521328803,34.12,86,56,71,30,0,0,0,2024,9,271,4,0
2024-09-28,26.01,25.5,1.02,30.77,87,51,69,36,0,0,0,2024,9,272,5,1
2024-09-29,26.5,25.05,1.05788423153693,30.99,88,50,69,38,0,0,0,2024,9,273,6,1
2024-09-30,28.87,23.7,1.21814345991561,33.68,76,54,65,22,0,0,0,2024,9,274,0,0
2024-10-01,25.58,23.14,1.10544511668107,30.49,70,37,53.5,33,0,0,0,2024,10,275,1,0
2024-10-02,26.73,22.14,1.20731707317073,31.2,88,42,65,46,0,0,0,2024,10,276,2,0
2024-10-03,24.74,21.75,1.13747126436782,28.32,72,45,58.5,27,0,0,0,2024,10,277,3,0
2024-10-04,25.01,21.31,1.17362740497419,28.49,76,39,57.5,37,0,0,0,2024,10,278,4,0
2024-10-05,23.54,20.42,1.15279138099902,26.41,87,44,65.5,43,0,0,0,2024,10,279,5,1
2024-10-06,23.11,20.13,1.14803775459513,24.77,74,40,57,34,0,0,0,2024,10,280,6,1
2024-10-07,24.63,19.9,1.23768844221106,29.79,82,41,61.5,41,0,0,0,2024,10,281,0,0
2024-10-08,22.15,19.05,1.16272965879265,25.75,80,40,60,40,0,0,0,2024,10,282,1,0
2024-10-09,23.74,18.64,1.27360515021459,29.21,81,41,61,40,0,0,0,2024,10,283,2,0
2024-10-10,22.26,18.07,1.23187603763143,26.44,87,42,64.5,45,0,0,0,2024,10,284,3,0
2024-10-11,22.61,17.69,1.27812323346523,27.77,70,47,58.5,23,0,0,0,2024,10,285,4,0
2024-10-12,20.64,17.44,1.18348623853211,24.83,80,42,61,38,0,0,0,2024,10,286,5,1
2024-10-13,20.05,17.09,1.17320070216501,23.43,68,42,55,26,0,0,0,2024,10,287,6,1
2024-10-14,21.15,16.8,1.25892857142857,24.88,82,36,59,46,0,0,0,2024,10,288,0,0
2024-10-15,19.2,16.96,1.13207547169811,22.51,68,42,55,26,0,0,0,2024,10,289,1,0
2024-10-16,18.67,16.94,1.10212514757969,20.71,75,36,55.5,39,0,0,0,2024,10,290,2,0
2024-10-17,18.38,16.6,1.10722891566265,20.78,71,46,58.5,25,0,0,0,2024,10,291,3,0
2024-10-18,17.26,16.6,1.03975903614458,20.65,56,45,50.5,11,0,0,0,2024,10,292,4,0
2024-10-19,16.36,16.21,1.00925354719309,18.71,58,42,50,16,0,0,0,2024,10,293,5,1
2024-10-20,16.83,15.72,1.0706106870229,20.43,72,41,56.5,31,0,0,0,2024,10,294,6,1
2024-10-21,17.55,15.61,1.12427930813581,21.68,72,48,60,24,0,0,0,2024,10,295,0,0
2024-10-22,16.99,15.43,1.10110174983798,20.36,76,42,59,34,0,0,0,2024,10,296,1,0
2024-10-23,16.51,15.48,1.06653746770026,20.97,70,37,53.5,33,0,0,0,2024,10,297,2,0
2024-10-24,16.53,15.24,1.08464566929134,21.18,66,36,51,30,0,0,0,2024,10,298,3,0
2024-10-25,16.17,15.23,1.06172028890348,17.81,64,30,47,34,0,0,0,2024,10,299,4,0
2024-10-26,15.76,15.45,1.02006472491909,16.06,71,30,50.5,41,0,0,0,2024,10,300,5,1
2024-10-27,15.83,14.87,1.06455951580363,19.45,70,32,51,38,0,0,0,2024,10,301,6,1
2024-10-28,17.71,15.04,1.17752659574468,19.51,73,44,58.5,29,0,0,0,2024,10,302,0,0
2024-10-29,17.09,14.9,1.14697986577181,17.85,56,40,48,16,0.02,0,0,2024,10,303,1,0
2024-10-30,15.42,14.42,1.06934812760055,15.01,46,34,40,12,0.26,0.1,0,2024,10,304,2,0
2024-10-31,8.95,15,0.596666666666667,13.55,52,30,41,22,0.03,0,0,2024,10,305,3,0
2024-11-01,13.75,15.15,0.907590759075908,12.87,56,27,41.5,29,0,0,0,2024,11,306,4,0
2024-11-02,13.01,15.05,0.864451827242525,13.93,58,28,43,30,0,0,0,2024,11,307,5,1
2024-11-03,14.63,14.85,0.985185185185185,14.34,58,36,47,22,0,0,0,2024,11,308,6,1
2024-11-04,12.61,14.96,0.842914438502674,13.09,47,36,41.5,11,0,0,0,2024,11,309,0,0
2024-11-05,14.18,15,0.945333333333333,15.15,51,26,38.5,25,0,0,0,2024,11,310,1,0
2024-11-06,14.16,14.72,0.96195652173913,14.56,42,30,36,12,0,0,0,2024,11,311,2,0
2024-11-07,13.86,14.62,0.948016415868673,15.13,39,20,29.5,19,0,0,0,2024,11,312,3,0
2024-11-08,13.53,14.84,0.911725067385445,14.52,37,31,34,6,0.53,0.8,1,2024,11,313,4,0
2024-11-09,12.57,14.67,0.856850715746421,13.72,46,32,39,14,0.32,0.7,0,2024,11,314,5,1
2024-11-10,12.46,14.4,0.865277777777778,14.13,68,27,47.5,41,0,0,0,2024,11,315,6,1
2024-11-11,12.95,14.63,0.885167464114832,14.36,61,28,44.5,33,0,0,0,2024,11,316,0,0
2024-11-12,13.92,14.97,0.929859719438878,14.86,61,26,43.5,35,0,0,0,2024,11,317,1,0
2024-11-13,14.15,14.61,0.968514715947981,16.47,52,36,44,16,0,0,0,2024,11,318,2,0
2024-11-14,13.78,14.89,0.925453324378778,17.75,62,25,43.5,37,0,0,0,2024,11,319,3,0
2024-11-15,13.68,14.57,0.938915579958819,16.39,54,27,40.5,27,0,0,0,2024,11,320,4,0
2024-11-16,13.26,14.96,0.886363636363636,14.73,57,24,40.5,33,0,0,0,2024,11,321,5,1
2024-11-17,13.73,14.43,0.951489951489951,14.7,52,23,37.5,29,0,0,0,2024,11,322,6,1
2024-11-18,13.75,14.71,0.934738273283481,15.11,60,22,41,38,0,0,0,2024,11,323,0,0
2024-11-19,13.56,14.47,0.937111264685556,14.54,50,27,38.5,23,0,0,0,2024,11,324,1,0
2024-11-20,14.15,14.14,1.0007072135785,15.88,48,18,33,30,0,0,0,2024,11,325,2,0
2024-11-21,14.08,13.56,1.03834808259587,15.55,56,22,39,34,0,0,0,2024,11,326,3,0
2024-11-22,14.1,13.27,1.06254709871891,15.82,63,28,45.5,35,0,0,0,2024,11,327,4,0
2024-11-23,13.42,12.9,1.04031007751938,17.06,57,30,43.5,27,0,0,0,2024,11,328,5,1
2024-11-24,13.05,13.13,0.993907083015994,16.27,57,34,45.5,23,0,0,0,2024,11,329,6,1
2024-11-25,12.62,13.38,0.943198804185351,14.46,47,26,36.5,21,0,0,0,2024,11,330,0,0
2024-11-26,12.8,13.44,0.952380952380952,14.2,48,26,37,22,0,0,0,2024,11,331,1,0
2024-11-27,11.94,13.58,0.879234167893962,13.28,43,30,36.5,13,0.23,0.1,0,2024,11,332,2,0
2024-11-28,10.46,13.88,0.753602305475504,12.04,42,17,29.5,25,0,0,0,2024,11,333,3,0
2024-11-29,10.6,14.1,0.75177304964539,11.69,44,15,29.5,29,0,0,0,2024,11,334,4,0
2024-11-30,11.51,14.25,0.807719298245614,12.96,48,26,37,22,0,0,0,2024,11,335,5,1
2024-12-01,12.87,14.39,0.894371091035441,13.78,51,21,36,30,0,0,0,2024,12,336,6,1
2024-12-02,13.33,14.35,0.928919860627178,14.99,51,19,35,32,0,0,0,2024,12,337,0,0
2024-12-03,14.32,14.54,0.984869325997249,15.36,64,22,43,42,0,0,0,2024,12,338,1,0
2024-12-04,14.11,14.47,0.975120939875605,16.05,59,24,41.5,35,0,0,0,2024,12,339,2,0
2024-12-05,12.53,14.07,0.890547263681592,14.31,53,21,37,32,0,0,0,2024,12,340,3,0
2024-12-06,13.16,14.34,0.917712691771269,14.52,58,21,39.5,37,0,0,0,2024,12,341,4,0
2024-12-07,13.28,14.47,0.917760884588804,14.81,58,20,39,38,0,0,0,2024,12,342,5,1
2024-12-08,13.36,14.53,0.919476944253269,14.36,58,25,41.5,33,0,0,0,2024,12,343,6,1
2024-12-09,13.4,14.53,0.922229869236063,15.66,49,28,38.5,21,0,0,0,2024,12,344,0,0
2024-12-10,13.92,14.46,0.962655601659751,15.25,41,15,28,26,0,0,0,2024,12,345,1,0
2024-12-11,13.89,14.56,0.953983516483516,15.15,46,18,32,28,0,0,0,2024,12,346,2,0
2024-12-12,13.93,14.65,0.950853242320819,15.45,52,22,37,30,0,0,0,2024,12,347,3,0
2024-12-13,13.64,14.42,0.945908460471567,15.04,52,24,38,28,0,0,0,2024,12,348,4,0
2024-12-14,13.3,14.58,0.912208504801097,14.55,53,21,37,32,0,0,0,2024,12,349,5,1
2024-12-15,12.89,14.52,0.887741046831956,14.74,54,29,41.5,25,0,0,0,2024,12,350,6,1
2024-12-16,13.01,14.34,0.907252440725244,14.57,44,26,35,18,0,0,0,2024,12,351,0,0
2024-12-17,13.01,14.26,0.91234221598878,14.04,52,23,37.5,29,0,0,0,2024,12,352,1,0
2024-12-18,12.67,14.25,0.889122807017544,14.55,44,19,31.5,25,0,0,0,2024,12,353,2,0
2024-12-19,13.46,14.36,0.937325905292479,15.2,63,30,46.5,33,0,0,0,2024,12,354,3,0
2024-12-20,13.17,14.07,0.936034115138593,14.57,66,19,42.5,47,0,0,0,2024,12,355,4,0
2024-12-21,13,13.8,0.942028985507246,14.26,62,24,43,38,0,0,0,2024,12,356,5,1
2024-12-22,12.65,13.23,0.956160241874528,14.54,49,33,41,16,0,0,0,2024,12,357,6,1
2024-12-23,19.57,11.86,1.65008431703204,21.58,53,30,41.5,23,0,0,0,2024,12,358,0,0
2024-12-24,10.59,10.31,1.02715809893307,11.58,52,25,38.5,27,0,0,0,2024,12,359,1,0
2024-12-25,9.59,12.41,0.77276390008058,11.46,54,30,42,24,0,0,0,2024,12,360,2,0
2024-12-26,10.78,13.25,0.813584905660377,11.66,44,25,34.5,19,0,0,0,2024,12,361,3,0
2024-12-27,11.34,13.66,0.830161054172767,12.88,47,29,38,18,0,0,0,2024,12,362,4,0
2024-12-28,11.84,13.54,0.874446085672083,12.71,50,25,37.5,25,0,0,0,2024,12,363,5,1
2024-12-29,12.2,13.56,0.899705014749262,15.14,50,30,40,20,0,0,0,2024,12,364,6,1
2024-12-30,11.85,12.81,0.925058548009368,15.31,51,33,42,18,0,0,0,2024,12,365,0,0
2024-12-31,11.51,12.81,0.898516783762685,12.43,37,20,28.5,17,0,0,0,2024,12,366,1,0
2025-01-01,11.41,12.38,0.921647819063005,12.32,31,10,20.5,21,0,0,0,2025,1,1,2,0
2025-01-02,12.85,13.56,0.9476401179941,14.36,51,21,36,30,0,0,0,2025,1,2,3,0
2025-01-03,13.08,13.97,0.936292054402291,14.31,49,24,36.5,25,0,0,0,2025,1,3,4,0
2025-01-04,12.67,14.06,0.901137980085348,14.25,39,22,30.5,17,0,0,0,2025,1,4,5,1
2025-01-05,13.18,14.28,0.92296918767507,14.19,26,15,20.5,11,0,0,0,2025,1,5,6,1
2025-01-06,13.17,14.06,0.936699857752489,15.01,38,13,25.5,25,0,0,0,2025,1,6,0,0
2025-01-07,12.68,13.92,0.910919540229885,13.82,30,16,23,14,0.11,2.1,2,2025,1,7,1,0
2025-01-08,13.87,13.95,0.99426523297491,15.3,38,-2,18,40,0,0,1,2025,1,8,2,0
2025-01-09,13.79,13.99,0.985704074338813,15.84,38,25,31.5,13,0,0,0,2025,1,9,3,0
2025-01-10,13.37,14.17,0.943542695836274,15.04,39,9,24,30,0,0,0,2025,1,10,4,0
2025-01-11,13.14,13.88,0.946685878962536,14.35,45,27,36,18,0,0,0,2025,1,11,5,1
2025-01-12,13.3,13.69,0.971512052593134,15.09,41,22,31.5,19,0,0,0,2025,1,12,6,1
2025-01-13,13.44,14.08,0.954545454545454,15.02,39,10,24.5,29,0,0,0,2025,1,13,0,0
2025-01-14,13.44,14.13,0.951167728237792,14.97,41,11,26,30,0,0,0,2025,1,14,1,0
2025-01-15,13.56,14.06,0.964438122332859,14.85,50,12,31,38,0,0,0,2025,1,15,2,0
2025-01-16,13.65,14.19,0.961945031712474,14.79,57,16,36.5,41,0,0,0,2025,1,16,3,0
2025-01-17,13.05,14.17,0.920959774170783,14.61,53,20,36.5,33,0,0,0,2025,1,17,4,0
2025-01-18,13.01,14.3,0.90979020979021,14.11,25,9,17,16,0.24,3.6,2,2025,1,18,5,1
2025-01-19,13.58,14.2,0.956338028169014,15.95,19,-8,5.5,27,0.04,0.4,3,2025,1,19,6,1
2025-01-20,14.21,14.28,0.995098039215686,15.87,15,-1,7,16,0.09,1.2,4,2025,1,20,0,0
2025-01-21,15.08,14.22,1.06047819971871,16.63,38,-11,13.5,49,0,0,4,2025,1,21,1,0
2025-01-22,14.85,14.42,1.02981969486824,19.11,38,24,31,14,0,0,2,2025,1,22,2,0
2025-01-23,15.06,14.43,1.04365904365904,18.47,32,17,24.5,15,0,0,2,2025,1,23,3,0
2025-01-24,13.5,14.3,0.944055944055944,17.67,44,14,29,30,0,0,0,2025,1,24,4,0
2025-01-25,14.22,14.55,0.977319587628866,14.95,35,17,26,18,0.25,5.8,6,2025,1,25,5,1
2025-01-26,15.29,14.53,1.05230557467309,17.36,28,15,21.5,13,0.01,0.1,3,2025,1,26,6,1
2025-01-27,15.9,14.59,1.08978752570254,16.95,48,3,25.5,45,0,0,3,2025,1,27,0,0
2025-01-28,19.91,14.47,1.37595024187975,21.89,55,11,33,44,0,0,2,2025,1,28,1,0
2025-01-29,17.26,14.68,1.17574931880109,18.77,47,16,31.5,31,0,0,2,2025,1,29,2,0
2025-01-30,16.33,14.4,1.13402777777778,15.62,53,22,37.5,31,0,0,0,2025,1,30,3,0
2025-01-31,14.5,14.44,1.00415512465374,15.83,56,17,36.5,39,0,0,0,2025,1,31,4,0
2025-02-01,14.56,14.38,1.0125173852573,16,60,28,44,32,0,0,0,2025,2,32,5,1
2025-02-02,14.79,14.16,1.04449152542373,17.8,68,29,48.5,39,0,0,0,2025,2,33,6,1
2025-02-03,14.48,14.23,1.01756851721715,16.18,71,30,50.5,41,0,0,0,2025,2,34,0,0
2025-02-04,14.51,13.94,1.04088952654232,15.83,33,16,24.5,17,0,0,0,2025,2,35,1,0
2025-02-05,14.5,14.24,1.01825842696629,16.04,64,16,40,48,0,0,0,2025,2,36,2,0
2025-02-06,14.38,14.5,0.991724137931034,15.67,56,25,40.5,31,0,0,0,2025,2,37,3,0
2025-02-07,14.16,14.25,0.993684210526316,15.15,66,19,42.5,47,0,0,0,2025,2,38,4,0
2025-02-08,13.64,14.3,0.953846153846154,15.45,57,21,39,36,0,0,0,2025,2,39,5,1
2025-02-09,14.18,14.44,0.981994459833795,15.88,40,20,30,20,0.04,0.8,0,2025,2,40,6,1
2025-02-10,14.35,14.33,1.00139567341242,15.52,41,16,28.5,25,0,0,0,2025,2,41,0,0
2025-02-11,13.98,14.32,0.976256983240223,15.19,18,5,11.5,13,0.02,0.7,1,2025,2,42,1,0
2025-02-12,14.03,14.19,0.988724453840733,15.41,13,5,9,8,0.11,1.5,2,2025,2,43,2,0
2025-02-13,14.35,14.38,0.997913769123783,15.56,31,-5,13,36,0,0,1,2025,2,44,3,0
2025-02-14,14.04,14.33,0.979762735519888,15.67,48,17,32.5,31,0,0,0,2025,2,45,4,0
2025-02-15,14.4,14.48,0.994475138121547,15.19,41,19,30,22,0.19,2.5,2,2025,2,46,5,1
2025-02-16,14.08,14.36,0.98050139275766,15.9,33,3,18,30,0,0,1,2025,2,47,6,1
2025-02-17,13.75,14.41,0.954198473282443,15.37,29,17,23,12,0,0.1,1,2025,2,48,0,0
2025-02-18,14.21,14.28,0.995098039215686,15.11,18,4,11,14,0,0.4,1,2025,2,49,1,0
2025-02-19,14.6,14.12,1.03399433427762,16,17,-2,7.5,19,0.03,1,1,2025,2,50,2,0
2025-02-20,14.74,14.31,1.03004891684137,15.87,30,6,18,24,0,0,0,2025,2,51,3,0
2025-02-21,14.76,14.3,1.03216783216783,16.28,47,19,33,28,0,0,0,2025,2,52,4,0
2025-02-22,14.54,14.32,1.01536312849162,15.86,55,17,36,38,0,0,0,2025,2,53,5,1
2025-02-23,15.16,14.14,1.07213578500707,16.88,69,25,47,44,0,0,0,2025,2,54,6,1
2025-02-24,15.88,14.11,1.12544294826364,16.98,66,40,53,26,0,0,0,2025,2,55,0,0
2025-02-25,14.68,14.18,1.03526093088858,16.3,68,33,50.5,35,0,0,0,2025,2,56,1,0
2025-02-26,14.7,14.18,1.03667136812412,14.98,51,27,39,24,0,0,0,2025,2,57,2,0
2025-02-27,14.71,14.15,1.03957597173145,16.16,64,21,42.5,43,0,0,0,2025,2,58,3,0
2025-02-28,13.88,14.31,0.96995108315863,14.77,68,30,49,38,0,0,0,2025,2,59,4,0
2025-03-01,13.76,14.35,0.958885017421603,15.5,64,24,44,40,0,0,0,2025,3,60,5,1
2025-03-02,14.05,14.47,0.970974429854872,15.32,68,25,46.5,43,0,0,0,2025,3,61,6,1
2025-03-03,13.9,14.24,0.976123595505618,15.4,66,32,49,34,0,0,0,2025,3,62,0,0
2025-03-04,14.08,14.55,0.967697594501718,14.94,49,35,42,14,0,0,0,2025,3,63,1,0
2025-03-05,13.98,14.38,0.972183588317107,15.67,54,22,38,32,0,0,0,2025,3,64,2,0
2025-03-06,13.72,14.45,0.949480968858131,14.63,49,34,41.5,15,0.04,0,0,2025,3,65,3,0
2025-03-07,13.41,14.57,0.920384351407001,14.94,42,25,33.5,17,0.01,0.1,0,2025,3,66,4,0
2025-03-08,13.52,14.72,0.918478260869565,14.82,54,20,37,34,0,0,0,2025,3,67,5,1
2025-03-09,13.81,14.41,0.958362248438584,16.21,70,23,46.5,47,0,0,0,2025,3,68,6,1
2025-03-10,14.11,14.32,0.985335195530726,15.19,72,31,51.5,41,0,0,0,2025,3,69,0,0
2025-03-11,13.93,13.94,0.999282639885222,15.64,64,34,49,30,0,0,0,2025,3,70,1,0
2025-03-12,14.48,14.01,1.03354746609565,15.73,66,35,50.5,31,0,0,0,2025,3,71,2,0
2025-03-13,13.53,13.93,0.971284996410624,14.92,69,32,50.5,37,0,0,0,2025,3,72,3,0
2025-03-14,13.67,13.83,0.988430947216197,15.28,60,38,49,22,0.01,0,0,2025,3,73,4,0
2025-03-15,13.29,13.72,0.96865889212828,14.19,48,29,38.5,19,0,0,0,2025,3,74,5,1
2025-03-16,13.17,13.59,0.969094922737307,14.84,62,25,43.5,37,0,0,0,2025,3,75,6,1
2025-03-17,16.09,13.84,1.16257225433526,17.28,70,36,53,34,0,0,0,2025,3,76,0,0
2025-03-18,12.7,14.09,0.901348474095103,14.54,66,36,51,30,0,0,0,2025,3,77,1,0
2025-03-19,12.51,14.14,0.884724186704385,13.06,47,30,38.5,17,0,0,0,2025,3,78,2,0
2025-03-20,13.19,14.21,0.928219563687544,15.16,57,19,38,38,0,0,0,2025,3,79,3,0
2025-03-21,13.45,14.32,0.939245810055866,14.23,57,31,44,26,0,0,0,2025,3,80,4,0
2025-03-22,13.18,14.14,0.932107496463932,15.06,61,33,47,28,0,0,0,2025,3,81,5,1
2025-03-23,14,14.27,0.981079187105816,15.95,63,31,47,32,0,0,0,2025,3,82,6,1
2025-03-24,16.16,14.48,1.11602209944751,18.22,72,43,57.5,29,0,0,0,2025,3,83,0,0
2025-03-25,14.73,14.33,1.02791346824843,18.08,73,48,60.5,25,0,0,0,2025,3,84,1,0
2025-03-26,16.4,14.4,1.13888888888889,20.39,75,35,55,40,0,0,0,2025,3,85,2,0
2025-03-27,15.44,14.59,1.05825908156271,17.49,78,38,58,40,0,0,0,2025,3,86,3,0
2025-03-28,14.67,14.54,1.00894085281981,16.15,78,45,61.5,33,0,0,0,2025,3,87,4,0
2025-03-29,13.6,14.65,0.928327645051194,15.48,61,40,50.5,21,0.84,0,0,2025,3,88,5,1
2025-03-30,13.56,14.62,0.92749658002736,14.76,45,34,39.5,11,0.29,0,0,2025,3,89,6,1
2025-03-31,14.33,14.54,0.985557083906465,17.33,55,37,46,18,0,0,0,2025,3,90,0,0
2025-04-01,14.44,14.51,0.995175740868367,15.94,53,34,43.5,19,0,0,0,2025,4,91,1,0
2025-04-02,13.29,14.95,0.888963210702341,15.5,50,34,42,16,0,0,0,2025,4,92,2,0
2025-04-03,13.74,15.36,0.89453125,15.45,45,27,36,18,0.03,0,0,2025,4,93,3,0
2025-04-04,13.74,15.63,0.879078694817658,15.11,37,30,33.5,7,0.04,0.4,0,2025,4,94,4,0
2025-04-05,13.55,15.34,0.883311603650587,15.34,47,28,37.5,19,0.06,0.2,0,2025,4,95,5,1
2025-04-06,14.14,15.59,0.90699166132136,16.05,63,23,43,40,0,0,0,2025,4,96,6,1
2025-04-07,13.46,15.78,0.85297845373891,16.45,68,29,48.5,39,0,0,0,2025,4,97,0,0
2025-04-08,14,15.52,0.902061855670103,16.95,75,40,57.5,35,0,0,0,2025,4,98,1,0
2025-04-09,14.93,15.75,0.947936507936508,17.67,72,42,57,30,0,0,0,2025,4,99,2,0
2025-04-10,16.04,15.97,1.00438321853475,17.01,69,35,52,34,0,0,0,2025,4,100,3,0
2025-04-11,16.64,15.79,1.0538315389487,18.02,81,35,58,46,0,0,0,2025,4,101,4,0
2025-04-12,16.78,15.87,1.05734089477001,16.85,88,44,66,44,0,0,0,2025,4,102,5,1
2025-04-13,16.2,15.93,1.01694915254237,15.54,74,47,60.5,27,0.03,0,0,2025,4,103,6,1
2025-04-14,16.41,15.73,1.04322949777495,17.58,58,36,47,22,0.03,0,0,2025,4,104,0,0
2025-04-15,16.51,15.64,1.05562659846547,18.94,70,31,50.5,39,0,0,0,2025,4,105,1,0
2025-04-16,16.47,15.74,1.04637865311309,18.91,78,39,58.5,39,0,0,0,2025,4,106,2,0
2025-04-17,14.77,16.22,0.910604192355117,16.32,66,34,50,32,0.01,0,0,2025,4,107,3,0
2025-04-18,13.22,16.29,0.811540822590546,13.39,35,28,31.5,7,0.31,2.6,0,2025,4,108,4,0
2025-04-19,14.34,15.98,0.897371714643304,13.6,50,30,40,20,0.03,0.4,0,2025,4,109,5,1
2025-04-20,14.01,16.05,0.872897196261682,14.22,66,27,46.5,39,0,0,0,2025,4,110,6,1
2025-04-21,16.05,16.09,0.997513983840895,17.06,72,34,53,38,0,0,0,2025,4,111,0,0
2025-04-22,16.22,16.41,0.98842169408897,19.97,71,36,53.5,35,0,0,0,2025,4,112,1,0
2025-04-23,16.06,16.88,0.951421800947867,20.34,64,42,53,22,0,0,0,2025,4,113,2,0
2025-04-24,15.9,16.86,0.94306049822064,19.76,64,45,54.5,19,0,0,0,2025,4,114,3,0
2025-04-25,15.32,16.76,0.914081145584726,17.43,52,39,45.5,13,0.05,0,0,2025,4,115,4,0
2025-04-26,15.07,17.05,0.883870967741935,16.28,70,39,54.5,31,0.09,0,0,2025,4,116,5,1
2025-04-27,16.73,17.16,0.974941724941725,19.5,79,44,61.5,35,0,0,0,2025,4,117,6,1
2025-04-28,16.7,17.06,0.978898007033998,21.43,68,48,58,20,0,0,0,2025,4,118,0,0
2025-04-29,17.46,17.27,1.01100173711639,21.34,66,37,51.5,29,0,0,0,2025,4,119,1,0
2025-04-30,17.54,17.69,0.99152063312606,19.7,70,37,53.5,33,0.22,0,0,2025,4,120,2,0
2025-05-01,16.86,17.89,0.94242593627725,17.56,63,41,52,22,0.02,0,0,2025,5,121,3,0
2025-05-02,18.28,18.3,0.998907103825137,20.32,70,34,52,36,0,0,0,2025,5,122,4,0
2025-05-03,18.76,19.04,0.985294117647059,21.55,78,36,57,42,0,0,0,2025,5,123,5,1
2025-05-04,18.86,19.11,0.986917844060701,21.04,76,42,59,34,0,0,0,2025,5,124,6,1
2025-05-05,18.43,19.17,0.961398017736046,20.84,70,42,56,28,0.06,0,0,2025,5,125,0,0
2025-05-06,16.41,19.06,0.86096537250787,16.92,51,45,48,6,0.77,0,0,2025,5,126,1,0
2025-05-07,16.55,19.02,0.870136698212408,16.57,58,44,51,14,0.38,0,0,2025,5,127,2,0
2025-05-08,17.26,18.6,0.927956989247312,17.12,68,39,53.5,29,0,0,0,2025,5,128,3,0
2025-05-09,18.6,18.21,1.02141680395387,20.43,75,43,59,32,0,0,0,2025,5,129,4,0
2025-05-10,18.97,17.67,1.07357102433503,22.49,78,44,61,34,0,0,0,2025,5,130,5,1
2025-05-11,20.59,18.15,1.13443526170799,24.44,84,46,65,38,0,0,0,2025,5,131,6,1
2025-05-12,23.14,18.46,1.25352112676056,29.91,86,51,68.5,35,0,0,0,2025,5,132,0,0
2025-05-13,23.23,18.47,1.25771521386031,29.56,86,49,67.5,37,0,0,0,2025,5,133,1,0
2025-05-14,22.2,19.14,1.15987460815047,25.58,75,44,59.5,31,0.3,0,0,2025,5,134,2,0
2025-05-15,20.42,19.1,1.06910994764398,19.17,67,43,55,24,0,0,0,2025,5,135,3,0
2025-05-16,23.22,19.28,1.20435684647303,25.37,71,46,58.5,25,0,0,0,2025,5,136,4,0
2025-05-17,21.62,19.26,1.12253374870197,23.98,69,47,58,22,0,0,0,2025,5,137,5,1
2025-05-18,20.02,19.17,1.04434011476265,21.67,65,49,57,16,0.08,0,0,2025,5,138,6,1
2025-05-19,22.66,19.07,1.1882538017829,25.78,67,45,56,22,0,0,0,2025,5,139,0,0
2025-05-20,22.57,20.22,1.1162215628091,25.46,70,41,55.5,29,0,0,0,2025,5,140,1,0
2025-05-21,25.49,20.36,1.25196463654224,29.16,76,50,63,26,0,0,0,2025,5,141,2,0
2025-05-22,25.1,20.2,1.24257425742574,30.62,76,39,57.5,37,0,0,0,2025,5,142,3,0
2025-05-23,25.95,20.25,1.28148148148148,31.83,83,49,66,34,0,0,0,2025,5,143,4,0
2025-05-24,21.25,20.94,1.01480420248329,23.81,73,52,62.5,21,0.07,0,0,2025,5,144,5,1
2025-05-25,19,21.39,0.888265544647031,18.46,56,49,52.5,7,0.17,0,0,2025,5,145,6,1
2025-05-26,20.81,21.15,0.983924349881797,20.68,67,50,58.5,17,0.18,0,0,2025,5,146,0,0
2025-05-27,19.29,21.92,0.880018248175182,20.05,65,48,56.5,17,0.11,0,0,2025,5,147,1,0
2025-05-28,19.83,21.84,0.907967032967033,20.57,68,48,58,20,0.21,0,0,2025,5,148,2,0
2025-05-29,18.54,21.7,0.854377880184332,19.54,69,50,59.5,19,0.13,0,0,2025,5,149,3,0
2025-05-30,20.39,22.58,0.903011514614703,23.37,85,46,65.5,39,0.06,0,0,2025,5,150,4,0
2025-05-31,19.16,23.5,0.81531914893617,21.69,80,56,68,24,0.01,0,0,2025,5,151,5,1
2025-06-01,20.32,24.51,0.829049367605059,24.17,85,53,69,32,0,0,0,2025,6,152,6,1
2025-06-02,21.87,24.83,0.880789367700362,28.11,81,52,66.5,29,0,0,0,2025,6,153,0,0
2025-06-03,18.71,26.15,0.715487571701721,21.97,64,47,55.5,17,0.27,0,0,2025,6,154,1,0
2025-06-04,20.21,26.66,0.758064516129032,23.83,71,52,61.5,19,0.25,0,0,2025,6,155,2,0
2025-06-05,18.23,26.39,0.690791966654036,20.89,69,53,61,16,0.33,0,0,2025,6,156,3,0
2025-06-06,18.64,26.71,0.697865967802321,20.83,63,53,58,10,0.14,0,0,2025,6,157,4,0
2025-06-07,18.54,27.61,0.671495834842448,21.36,86,42,64,44,0,0,0,2025,6,158,5,1
2025-06-08,18.92,28.16,0.671875,21.93,78,53,65.5,25,0,0,0,2025,6,159,6,1
2025-06-09,22.95,28.88,0.794667590027701,29.58,83,46,64.5,37,0,0,0,2025,6,160,0,0
2025-06-10,23.37,29.29,0.797883236599522,28.88,90,49,69.5,41,0,0,0,2025,6,161,1,0
2025-06-11,27.55,29.84,0.923257372654155,33.48,86,59,72.5,27,0,0,0,2025,6,162,2,0
2025-06-12,24.75,29.77,0.831373866308364,29.56,82,57,69.5,25,0.06,0,0,2025,6,163,3,0
2025-06-13,26.72,30.74,0.869225764476252,31.36,86,54,70,32,0.03,0,0,2025,6,164,4,0
2025-06-14,24.99,31.57,0.791574279379157,31.81,89,57,73,32,0.03,0,0,2025,6,165,5,1
2025-06-15,25.45,30.77,0.82710432239194,32.38,91,56,73.5,35,0,0,0,2025,6,166,6,1
2025-06-16,29.33,30.26,0.969266358228685,38.5,91,55,73,36,0,0,0,2025,6,167,0,0
2025-06-17,24.01,30.22,0.794506949040371,26.71,78,55,66.5,23,0.4,0,0,2025,6,168,1,0
2025-06-18,24.38,30.39,0.802237578150707,22.69,81,47,64,34,0,0,0,2025,6,169,2,0
2025-06-19,26.21,31.32,0.836845466155811,25.34,93,52,72.5,41,0,0,0,2025,6,170,3,0
2025-06-20,30.55,31.17,0.980109079242862,33.58,98,55,76.5,43,0,0,0,2025,6,171,4,0
2025-06-21,29.59,31.19,0.948701506893235,34.62,95,65,80,30,0,0,0,2025,6,172,5,1
2025-06-22,28.75,31.89,0.901536531828159,32.71,89,59,74,30,0,0,0,2025,6,173,6,1
2025-06-23,30.55,31.47,0.970765808706705,34.2,73,56,64.5,17,0,0,0,2025,6,174,0,0
2025-06-24,27.19,31.18,0.872033354714561,29.62,78,59,68.5,19,0,0,0,2025,6,175,1,0
2025-06-25,28.63,32.51,0.880652107043986,31.12,83,61,72,22,0.25,0,0,2025,6,176,2,0
2025-06-26,26.76,33,0.810909090909091,27.53,86,52,69,34,0,0,0,2025,6,177,3,0
2025-06-27,31.26,33.86,0.923213230950975,35.48,92,55,73.5,37,0,0,0,2025,6,178,4,0
2025-06-28,29.54,33.97,0.869590815425375,35.14,96,55,75.5,41,0,0,0,2025,6,179,5,1
2025-06-29,29.79,33.01,0.902453801878219,34.59,86,57,71.5,29,0,0,0,2025,6,180,6,1
2025-06-30,31.95,32.63,0.979160281949126,38.02,80,61,70.5,19,0,0,0,2025,6,181,0,0
2025-07-01,30.29,33.48,0.904719235364397,35.9,90,58,74,32,0,0,0,2025,7,182,1,0
2025-07-02,33.8,35.03,0.964887239508992,39.89,93,55,74,38,0,0,0,2025,7,183,2,0
2025-07-03,31.99,32.99,0.969687784177023,38.4,93,57,75,36,0,0,0,2025,7,184,3,0
2025-07-04,31.15,32.89,0.94709638187899,37.71,87,66,76.5,21,0.1,0,0,2025,7,185,4,0
2025-07-05,28.51,32.66,0.872933251684017,34.32,89,62,75.5,27,0.04,0,0,2025,7,186,5,1
2025-07-06,29.1,32.96,0.882888349514563,35.02,90,58,74,32,0,0,0,2025,7,187,6,1
2025-07-07,33.76,33.1,1.01993957703927,41.63,94,59,76.5,35,0,0,0,2025,7,188,0,0
2025-07-08,32.13,34.14,0.941124780316344,37.86,94,55,74.5,39,0,0,0,2025,7,189,1,0
2025-07-09,36.09,35.44,1.01834085778781,41.32,100,55,77.5,45,0,0,0,2025,7,190,2,0
2025-07-10,32.89,35.58,0.924395727937043,37.28,95,74,84.5,21,0,0,0,2025,7,191,3,0
2025-07-11,33.43,34.77,0.961461029623238,37.09,86,56,71,30,0.01,0,0,2025,7,192,4,0
2025-07-12,28.37,34.38,0.825189063408959,30.2,82,59,70.5,23,0.02,0,0,2025,7,193,5,1
2025-07-13,31.7,33.64,0.942330558858502,36.31,91,59,75,32,0,0,0,2025,7,194,6,1
2025-07-14,34.45,33.23,1.03671381281974,41.21,93,64,78.5,29,0,0,0,2025,7,195,0,0
2025-07-15,32.67,33.66,0.970588235294118,38.56,96,58,77,38,0,0,0,2025,7,196,1,0
2025-07-16,31.62,35.8,0.883240223463687,35.99,80,63,71.5,17,0.04,0,0,2025,7,197,2,0
2025-07-17,28.22,34.88,0.809059633027523,31.62,83,59,71,24,0.03,0,0,2025,7,198,3,0
2025-07-18,31.71,34.67,0.914623593885203,36.4,90,57,73.5,33,0.03,0,0,2025,7,199,4,0
2025-07-19,30.47,34.65,0.879365079365079,36.78,90,59,74.5,31,0,0,0,2025,7,200,5,1
2025-07-20,30.83,34.38,0.89674229203025,37.06,93,60,76.5,33,0,0,0,2025,7,201,6,1
2025-07-21,34.64,35.06,0.988020536223617,42.91,97,57,77,40,0,0,0,2025,7,202,0,0
2025-07-22,30.45,34.94,0.871493989696623,37.21,94,65,79.5,29,0.28,0,0,2025,7,203,1,0
2025-07-23,30.54,35.43,0.861981371718882,36.81,84,61,72.5,23,0.18,0,0,2025,7,204,2,0
2025-07-24,28.56,34.19,0.835331968411816,34.07,83,59,71,24,0.01,0,0,2025,7,205,3,0
2025-07-25,33.29,33.95,0.980559646539028,37.89,89,58,73.5,31,0,0,0,2025,7,206,4,0
2025-07-26,31.66,33.6,0.942261904761905,36.4,94,56,75,38,0,0,0,2025,7,207,5,1
2025-07-27,32.31,33.11,0.975838115372999,36.61,96,55,75.5,41,0,0,0,2025,7,208,6,1
2025-07-28,35.93,33.02,1.08812840702604,42.16,99,60,79.5,39,0,0,0,2025,7,209,0,0
2025-07-29,30.61,32.07,0.954474586841285,34.33,87,67,77,20,0,0,0,2025,7,210,1,0
2025-07-30,32.01,32.05,0.998751950078003,36.23,78,59,68.5,19,0.1,0,0,2025,7,211,2,0
2025-07-31,29.77,32.07,0.928281883380106,33.84,84,60,72,24,0,0,0,2025,7,212,3,0
2025-08-01,33.01,33.06,0.99848759830611,37.68,81,55,68,26,0,0,0,2025,8,213,4,0
2025-08-02,29.82,32.25,0.924651162790698,34.44,87,52,69.5,35,0,0,0,2025,8,214,5,1
2025-08-03,30.42,31.53,0.964795432921028,35.09,87,51,69,36,0.1,0,0,2025,8,215,6,1
2025-08-04,34.84,31.81,1.09525306507388,41.17,92,54,73,38,0,0,0,2025,8,216,0,0
2025-08-05,31.76,31.65,1.00347551342812,38.27,96,60,78,36,0,0,0,2025,8,217,1,0
2025-08-06,35.42,32.36,1.09456118665019,41.77,92,59,75.5,33,0,0,0,2025,8,218,2,0
2025-08-07,32.47,32.16,1.00963930348259,37.98,96,61,78.5,35,0,0,0,2025,8,219,3,0
2025-08-08,34.62,32.51,1.06490310673639,41.22,92,61,76.5,31,0,0,0,2025,8,220,4,0
2025-08-09,31.95,32.47,0.983985217123499,37.41,86,60,73,26,0,0,0,2025,8,221,5,1
2025-08-10,29.01,32.3,0.898142414860681,34.33,77,57,67,20,0.18,0,0,2025,8,222,6,1
2025-08-11,29.75,33.02,0.900969109630527,33.74,85,52,68.5,33,0.02,0,0,2025,8,223,0,0
2025-08-12,29.78,33.32,0.8937575030012,34.66,86,57,71.5,29,0,0,0,2025,8,224,1,0
2025-08-13,34.27,33.63,1.019030627416,41.08,98,55,76.5,43,0,0,0,2025,8,225,2,0
2025-08-14,31.85,33,0.965151515151515,38.32,97,57,77,40,0,0,0,2025,8,226,3,0
2025-08-15,34.65,33.5,1.03432835820896,41.36,94,59,76.5,35,0,0,0,2025,8,227,4,0
2025-08-16,31.26,34.05,0.91806167400881,38.04,89,63,76,26,0,0,0,2025,8,228,5,1
2025-08-17,31.13,33.55,0.927868852459016,36.41,90,59,74.5,31,0.02,0,0,2025,8,229,6,1
2025-08-18,34.59,33.05,1.04659606656581,40.79,91,59,75,32,0,0,0,2025,8,230,0,0
2025-08-19,32.24,33.01,0.976673735231748,36.85,91,57,74,34,0,0,0,2025,8,231,1,0
2025-08-20,35.59,34.29,1.03791192767571,41.16,93,58,75.5,35,0,0,0,2025,8,232,2,0
2025-08-21,32.14,33.83,0.950044339343778,36.78,95,58,76.5,37,0,0,0,2025,8,233,3,0
2025-08-22,32.49,34.34,0.94612696563774,36.93,77,63,70,14,0.03,0,0,2025,8,234,4,0
2025-08-23,29.76,34.74,0.856649395509499,34.46,82,64,73,18,0,0,0,2025,8,235,5,1
2025-08-24,29.03,33.73,0.860658167803143,33.45,77,58,67.5,19,0.01,0,0,2025,8,236,6,1
2025-08-25,27.94,33.33,0.838283828382838,32.4,70,59,64.5,11,0.17,0,0,2025,8,237,0,0
2025-08-26,25.26,33.36,0.757194244604317,29.31,74,54,64,20,0.08,0,0,2025,8,238,1,0
2025-08-27,26.54,34.03,0.779900088157508,32.54,78,61,69.5,17,0.05,0,0,2025,8,239,2,0
2025-08-28,23.82,33.11,0.719420114768952,28.18,79,55,67,24,0.51,0,0,2025,8,240,3,0
2025-08-29,25.57,33.04,0.773910411622276,31.88,80,54,67,26,0,0,0,2025,8,241,4,0
2025-08-30,23.79,33.29,0.71462901772304,29.48,79,58,68.5,21,0.51,0,0,2025,8,242,5,1
2025-08-31,23.8,33.62,0.707911957168352,29.34,84,49,66.5,35,0.01,0,0,2025,8,243,6,1
2025-09-01,27.51,33.76,0.814869668246445,36.18,86,53,69.5,33,0,0,0,2025,9,244,0,0
2025-09-02,26.69,33.19,0.80415787887918,33.5,88,50,69,38,0,0,0,2025,9,245,1,0
2025-09-03,30.31,33.76,0.897808056872038,36.75,90,50,70,40,0,0,0,2025,9,246,2,0
2025-09-04,27.53,32.95,0.835508345978756,32.21,88,53,70.5,35,0.03,0,0,2025,9,247,3,0
2025-09-05,29.46,32.82,0.897623400365631,34.71,70,54,62,16,0,0,0,2025,9,248,4,0
2025-09-06,26.79,32.52,0.82380073800738,30.03,77,43,60,34,0,0,0,2025,9,249,5,1
2025-09-07,26.53,31.44,0.84382951653944,29.33,82,55,68.5,27,0.04,0,0,2025,9,250,6,1
2025-09-08,29.39,30.26,0.971249173826834,34.37,87,51,69,36,0.02,0,0,2025,9,251,0,0
2025-09-09,27.27,28.61,0.953163229639986,31.7,85,50,67.5,35,0.01,0,0,2025,9,252,1,0
2025-09-10,30.6,28.92,1.05809128630705,35.56,90,50,70,40,0,0,0,2025,9,253,2,0
2025-09-11,28.29,28.51,0.99228340933006,31.81,86,61,73.5,25,0,0,0,2025,9,254,3,0
2025-09-12,28.69,28.39,1.01056710109193,31.99,80,55,67.5,25,0,0,0,2025,9,255,4,0
2025-09-13,25.44,28.33,0.897987998588069,27.45,75,53,64,22,0.03,0,0,2025,9,256,5,1
2025-09-14,24.68,28.5,0.865964912280702,26.12,73,53,63,20,0.01,0,0,2025,9,257,6,1
2025-09-15,28.56,28.46,1.00351370344343,34.59,84,46,65,38,0,0,0,2025,9,258,0,0
2025-09-16,24.33,28.89,0.842159916926272,29.86,80,53,66.5,27,0.57,0,0,2025,9,259,1,0
2025-09-17,23.24,29.62,0.784604996623903,26.79,65,46,55.5,19,0.16,0,0,2025,9,260,2,0
2025-09-18,21.95,29.06,0.755333792154164,25.55,74,45,59.5,29,0,0,0,2025,9,261,3,0
2025-09-19,25.26,29.12,0.867445054945055,30.47,79,45,62,34,0,0,0,2025,9,262,4,0
2025-09-20,23.1,29.01,0.796277145811789,27.33,79,55,67,24,0.01,0,0,2025,9,263,5,1
2025-09-21,23.64,28.51,0.829182742897229,28.24,82,49,65.5,33,0,0,0,2025,9,264,6,1
2025-09-22,24.73,28.32,0.873234463276836,30.25,78,53,65.5,25,0.23,0,0,2025,9,265,0,0
2025-09-23,19.63,27.77,0.706877925819229,20.49,56,50,53,6,1.22,0,0,2025,9,266,1,0
2025-09-24,20.46,28.43,0.719662328526205,19.76,70,43,56.5,27,0,0,0,2025,9,267,2,0
2025-09-25,20.04,27.63,0.725298588490771,21.56,79,41,60,38,0,0,0,2025,9,268,3,0
2025-09-26,21.74,27.33,0.795462861324552,27.69,86,43,64.5,43,0,0,0,2025,9,269,4,0
2025-09-27,20.42,26.49,0.770856927142318,27.14,78,48,63,30,0,0,0,2025,9,270,5,1
2025-09-28,21.24,25.5,0.832941176470588,29.32,80,50,65,30,0,0,0,2025,9,271,6,1
2025-09-29,23.62,25.05,0.942914171656687,30.34,79,51,65,28,0,0,0,2025,9,272,0,0
2025-09-30,21.92,23.7,0.924894514767932,26.59,80,47,63.5,33,0,0,0,2025,9,273,1,0
2025-10-01,23.6,23.14,1.01987899740709,28.37,80,49,64.5,31,0,0,0,2025,10,274,2,0
2025-10-02,21.55,22.14,0.973351400180668,24.86,80,46,63,34,0,0,0,2025,10,275,3,0
2025-10-03,23.27,21.75,1.06988505747126,25.71,84,46,65,38,0,0,0,2025,10,276,4,0
2025-10-04,20.53,21.31,0.963397465978414,20.97,80,56,68,24,0.02,0,0,2025,10,277,5,1
2025-10-05,19.16,20.42,0.938295788442703,21.04,65,42,53.5,23,0.14,0,0,2025,10,278,6,1
2025-10-06,18.42,20.13,0.9150521609538,20.28,52,43,47.5,9,0.29,0,0,2025,10,279,0,0
2025-10-07,17.07,19.9,0.857788944723618,17.56,57,41,49,16,0,0,0,2025,10,280,1,0
2025-10-08,18.48,19.05,0.97007874015748,18.94,72,36,54,36,0,0,0,2025,10,281,2,0
2025-10-09,17.66,18.64,0.947424892703863,18.57,83,40,61.5,43,0,0,0,2025,10,282,3,0
2025-10-10,17.71,18.07,0.980077476480354,20.83,65,47,56,18,0.02,0,0,2025,10,283,4,0
2025-10-11,15.68,17.69,0.886376483889203,17.19,66,49,57.5,17,0,0,0,2025,10,284,5,1
2025-10-12,16.53,17.44,0.947821100917431,18.11,69,48,58.5,21,0,0,0,2025,10,285,6,1
2025-10-13,17.08,17.09,0.999414862492686,20.41,59,36,47.5,23,0,0,0,2025,10,286,0,0
2025-10-14,16.1,16.8,0.958333333333333,19.76,70,43,56.5,27,0,0,0,2025,10,287,1,0
2025-10-15,16.88,16.96,0.995283018867924,20.6,74,45,59.5,29,0,0,0,2025,10,288,2,0
2025-10-16,16.2,16.94,0.956316410861865,19.37,71,49,60,22,0.01,0,0,2025,10,289,3,0
2025-10-17,16.49,16.6,0.993373493975904,20.12,67,35,51,32,0,0,0,2025,10,290,4,0
2025-10-18,15.13,16.6,0.91144578313253,18.24,62,41,51.5,21,0,0,0,2025,10,291,5,1
2025-10-19,15.05,16.21,0.928439235040099,17.51,71,29,50,42,0,0,0,2025,10,292,6,1
2025-10-20,14.97,15.72,0.952290076335878,17.69,66,45,55.5,21,0,0,0,2025,10,293,0,0
2025-10-21,14.62,15.61,0.936579115951313,17.44,69,29,49,40,0,0,0,2025,10,294,1,0
2025-10-22,14.63,15.43,0.948152948801037,16.98,69,31,50,38,0,0,0,2025,10,295,2,0
2025-10-23,14.64,15.48,0.945736434108527,16.76,69,37,53,32,0,0,0,2025,10,296,3,0
2025-10-24,14.01,15.24,0.919291338582677,17.51,68,43,55.5,25,0,0,0,2025,10,297,4,0
2025-10-25,14.15,15.23,0.92908732764281,16.15,72,32,52,40,0,0,0,2025,10,298,5,1
2025-10-26,14.51,15.45,0.93915857605178,16.99,60,39,49.5,21,0,0,0,2025,10,299,6,1
2025-10-27,13.87,14.87,0.932750504371217,15.81,60,39,49.5,21,0.02,0,0,2025,10,300,0,0
2025-10-28,13.82,15.04,0.918882978723404,15.51,51,32,41.5,19,0,0,0,2025,10,301,1,0
2025-10-29,13.86,14.9,0.930201342281879,15.12,57,20,38.5,37,0,0,0,2025,10,302,2,0
2025-10-30,13.67,14.42,0.947988904299584,15.42,54,32,43,22,0,0,0,2025,10,303,3,0
2025-10-31,13.2,15,0.88,14.34,54,29,41.5,25,0,0,0,2025,10,304,4,0
2025-11-01,13.1,15.15,0.864686468646865,14.87,62,24,43,38,0,0,0,2025,11,305,5,1
2025-11-02,14.41,15.05,0.957475083056478,16.23,79,32,55.5,47,0,0,0,2025,11,306,6,1
2025-11-03,13.73,14.85,0.924579124579124,16.63,56,29,42.5,27,0,0,0,2025,11,307,0,0
2025-11-04,15.24,14.96,1.01871657754011,16.96,75,29,52,46,0,0,0,2025,11,308,1,0
2025-11-05,14.36,15,0.957333333333333,15.28,64,34,49,30,0,0,0,2025,11,309,2,0
2025-11-06,14.04,14.72,0.953804347826087,14.89,66,35,50.5,31,0,0,0,2025,11,310,3,0
2025-11-07,12.92,14.62,0.883720930232558,14.82,56,31,43.5,25,0,0,0,2025,11,311,4,0
2025-11-08,13.09,14.84,0.882075471698113,14.41,57,36,46.5,21,0,0,0,2025,11,312,5,1
2025-11-09,13.81,14.67,0.941376959781868,15.32,52,20,36,32,0,0,0,2025,11,313,6,1
2025-11-10,13.71,14.4,0.952083333333333,15.59,65,27,46,38,0,0,0,2025,11,314,0,0
2025-11-11,14.13,14.63,0.965823650034176,16.37,76,47,61.5,29,0,0,0,2025,11,315,1,0
2025-11-12,13.8,14.97,0.921843687374749,15.16,62,34,48,28,0,0,0,2025,11,316,2,0
2025-11-13,13.9,14.61,0.951403148528405,15.68,75,38,56.5,37,0,0,0,2025,11,317,3,0
2025-11-14,13.78,14.89,0.925453324378778,15.3,75,35,55,40,0,0,0,2025,11,318,4,0
2025-11-15,13.29,14.57,0.912148249828414,15.91,66,45,55.5,21,0,0,0,2025,11,319,5,1
2025-11-16,14.11,14.96,0.943181818181818,15.75,70,32,51,38,0,0,0,2025,11,320,6,1
2025-11-17,10.33,14.43,0.715869715869716,15.41,60,46,53,14,0,0,0,2025,11,321,0,0
2025-11-18,17.09,14.71,1.1617946974847,16.06,62,42,52,20,0,0,0,2025,11,322,1,0
2025-11-19,13.91,14.47,0.961299239806496,15.38,66,33,49.5,33,0,0,0,2025,11,323,2,0
2025-11-20,13.51,14.14,0.955445544554455,15.22,52,37,44.5,15,0,0,0,2025,11,324,3,0
2025-11-21,13.12,13.56,0.967551622418879,14.17,48,40,44,8,0.02,0,0,2025,11,325,4,0
2025-11-22,12.9,13.27,0.972117558402411,14.49,57,28,42.5,29,0,0,0,2025,11,326,5,1
2025-11-23,12.54,12.9,0.972093023255814,14.47,61,30,45.5,31,0,0,0,2025,11,327,6,1
2025-11-24,12.62,13.13,0.961157654226961,13.99,60,30,45,30,0,0,0,2025,11,328,0,0
2025-11-25,13.28,13.38,0.992526158445441,14.47,48,32,40,16,0,0,0,2025,11,329,1,0
2025-11-26,11.81,13.44,0.878720238095238,13.4,40,20,30,20,0,0,0,2025,11,330,2,0
2025-11-27,10.31,13.58,0.75920471281296,11.88,47,20,33.5,27,0,0,0,2025,11,331,3,0
2025-11-28,10.66,13.88,0.768011527377522,11.7,56,21,38.5,35,0.01,0,0,2025,11,332,4,0
2025-11-29,11.63,14.1,0.824822695035461,13.12,45,20,32.5,25,0.03,0,0,2025,11,333,5,1
2025-11-30,12.6,14.25,0.884210526315789,13.81,24,11,17.5,13,0.01,0.1,0,2025,11,334,6,1
2025-12-01,13.23,14.39,0.919388464211258,14.55,43,11,27,32,0,0,0,2025,12,335,0,0
2025-12-02,13.59,14.35,0.947038327526132,15.19,49,20,34.5,29,0,0,0,2025,12,336,1,0
2025-12-03,13.06,14.54,0.898211829436039,14.21,40,25,32.5,15,0.46,6.8,6,2025,12,337,2,0
2025-12-04,13.57,14.47,0.937802349689012,15.08,38,8,23,30,0,0,4,2025,12,338,3,0
2025-12-05,12.73,14.07,0.904761904761905,13.88,40,24,32,16,0,0,4,2025,12,339,4,0
2025-12-06,12.43,14.34,0.866806136680614,13.62,50,22,36,28,0,0,1,2025,12,340,5,1
2025-12-07,13.37,14.47,0.923980649619903,14.99,50,28,39,22,0,0,0,2025,12,341,6,1
2025-12-08,12.3,14.53,0.846524432209222,14.05,54,26,40,28,0,0,0,2025,12,342,0,0
2025-12-09,13.49,14.53,0.92842395044735,15.43,64,38,51,26,0,0,0,2025,12,343,1,0
2025-12-10,13.5,14.46,0.933609958506224,14.59,60,35,47.5,25,0,0,0,2025,12,344,2,0
2025-12-11,13.41,14.56,0.921016483516484,15.32,69,41,55,28,0,0,0,2025,12,345,3,0
2025-12-12,13.03,14.65,0.889419795221843,14.22,63,34,48.5,29,0,0,0,2025,12,346,4,0
2025-12-13,12.89,14.42,0.893897364771151,14.23,61,27,44,34,0,0,0,2025,12,347,5,1
2025-12-14,12.95,14.58,0.888203017832647,14.44,60,23,41.5,37,0,0,0,2025,12,348,6,1
2025-12-15,13.26,14.52,0.913223140495868,15.36,66,23,44.5,43,0,0,0,2025,12,349,0,0
2025-12-16,13.55,14.34,0.944909344490934,17.81,68,27,47.5,41,0,0,0,2025,12,350,1,0
2025-12-17,12.96,14.26,0.908835904628331,14.54,68,31,49.5,37,0.02,0,0,2025,12,351,2,0
2025-12-18,14.63,14.25,1.02666666666667,15.48,49,33,41,16,0,0,0,2025,12,352,3,0
2025-12-19,13.95,14.36,0.971448467966574,15.2,71,26,48.5,45,0,0,0,2025,12,353,4,0
2025-12-20,12.08,14.07,0.858564321250888,13.84,64,31,47.5,33,0.01,0,0,2025,12,354,5,1
2025-12-21,12.08,13.8,0.87536231884058,13.39,58,29,43.5,29,0,0,0,2025,12,355,6,1
2025-12-22,13,13.23,0.982615268329554,13.85,75,33,54,42,0,0,0,2025,12,356,0,0
2025-12-23,11.98,11.86,1.01011804384486,13.03,60,34,47,26,0,0,0,2025,12,357,1,0
2025-12-24,10.5,10.31,1.0184287099903,12.09,66,36,51,30,0,0,0,2025,12,358,2,0
2025-12-25,9.21,12.41,0.742143432715552,10.52,72,35,53.5,37,0,0,0,2025,12,359,3,0
2025-12-26,10.99,13.25,0.829433962264151,12.54,62,32,47,30,0,0,0,2025,12,360,4,0
2025-12-27,11.38,13.66,0.833089311859444,12.37,56,35,45.5,21,0,0,0,2025,12,361,5,1
2025-12-28,11.48,13.54,0.847858197932053,13.11,48,19,33.5,29,0,0,0,2025,12,362,6,1
2025-12-29,11.62,13.56,0.85693215339233,12.95,43,14,28.5,29,0,0,0,2025,12,363,0,0
2025-12-30,12.19,12.81,0.95160031225605,13.16,54,18,36,36,0,0,0,2025,12,364,1,0
2025-12-31,11.53,12.81,0.90007806401249,13.11,63,21,42,42,0,0,0,2025,12,365,2,0
2026-01-01,11.18,12.38,0.903069466882068,12.35,60,29,44.5,31,0,0,0,2026,1,1,3,0
2026-01-02,12.35,13.56,0.910766961651917,13.29,62,31,46.5,31,0,0,0,2026,1,2,4,0
2026-01-03,12.7,13.97,0.909090909090909,15.07,60,28,44,32,0,0,0,2026,1,3,5,1
2026-01-04,12.98,14.06,0.923186344238976,14.39,63,32,47.5,31,0,0,0,2026,1,4,6,1
2026-01-05,13.14,14.28,0.920168067226891,14.67,62,30,46,32,0,0,0,2026,1,5,0,0
2026-01-06,12.95,14.06,0.921052631578947,14.26,59,39,49,20,0,0,0,2026,1,6,1,0
2026-01-07,12.99,13.92,0.933189655172414,14.36,59,23,41,36,0,0,0,2026,1,7,2,0
2026-01-08,12.7,13.95,0.910394265232975,13.91,47,31,39,16,0.07,0.7,0,2026,1,8,3,0
2026-01-09,12.74,13.99,0.910650464617584,13.93,37,24,30.5,13,0,0,0,2026,1,9,4,0
2026-01-10,12.65,14.17,0.89273112208892,14.07,50,13,31.5,37,0,0,0,2026,1,10,5,1
2026-01-11,12.63,13.88,0.909942363112392,14.22,57,23,40,34,0,0,0,2026,1,11,6,1
2026-01-12,13.01,13.69,0.950328707085464,14.29,61,24,42.5,37,0,0,0,2026,1,12,0,0
2026-01-13,14.22,14.08,1.00994318181818,16.47,64,32,48,32,0,0,0,2026,1,13,1,0
2026-01-14,16.61,14.13,1.17551309271054,22.03,62,36,49,26,0,0,0,2026,1,14,2,0
2026-01-15,13.49,14.06,0.959459459459459,16.84,62,25,43.5,37,0,0,0,2026,1,15,3,0
2026-01-16,19.77,14.19,1.39323467230444,25.3,52,27,39.5,25,0,0,0,2026,1,16,4,0
2026-01-17,12.6,14.17,0.889202540578687,16.27,46,21,33.5,25,0,0,0,2026,1,17,5,1
2026-01-18,12.77,14.3,0.893006993006993,17.89,56,21,38.5,35,0,0,0,2026,1,18,6,1
2026-01-19,13.12,14.2,0.923943661971831,16.24,37,20,28.5,17,0.1,1.5,0,2026,1,19,0,0
2026-01-20,13.28,14.28,0.929971988795518,17.24,48,15,31.5,33,0,0,0,2026,1,20,1,0
2026-01-21,13.76,14.22,0.967651195499297,18.24,47,16,31.5,31,0,0,0,2026,1,21,2,0
2026-01-22,13.43,14.42,0.931345353675451,17.34,37,12,24.5,25,0,0,0,2026,1,22,3,0
2026-01-23,13.46,14.43,0.932778932778933,17.12,33,6,19.5,27,0,0.2,0,2026,1,23,4,0
2026-01-24,13.61,14.3,0.951748251748252,18.35,20,1,10.5,19,0.07,1.3,1,2026,1,24,5,1
2026-01-25,13.72,14.55,0.942955326460481,18.07,18,7,12.5,11,0.1,1.5,2,2026,1,25,6,1
2026-01-26,13.56,14.53,0.93324156916724,18.3,48,-9,19.5,57,0,0,2,2026,1,26,0,0
2026-01-27,13.98,14.59,0.958190541466758,17.17,51,19,35,32,0,0,0,2026,1,27,1,0
2026-01-28,14.98,14.47,1.03524533517623,17.03,40,17,28.5,23,0,0,0,2026,1,28,2,0
2026-01-29,13.75,14.68,0.936648501362398,16.68,50,28,39,22,0,0,0,2026,1,29,3,0
2026-01-30,13.48,14.4,0.936111111111111,15.74,51,19,35,32,0,0,0,2026,1,30,4,0
2026-01-31,13.54,14.44,0.937673130193906,16.14,61,24,42.5,37,0,0,0,2026,1,31,5,1
2026-02-01,13.87,14.38,0.964534075104312,16.88,60,22,41,38,0,0,0,2026,2,32,6,1
2026-02-02,13.55,14.16,0.956920903954802,16.5,59,28,43.5,31,0,0,0,2026,2,33,0,0
2026-02-03,13.73,14.23,0.964862965565706,15.09,49,23,36,26,0,0,0,2026,2,34,1,0
2026-02-04,14,13.94,1.00430416068867,15.42,54,21,37.5,33,0,0,0,2026,2,35,2,0
2026-02-05,13.79,14.24,0.968398876404494,14.81,70,26,48,44,0,0,0,2026,2,36,3,0
2026-02-06,13.68,14.5,0.943448275862069,15.59,64,27,45.5,37,0,0,0,2026,2,37,4,0
2026-02-07,13.67,14.25,0.959298245614035,15.33,68,31,49.5,37,0,0,0,2026,2,38,5,1
2026-02-08,13.89,14.3,0.971328671328671,15.7,68,32,50,36,0,0,0,2026,2,39,6,1
2026-02-09,17.83,14.44,1.23476454293629,19.72,69,33,51,36,0,0,0,2026,2,40,0,0
2026-02-10,15.03,14.33,1.04884856943475,16.46,60,34,47,26,0,0,0,2026,2,41,1,0
2026-02-11,14.27,14.32,0.996508379888268,15.5,58,23,40.5,35,0,0,0,2026,2,42,2,0
2026-02-12,14.54,14.19,1.0246652572234,13.88,57,28,42.5,29,0,0,0,2026,2,43,3,0
2026-02-13,13.38,14.38,0.930458970792768,12.56,56,29,42.5,27,0,0,0,2026,2,44,4,0
2026-02-14,13.96,14.33,0.974180041870202,14.87,62,29,45.5,33,0,0,0,2026,2,45,5,1
2026-02-15,13.77,14.48,0.950966850828729,13.97,65,26,45.5,39,0,0,0,2026,2,46,6,1
2026-02-16,14.03,14.36,0.977019498607242,14.37,65,30,47.5,35,0,0,0,2026,2,47,0,0
2026-02-17,13.73,14.41,0.952810548230396,14.81,55,29,42,26,0,0,0,2026,2,48,1,0
2026-02-18,13.62,14.28,0.953781512605042,15.19,55,23,39,32,0,0,0,2026,2,49,2,0
2026-02-19,13.62,14.12,0.964589235127479,14.54,44,21,32.5,23,0,0,0,2026,2,50,3,0
2026-02-20,14.2,14.31,0.992313067784766,12.94,31,11,21,20,0,0,0,2026,2,51,4,0
2026-02-21,14.48,14.3,1.01258741258741,13.19,46,10,28,36,0,0,0,2026,2,52,5,1
2026-02-22,15.13,14.32,1.05656424581006,16.72,48,13,30.5,35,0,0,0,2026,2,53,6,1
2026-02-23,14.52,14.14,1.02687411598303,17.68,68,20,44,48,0,0,0,2026,2,54,0,0
2026-02-24,14.25,14.11,1.0099220411056,16.24,70,35,52.5,35,0,0,0,2026,2,55,1,0
2026-02-25,13.91,14.18,0.980959097320169,14.58,67,35,51,32,0,0,0,2026,2,56,2,0
2026-02-26,14.26,14.18,1.00564174894217,15.51,68,46,57,22,0,0,0,2026,2,57,3,0
2026-02-27,13.9,14.15,0.982332155477032,16.22,69,35,52,34,0,0,0,2026,2,58,4,0
2026-02-28,14.24,14.31,0.995108315863033,17.13,68,38,53,30,0,0,0,2026,2,59,5,1
2026-03-01,13.71,14.35,0.955400696864111,15.72,63,35,49,28,0,0,0,2026,3,60,6,1
2026-03-02,13.84,14.47,0.956461644782308,15.12,71,37,54,34,0,0,0,2026,3,61,0,0
2026-03-03,13.12,14.24,0.921348314606742,14.46,60,38,49,22,0.01,0,0,2026,3,62,1,0
2026-03-04,13.65,14.55,0.938144329896907,15.28,63,26,44.5,37,0,0,0,2026,3,63,2,0
2026-03-05,13.68,14.38,0.951321279554937,14.95,67,32,49.5,35,0,0,0,2026,3,64,3,0
2026-03-06,12.83,14.45,0.887889273356401,13.97,54,32,43,22,0.47,3.6,2,2026,3,65,4,0
2026-03-07,12.91,14.57,0.886067261496225,14.36,56,20,38,36,0,0,0,2026,3,66,5,1
2026-03-08,12.96,14.72,0.880434782608696,14.67,74,28,51,46,0,0,0,2026,3,67,6,1
2026-03-09,13.68,14.41,0.949340735600278,15.72,74,41,57.5,33,0,0,0,2026,3,68,0,0
2026-03-10,13.58,14.32,0.948324022346369,15.63,64,35,49.5,29,0,0,0,2026,3,69,1,0
2026-03-11,13.69,13.94,0.98206599713056,16.43,50,29,39.5,21,0.06,0,0,2026,3,70,2,0
2026-03-12,13.57,14.01,0.96859386152748,17.82,69,30,49.5,39,0,0,0,2026,3,71,3,0
2026-03-13,13.74,13.93,0.986360373295047,16.5,70,52,61,18,0,0,0,2026,3,72,4,0
2026-03-14,13.11,13.83,0.947939262472885,14.47,74,44,59,30,0,0,0,2026,3,73,5,1
2026-03-15,12.36,13.72,0.900874635568513,12.76,57,25,41,32,0.01,0.1,0,2026,3,74,6,1
2026-03-16,12.77,13.59,0.939661515820456,13.12,50,18,34,32,0,0,0,2026,3,75,0,0
2026-03-17,13.66,13.84,0.986994219653179,14.19,75,32,53.5,43,0,0,0,2026,3,76,1,0
2026-03-18,13.96,14.09,0.990773598296664,14.62,85,43,64,42,0,0,0,2026,3,77,2,0
2026-03-19,14.98,14.14,1.05940594059406,18.02,87,42,64.5,45,0,0,0,2026,3,78,3,0
2026-03-20,15.53,14.21,1.09289232934553,17.27,89,43,66,46,0,0,0,2026,3,79,4,0
2026-03-21,15.27,14.32,1.0663407821229,16.99,91,42,66.5,49,0,0,0,2026,3,80,5,1
2026-03-22,15.15,14.14,1.07142857142857,15.01,76,40,58,36,0,0,0,2026,3,81,6,1
2026-03-23,15.05,14.27,1.05466012613875,14,73,40,56.5,33,0,0,0,2026,3,82,0,0
2026-03-24,16.03,14.48,1.10704419889503,14.95,83,44,63.5,39,0,0,0,2026,3,83,1,0
2026-03-25,16.67,14.33,1.16329378925331,17.62,90,50,70,40,0,0,0,2026,3,84,2,0
2026-03-26,15.39,14.4,1.06875,17.78,76,52,64,24,0,0,0,2026,3,85,3,0
2026-03-27,14.1,14.59,0.966415352981494,14.17,55,40,47.5,15,0,0,0,2026,3,86,4,0
2026-03-28,15.13,14.54,1.04057771664374,15.39,70,31,50.5,39,0,0,0,2026,3,87,5,1
2026-03-29,16.58,14.65,1.13174061433447,18.67,83,50,66.5,33,0,0,0,2026,3,88,6,1
2026-03-30,16.15,14.62,1.1046511627907,16.69,82,51,66.5,31,0,0,0,2026,3,89,0,0
2026-03-31,15.23,14.54,1.0474552957359,16.25,72,41,56.5,31,0,0,0,2026,3,90,1,0
