"STATION","NAME","LATITUDE","LONGITUDE","ELEVATION","DATE","AWND","AWND_ATTRIBUTES","PRCP","PRCP_ATTRIBUTES","SNOW","SNOW_ATTRIBUTES","SNWD","SNWD_ATTRIBUTES","TMAX","TMAX_ATTRIBUTES","TMIN","TMIN_ATTRIBUTES"
"USC00053005","FORT COLLINS, CO US","40.57629","-105.08575","1525.2","2020-01-01","2.91",",,7","0.00",",,7,1900","0.0",",,7,","1.0",",,7,","54",",,7","23",",,7"
"USC00053005","FORT COLLINS, CO US","40.57629","-105.08575","1525.2","2020-01-02",,,"0.00",",,7,1900","0.0",",,7,","1.0",",,7,","49",",,7","32",",,7"
"USC00053005","FORT COLLINS, CO US","40.57629","-105.08575","1525.2","2020-01-03",,,"0.00",",,7,1900","0.0",",,7,","1.0",",,7,","43",",,7","18",",,7"
"USC00053005","FORT COLLINS, CO US","40.57629","-105.08575","1525.2","2020-01-04","21.03",",,7","0.00",",,7,1900","0.0",",,7,","0.0","T,,7,","54",",,7","22",",,7"
"USC00053005","FORT COLLINS, CO US","40.57629","-105.08575","1525.2","2020-01-05","2.01",",,7","0.00",",,7,1900","0.0",",,7,","0.0","T,,7,","54",",,7","28",",,7"
"USC00053005","FORT COLLINS, CO US","40.57629","-105.08575","1525.2","2020-01-06","2.91",",,7","0.00",",,7,1900","0.0",",,7,","0.0","T,,7,","44",",,7","26",",,7"
"USC00053005","FORT COLLINS, CO US","40.57629","-105.08575","1525.2","2020-01-07","2.91",",,7","0.00",",,7,1900","0.0",",,7,","0.0","T,,7,","56",",,7","32",",,7"
"USC00053005","FORT COLLINS, CO US","40.57629","-105.08575","1525.2","2020-01-08","4.92",",,7","0.00",",,7,1900","0.0",",,7,","0.0","T,,7,","59",",,7","23",",,7"
"USC00053005","FORT COLLINS, CO US","40.57629","-105.08575","1525.2","2020-01-09","0.89",",,7","0.00",",,7,1900","0.0",",,7,","0.0","T,,7,","45",",,7","27",",,7"
"USC00053005","FORT COLLINS, CO US","40.57629","-105.08575","1525.2","2020-01-10",,,"0.00",",,7,1900","0.0",",,7,","0.0","T,,7,","36",",,7","22",",,7"
"USC00053005","FORT COLLINS, CO US","40.57629","-105.08575","1525.2","2020-01-11","4.03",",,7","0.00",",,7,1900","0.0",",,7,","0.0","T,,7,","43",",,7","9",",,7"
"USC00053005","FORT COLLINS, CO US","40.57629","-105.08575","1525.2","2020-01-12",,,"0.00",",,7,1900","0.0",",,7,","0.0","T,,7,","41",",,7","17",",,7"
"USC00053005","FORT COLLINS, CO US","40.57629","-105.08575","1525.2","2020-01-13","2.91",",,7","0.00","T,,7,1900","0.0","T,,7,","0.0","T,,7,","44",",,7","15",",,7"
"USC00053005","FORT COLLINS, CO US","40.57629","-105.08575","1525.2","2020-01-14",,,"0.00",",,7,1900","0.0",",,7,","0.0","T,,7,","55",",,7","15",",,7"
"USC00053005","FORT COLLINS, CO US","40.57629","-105.08575","1525.2","2020-01-15","0.89",",,7","0.00",",,7,1900","0.0",",,7,","0.0","T,,7,","45",",,7","24",",,7"
"USC00053005","FORT COLLINS, CO US","40.57629","-105.08575","1525.2","2020-01-16","0.89",",,7","0.00",",,7,1900","0.0",",,7,","0.0","T,,7,","36",",,7","15",",,7"
"USC00053005","FORT COLLINS, CO US","40.57629","-105.08575","1525.2","2020-01-17",,,"0.00",",,7,1900","0.0",",,7,","0.0","T,,7,","51",",,7","19",",,7"
"USC00053005","FORT COLLINS, CO US","40.57629","-105.08575","1525.2","2020-01-18","2.01",",,7","0.00",",,7,1900","0.0",",,7,","0.0","T,,7,","39",",,7","21",",,7"
"USC00053005","FORT COLLINS, CO US","40.57629","-105.08575","1525.2","2020-01-19","0.00",",,7","0.00",",,7,1900","0.0",",,7,","0.0","T,,7,","47",",,7","14",",,7"
"USC00053005","FORT COLLINS, CO US","40.57629","-105.08575","1525.2","2020-01-20","2.01",",,7","0.00",",,7,1900","0.0",",,7,","0.0","T,,7,","49",",,7","13",",,7"
"USC00053005","FORT COLLINS, CO US","40.57629","-105.08575","1525.2","2020-01-21","0.89",",,7","0.00",",,7,1900","0.0",",,7,","0.0","T,,7,","48",",,7","28",",,7"
"USC00053005","FORT COLLINS, CO US","40.57629","-105.08575","1525.2","2020-01-22","2.91",",,7","0.00",",,7,1900","0.0",",,7,","0.0","T,,7,","53",",,7","33",",,7"
"USC00053005","FORT COLLINS, CO US","40.57629","-105.08575","1525.2","2020-01-23",,,"0.00",",,7,1900","0.0",",,7,","0.0","T,,7,","43",",,7","30",",,7"
"USC00053005","FORT COLLINS, CO US","40.57629","-105.08575","1525.2","2020-01-24",,,"0.00",",,7,1900","0.0",",,7,","0.0","T,,7,","49",",,7","20",",,7"
"USC00053005","FORT COLLINS, CO US","40.57629","-105.08575","1525.2","2020-01-25",,,"0.00",",,7,1900","0.0",",,7,","0.0","T,,7,","55",",,7","27",",,7"
"USC00053005","FORT COLLINS, CO US","40.57629","-105.08575","1525.2","2020-01-26","2.01",",,7","0.00",",,7,1900","0.0",",,7,","0.0","T,,7,","52",",,7","26",",,7"
"USC00053005","FORT COLLINS, CO US","40.57629","-105.08575","1525.2","2020-01-27","0.00",",,7","0.00",",,7,1900","0.0",",,7,","0.0","T,,7,","41",",,7","28",",,7"
"USC00053005","FORT COLLINS, CO US","40.57629","-105.08575","1525.2","2020-01-28","2.01",",,7","0.00",",,7,1900","0.0",",,7,","0.0","T,,7,","47",",,7","29",",,7"
"USC00053005","FORT COLLINS, CO US","40.57629","-105.08575","1525.2","2020-01-29","0.00",",,7","0.00","T,,7,1900","0.0","T,,7,","0.0","T,,7,","45",",,7","25",",,7"
"USC00053005","FORT COLLINS, CO US","40.57629","-105.08575","1525.2","2020-01-30",,,"0.00","T,,7,1900","0.0","T,,7,","0.0","T,,7,","42",",,7","19",",,7"
"USC00053005","FORT COLLINS, CO US","40.57629","-105.08575","1525.2","2020-01-31",,,"0.00",",,7,1900","0.0",",,7,","0.0","T,,7,","54",",,7","22",",,7"
"USC00053005","FORT COLLINS, CO US","40.57629","-105.08575","1525.2","2020-02-01","4.03",",,7","0.00",",,7,1900","0.0",",,7,","0.0","T,,7,","68",",,7","27",",,7"
"USC00053005","FORT COLLINS, CO US","40.57629","-105.08575","1525.2","2020-02-02","4.03",",,7","0.00",",,7,1900","0.0",",,7,","0.0",",,7,","74",",,7","34",",,7"
"USC00053005","FORT COLLINS, CO US","40.57629","-105.08575","1525.2","2020-02-03","0.89",",,7","0.16",",,7,1900","1.6",",,7,","2.0",",,7,","55",",,7","17",",,7"
"USC00053005","FORT COLLINS, CO US","40.57629","-105.08575","1525.2","2020-02-04","4.03",",,7","0.14",",,7,1900","2.8",",,7,","4.0",",,7,","20",",,7","13",",,7"
"USC00053005","FORT COLLINS, CO US","40.57629","-105.08575","1525.2","2020-02-05","2.91",",,7","0.00","T,,7,1900","0.1",",,7,","3.0",",,7,","29",",,7","-4",",,7"
"USC00053005","FORT COLLINS, CO US","40.57629","-105.08575","1525.2","2020-02-06",,,"0.00","T,,7,1900","0.0","T,,7,","2.0",",,7,","43",",,7","8",",,7"
"USC00053005","FORT COLLINS, CO US","40.57629","-105.08575","1525.2","2020-02-07",,,"0.12",",,7,1900","2.8",",,7,","5.0",",,7,","34",",,7","25",",,7"
"USC00053005","FORT COLLINS, CO US","40.57629","-105.08575","1525.2","2020-02-08","4.92",",,7","0.06",",,7,1900","1.3",",,7,","5.0",",,7,","45",",,7","15",",,7"
"USC00053005","FORT COLLINS, CO US","40.57629","-105.08575","1525.2","2020-02-09","4.03",",,7","0.00","T,,7,1900","0.0","T,,7,","3.0",",,7,","41",",,7","23",",,7"
"USC00053005","FORT COLLINS, CO US","40.57629","-105.08575","1525.2","2020-02-10","2.91",",,7","0.06",",,7,1900","1.0",",,7,","3.0",",,7,","36",",,7","12",",,7"
"USC00053005","FORT COLLINS, CO US","40.57629","-105.08575","1525.2","2020-02-11","0.89",",,7","0.04",",,7,1900","0.8",",,7,","4.0",",,7,","35",",,7","7",",,7"
"USC00053005","FORT COLLINS, CO US","40.57629","-105.08575","1525.2","2020-02-12",,,"0.02",",,7,1900","0.5",",,7,","4.0",",,7,","39",",,7","19",",,7"
"USC00053005","FORT COLLINS, CO US","40.57629","-105.08575","1525.2","2020-02-13","0.89",",,7","0.03",",,7,1900","0.6",",,7,","4.0",",,7,","27",",,7","17",",,7"
"USC00053005","FORT COLLINS, CO US","40.57629","-105.08575","1525.2","2020-02-14","0.89",",,7","0.00",",,7,1900","0.0",",,7,","3.0",",,7,","49",",,7","9",",,7"
"USC00053005","FORT COLLINS, CO US","40.57629","-105.08575","1525.2","2020-02-15","0.89",",,7","0.00",",,7,1900","0.0",",,7,","3.0",",,7,","41",",,7","25",",,7"
"USC00053005","FORT COLLINS, CO US","40.57629","-105.08575","1525.2","2020-02-16","0.00",",,7","0.00",",,7,1900","0.0",",,7,","3.0",",,7,","47",",,7","23",",,7"
"USC00053005","FORT COLLINS, CO US","40.57629","-105.08575","1525.2","2020-02-17","2.91",",,7","0.00","T,,7,1900","0.0","T,,7,","2.0",",,7,","43",",,7","32",",,7"
"USC00053005","FORT COLLINS, CO US","40.57629","-105.08575","1525.2","2020-02-18","2.91",",,7","0.00","T,,7,1900","0.1",",,7,","2.0",",,7,","36",",,7","15",",,7"
"USC00053005","FORT COLLINS, CO US","40.57629","-105.08575","1525.2","2020-02-19","6.04",",,7","0.03",",,7,1900","1.7",",,7,","4.0",",,7,","29",",,7","19",",,7"
"USC00053005","FORT COLLINS, CO US","40.57629","-105.08575","1525.2","2020-02-20",,,"0.00","T,,7,1900","0.2",",,7,","2.0",",,7,","32",",,7","6",",,7"
"USC00053005","FORT COLLINS, CO US","40.57629","-105.08575","1525.2","2020-02-21",,,"0.00",",,7,1900","0.0",",,7,","0.0","T,,7,","53",",,7","9",",,7"
"USC00053005","FORT COLLINS, CO US","40.57629","-105.08575","1525.2","2020-02-22",,,"0.00",",,7,1900","0.0",",,7,","0.0","T,,7,","58",",,7","23",",,7"
"USC00053005","FORT COLLINS, CO US","40.57629","-105.08575","1525.2","2020-02-23","0.89",",,7","0.00",",,7,1900","0.0",",,7,","0.0","T,,7,","47",",,7","37",",,7"
"USC00053005","FORT COLLINS, CO US","40.57629","-105.08575","1525.2","2020-02-24","2.01",",,7","0.03",",,7,1900","0.6",",,7,","0.0","T,,7,","43",",,7","25",",,7"
"USC00053005","FORT COLLINS, CO US","40.57629","-105.08575","1525.2","2020-02-25","6.04",",,7","0.00",",,7,1900","0.0",",,7,","0.0","T,,7,","33",",,7","21",",,7"
"USC00053005","FORT COLLINS, CO US","40.57629","-105.08575","1525.2","2020-02-26","0.89",",,7","0.00",",,7,1900","0.0",",,7,","0.0","T,,7,","42",",,7","8",",,7"
"USC00053005","FORT COLLINS, CO US","40.57629","-105.08575","1525.2","2020-02-27",,,"0.00",",,7,1900","0.0",",,7,","0.0","T,,7,","53",",,7","24",",,7"
"USC00053005","FORT COLLINS, CO US","40.57629","-105.08575","1525.2","2020-02-28","0.89",",,7","0.00",",,7,1900","0.0",",,7,","0.0","T,,7,","58",",,7","21",",,7"
"USC00053005","FORT COLLINS, CO US","40.57629","-105.08575","1525.2","2020-02-29","2.01",",,7","0.00",",,7,1900","0.0",",,7,","0.0","T,,7,","56",",,7","29",",,7"
"USC00053005","FORT COLLINS, CO US","40.57629","-105.08575","1525.2","2020-03-01","4.03",",,7","0.02",",,7,1900","0.2",",,7,","0.0","T,,7,","45",",,7","29",",,7"
"USC00053005","FORT COLLINS, CO US","40.57629","-105.08575","1525.2","2020-03-02","0.89",",,7","0.01",",,7,1900","0.3",",,7,","0.0",",,7,","41",",,7","26",",,7"
"USC00053005","FORT COLLINS, CO US","40.57629","-105.08575","1525.2","2020-03-03","4.03",",,7","0.00",",,7,1900","0.0",",,7,","0.0",",,7,","65",",,7","23",",,7"
"USC00053005","FORT COLLINS, CO US","40.57629","-105.08575","1525.2","2020-03-04","6.04",",,7","0.00",",,7,1900","0.0",",,7,","0.0",",,7,","64",",,7","22",",,7"
"USC00053005","FORT COLLINS, CO US","40.57629","-105.08575","1525.2","2020-03-05",,,"0.00",",,7,1900","0.0",",,7,","0.0",",,7,","52",",,7","30",",,7"
"USC00053005","FORT COLLINS, CO US","40.57629","-105.08575","1525.2","2020-03-06",,,"0.00",",,7,1900","0.0",",,7,","0.0",",,7,","68",",,7","24",",,7"
"USC00053005","FORT COLLINS, CO US","40.57629","-105.08575","1525.2","2020-03-07","0.89",",,7","0.00",",,7,1900","0.0",",,7,","0.0",",,7,","71",",,7","34",",,7"
"USC00053005","FORT COLLINS, CO US","40.57629","-105.08575","1525.2","2020-03-08","4.03",",,7","0.00","T,,7,1900","0.0",",,7,","0.0",",,7,","71",",,7","34",",,7"
"USC00053005","FORT COLLINS, CO US","40.57629","-105.08575","1525.2","2020-03-09","2.91",",,7","0.12",",,7,1900","0.0",",,7,","0.0",",,7,","58",",,7","37",",,7"
"USC00053005","FORT COLLINS, CO US","40.57629","-105.08575","1525.2","2020-03-10",,,"0.00",",,7,1900","0.0",",,7,","0.0",",,7,","62",",,7","31",",,7"
"USC00053005","FORT COLLINS, CO US","40.57629","-105.08575","1525.2","2020-03-11","4.03",",,7","0.00",",,7,1900","0.0",",,7,","0.0",",,7,","68",",,7","29",",,7"
"USC00053005","FORT COLLINS, CO US","40.57629","-105.08575","1525.2","2020-03-12","6.93",",,7","0.00",",,7,1900","0.0",",,7,","0.0",",,7,","55",",,7","33",",,7"
"USC00053005","FORT COLLINS, CO US","40.57629","-105.08575","1525.2","2020-03-13",,,"0.02",",,7,1900","0.1",",,7,","0.0","T,,7,","36",",,7","31",",,7"
"USC00053005","FORT COLLINS, CO US","40.57629","-105.08575","1525.2","2020-03-14","8.05",",,7","0.00","T,,7,1900","0.1",",,7,","0.0",",,7,","37",",,7","29",",,7"
"USC00053005","FORT COLLINS, CO US","40.57629","-105.08575","1525.2","2020-03-15","0.89",",,7","0.00","T,,7,1900","0.0",",,7,","0.0",",,7,","53",",,7","30",",,7"
"USC00053005","FORT COLLINS, CO US","40.57629","-105.08575","1525.2","2020-03-16","4.03",",,7","0.00",",,7,1900","0.0",",,7,","0.0",",,7,","54",",,7","28",",,7"
"USC00053005","FORT COLLINS, CO US","40.57629","-105.08575","1525.2","2020-03-17",,,"0.00","T,,7,1900","0.0",",,7,","0.0",",,7,","53",",,7","34",",,7"
"USC00053005","FORT COLLINS, CO US","40.57629","-105.08575","1525.2","2020-03-18","6.93",",,7","0.03",",,7,1900","0.0",",,7,","0.0",",,7,","65",",,7","27",",,7"
"USC00053005","FORT COLLINS, CO US","40.57629","-105.08575","1525.2","2020-03-19",,,"0.90",",,7,1900","3.3",",,7,","4.0",",,7,","45",",,7","29",",,7"
"USC00053005","FORT COLLINS, CO US","40.57629","-105.08575","1525.2","2020-03-20",,,"0.04",",,7,1900","0.5",",,7,","3.0",",,7,","30",",,7","19",",,7"
"USC00053005","FORT COLLINS, CO US","40.57629","-105.08575","1525.2","2020-03-21","0.89",",,7","0.00",",,7,1900","0.0",",,7,","0.0","T,,7,","49",",,7","13",",,7"
"USC00053005","FORT COLLINS, CO US","40.57629","-105.08575","1525.2","2020-03-22","0.00",",,7","0.00","T,,7,1900","0.0",",,7,","0.0",",,7,","57",",,7","27",",,7"
"USC00053005","FORT COLLINS, CO US","40.57629","-105.08575","1525.2","2020-03-23","0.89",",,7","0.00","T,,7,1900","0.0",",,7,","0.0",",,7,","58",",,7","27",",,7"
"USC00053005","FORT COLLINS, CO US","40.57629","-105.08575","1525.2","2020-03-24","6.04",",,7","0.00",",,7,1900","0.0",",,7,","0.0",",,7,","65",",,7","31",",,7"
"USC00053005","FORT COLLINS, CO US","40.57629","-105.08575","1525.2","2020-03-25","286.10",",X,7","0.00",",,7,1900","0.0",",,7,","0.0",",,7,","67",",,7","38",",,7"
"USC00053005","FORT COLLINS, CO US","40.57629","-105.08575","1525.2","2020-03-26",,,"0.00",",,7,1900","0.0",",,7,","0.0",",,7,","56",",,7","35",",,7"
"USC00053005","FORT COLLINS, CO US","40.57629","-105.08575","1525.2","2020-03-27",,,"0.15",",,7,1900","0.0","T,,7,","0.0","T,,7,","49",",,7","34",",,7"
"USC00053005","FORT COLLINS, CO US","40.57629","-105.08575","1525.2","2020-03-28","2.91",",,7","0.00","T,,7,1900","0.0","T,,7,","0.0",",,7,","53",",,7","34",",,7"
"USC00053005","FORT COLLINS, CO US","40.57629","-105.08575","1525.2","2020-03-29","0.00",",,7","0.00",",,7,1900","0.0",",,7,","0.0",",,7,","55",",,7","25",",,7"
"USC00053005","FORT COLLINS, CO US","40.57629","-105.08575","1525.2","2020-03-30","4.03",",,7","0.00","T,,7,1900","0.0",",,7,","0.0",",,7,","62",",,7","32",",,7"
"USC00053005","FORT COLLINS, CO US","40.57629","-105.08575","1525.2","2020-03-31",,,"0.00",",,7,1900","0.0",",,7,","0.0",",,7,","71",",,7","32",",,7"
"USC00053005","FORT COLLINS, CO US","40.57629","-105.08575","1525.2","2020-04-01","2.91",",,7","0.00",",,7,1900","0.0",",,7,","0.0",",,7,","69",",,7","34",",,7"
"USC00053005","FORT COLLINS, CO US","40.57629","-105.08575","1525.2","2020-04-02","4.92",",,7","0.11",",,7,1900","1.4",",,7,","1.0",",,7,","55",",,7","21",",,7"
"USC00053005","FORT COLLINS, CO US","40.57629","-105.08575","1525.2","2020-04-03","0.89",",,7","0.00","T,,7,1900","0.0","T,,7,","0.0",",,7,","43",",,7","18",",,7"
"USC00053005","FORT COLLINS, CO US","40.57629","-105.08575","1525.2","2020-04-04",,,"0.00",",,7,1900","0.0",",,7,","0.0",",,7,","60",",,7","22",",,7"
"USC00053005","FORT COLLINS, CO US","40.57629","-105.08575","1525.2","2020-04-05","2.91",",,7","0.00",",,7,1900","0.0",",,7,","0.0",",,7,","69",",,7","31",",,7"
"USC00053005","FORT COLLINS, CO US","40.57629","-105.08575","1525.2","2020-04-06","0.89",",,7","0.00",",,7,1900","0.0",",,7,","0.0",",,7,","77",",,7","34",",,7"
"USC00053005","FORT COLLINS, CO US","40.57629","-105.08575","1525.2","2020-04-07","2.91",",,7","0.00",",,7,1900","0.0",",,7,","0.0",",,7,","75",",,7","35",",,7"
"USC00053005","FORT COLLINS, CO US","40.57629","-105.08575","1525.2","2020-04-08","0.89",",,7","0.00",",,7,1900","0.0",",,7,","0.0",",,7,","70",",,7","42",",,7"
"USC00053005","FORT COLLINS, CO US","40.57629","-105.08575","1525.2","2020-04-09","4.92",",,7","0.00",",,7,1900","0.0",",,7,","0.0",",,7,","58",",,7","35",",,7"
"USC00053005","FORT COLLINS, CO US","40.57629","-105.08575","1525.2","2020-04-10","4.92",",,7","0.00","T,,7,1900","0.0","T,,7,","0.0","T,,7,","74",",,7","34",",,7"
"USC00053005","FORT COLLINS, CO US","40.57629","-105.08575","1525.2","2020-04-11",,,"0.00",",,7,1900","0.0",",,7,","0.0",",,7,","71",",,7","43",",,7"
"USC00053005","FORT COLLINS, CO US","40.57629","-105.08575","1525.2","2020-04-12","0.89",",,7","0.11",",,7,1900","2.7",",,7,","1.0",",,7,","60",",,7","22",",,7"
"USC00053005","FORT COLLINS, CO US","40.57629","-105.08575","1525.2","2020-04-13","4.92",",,7","0.09",",,7,1900","1.8",",,7,","0.0","T,,7,","30",",,7","16",",,7"
"USC00053005","FORT COLLINS, CO US","40.57629","-105.08575","1525.2","2020-04-14","4.92",",,7","0.00","T,,7,1900","0.0",",,7,","0.0",",,7,","49",",,7","15",",,7"
"USC00053005","FORT COLLINS, CO US","40.57629","-105.08575","1525.2","2020-04-15","2.91",",,7","0.00","T,,7,1900","0.0",",,7,","0.0",",,7,","48",",,7","30",",,7"
"USC00053005","FORT COLLINS, CO US","40.57629","-105.08575","1525.2","2020-04-16",,,"1.30",",,7,1900","12.3",",,7,","12.0",",,7,","38",",,7","22",",,7"
"USC00053005","FORT COLLINS, CO US","40.57629","-105.08575","1525.2","2020-04-17",,,"0.00",",,7,1900","0.0",",,7,","4.0",",,7,","44",",,7","8",",,7"
"USC00053005","FORT COLLINS, CO US","40.57629","-105.08575","1525.2","2020-04-18",,,"0.02",",,7,1900","0.0",",,7,","2.0",",,7,","53",",,7","25",",,7"
"USC00053005","FORT COLLINS, CO US","40.57629","-105.08575","1525.2","2020-04-19","2.91",",,7","0.00",",,7,1900","0.0",",,7,","0.0","T,,7,","57",",,7","32",",,7"
"USC00053005","FORT COLLINS, CO US","40.57629","-105.08575","1525.2","2020-04-20","2.91",",,7","0.00",",,7,1900","0.0",",,7,","0.0","T,,7,","68",",,7","34",",,7"
"USC00053005","FORT COLLINS, CO US","40.57629","-105.08575","1525.2","2020-04-21","4.03",",,7","0.00",",,7,1900","0.0",",,7,","0.0",",,7,","71",",,7","35",",,7"
"USC00053005","FORT COLLINS, CO US","40.57629","-105.08575","1525.2","2020-04-22","2.91",",,7","0.00","T,,7,1900","0.0",",,7,","0.0",",,7,","69",",,7","40",",,7"
"USC00053005","FORT COLLINS, CO US","40.57629","-105.08575","1525.2","2020-04-23",,,"0.00",",,7,1900","0.0",",,7,","0.0",",,7,","71",",,7","43",",,7"
"USC00053005","FORT COLLINS, CO US","40.57629","-105.08575","1525.2","2020-04-24",,,"0.05",",,7,1900","0.0",",,7,","0.0",",,7,","63",",,7","40",",,7"
"USC00053005","FORT COLLINS, CO US","40.57629","-105.08575","1525.2","2020-04-25",,,"0.03",",,7,1900","0.0",",,7,","0.0",",,7,","65",",,7","39",",,7"
"USC00053005","FORT COLLINS, CO US","40.57629","-105.08575","1525.2","2020-04-26","0.00",",,7","0.00",",,7,1900","0.0",",,7,","0.0",",,7,","72",",,7","39",",,7"
"USC00053005","FORT COLLINS, CO US","40.57629","-105.08575","1525.2","2020-04-27","4.92",",,7","0.00",",,7,1900","0.0",",,7,","0.0",",,7,","81",",,7","40",",,7"
"USC00053005","FORT COLLINS, CO US","40.57629","-105.08575","1525.2","2020-04-28","0.89",",,7","0.00",",,7,1900","0.0",",,7,","0.0",",,7,","74",",,7","51",",,7"
"USC00053005","FORT COLLINS, CO US","40.57629","-105.08575","1525.2","2020-04-29","4.92",",,7","0.00",",,7,1900","0.0",",,7,","0.0",",,7,","72",",,7","37",",,7"
"USC00053005","FORT COLLINS, CO US","40.57629","-105.08575","1525.2","2020-04-30",,,"0.00",",,7,1900","0.0",",,7,","0.0",",,7,","78",",,7","44",",,7"
"USC00053005","FORT COLLINS, CO US","40.57629","-105.08575","1525.2","2020-05-01",,,"0.00","T,,7,1900","0.0",",,7,","0.0",",,7,","82",",,7","54",",,7"
"USC00053005","FORT COLLINS, CO US","40.57629","-105.08575","1525.2","2020-05-02",,,"0.12",",,7,1900","0.0",",,7,","0.0",",,7,","67",",,7","51",",,7"
"USC00053005","FORT COLLINS, CO US","40.57629","-105.08575","1525.2","2020-05-03","2.01",",,7","0.00","T,,7,1900","0.0",",,7,","0.0",",,7,","74",",,7","49",",,7"
"USC00053005","FORT COLLINS, CO US","40.57629","-105.08575","1525.2","2020-05-04","2.91",",,7","0.21",",,7,1900","0.0",",,7,","0.0",",,7,","65",",,7","46",",,7"
"USC00053005","FORT COLLINS, CO US","40.57629","-105.08575","1525.2","2020-05-05","0.89",",,7","0.00",",,7,1900","0.0",",,7,","0.0",",,7,","72",",,7","35",",,7"
"USC00053005","FORT COLLINS, CO US","40.57629","-105.08575","1525.2","2020-05-06","0.89",",,7","0.00",",,7,1900","0.0",",,7,","0.0",",,7,","69",",,7","37",",,7"
"USC00053005","FORT COLLINS, CO US","40.57629","-105.08575","1525.2","2020-05-07","10.96",",,7","0.00",",,7,1900","0.0",",,7,","0.0",",,7,","72",",,7","43",",,7"
"USC00053005","FORT COLLINS, CO US","40.57629","-105.08575","1525.2","2020-05-08",,,"0.00",",,7,1900","0.0",",,7,","0.0",",,7,","61",",,7","37",",,7"
"USC00053005","FORT COLLINS, CO US","40.57629","-105.08575","1525.2","2020-05-09",,,"0.00",",,7,1900","0.0",",,7,","0.0",",,7,","59",",,7","45",",,7"
"USC00053005","FORT COLLINS, CO US","40.57629","-105.08575","1525.2","2020-05-10","4.92",",,7","0.00",",,7,1900","0.0",",,7,","0.0",",,7,","62",",,7","39",",,7"
"USC00053005","FORT COLLINS, CO US","40.57629","-105.08575","1525.2","2020-05-11","6.93",",,7","0.16",",,7,1900","0.0",",,7,","0.0",",,7,","59",",,7","34",",,7"
"USC00053005","FORT COLLINS, CO US","40.57629","-105.08575","1525.2","2020-05-12",,,"0.01",",,7,1900","0.0",",,7,","0.0",",,7,","61",",,7","38",",,7"
"USC00053005","FORT COLLINS, CO US","40.57629","-105.08575","1525.2","2020-05-13","2.91",",,7","0.00","T,,7,1900","0.0",",,7,","0.0",",,7,","76",",,7","40",",,7"
"USC00053005","FORT COLLINS, CO US","40.57629","-105.08575","1525.2","2020-05-14","2.91",",,7","0.74",",,7,1900","0.0",",,7,","0.0",",,7,","68",",,7","49",",,7"
"USC00053005","FORT COLLINS, CO US","40.57629","-105.08575","1525.2","2020-05-15",,,"0.08",",,7,1900","0.0",",,7,","0.0",",,7,","64",",,7","50",",,7"
"USC00053005","FORT COLLINS, CO US","40.57629","-105.08575","1525.2","2020-05-16",,,"0.01",",,7,1900","0.0",",,7,","0.0",",,7,","72",",,7","48",",,7"
"USC00053005","FORT COLLINS, CO US","40.57629","-105.08575","1525.2","2020-05-17","4.03",",,7","0.00",",,7,1900","0.0",",,7,","0.0",",,7,","71",",,7","40",",,7"
"USC00053005","FORT COLLINS, CO US","40.57629","-105.08575","1525.2","2020-05-18","0.89",",,7","0.00",",,7,1900","0.0",",,7,","0.0",",,7,","84",",,7","48",",,7"
"USC00053005","FORT COLLINS, CO US","40.57629","-105.08575","1525.2","2020-05-19","10.07",",,7","0.00",",,7,1900","0.0",",,7,","0.0",",,7,","89",",,7","52",",,7"
"USC00053005","FORT COLLINS, CO US","40.57629","-105.08575","1525.2","2020-05-20",,,"0.00",",,7,1900","0.0",",,7,","0.0",",,7,","88",",,7","59",",,7"
"USC00053005","FORT COLLINS, CO US","40.57629","-105.08575","1525.2","2020-05-21",,,"0.00",",,7,1900","0.0",",,7,","0.0",",,7,","75",",,7","46",",,7"
"USC00053005","FORT COLLINS, CO US","40.57629","-105.08575","1525.2","2020-05-22",,,"0.00",",,7,1900","0.0",",,7,","0.0",",,7,","80",",,7","44",",,7"
"USC00053005","FORT COLLINS, CO US","40.57629","-105.08575","1525.2","2020-05-23",,,"0.00",",,7,1900","0.0",",,7,","0.0",",,7,","79",",,7","51",",,7"
"USC00053005","FORT COLLINS, CO US","40.57629","-105.08575","1525.2","2020-05-24","2.91",",,7","0.64",",,7,1900","0.0",",,7,","0.0",",,7,","64",",,7","46",",,7"
"USC00053005","FORT COLLINS, CO US","40.57629","-105.08575","1525.2","2020-05-25",,,"0.00","T,,7,1900","0.0",",,7,","0.0",",,7,","67",",,7","38",",,7"
"USC00053005","FORT COLLINS, CO US","40.57629","-105.08575","1525.2","2020-05-26",,,"0.00","T,,7,1900","0.0",",,7,","0.0",",,7,","81",",,7","40",",,7"
"USC00053005","FORT COLLINS, CO US","40.57629","-105.08575","1525.2","2020-05-27",,,"0.09",",,7,1900","0.0",",,7,","0.0",",,7,","82",",,7","49",",,7"
"USC00053005","FORT COLLINS, CO US","40.57629","-105.08575","1525.2","2020-05-28","2.91",",,7","0.00","T,,7,1900","0.0",",,7,","0.0",",,7,","74",",,7","54",",,7"
"USC00053005","FORT COLLINS, CO US","40.57629","-105.08575","1525.2","2020-05-29","0.00",",,7","0.00","T,,7,1900","0.0",",,7,","0.0",",,7,","85",",,7","52",",,7"
"USC00053005","FORT COLLINS, CO US","40.57629","-105.08575","1525.2","2020-05-30","0.89",",,7","0.11",",,7,1900","0.0",",,7,","0.0",",,7,","82",",,7","47",",,7"
"USC00053005","FORT COLLINS, CO US","40.57629","-105.08575","1525.2","2020-05-31",,,"0.38",",,7,1900","0.0",",,7,","0.0",",,7,","88",",,7","57",",,7"
"USC00053005","FORT COLLINS, CO US","40.57629","-105.08575","1525.2","2020-06-01","4.03",",,7","0.00",",,7,1900","0.0",",,7,","0.0",",,7,","92",",,7","56",",,7"
"USC00053005","FORT COLLINS, CO US","40.57629","-105.08575","1525.2","2020-06-02","4.03",",,7","0.00","T,,7,1900","0.0",",,7,","0.0",",,7,","88",",,7","60",",,7"
"USC00053005","FORT COLLINS, CO US","40.57629","-105.08575","1525.2","2020-06-03","2.01",",,7","0.00","T,,7,1900","0.0",",,7,","0.0",",,7,","89",",,7","57",",,7"
"USC00053005","FORT COLLINS, CO US","40.57629","-105.08575","1525.2","2020-06-04","2.91",",,7","0.00","T,,7,1900","0.0",",,7,","0.0",",,7,","90",",,7","56",",,7"
"USC00053005","FORT COLLINS, CO US","40.57629","-105.08575","1525.2","2020-06-05","0.89",",,7","0.00","T,,7,1900","0.0",",,7,","0.0",",,7,","94",",,7","56",",,7"
"USC00053005","FORT COLLINS, CO US","40.57629","-105.08575","1525.2","2020-06-06","0.89",",,7","0.39",",,7,1900","0.0",",,7,","0.0",",,7,","84",",,7","62",",,7"
"USC00053005","FORT COLLINS, CO US","40.57629","-105.08575","1525.2","2020-06-07","4.03",",,7","0.00",",,7,1900","0.0",",,7,","0.0",",,7,","89",",,7","48",",,7"
"USC00053005","FORT COLLINS, CO US","40.57629","-105.08575","1525.2","2020-06-08","8.95",",,7","0.00","T,,7,1900","0.0",",,7,","0.0",",,7,","76",",,7","51",",,7"
"USC00053005","FORT COLLINS, CO US","40.57629","-105.08575","1525.2","2020-06-09","0.89",",,7","0.57",",,7,1900","0.0",",,7,","0.0",",,7,","69",",,7","42",",,7"
"USC00053005","FORT COLLINS, CO US","40.57629","-105.08575","1525.2","2020-06-10","6.04",",,7","0.00",",,7,1900","0.0",",,7,","0.0",",,7,","77",",,7","49",",,7"
"USC00053005","FORT COLLINS, CO US","40.57629","-105.08575","1525.2","2020-06-11","0.89",",,7","0.00",",,7,1900","0.0",",,7,","0.0",",,7,","83",",,7","47",",,7"
"USC00053005","FORT COLLINS, CO US","40.57629","-105.08575","1525.2","2020-06-12","8.05",",,7","0.00",",,7,1900","0.0",",,7,","0.0",",,7,","90",",,7","51",",,7"
"USC00053005","FORT COLLINS, CO US","40.57629","-105.08575","1525.2","2020-06-13","2.91",",,7","0.00","T,,7,1900","0.0",",,7,","0.0",",,7,","86",",,7","55",",,7"
"USC00053005","FORT COLLINS, CO US","40.57629","-105.08575","1525.2","2020-06-14","0.89",",,7","0.00","T,,7,1900","0.0",",,7,","0.0",",,7,","89",",,7","60",",,7"
"USC00053005","FORT COLLINS, CO US","40.57629","-105.08575","1525.2","2020-06-15","0.00",",,7","0.00",",,7,1900","0.0",",,7,","0.0",",,7,","88",",,7","55",",,7"
"USC00053005","FORT COLLINS, CO US","40.57629","-105.08575","1525.2","2020-06-16","0.00",",,7","0.00",",,7,1900","0.0",",,7,","0.0",",,7,","92",",,7","54",",,7"
"USC00053005","FORT COLLINS, CO US","40.57629","-105.08575","1525.2","2020-06-17","6.04",",,7","0.00",",,7,1900","0.0",",,7,","0.0",",,7,","92",",,7","55",",,7"
"USC00053005","FORT COLLINS, CO US","40.57629","-105.08575","1525.2","2020-06-18",,,"0.04",",,7,1900","0.0",",,7,","0.0",",,7,","78",",,7","54",",,7"
"USC00053005","FORT COLLINS, CO US","40.57629","-105.08575","1525.2","2020-06-19",,,"0.19",",,7,1900","0.0",",,7,","0.0",",,7,","66",",,7","52",",,7"
"USC00053005","FORT COLLINS, CO US","40.57629","-105.08575","1525.2","2020-06-20",,,"0.00",",,7,1900","0.0",",,7,","0.0",",,7,","84",",,7","45",",,7"
"USC00053005","FORT COLLINS, CO US","40.57629","-105.08575","1525.2","2020-06-21","6.04",",,7","0.01",",,7,1900","0.0",",,7,","0.0",",,7,","80",",,7","62",",,7"
"USC00053005","FORT COLLINS, CO US","40.57629","-105.08575","1525.2","2020-06-22",,,"0.00","T,,7,1900","0.0",",,7,","0.0",",,7,","84",",,7","53",",,7"
"USC00053005","FORT COLLINS, CO US","40.57629","-105.08575","1525.2","2020-06-23",,,"0.01",",,7,1900","0.0",",,7,","0.0",",,7,","85",",,7","55",",,7"
"USC00053005","FORT COLLINS, CO US","40.57629","-105.08575","1525.2","2020-06-24",,,"0.03",",,7,1900","0.0",",,7,","0.0",",,7,","90",",,7","55",",,7"
"USC00053005","FORT COLLINS, CO US","40.57629","-105.08575","1525.2","2020-06-25",,,"0.01",",,7,1900","0.0",",,7,","0.0",",,7,","87",",,7","55",",,7"
"USC00053005","FORT COLLINS, CO US","40.57629","-105.08575","1525.2","2020-06-26",,,"0.01",",,7,1900","0.0",",,7,","0.0",",,7,","77",",,7","55",",,7"
"USC00053005","FORT COLLINS, CO US","40.57629","-105.08575","1525.2","2020-06-27","0.89",",,7","0.00","T,,7,1900","0.0",",,7,","0.0",",,7,","86",",,7","53",",,7"
"USC00053005","FORT COLLINS, CO US","40.57629","-105.08575","1525.2","2020-06-28","2.91",",,7","0.00","T,,7,1900","0.0",",,7,","0.0",",,7,","91",",,7","54",",,7"
"USC00053005","FORT COLLINS, CO US","40.57629","-105.08575","1525.2","2020-06-29","0.89",",,7","0.00",",,7,1900","0.0",",,7,","0.0",",,7,","91",",,7","56",",,7"
"USC00053005","FORT COLLINS, CO US","40.57629","-105.08575","1525.2","2020-06-30","0.89",",,7","0.07",",,7,1900","0.0",",,7,","0.0",",,7,","82",",,7","56",",,7"
"USC00053005","FORT COLLINS, CO US","40.57629","-105.08575","1525.2","2020-07-01","6.93",",,7","0.02",",,7,1900","0.0",",,7,","0.0",",,7,","85",",,7","50",",,7"
"USC00053005","FORT COLLINS, CO US","40.57629","-105.08575","1525.2","2020-07-02",,,"0.00",",,7,1900","0.0",",,7,","0.0",",,7,","92",",,7","53",",,7"
"USC00053005","FORT COLLINS, CO US","40.57629","-105.08575","1525.2","2020-07-03",,,"0.00",",,7,1900","0.0",",,7,","0.0",",,7,","89",",,7","60",",,7"
"USC00053005","FORT COLLINS, CO US","40.57629","-105.08575","1525.2","2020-07-04",,,"0.00","T,,7,1900","0.0",",,7,","0.0",",,7,","84",",,7","59",",,7"
"USC00053005","FORT COLLINS, CO US","40.57629","-105.08575","1525.2","2020-07-05","6.93",",,7","0.00","T,,7,1900","0.0",",,7,","0.0",",,7,","89",",,7","55",",,7"
"USC00053005","FORT COLLINS, CO US","40.57629","-105.08575","1525.2","2020-07-06","6.93",",,7","0.00","T,,7,1900","0.0",",,7,","0.0",",,7,","94",",,7","55",",,7"
"USC00053005","FORT COLLINS, CO US","40.57629","-105.08575","1525.2","2020-07-07","2.91",",,7","0.00","T,,7,1900","0.0",",,7,","0.0",",,7,","96",",,7","58",",,7"
"USC00053005","FORT COLLINS, CO US","40.57629","-105.08575","1525.2","2020-07-08","8.95",",,7","0.00",",,7,1900","0.0",",,7,","0.0",",,7,","95",",,7","54",",,7"
"USC00053005","FORT COLLINS, CO US","40.57629","-105.08575","1525.2","2020-07-09","6.04",",,7","0.00",",,7,1900","0.0",",,7,","0.0",",,7,","91",",,7","58",",,7"
"USC00053005","FORT COLLINS, CO US","40.57629","-105.08575","1525.2","2020-07-10",,,"0.00",",,7,1900","0.0",",,7,","0.0",",,7,","99",",,7","58",",,7"
"USC00053005","FORT COLLINS, CO US","40.57629","-105.08575","1525.2","2020-07-11",,,"0.00",",,7,1900","0.0",",,7,","0.0",",,7,","91",",,7","61",",,7"
"USC00053005","FORT COLLINS, CO US","40.57629","-105.08575","1525.2","2020-07-12","6.04",",,7","0.00",",,7,1900","0.0",",,7,","0.0",",,7,","95",",,7","60",",,7"
"USC00053005","FORT COLLINS, CO US","40.57629","-105.08575","1525.2","2020-07-13","10.07",",,7","0.06",",,7,1900","0.0",",,7,","0.0",",,7,","95",",,7","62",",,7"
"USC00053005","FORT COLLINS, CO US","40.57629","-105.08575","1525.2","2020-07-14","2.91",",,7","0.00","T,,7,1900","0.0",",,7,","0.0",",,7,","73",",,7","59",",,7"
"USC00053005","FORT COLLINS, CO US","40.57629","-105.08575","1525.2","2020-07-15","6.04",",,7","0.03",",,7,1900","0.0",",,7,","0.0",",,7,","77",",,7","58",",,7"
"USC00053005","FORT COLLINS, CO US","40.57629","-105.08575","1525.2","2020-07-16",,,"0.00","T,,7,1900","0.0",",,7,","0.0",",,7,","93",",,7","55",",,7"
"USC00053005","FORT COLLINS, CO US","40.57629","-105.08575","1525.2","2020-07-17","2.01",",,7","0.00",",,7,1900","0.0",",,7,","0.0",",,7,","95",",,7","59",",,7"
"USC00053005","FORT COLLINS, CO US","40.57629","-105.08575","1525.2","2020-07-18","8.05",",,7","0.00","T,,7,1900","0.0",",,7,","0.0",",,7,","96",",,7","60",",,7"
"USC00053005","FORT COLLINS, CO US","40.57629","-105.08575","1525.2","2020-07-19",,,"0.00","T,,7,1900","0.0",",,7,","0.0",",,7,","87",",,7","66",",,7"
"USC00053005","FORT COLLINS, CO US","40.57629","-105.08575","1525.2","2020-07-20","2.01",",,7","0.00","T,,7,1900","0.0",",,7,","0.0",",,7,","90",",,7","59",",,7"
"USC00053005","FORT COLLINS, CO US","40.57629","-105.08575","1525.2","2020-07-21",,,"0.00",",,7,1900","0.0",",,7,","0.0",",,7,","87",",,7","61",",,7"
"USC00053005","FORT COLLINS, CO US","40.57629","-105.08575","1525.2","2020-07-22",,,"0.00","T,,7,1900","0.0",",,7,","0.0",",,7,","90",",,7","58",",,7"
"USC00053005","FORT COLLINS, CO US","40.57629","-105.08575","1525.2","2020-07-23",,,"0.00","T,,7,1900","0.0",",,7,","0.0",",,7,","92",",,7","65",",,7"
"USC00053005","FORT COLLINS, CO US","40.57629","-105.08575","1525.2","2020-07-24",,,"0.00","T,,7,1900","0.0",",,7,","0.0",",,7,","89",",,7","66",",,7"
"USC00053005","FORT COLLINS, CO US","40.57629","-105.08575","1525.2","2020-07-25",,,"0.00","T,,7,1900","0.0",",,7,","0.0",",,7,","84",",,7","64",",,7"
"USC00053005","FORT COLLINS, CO US","40.57629","-105.08575","1525.2","2020-07-26","4.03",",,7","0.00","T,,7,1900","0.0",",,7,","0.0",",,7,","82",",,7","63",",,7"
"USC00053005","FORT COLLINS, CO US","40.57629","-105.08575","1525.2","2020-07-27","4.92",",,7","0.00",",,7,1900","0.0",",,7,","0.0",",,7,","86",",,7","58",",,7"
"USC00053005","FORT COLLINS, CO US","40.57629","-105.08575","1525.2","2020-07-28","4.03",",,7","0.01",",,7,1900","0.0",",,7,","0.0",",,7,","84",",,7","60",",,7"
"USC00053005","FORT COLLINS, CO US","40.57629","-105.08575","1525.2","2020-07-29","6.93",",,7","0.00","T,,7,1900","0.0",",,7,","0.0",",,7,","91",",,7","54",",,7"
"USC00053005","FORT COLLINS, CO US","40.57629","-105.08575","1525.2","2020-07-30","0.00",",,7","0.03",",,7,1900","0.0",",,7,","0.0",",,7,","80",",,7","55",",,7"
"USC00053005","FORT COLLINS, CO US","40.57629","-105.08575","1525.2","2020-07-31","2.01",",,7","0.00",",,7,1900","0.0",",,7,","0.0",",,7,","90",",,7","53",",,7"
"USC00053005","FORT COLLINS, CO US","40.57629","-105.08575","1525.2","2020-08-01",,,"0.30",",,7,1900","0.0",",,7,","0.0",",,7,","89",",,7","55",",,7"
"USC00053005","FORT COLLINS, CO US","40.57629","-105.08575","1525.2","2020-08-02",,,"0.00","T,,7,1900","0.0",",,7,","0.0",",,7,","85",",,7","57",",,7"
"USC00053005","FORT COLLINS, CO US","40.57629","-105.08575","1525.2","2020-08-03","4.92",",,7","0.00","T,,7,1900","0.0",",,7,","0.0",",,7,","83",",,7","55",",,7"
"USC00053005","FORT COLLINS, CO US","40.57629","-105.08575","1525.2","2020-08-04","0.89",",,7","0.01",",,7,1900","0.0",",,7,","0.0",",,7,","89",",,7","59",",,7"
"USC00053005","FORT COLLINS, CO US","40.57629","-105.08575","1525.2","2020-08-05","2.91",",,7","0.00","T,,7,1900","0.0",",,7,","0.0",",,7,","87",",,7","61",",,7"
"USC00053005","FORT COLLINS, CO US","40.57629","-105.08575","1525.2","2020-08-06","6.93",",,7","0.00","T,,7,1900","0.0",",,7,","0.0",",,7,","91",",,7","56",",,7"
"USC00053005","FORT COLLINS, CO US","40.57629","-105.08575","1525.2","2020-08-07","0.89",",,7","0.00",",,7,1900","0.0",",,7,","0.0",",,7,","95",",,7","54",",,7"
"USC00053005","FORT COLLINS, CO US","40.57629","-105.08575","1525.2","2020-08-08","2.01",",,7","0.00",",,7,1900","0.0",",,7,","0.0",",,7,","93",",,7","57",",,7"
"USC00053005","FORT COLLINS, CO US","40.57629","-105.08575","1525.2","2020-08-09","0.89",",,7","0.00",",,7,1900","0.0",",,7,","0.0",",,7,","97",",,7","52",",,7"
"USC00053005","FORT COLLINS, CO US","40.57629","-105.08575","1525.2","2020-08-10","4.03",",,7","0.00",",,7,1900","0.0",",,7,","0.0",",,7,","85",",,7","60",",,7"
"USC00053005","FORT COLLINS, CO US","40.57629","-105.08575","1525.2","2020-08-11","2.01",",,7","0.00","T,,7,1900","0.0",",,7,","0.0",",,7,","94",",,7","61",",,7"
"USC00053005","FORT COLLINS, CO US","40.57629","-105.08575","1525.2","2020-08-12","4.03",",,7","0.00","T,,7,1900","0.0",",,7,","0.0",",,7,","92",",,7","55",",,7"
"USC00053005","FORT COLLINS, CO US","40.57629","-105.08575","1525.2","2020-08-13",,,"0.00",",,7,1900","0.0",",,7,","0.0",",,7,","93",",,7","56",",,7"
"USC00053005","FORT COLLINS, CO US","40.57629","-105.08575","1525.2","2020-08-14",,,"0.00",",,7,1900","0.0",",,7,","0.0",",,7,","85",",,7","54",",,7"
"USC00053005","FORT COLLINS, CO US","40.57629","-105.08575","1525.2","2020-08-15",,,"0.00",",,7,1900","0.0",",,7,","0.0",",,7,","88",",,7","54",",,7"
"USC00053005","FORT COLLINS, CO US","40.57629","-105.08575","1525.2","2020-08-16","0.00",",,7","0.00",",,7,1900","0.0",",,7,","0.0",",,7,","94",",,7","55",",,7"
"USC00053005","FORT COLLINS, CO US","40.57629","-105.08575","1525.2","2020-08-17","2.01",",,7","0.00",",,7,1900","0.0",",,7,","0.0",",,7,","93",",,7","60",",,7"
"USC00053005","FORT COLLINS, CO US","40.57629","-105.08575","1525.2","2020-08-18","4.03",",,7","0.00",",,7,1900","0.0",",,7,","0.0",",,7,","98",",,7","58",",,7"
"USC00053005","FORT COLLINS, CO US","40.57629","-105.08575","1525.2","2020-08-19","2.91",",,7","0.06",",,7,1900","0.0",",,7,","0.0",",,7,","91",",,7","60",",,7"
"USC00053005","FORT COLLINS, CO US","40.57629","-105.08575","1525.2","2020-08-20",,,"0.00","T,,7,1900","0.0",",,7,","0.0",",,7,","90",",,7","58",",,7"
"USC00053005","FORT COLLINS, CO US","40.57629","-105.08575","1525.2","2020-08-21",,,"0.00","T,,7,1900","0.0",",,7,","0.0",",,7,","93",",,7","57",",,7"
"USC00053005","FORT COLLINS, CO US","40.57629","-105.08575","1525.2","2020-08-22",,,"0.00",",,7,1900","0.0",",,7,","0.0",",,7,","98",",,7","55",",,7"
"USC00053005","FORT COLLINS, CO US","40.57629","-105.08575","1525.2","2020-08-23","2.91",",,7","0.00",",,7,1900","0.0",",,7,","0.0",",,7,","92",",,7","55",",,7"
"USC00053005","FORT COLLINS, CO US","40.57629","-105.08575","1525.2","2020-08-24","2.01",",,7","0.00","T,,7,1900","0.0",",,7,","0.0",",,7,","95",",,7","62",",,7"
"USC00053005","FORT COLLINS, CO US","40.57629","-105.08575","1525.2","2020-08-25","2.01",",,7","0.00","T,,7,1900","0.0",",,7,","0.0",",,7,","98",",,7","60",",,7"
"USC00053005","FORT COLLINS, CO US","40.57629","-105.08575","1525.2","2020-08-26",,,"0.00","T,,7,1900","0.0",",,7,","0.0",",,7,","92",",,7","64",",,7"
"USC00053005","FORT COLLINS, CO US","40.57629","-105.08575","1525.2","2020-08-27",,,"0.00","T,,7,1900","0.0",",,7,","0.0",",,7,","91",",,7","56",",,7"
"USC00053005","FORT COLLINS, CO US","40.57629","-105.08575","1525.2","2020-08-28",,,"0.03",",,7,1900","0.0",",,7,","0.0",",,7,","80",",,7","63",",,7"
"USC00053005","FORT COLLINS, CO US","40.57629","-105.08575","1525.2","2020-08-29",,,"0.08",",,7,1900","0.0",",,7,","0.0",",,7,","71",",,7","54",",,7"
"USC00053005","FORT COLLINS, CO US","40.57629","-105.08575","1525.2","2020-08-30",,,"0.00",",,7,1900","0.0",",,7,","0.0",",,7,","91",",,7","51",",,7"
"USC00053005","FORT COLLINS, CO US","40.57629","-105.08575","1525.2","2020-08-31",,,"0.00","T,,7,1900","0.0",",,7,","0.0",",,7,","82",",,7","48",",,7"
"USC00053005","FORT COLLINS, CO US","40.57629","-105.08575","1525.2","2020-09-01",,,"0.00",",,7,1900","0.0",",,7,","0.0",",,7,","80",",,7","48",",,7"
"USC00053005","FORT COLLINS, CO US","40.57629","-105.08575","1525.2","2020-09-02","2.01",",,7","0.00",",,7,1900","0.0",",,7,","0.0",",,7,","86",",,7","47",",,7"
"USC00053005","FORT COLLINS, CO US","40.57629","-105.08575","1525.2","2020-09-03","0.89",",,7","0.00",",,7,1900","0.0",",,7,","0.0",",,7,","81",",,7","55",",,7"
"USC00053005","FORT COLLINS, CO US","40.57629","-105.08575","1525.2","2020-09-04",,,"0.00",",,7,1900","0.0",",,7,","0.0",",,7,","90",",,7","49",",,7"
"USC00053005","FORT COLLINS, CO US","40.57629","-105.08575","1525.2","2020-09-05",,,"0.00",",,7,1900","0.0",",,7,","0.0",",,7,","95",",,7","51",",,7"
"USC00053005","FORT COLLINS, CO US","40.57629","-105.08575","1525.2","2020-09-06","2.01",",,7","0.00",",,7,1900","0.0",",,7,","0.0",",,7,","99",",,7","54",",,7"
"USC00053005","FORT COLLINS, CO US","40.57629","-105.08575","1525.2","2020-09-07",,,"0.00",",,7,1900","0.0",",,7,","0.0",",,7,","77",",,7","51",",,7"
"USC00053005","FORT COLLINS, CO US","40.57629","-105.08575","1525.2","2020-09-08",,,"1.19",",,7,1900","2.3",",,7,","2.0",",,7,","61",",,7","32",",,7"
"USC00053005","FORT COLLINS, CO US","40.57629","-105.08575","1525.2","2020-09-09","2.01",",,7","0.16",",,7,1900","0.4",",,7,","0.0","T,,7,","42",",,7","32",",,7"
"USC00053005","FORT COLLINS, CO US","40.57629","-105.08575","1525.2","2020-09-10","2.01",",,7","0.00","T,,7,1900","0.0",",,7,","0.0",",,7,","51",",,7","38",",,7"
"USC00053005","FORT COLLINS, CO US","40.57629","-105.08575","1525.2","2020-09-11",,,"0.04",",,7,1900","0.0",",,7,","0.0",",,7,","58",",,7","39",",,7"
"USC00053005","FORT COLLINS, CO US","40.57629","-105.08575","1525.2","2020-09-12",,,"0.00",",,7,1900","0.0",",,7,","0.0",",,7,","83",",,7","39",",,7"
"USC00053005","FORT COLLINS, CO US","40.57629","-105.08575","1525.2","2020-09-13",,,"0.00",",,7,1900","0.0",",,7,","0.0",",,7,","83",",,7","42",",,7"
"USC00053005","FORT COLLINS, CO US","40.57629","-105.08575","1525.2","2020-09-14",,,"0.00",",,7,1900","0.0",",,7,","0.0",",,7,","83",",,7","44",",,7"
"USC00053005","FORT COLLINS, CO US","40.57629","-105.08575","1525.2","2020-09-15",,,"0.00",",,7,1900","0.0",",,7,","0.0",",,7,","89",",,7","45",",,7"
"USC00053005","FORT COLLINS, CO US","40.57629","-105.08575","1525.2","2020-09-16","2.01",",,7","0.00",",,7,1900","0.0",",,7,","0.0",",,7,","75",",,7","49",",,7"
"USC00053005","FORT COLLINS, CO US","40.57629","-105.08575","1525.2","2020-09-17","2.01",",,7","0.00",",,7,1900","0.0",",,7,","0.0",",,7,","85",",,7","44",",,7"
"USC00053005","FORT COLLINS, CO US","40.57629","-105.08575","1525.2","2020-09-18",,,"0.00",",,7,1900","0.0",",,7,","0.0",",,7,","76",",,7","46",",,7"
"USC00053005","FORT COLLINS, CO US","40.57629","-105.08575","1525.2","2020-09-19",,,"0.00",",,7,1900","0.0",",,7,","0.0",",,7,","85",",,7","53",",,7"
"USC00053005","FORT COLLINS, CO US","40.57629","-105.08575","1525.2","2020-09-20",,,"0.00","T,,7,1900","0.0",",,7,","0.0",",,7,","79",",,7","53",",,7"
"USC00053005","FORT COLLINS, CO US","40.57629","-105.08575","1525.2","2020-09-21",,,"0.00",",,7,1900","0.0",",,7,","0.0",",,7,","82",",,7","47",",,7"
"USC00053005","FORT COLLINS, CO US","40.57629","-105.08575","1525.2","2020-09-22",,,"0.00",",,7,1900","0.0",",,7,","0.0",",,7,","86",",,7","48",",,7"
"USC00053005","FORT COLLINS, CO US","40.57629","-105.08575","1525.2","2020-09-23","0.00",",,7","0.00","T,,7,1900","0.0",",,7,","0.0",",,7,","87",",,7","54",",,7"
"USC00053005","FORT COLLINS, CO US","40.57629","-105.08575","1525.2","2020-09-24",,,"0.00",",,7,1900","0.0",",,7,","0.0",",,7,","87",",,7","47",",,7"
"USC00053005","FORT COLLINS, CO US","40.57629","-105.08575","1525.2","2020-09-25",,,"0.00",",,7,1900","0.0",",,7,","0.0",",,7,","79",",,7","53",",,7"
"USC00053005","FORT COLLINS, CO US","40.57629","-105.08575","1525.2","2020-09-26","0.89",",,7","0.00",",,7,1900","0.0",",,7,","0.0",",,7,","82",",,7","52",",,7"
"USC00053005","FORT COLLINS, CO US","40.57629","-105.08575","1525.2","2020-09-27",,,"0.00","T,,7,1900","0.0",",,7,","0.0",",,7,","67",",,7","46",",,7"
"USC00053005","FORT COLLINS, CO US","40.57629","-105.08575","1525.2","2020-09-28",,,"0.00",",,7,1900","0.0",",,7,","0.0",",,7,","67",",,7","33",",,7"
"USC00053005","FORT COLLINS, CO US","40.57629","-105.08575","1525.2","2020-09-29",,,"0.00",",,7,1900","0.0",",,7,","0.0",",,7,","81",",,7","35",",,7"
"USC00053005","FORT COLLINS, CO US","40.57629","-105.08575","1525.2","2020-09-30","0.89",",,7","0.00",",,7,1900","0.0",",,7,","0.0",",,7,","72",",,7","40",",,7"
"USC00053005","FORT COLLINS, CO US","40.57629","-105.08575","1525.2","2020-10-01","0.00",",,7","0.00",",,7,1900","0.0",",,7,","0.0",",,7,","67",",,7","36",",,7"
"USC00053005","FORT COLLINS, CO US","40.57629","-105.08575","1525.2","2020-10-02",,,"0.00",",,7,1900","0.0",",,7,","0.0",",,7,","74",",,7","39",",,7"
"USC00053005","FORT COLLINS, CO US","40.57629","-105.08575","1525.2","2020-10-03",,,"0.00",",,7,1900","0.0",",,7,","0.0",",,7,","68",",,7","41",",,7"
"USC00053005","FORT COLLINS, CO US","40.57629","-105.08575","1525.2","2020-10-04","0.89",",,7","0.00",",,7,1900","0.0",",,7,","0.0",",,7,","79",",,7","37",",,7"
"USC00053005","FORT COLLINS, CO US","40.57629","-105.08575","1525.2","2020-10-05",,,"0.00",",,7,1900","0.0",",,7,","0.0",",,7,","82",",,7","42",",,7"
"USC00053005","FORT COLLINS, CO US","40.57629","-105.08575","1525.2","2020-10-06",,,"0.00",",,7,1900","0.0",",,7,","0.0",",,7,","82",",,7","37",",,7"
"USC00053005","FORT COLLINS, CO US","40.57629","-105.08575","1525.2","2020-10-07","4.92",",,7","0.00",",,7,1900","0.0",",,7,","0.0",",,7,","84",",,7","39",",,7"
"USC00053005","FORT COLLINS, CO US","40.57629","-105.08575","1525.2","2020-10-08",,,"0.00",",,7,1900","0.0",",,7,","0.0",",,7,","83",",,7","40",",,7"
"USC00053005","FORT COLLINS, CO US","40.57629","-105.08575","1525.2","2020-10-09",,,"0.00",",,7,1900","0.0",",,7,","0.0",",,7,","81",",,7","44",",,7"
"USC00053005","FORT COLLINS, CO US","40.57629","-105.08575","1525.2","2020-10-10",,,"0.00",",,7,1900","0.0",",,7,","0.0",",,7,","79",",,7","42",",,7"
"USC00053005","FORT COLLINS, CO US","40.57629","-105.08575","1525.2","2020-10-11","0.89",",,7","0.00",",,7,1900","0.0",",,7,","0.0",",,7,","73",",,7","43",",,7"
"USC00053005","FORT COLLINS, CO US","40.57629","-105.08575","1525.2","2020-10-12",,,"0.00",",,7,1900","0.0",",,7,","0.0",",,7,","75",",,7","35",",,7"
"USC00053005","FORT COLLINS, CO US","40.57629","-105.08575","1525.2","2020-10-13",,,"0.00",",,7,1900","0.0",",,7,","0.0",",,7,","71",",,7","42",",,7"
"USC00053005","FORT COLLINS, CO US","40.57629","-105.08575","1525.2","2020-10-14","8.95",",,7","0.00","T,,7,1900","0.0",",,7,","0.0",",,7,","73",",,7","46",",,7"
"USC00053005","FORT COLLINS, CO US","40.57629","-105.08575","1525.2","2020-10-15","2.01",",,7","0.00",",,7,1900","0.0",",,7,","0.0",",,7,","54",",,7","33",",,7"
"USC00053005","FORT COLLINS, CO US","40.57629","-105.08575","1525.2","2020-10-16",,,"0.00",",,7,1900","0.0",",,7,","0.0",",,7,","60",",,7","25",",,7"
"USC00053005","FORT COLLINS, CO US","40.57629","-105.08575","1525.2","2020-10-17",,,"0.00",",,7,1900","0.0",",,7,","0.0",",,7,","72",",,7","45",",,7"
"USC00053005","FORT COLLINS, CO US","40.57629","-105.08575","1525.2","2020-10-18","0.00",",,7","0.03",",,7,1900","0.0",",,7,","0.0",",,7,","54",",,7","31",",,7"
"USC00053005","FORT COLLINS, CO US","40.57629","-105.08575","1525.2","2020-10-19",,,"0.00",",,7,1900","0.0",",,7,","0.0",",,7,","62",",,7","31",",,7"
"USC00053005","FORT COLLINS, CO US","40.57629","-105.08575","1525.2","2020-10-20",,,"0.00",",,7,1900","0.0",",,7,","0.0",",,7,","64",",,7","34",",,7"
"USC00053005","FORT COLLINS, CO US","40.57629","-105.08575","1525.2","2020-10-21","2.01",",,7","0.00",",,7,1900","0.0",",,7,","0.0",",,7,","59",",,7","34",",,7"
"USC00053005","FORT COLLINS, CO US","40.57629","-105.08575","1525.2","2020-10-22",,,"0.00",",,7,1900","0.0",",,7,","0.0",",,7,","46",",,7","28",",,7"
"USC00053005","FORT COLLINS, CO US","40.57629","-105.08575","1525.2","2020-10-23",,,"0.00","T,,7,1900","0.0","T,,7,","0.0",",,7,","35",",,7","22",",,7"
"USC00053005","FORT COLLINS, CO US","40.57629","-105.08575","1525.2","2020-10-24","4.92",",,7","0.00",",,7,1900","0.0",",,7,","0.0",",,7,","45",",,7","21",",,7"
"USC00053005","FORT COLLINS, CO US","40.57629","-105.08575","1525.2","2020-10-25","0.00",",,7","1.03",",,7,1900","13.2",",,7,","12.0",",,7,","39",",,7","10",",,7"
"USC00053005","FORT COLLINS, CO US","40.57629","-105.08575","1525.2","2020-10-26",,,"0.08",",,7,1900","1.3",",,7,","10.0",",,7,","19",",,7","6",",,7"
"USC00053005","FORT COLLINS, CO US","40.57629","-105.08575","1525.2","2020-10-27",,,"0.00",",,7,1900","0.0",",,7,","7.0",",,7,","44",",,7","-3",",,7"
"USC00053005","FORT COLLINS, CO US","40.57629","-105.08575","1525.2","2020-10-28","2.01",",,7","0.00",",,7,1900","0.0",",,7,","3.0",",,7,","56",",,7","18",",,7"
"USC00053005","FORT COLLINS, CO US","40.57629","-105.08575","1525.2","2020-10-29","0.00",",,7","0.00",",,7,1900","0.0",",,7,","2.0",",,7,","59",",,7","23",",,7"
"USC00053005","FORT COLLINS, CO US","40.57629","-105.08575","1525.2","2020-10-30",,,"0.00",",,7,1900","0.0",",,7,","0.0",",,7,","63",",,7","25",",,7"
"USC00053005","FORT COLLINS, CO US","40.57629","-105.08575","1525.2","2020-10-31","0.89",",,7","0.00",",,7,1900","0.0",",,7,","0.0","T,,7,","60",",,7","33",",,7"
"USC00053005","FORT COLLINS, CO US","40.57629","-105.08575","1525.2","2020-11-01","0.89",",,7","0.00",",,7,1900","0.0",",,7,","0.0",",,7,","64",",,7","26",",,7"
"USC00053005","FORT COLLINS, CO US","40.57629","-105.08575","1525.2","2020-11-02",,,"0.00",",,7,1900","0.0",",,7,","0.0",",,7,","74",",,7","27",",,7"
"USC00053005","FORT COLLINS, CO US","40.57629","-105.08575","1525.2","2020-11-03",,,"0.00",",,7,1900","0.0",",,7,","0.0",",,7,","78",",,7","31",",,7"
"USC00053005","FORT COLLINS, CO US","40.57629","-105.08575","1525.2","2020-11-04","0.89",",,7","0.00",",,7,1900","0.0",",,7,","0.0",",,7,","77",",,7","40",",,7"
"USC00053005","FORT COLLINS, CO US","40.57629","-105.08575","1525.2","2020-11-05","0.00",",,7","0.00",",,7,1900","0.0",",,7,","0.0",",,7,","73",",,7","35",",,7"
"USC00053005","FORT COLLINS, CO US","40.57629","-105.08575","1525.2","2020-11-06",,,"0.00",",,7,1900","0.0",",,7,","0.0",",,7,","69",",,7","31",",,7"
"USC00053005","FORT COLLINS, CO US","40.57629","-105.08575","1525.2","2020-11-07",,,"0.00",",,7,1900","0.0",",,7,","0.0",",,7,","63",",,7","39",",,7"
"USC00053005","FORT COLLINS, CO US","40.57629","-105.08575","1525.2","2020-11-08",,,"0.00","T,,7,1900","0.0","T,,7,","0.0",",,7,","59",",,7","41",",,7"
"USC00053005","FORT COLLINS, CO US","40.57629","-105.08575","1525.2","2020-11-09",,,"0.25",",,7,1900","3.6",",,7,","3.0",",,7,","44",",,7","25",",,7"
"USC00053005","FORT COLLINS, CO US","40.57629","-105.08575","1525.2","2020-11-10",,,"0.00",",,7,1900","0.0",",,7,","1.0",",,7,","38",",,7","25",",,7"
"USC00053005","FORT COLLINS, CO US","40.57629","-105.08575","1525.2","2020-11-11","2.01",",,7","0.00",",,7,1900","0.0",",,7,","0.0","T,,7,","52",",,7","22",",,7"
"USC00053005","FORT COLLINS, CO US","40.57629","-105.08575","1525.2","2020-11-12","4.92",",,7","0.00",",,7,1900","0.0",",,7,","0.0","T,,7,","45",",,7","24",",,7"
"USC00053005","FORT COLLINS, CO US","40.57629","-105.08575","1525.2","2020-11-13",,,"0.00",",,7,1900","0.0",",,7,","0.0","T,,7,","60",",,7","15",",,7"
"USC00053005","FORT COLLINS, CO US","40.57629","-105.08575","1525.2","2020-11-14","4.92",",,7","0.02",",,7,1900","0.1",",,7,","0.0","T,,7,","52",",,7","32",",,7"
"USC00053005","FORT COLLINS, CO US","40.57629","-105.08575","1525.2","2020-11-15","0.89",",,7","0.00",",,7,1900","0.0",",,7,","0.0",",,7,","57",",,7","21",",,7"
"USC00053005","FORT COLLINS, CO US","40.57629","-105.08575","1525.2","2020-11-16",,,"0.00",",,7,1900","0.0",",,7,","0.0",",,7,","65",",,7","34",",,7"
"USC00053005","FORT COLLINS, CO US","40.57629","-105.08575","1525.2","2020-11-17",,,"0.00",",,7,1900","0.0",",,7,","0.0",",,7,","69",",,7","27",",,7"
"USC00053005","FORT COLLINS, CO US","40.57629","-105.08575","1525.2","2020-11-18","2.91",",,7","0.00",",,7,1900","0.0",",,7,","0.0",",,7,","69",",,7","34",",,7"
"USC00053005","FORT COLLINS, CO US","40.57629","-105.08575","1525.2","2020-11-19",,,"0.00",",,7,1900","0.0",",,7,","0.0",",,7,","64",",,7","37",",,7"
"USC00053005","FORT COLLINS, CO US","40.57629","-105.08575","1525.2","2020-11-20",,,"0.00",",,7,1900","0.0",",,7,","0.0",",,7,","51",",,7","33",",,7"
"USC00053005","FORT COLLINS, CO US","40.57629","-105.08575","1525.2","2020-11-21","2.91",",,7","0.00",",,7,1900","0.0",",,7,","0.0",",,7,","54",",,7","23",",,7"
"USC00053005","FORT COLLINS, CO US","40.57629","-105.08575","1525.2","2020-11-22","0.89",",,7","0.00",",,7,1900","0.0",",,7,","0.0",",,7,","44",",,7","19",",,7"
"USC00053005","FORT COLLINS, CO US","40.57629","-105.08575","1525.2","2020-11-23","2.01",",,7","0.00",",,7,1900","0.0",",,7,","0.0",",,7,","59",",,7","23",",,7"
"USC00053005","FORT COLLINS, CO US","40.57629","-105.08575","1525.2","2020-11-24","0.89",",,7","0.37",",,7,1900","0.0","T,,7,","0.0",",,7,","50",",,7","32",",,7"
"USC00053005","FORT COLLINS, CO US","40.57629","-105.08575","1525.2","2020-11-25","0.00",",,7","0.00",",,7,1900","0.0",",,7,","0.0",",,7,","51",",,7","19",",,7"
"USC00053005","FORT COLLINS, CO US","40.57629","-105.08575","1525.2","2020-11-26",,,"0.00","T,,7,1900","0.0","T,,7,","0.0",",,7,","45",",,7","22",",,7"
"USC00053005","FORT COLLINS, CO US","40.57629","-105.08575","1525.2","2020-11-27",,,"0.00",",,7,1900","0.0",",,7,","0.0",",,7,","44",",,7","21",",,7"
"USC00053005","FORT COLLINS, CO US","40.57629","-105.08575","1525.2","2020-11-28",,,"0.00",",,7,1900","0.0",",,7,","0.0",",,7,","58",",,7","18",",,7"
"USC00053005","FORT COLLINS, CO US","40.57629","-105.08575","1525.2","2020-11-29","0.89",",,7","0.00",",,7,1900","0.0",",,7,","0.0",",,7,","43",",,7","26",",,7"
"USC00053005","FORT COLLINS, CO US","40.57629","-105.08575","1525.2","2020-11-30",,,"0.00",",,7,1900","0.0",",,7,","0.0",",,7,","58",",,7","13",",,7"
"USC00053005","FORT COLLINS, CO US","40.57629","-105.08575","1525.2","2020-12-01",,,"0.00",",,7,1900","0.0",",,7,","0.0",",,7,","43",",,7","28",",,7"
"USC00053005","FORT COLLINS, CO US","40.57629","-105.08575","1525.2","2020-12-02","4.03",",,7","0.00",",,7,1900","0.0",",,7,","0.0",",,7,","38",",,7","22",",,7"
"USC00053005","FORT COLLINS, CO US","40.57629","-105.08575","1525.2","2020-12-03","0.00",",,7","0.00",",,7,1900","0.0",",,7,","0.0",",,7,","52",",,7","12",",,7"
"USC00053005","FORT COLLINS, CO US","40.57629","-105.08575","1525.2","2020-12-04","2.01",",,7","0.00",",,7,1900","0.0",",,7,","0.0",",,7,","63",",,7","19",",,7"
"USC00053005","FORT COLLINS, CO US","40.57629","-105.08575","1525.2","2020-12-05",,,"0.00",",,7,1900","0.0",",,7,","0.0",",,7,","56",",,7","20",",,7"
"USC00053005","FORT COLLINS, CO US","40.57629","-105.08575","1525.2","2020-12-06","0.89",",,7","0.00",",,7,1900","0.0",",,7,","0.0",",,7,","61",",,7","19",",,7"
"USC00053005","FORT COLLINS, CO US","40.57629","-105.08575","1525.2","2020-12-07",,,"0.00",",,7,1900","0.0",",,7,","0.0",",,7,","62",",,7","18",",,7"
"USC00053005","FORT COLLINS, CO US","40.57629","-105.08575","1525.2","2020-12-08",,,"0.00",",,7,1900","0.0",",,7,","0.0",",,7,","60",",,7","18",",,7"
"USC00053005","FORT COLLINS, CO US","40.57629","-105.08575","1525.2","2020-12-09","4.92",",,7","0.00",",,7,1900","0.0",",,7,","0.0",",,7,","63",",,7","21",",,7"
"USC00053005","FORT COLLINS, CO US","40.57629","-105.08575","1525.2","2020-12-10",,,"0.00",",,7,1900","0.0",",,7,","0.0",",,7,","44",",,7","28",",,7"
"USC00053005","FORT COLLINS, CO US","40.57629","-105.08575","1525.2","2020-12-11",,,"0.19",",,7,1900","2.4",",,7,","2.0",",,7,","32",",,7","18",",,7"
"USC00053005","FORT COLLINS, CO US","40.57629","-105.08575","1525.2","2020-12-12","2.91",",,7","0.01",",,7,1900","0.1",",,7,","2.0",",,7,","26",",,7","13",",,7"
"USC00053005","FORT COLLINS, CO US","40.57629","-105.08575","1525.2","2020-12-13","0.89",",,7","0.02",",,7,1900","0.6",",,7,","2.0",",,7,","36",",,7","5",",,7"
"USC00053005","FORT COLLINS, CO US","40.57629","-105.08575","1525.2","2020-12-14",,,"0.03",",,7,1900","0.8",",,7,","3.0",",,7,","34",",,7","10",",,7"
"USC00053005","FORT COLLINS, CO US","40.57629","-105.08575","1525.2","2020-12-15","6.04",",,7","0.00","T,,7,1900","0.2",",,7,","2.0",",,7,","39",",,7","18",",,7"
"USC00053005","FORT COLLINS, CO US","40.57629","-105.08575","1525.2","2020-12-16","2.91",",,7","0.00",",,7,1900","0.0",",,7,","2.0",",,7,","46",",,7","16",",,7"
"USC00053005","FORT COLLINS, CO US","40.57629","-105.08575","1525.2","2020-12-17",,,"0.00",",,7,1900","0.0",",,7,","1.0",",,7,","44",",,7","14",",,7"
"USC00053005","FORT COLLINS, CO US","40.57629","-105.08575","1525.2","2020-12-18","2.91",",,7","0.00","T,,7,1900","0.0","T,,7,","0.0","T,,7,","42",",,7","23",",,7"
"USC00053005","FORT COLLINS, CO US","40.57629","-105.08575","1525.2","2020-12-19",,,"0.00",",,7,1900","0.0",",,7,","0.0","T,,7,","47",",,7","15",",,7"
"USC00053005","FORT COLLINS, CO US","40.57629","-105.08575","1525.2","2020-12-20","4.03",",,7","0.00",",,7,1900","0.0",",,7,","0.0","T,,7,","53",",,7","21",",,7"
"USC00053005","FORT COLLINS, CO US","40.57629","-105.08575","1525.2","2020-12-21",,,"0.00",",,7,1900","0.0",",,7,","0.0","T,,7,","58",",,7","30",",,7"
"USC00053005","FORT COLLINS, CO US","40.57629","-105.08575","1525.2","2020-12-22",,,"0.01",",,7,1900","0.1",",,7,","0.0","T,,7,","62",",,7","27",",,7"
"USC00053005","FORT COLLINS, CO US","40.57629","-105.08575","1525.2","2020-12-23","4.03",",,7","0.00","T,,7,1900","0.0","T,,7,","0.0","T,,7,","36",",,7","23",",,7"
"USC00053005","FORT COLLINS, CO US","40.57629","-105.08575","1525.2","2020-12-24","4.03",",,7","0.00",",,7,1900","0.0",",,7,","0.0",",,7,","56",",,7","14",",,7"
"USC00053005","FORT COLLINS, CO US","40.57629","-105.08575","1525.2","2020-12-25","2.01",",,7","0.00",",,7,1900","0.0",",,7,","0.0",",,7,","56",",,7","18",",,7"
"USC00053005","FORT COLLINS, CO US","40.57629","-105.08575","1525.2","2020-12-26",,,"0.00",",,7,1900","0.0",",,7,","0.0",",,7,","60",",,7","24",",,7"
"USC00053005","FORT COLLINS, CO US","40.57629","-105.08575","1525.2","2020-12-27",,,"0.00",",,7,1900","0.0",",,7,","0.0",",,7,","48",",,7","34",",,7"
"USC00053005","FORT COLLINS, CO US","40.57629","-105.08575","1525.2","2020-12-28",,,"0.10",",,7,1900","1.3",",,7,","1.0",",,7,","41",",,7","21",",,7"
"USC00053005","FORT COLLINS, CO US","40.57629","-105.08575","1525.2","2020-12-29","0.89",",,7","0.14",",,7,1900","1.4",",,7,","2.0",",,7,","41",",,7","18",",,7"
"USC00053005","FORT COLLINS, CO US","40.57629","-105.08575","1525.2","2020-12-30","2.01",",,7","0.00",",,7,1900","0.0",",,7,","2.0",",,7,","35",",,7","5",",,7"
"USC00053005","FORT COLLINS, CO US","40.57629","-105.08575","1525.2","2020-12-31",,,"0.00",",,7,1900","0.0",",,7,","1.0",",,7,","45",",,7","14",",,7"
"USC00053005","FORT COLLINS, CO US","40.57629","-105.08575","1525.2","2021-01-01",,,"0.00",",,7,1900","0.0",",,7,","1.0",",,7,","44",",,7","26",",,7"
"USC00053005","FORT COLLINS, CO US","40.57629","-105.08575","1525.2","2021-01-02","6.93",",,7","0.00",",,7,1900","0.0",",,7,","1.0",",,7,","44",",,7","12",",,7"
"USC00053005","FORT COLLINS, CO US","40.57629","-105.08575","1525.2","2021-01-03","4.03",",,7","0.00",",,7,1900","0.0",",,7,","1.0",",,7,","43",",,7","20",",,7"
"USC00053005","FORT COLLINS, CO US","40.57629","-105.08575","1525.2","2021-01-04","0.89",",,7","0.00",",,7,1900","0.0",",,7,","1.0",",,7,","48",",,7","22",",,7"
"USC00053005","FORT COLLINS, CO US","40.57629","-105.08575","1525.2","2021-01-05","8.95",",,7","0.00",",,7,1900","0.0",",,7,","0.0","T,,7,","55",",,7","22",",,7"
"USC00053005","FORT COLLINS, CO US","40.57629","-105.08575","1525.2","2021-01-06","0.89",",,7","0.00",",,7,1900","0.0",",,7,","0.0","T,,7,","44",",,7","20",",,7"
"USC00053005","FORT COLLINS, CO US","40.57629","-105.08575","1525.2","2021-01-07","0.89",",,7","0.00",",,7,1900","0.0",",,7,","0.0","T,,7,","45",",,7","19",",,7"
"USC00053005","FORT COLLINS, CO US","40.57629","-105.08575","1525.2","2021-01-08",,,"0.00",",,7,1900","0.0",",,7,","0.0","T,,7,","45",",,7","19",",,7"
"USC00053005","FORT COLLINS, CO US","40.57629","-105.08575","1525.2","2021-01-09","0.89",",,7","0.14",",,7,1900","2.6",",,7,","3.0",",,7,","35",",,7","22",",,7"
"USC00053005","FORT COLLINS, CO US","40.57629","-105.08575","1525.2","2021-01-10","0.89",",,7","0.03",",,7,1900","0.5",",,7,","2.0",",,7,","36",",,7","20",",,7"
"USC00053005","FORT COLLINS, CO US","40.57629","-105.08575","1525.2","2021-01-11",,,"0.00",",,7,1900","0.0",",,7,","1.0",",,7,","46",",,7","6",",,7"
"USC00053005","FORT COLLINS, CO US","40.57629","-105.08575","1525.2","2021-01-12","2.01",",,7","0.00",",,7,1900","0.0",",,7,","1.0",",,7,","46",",,7","11",",,7"
"USC00053005","FORT COLLINS, CO US","40.57629","-105.08575","1525.2","2021-01-13","4.92",",,7","0.00",",,7,1900","0.0",",,7,","0.0","T,,7,","58",",,7","27",",,7"
"USC00053005","FORT COLLINS, CO US","40.57629","-105.08575","1525.2","2021-01-14",,,"0.00","T,,7,1900","0.0","T,,7,","0.0","T,,7,","54",",,7","28",",,7"
"USC00053005","FORT COLLINS, CO US","40.57629","-105.08575","1525.2","2021-01-15","0.89",",,7","0.00",",,7,1900","0.0",",,7,","0.0","T,,7,","46",",,7","22",",,7"
"USC00053005","FORT COLLINS, CO US","40.57629","-105.08575","1525.2","2021-01-16","4.92",",,7","0.00",",,7,1900","0.0",",,7,","0.0","T,,7,","54",",,7","26",",,7"
"USC00053005","FORT COLLINS, CO US","40.57629","-105.08575","1525.2","2021-01-17","2.01",",,7","0.00",",,7,1900","0.0",",,7,","0.0","T,,7,","43",",,7","26",",,7"
"USC00053005","FORT COLLINS, CO US","40.57629","-105.08575","1525.2","2021-01-18",,,"0.00","T,,7,1900","0.0","T,,7,","0.0","T,,7,","45",",,7","29",",,7"
"USC00053005","FORT COLLINS, CO US","40.57629","-105.08575","1525.2","2021-01-19",,,"0.00",",,7,1900","0.0",",,7,","0.0",",,7,","39",",,7","16",",,7"
"USC00053005","FORT COLLINS, CO US","40.57629","-105.08575","1525.2","2021-01-20","2.01",",,7","0.00",",,7,1900","0.0",",,7,","0.0",",,7,","55",",,7","14",",,7"
"USC00053005","FORT COLLINS, CO US","40.57629","-105.08575","1525.2","2021-01-21",,,"0.00",",,7,1900","0.0",",,7,","0.0",",,7,","45",",,7","27",",,7"
"USC00053005","FORT COLLINS, CO US","40.57629","-105.08575","1525.2","2021-01-22",,,"0.00",",,7,1900","0.0",",,7,","0.0",",,7,","45",",,7","20",",,7"
"USC00053005","FORT COLLINS, CO US","40.57629","-105.08575","1525.2","2021-01-23",,,"0.00",",,7,1900","0.0",",,7,","0.0",",,7,","45",",,7","20",",,7"
"USC00053005","FORT COLLINS, CO US","40.57629","-105.08575","1525.2","2021-01-24",,,"0.01",",,7,1900","0.3",",,7,","0.0","T,,7,","33",",,7","24",",,7"
"USC00053005","FORT COLLINS, CO US","40.57629","-105.08575","1525.2","2021-01-25",,,"0.00","T,,7,1900","0.0","T,,7,","0.0","T,,7,","39",",,7","17",",,7"
"USC00053005","FORT COLLINS, CO US","40.57629","-105.08575","1525.2","2021-01-26",,,"0.12",",,7,1900","2.1",",,7,","2.0",",,7,","26",",,7","15",",,7"
"USC00053005","FORT COLLINS, CO US","40.57629","-105.08575","1525.2","2021-01-27","2.01",",,7","0.00","T,,7,1900","0.1",",,7,","1.0",",,7,","29",",,7","11",",,7"
"USC00053005","FORT COLLINS, CO US","40.57629","-105.08575","1525.2","2021-01-28",,,"0.00",",,7,1900","0.0",",,7,","1.0",",,7,","39",",,7","12",",,7"
"USC00053005","FORT COLLINS, CO US","40.57629","-105.08575","1525.2","2021-01-29",,,"0.00",",,7,1900","0.0",",,7,","0.0","T,,7,","57",",,7","20",",,7"
"USC00053005","FORT COLLINS, CO US","40.57629","-105.08575","1525.2","2021-01-30","0.89",",,7","0.00",",,7,1900","0.0",",,7,","0.0","T,,7,","53",",,7","30",",,7"
"USC00053005","FORT COLLINS, CO US","40.57629","-105.08575","1525.2","2021-01-31","0.89",",,7","0.00",",,7,1900","0.0",",,7,","0.0","T,,7,","51",",,7","21",",,7"
"USC00053005","FORT COLLINS, CO US","40.57629","-105.08575","1525.2","2021-02-01",,,"0.00",",,7,1900","0.0",",,7,","0.0","T,,7,","54",",,7","20",",,7"
"USC00053005","FORT COLLINS, CO US","40.57629","-105.08575","1525.2","2021-02-02",,,"0.00",",,7,1900","0.0",",,7,","0.0",",,7,","62",",,7","24",",,7"
"USC00053005","FORT COLLINS, CO US","40.57629","-105.08575","1525.2","2021-02-03","8.95",",,7","0.00","T,,7,1900","0.0",",,7,","0.0",",,7,","58",",,7","27",",,7"
"USC00053005","FORT COLLINS, CO US","40.57629","-105.08575","1525.2","2021-02-04",,,"0.00",",,7,1900","0.0",",,7,","0.0",",,7,","44",",,7","20",",,7"
"USC00053005","FORT COLLINS, CO US","40.57629","-105.08575","1525.2","2021-02-05",,,"0.00",",,7,1900","0.0",",,7,","0.0",",,7,","40",",,7","25",",,7"
"USC00053005","FORT COLLINS, CO US","40.57629","-105.08575","1525.2","2021-02-06",,,"0.00",",,7,1900","0.0",",,7,","0.0",",,7,","40",",,7","25",",,7"
"USC00053005","FORT COLLINS, CO US","40.57629","-105.08575","1525.2","2021-02-07","10.07",",,7","0.00","T,,7,1900","0.0",",,7,","0.0",",,7,","54",",,7","16",",,7"
"USC00053005","FORT COLLINS, CO US","40.57629","-105.08575","1525.2","2021-02-08",,,"0.00","T,,7,1900","0.0","T,,7,","0.0",",,7,","29",",,7","10",",,7"
"USC00053005","FORT COLLINS, CO US","40.57629","-105.08575","1525.2","2021-02-09",,,"0.00","T,,7,1900","0.0","T,,7,","0.0",",,7,","29",",,7","10",",,7"
"USC00053005","FORT COLLINS, CO US","40.57629","-105.08575","1525.2","2021-02-10","2.91",",,7","0.00","T,,7,1900","0.0","T,,7,","0.0",",,7,","24",",,7","9",",,7"
"USC00053005","FORT COLLINS, CO US","40.57629","-105.08575","1525.2","2021-02-11",,,"0.00","T,,7,1900","0.1",",,7,","0.0","T,,7,","19",",,7","8",",,7"
"USC00053005","FORT COLLINS, CO US","40.57629","-105.08575","1525.2","2021-02-12",,,"0.01",",,7,1900","0.3",",,7,","0.0","T,,7,","10",",,7","-3",",,7"
"USC00053005","FORT COLLINS, CO US","40.57629","-105.08575","1525.2","2021-02-13","6.04",",,7","0.08",",,7,1900","0.9",",,7,","1.0",",,7,","6",",,7","-4",",,7"
"USC00053005","FORT COLLINS, CO US","40.57629","-105.08575","1525.2","2021-02-14","2.91",",,7","0.15",",,7,1900","1.8",",,7,","2.0",",,7,","2",",,7","-8",",,7"
"USC00053005","FORT COLLINS, CO US","40.57629","-105.08575","1525.2","2021-02-15",,,"0.00",",,7,1900","0.0",",,7,","2.0",",,7,","15",",,7","-11",",,7"
"USC00053005","FORT COLLINS, CO US","40.57629","-105.08575","1525.2","2021-02-16",,,"0.00",",,7,1900","0.0",",,7,","1.0",",,7,","40",",,7","1",",,7"
"USC00053005","FORT COLLINS, CO US","40.57629","-105.08575","1525.2","2021-02-17","2.91",",,7","0.11",",,7,1900","1.8",",,7,","3.0",",,7,","32",",,7","23",",,7"
"USC00053005","FORT COLLINS, CO US","40.57629","-105.08575","1525.2","2021-02-18",,,"0.15",",,7,1900","1.8",",,7,","3.0",",,7,","33",",,7","19",",,7"
"USC00053005","FORT COLLINS, CO US","40.57629","-105.08575","1525.2","2021-02-19",,,"0.00",",,7,1900","0.0",",,7,","1.0",",,7,","46",",,7","7",",,7"
"USC00053005","FORT COLLINS, CO US","40.57629","-105.08575","1525.2","2021-02-20","6.04",",,7","0.00",",,7,1900","0.0",",,7,","1.0",",,7,","50",",,7","17",",,7"
"USC00053005","FORT COLLINS, CO US","40.57629","-105.08575","1525.2","2021-02-21","2.01",",,7","0.00",",,7,1900","0.0",",,7,","0.0","T,,7,","48",",,7","27",",,7"
"USC00053005","FORT COLLINS, CO US","40.57629","-105.08575","1525.2","2021-02-22","2.01",",,7","0.00",",,7,1900","0.0",",,7,","0.0","T,,7,","61",",,7","26",",,7"
"USC00053005","FORT COLLINS, CO US","40.57629","-105.08575","1525.2","2021-02-23","4.92",",,7","0.00",",,7,1900","0.0",",,7,","0.0","T,,7,","59",",,7","25",",,7"
"USC00053005","FORT COLLINS, CO US","40.57629","-105.08575","1525.2","2021-02-24","4.92",",,7","0.07",",,7,1900","1.3",",,7,","1.0",",,7,","46",",,7","19",",,7"
"USC00053005","FORT COLLINS, CO US","40.57629","-105.08575","1525.2","2021-02-25",,,"0.24",",,7,1900","2.1",",,7,","2.0",",,7,","35",",,7","21",",,7"
"USC00053005","FORT COLLINS, CO US","40.57629","-105.08575","1525.2","2021-02-26",,,"0.00",",,7,1900","0.0",",,7,","0.0","T,,7,","47",",,7","15",",,7"
"USC00053005","FORT COLLINS, CO US","40.57629","-105.08575","1525.2","2021-02-27",,,"0.00","T,,7,1900","0.0","T,,7,","0.0","T,,7,","43",",,7","29",",,7"
"USC00053005","FORT COLLINS, CO US","40.57629","-105.08575","1525.2","2021-02-28","0.00",",,7","0.00",",,7,1900","0.0",",,7,","0.0","T,,7,","41",",,7","18",",,7"
"USC00053005","FORT COLLINS, CO US","40.57629","-105.08575","1525.2","2021-03-01","0.89",",,7","0.00",",,7,1900","0.0",",,7,","0.0","T,,7,","50",",,7","15",",,7"
"USC00053005","FORT COLLINS, CO US","40.57629","-105.08575","1525.2","2021-03-02","2.91",",,7","0.00",",,7,1900","0.0",",,7,","0.0","T,,7,","65",",,7","20",",,7"
"USC00053005","FORT COLLINS, CO US","40.57629","-105.08575","1525.2","2021-03-03","0.00",",,7","0.00",",,7,1900","0.0",",,7,","0.0","T,,7,","63",",,7","25",",,7"
"USC00053005","FORT COLLINS, CO US","40.57629","-105.08575","1525.2","2021-03-04","2.91",",,7","0.04",",,7,1900","0.0",",,7,","0.0","T,,7,","49",",,7","30",",,7"
"USC00053005","FORT COLLINS, CO US","40.57629","-105.08575","1525.2","2021-03-05",,,"0.00",",,7,1900","0.0",",,7,","0.0",",,7,","63",",,7","25",",,7"
"USC00053005","FORT COLLINS, CO US","40.57629","-105.08575","1525.2","2021-03-06",,,"0.00",",,7,1900","0.0",",,7,","0.0",",,7,","63",",,7","22",",,7"
"USC00053005","FORT COLLINS, CO US","40.57629","-105.08575","1525.2","2021-03-07","0.00",",,7","0.00",",,7,1900","0.0",",,7,","0.0",",,7,","69",",,7","29",",,7"
"USC00053005","FORT COLLINS, CO US","40.57629","-105.08575","1525.2","2021-03-08",,,"0.00",",,7,1900","0.0",",,7,","0.0",",,7,","67",",,7","33",",,7"
"USC00053005","FORT COLLINS, CO US","40.57629","-105.08575","1525.2","2021-03-09",,,"0.00",",,7,1900","0.0",",,7,","0.0",",,7,","67",",,7","34",",,7"
"USC00053005","FORT COLLINS, CO US","40.57629","-105.08575","1525.2","2021-03-10","2.91",",,7","0.06",",,7,1900","0.0","T,,7,","0.0",",,7,","54",",,7","34",",,7"
"USC00053005","FORT COLLINS, CO US","40.57629","-105.08575","1525.2","2021-03-11",,,"0.00",",,7,1900","0.0",",,7,","0.0",",,7,","48",",,7","26",",,7"
"USC00053005","FORT COLLINS, CO US","40.57629","-105.08575","1525.2","2021-03-12",,,"0.07",",,7,1900","0.0","T,,7,","0.0",",,7,","44",",,7","33",",,7"
"USC00053005","FORT COLLINS, CO US","40.57629","-105.08575","1525.2","2021-03-13","2.91",",,7","0.53",",,7,1900","2.6",",,7,","3.0",",,7,","43",",,7","33",",,7"
"USC00053005","FORT COLLINS, CO US","40.57629","-105.08575","1525.2","2021-03-14",,,"1.78",",,7,1900","16.8",",,7,","18.0",",,7,","33",",,7","28",",,7"
"USC00053005","FORT COLLINS, CO US","40.57629","-105.08575","1525.2","2021-03-15",,,"0.01",",,7,1900","0.1",",,7,","14.0",",,7,","39",",,7","15",",,7"
"USC00053005","FORT COLLINS, CO US","40.57629","-105.08575","1525.2","2021-03-16",,,"0.00","T,,7,1900","0.0","T,,7,","12.0",",,7,","36",",,7","17",",,7"
"USC00053005","FORT COLLINS, CO US","40.57629","-105.08575","1525.2","2021-03-17","2.01",",,7","0.00",",,7,1900","0.0",",,7,","9.0",",,7,","47",",,7","30",",,7"
"USC00053005","FORT COLLINS, CO US","40.57629","-105.08575","1525.2","2021-03-18","0.89",",,7","0.00",",,7,1900","0.0",",,7,","6.0",",,7,","46",",,7","17",",,7"
"USC00053005","FORT COLLINS, CO US","40.57629","-105.08575","1525.2","2021-03-19",,,"0.00",",,7,1900","0.0",",,7,","4.0",",,7,","53",",,7","23",",,7"
"USC00053005","FORT COLLINS, CO US","40.57629","-105.08575","1525.2","2021-03-20",,,"0.00",",,7,1900","0.0",",,7,","2.0",",,7,","60",",,7","28",",,7"
"USC00053005","FORT COLLINS, CO US","40.57629","-105.08575","1525.2","2021-03-21","2.01",",,7","0.08",",,7,1900","0.0","T,,7,","1.0",",,7,","49",",,7","33",",,7"
"USC00053005","FORT COLLINS, CO US","40.57629","-105.08575","1525.2","2021-03-22",,,"0.01",",,7,1900","0.3",",,7,","1.0",",,7,","45",",,7","29",",,7"
"USC00053005","FORT COLLINS, CO US","40.57629","-105.08575","1525.2","2021-03-23",,,"0.00",",,7,1900","0.0",",,7,","0.0","T,,7,","45",",,7","27",",,7"
"USC00053005","FORT COLLINS, CO US","40.57629","-105.08575","1525.2","2021-03-24",,,"0.00",",,7,1900","0.0",",,7,","0.0","T,,7,","43",",,7","27",",,7"
"USC00053005","FORT COLLINS, CO US","40.57629","-105.08575","1525.2","2021-03-25","2.01",",,7","0.00",",,7,1900","0.0",",,7,","0.0","T,,7,","50",",,7","22",",,7"
"USC00053005","FORT COLLINS, CO US","40.57629","-105.08575","1525.2","2021-03-26","4.03",",,7","0.01",",,7,1900","0.0",",,7,","0.0","T,,7,","51",",,7","34",",,7"
"USC00053005","FORT COLLINS, CO US","40.57629","-105.08575","1525.2","2021-03-27","0.00",",,7","0.07",",,7,1900","0.0","T,,7,","0.0","T,,7,","55",",,7","29",",,7"
"USC00053005","FORT COLLINS, CO US","40.57629","-105.08575","1525.2","2021-03-28","2.01",",,7","0.00",",,7,1900","0.0",",,7,","0.0","T,,7,","67",",,7","27",",,7"
"USC00053005","FORT COLLINS, CO US","40.57629","-105.08575","1525.2","2021-03-29",,,"0.00",",,7,1900","0.0",",,7,","0.0",",,7,","73",",,7","36",",,7"
"USC00053005","FORT COLLINS, CO US","40.57629","-105.08575","1525.2","2021-03-30",,,"0.00","T,,7,1900","0.1",",,7,","0.0",",,7,","49",",,7","27",",,7"
"USC00053005","FORT COLLINS, CO US","40.57629","-105.08575","1525.2","2021-03-31","4.03",",,7","0.00",",,7,1900","0.0",",,7,","0.0",",,7,","53",",,7","22",",,7"
"USC00053005","FORT COLLINS, CO US","40.57629","-105.08575","1525.2","2021-04-01",,,"0.00",",,7,1900","0.0",",,7,","0.0",",,7,","68",",,7","25",",,7"
"USC00053005","FORT COLLINS, CO US","40.57629","-105.08575","1525.2","2021-04-02",,,"0.00",",,7,1900","0.0",",,7,","0.0",",,7,","78",",,7","33",",,7"
"USC00053005","FORT COLLINS, CO US","40.57629","-105.08575","1525.2","2021-04-03","2.01",",,7","0.00",",,7,1900","0.0",",,7,","0.0",",,7,","80",",,7","34",",,7"
"USC00053005","FORT COLLINS, CO US","40.57629","-105.08575","1525.2","2021-04-04","0.89",",,7","0.00",",,7,1900","0.0",",,7,","0.0",",,7,","81",",,7","39",",,7"
"USC00053005","FORT COLLINS, CO US","40.57629","-105.08575","1525.2","2021-04-05",,,"0.00",",,7,1900","0.0",",,7,","0.0",",,7,","82",",,7","38",",,7"
"USC00053005","FORT COLLINS, CO US","40.57629","-105.08575","1525.2","2021-04-06",,,"0.08",",,7,1900","0.0",",,7,","0.0",",,7,","71",",,7","41",",,7"
"USC00053005","FORT COLLINS, CO US","40.57629","-105.08575","1525.2","2021-04-07",,,"0.00",",,7,1900","0.0",",,7,","0.0",",,7,","65",",,7","36",",,7"
"USC00053005","FORT COLLINS, CO US","40.57629","-105.08575","1525.2","2021-04-08","2.91",",,7","0.00",",,7,1900","0.0",",,7,","0.0",",,7,","72",",,7","33",",,7"
"USC00053005","FORT COLLINS, CO US","40.57629","-105.08575","1525.2","2021-04-09",,,"0.00","T,,7,1900","0.0","T,,7,","0.0",",,7,","60",",,7","35",",,7"
"USC00053005","FORT COLLINS, CO US","40.57629","-105.08575","1525.2","2021-04-10","6.04",",,7","0.00",",,7,1900","0.0",",,7,","0.0",",,7,","71",",,7","26",",,7"
"USC00053005","FORT COLLINS, CO US","40.57629","-105.08575","1525.2","2021-04-11","8.05",",,7","0.00",",,7,1900","0.0",",,7,","0.0",",,7,","63",",,7","37",",,7"
"USC00053005","FORT COLLINS, CO US","40.57629","-105.08575","1525.2","2021-04-12","2.01",",,7","0.00",",,7,1900","0.0",",,7,","0.0",",,7,","46",",,7","29",",,7"
"USC00053005","FORT COLLINS, CO US","40.57629","-105.08575","1525.2","2021-04-13","2.91",",,7","0.00","T,,7,1900","0.0","T,,7,","0.0",",,7,","41",",,7","29",",,7"
"USC00053005","FORT COLLINS, CO US","40.57629","-105.08575","1525.2","2021-04-14",,,"0.05",",,7,1900","0.4",",,7,","0.0",",,7,","41",",,7","26",",,7"
"USC00053005","FORT COLLINS, CO US","40.57629","-105.08575","1525.2","2021-04-15",,,"0.55",",,7,1900","3.0",",,7,","3.0",",,7,","36",",,7","31",",,7"
"USC00053005","FORT COLLINS, CO US","40.57629","-105.08575","1525.2","2021-04-16",,,"0.07",",,7,1900","1.8",",,7,","0.0","T,,7,","41",",,7","27",",,7"
"USC00053005","FORT COLLINS, CO US","40.57629","-105.08575","1525.2","2021-04-17","2.01",",,7","0.00",",,7,1900","0.0",",,7,","0.0","T,,7,","49",",,7","26",",,7"
"USC00053005","FORT COLLINS, CO US","40.57629","-105.08575","1525.2","2021-04-18","6.93",",,7","0.00","T,,7,1900","0.0",",,7,","0.0",",,7,","61",",,7","29",",,7"
"USC00053005","FORT COLLINS, CO US","40.57629","-105.08575","1525.2","2021-04-19",,,"0.45",",,7,1900","6.4",",,7,","6.0",",,7,","53",",,7","23",",,7"
"USC00053005","FORT COLLINS, CO US","40.57629","-105.08575","1525.2","2021-04-20",,,"0.05",",,7,1900","0.5",",,7,","0.0","T,,7,","39",",,7","11",",,7"
"USC00053005","FORT COLLINS, CO US","40.57629","-105.08575","1525.2","2021-04-21","2.01",",,7","0.04",",,7,1900","0.0","T,,7,","0.0","T,,7,","35",",,7","27",",,7"
"USC00053005","FORT COLLINS, CO US","40.57629","-105.08575","1525.2","2021-04-22",,,"0.01",",,7,1900","0.0","T,,7,","0.0",",,7,","53",",,7","29",",,7"
"USC00053005","FORT COLLINS, CO US","40.57629","-105.08575","1525.2","2021-04-23",,,"0.00","T,,7,1900","0.0",",,7,","0.0",",,7,","58",",,7","32",",,7"
"USC00053005","FORT COLLINS, CO US","40.57629","-105.08575","1525.2","2021-04-24",,,"0.02",",,7,1900","0.0",",,7,","0.0",",,7,","59",",,7","33",",,7"
"USC00053005","FORT COLLINS, CO US","40.57629","-105.08575","1525.2","2021-04-25","0.89",",,7","0.00",",,7,1900","0.0",",,7,","0.0",",,7,","77",",,7","37",",,7"
"USC00053005","FORT COLLINS, CO US","40.57629","-105.08575","1525.2","2021-04-26",,,"0.00",",,7,1900","0.0",",,7,","0.0",",,7,","79",",,7","49",",,7"
"USC00053005","FORT COLLINS, CO US","40.57629","-105.08575","1525.2","2021-04-27",,,"0.30",",,7,1900","0.0",",,7,","0.0",",,7,","69",",,7","42",",,7"
"USC00053005","FORT COLLINS, CO US","40.57629","-105.08575","1525.2","2021-04-28","2.01",",,7","0.53",",,7,1900","0.0",",,7,","0.0",",,7,","64",",,7","39",",,7"
"USC00053005","FORT COLLINS, CO US","40.57629","-105.08575","1525.2","2021-04-29",,,"0.00",",,7,1900","0.0",",,7,","0.0",",,7,","72",",,7","36",",,7"
"USC00053005","FORT COLLINS, CO US","40.57629","-105.08575","1525.2","2021-04-30",,,"0.00",",,7,1900","0.0",",,7,","0.0",",,7,","79",",,7","41",",,7"
"USC00053005","FORT COLLINS, CO US","40.57629","-105.08575","1525.2","2021-05-01","2.91",",,7","0.00",",,7,1900","0.0",",,7,","0.0",",,7,","86",",,7","47",",,7"
"USC00053005","FORT COLLINS, CO US","40.57629","-105.08575","1525.2","2021-05-02","2.01",",,7","0.46",",,7,1900","0.0",",,7,","0.0",",,7,","70",",,7","47",",,7"
"USC00053005","FORT COLLINS, CO US","40.57629","-105.08575","1525.2","2021-05-03",,,"0.70",",,7,1900","0.0",",,7,","0.0",",,7,","49",",,7","38",",,7"
"USC00053005","FORT COLLINS, CO US","40.57629","-105.08575","1525.2","2021-05-04",,,"0.02",",,7,1900","0.0",",,7,","0.0",",,7,","60",",,7","36",",,7"
"USC00053005","FORT COLLINS, CO US","40.57629","-105.08575","1525.2","2021-05-05","4.03",",,7","0.00","T,,7,1900","0.0",",,7,","0.0",",,7,","60",",,7","40",",,7"
"USC00053005","FORT COLLINS, CO US","40.57629","-105.08575","1525.2","2021-05-06","2.01",",,7","0.00",",,7,1900","0.0",",,7,","0.0",",,7,","68",",,7","37",",,7"
"USC00053005","FORT COLLINS, CO US","40.57629","-105.08575","1525.2","2021-05-07",,,"0.00",",,7,1900","0.0",",,7,","0.0",",,7,","80",",,7","40",",,7"
"USC00053005","FORT COLLINS, CO US","40.57629","-105.08575","1525.2","2021-05-08","8.95",",,7","0.00","T,,7,1900","0.0",",,7,","0.0",",,7,","74",",,7","47",",,7"
"USC00053005","FORT COLLINS, CO US","40.57629","-105.08575","1525.2","2021-05-09","8.95",",,7","0.00","T,,7,1900","0.0",",,7,","0.0",",,7,","56",",,7","38",",,7"
"USC00053005","FORT COLLINS, CO US","40.57629","-105.08575","1525.2","2021-05-10",,,"1.45",",,7,1900","1.9",",,7,","2.0",",,7,","48",",,7","32",",,7"
"USC00053005","FORT COLLINS, CO US","40.57629","-105.08575","1525.2","2021-05-11",,,"0.60",",,7,1900","0.8",",,7,","0.0","T,,7,","42",",,7","32",",,7"
"USC00053005","FORT COLLINS, CO US","40.57629","-105.08575","1525.2","2021-05-12","4.03",",,7","0.00","T,,7,1900","0.0",",,7,","0.0",",,7,","64",",,7","36",",,7"
"USC00053005","FORT COLLINS, CO US","40.57629","-105.08575","1525.2","2021-05-13","0.89",",,7","0.00",",,7,1900","0.0",",,7,","0.0",",,7,","76",",,7","37",",,7"
"USC00053005","FORT COLLINS, CO US","40.57629","-105.08575","1525.2","2021-05-14",,,"0.01",",,7,1900","0.0",",,7,","0.0",",,7,","69",",,7","44",",,7"
"USC00053005","FORT COLLINS, CO US","40.57629","-105.08575","1525.2","2021-05-15",,,"0.08",",,7,1900","0.0",",,7,","0.0",",,7,","64",",,7","51",",,7"
"USC00053005","FORT COLLINS, CO US","40.57629","-105.08575","1525.2","2021-05-16","2.91",",,7","0.00",",,7,1900","0.0",",,7,","0.0",",,7,","63",",,7","50",",,7"
"USC00053005","FORT COLLINS, CO US","40.57629","-105.08575","1525.2","2021-05-17","2.01",",,7","0.89",",,7,1900","0.0",",,7,","0.0",",,7,","65",",,7","49",",,7"
"USC00053005","FORT COLLINS, CO US","40.57629","-105.08575","1525.2","2021-05-18","8.95",",,7","0.00","T,,7,1900","0.0",",,7,","0.0",",,7,","67",",,7","45",",,7"
"USC00053005","FORT COLLINS, CO US","40.57629","-105.08575","1525.2","2021-05-19","4.03",",,7","0.00",",,7,1900","0.0",",,7,","0.0",",,7,","74",",,7","45",",,7"
"USC00053005","FORT COLLINS, CO US","40.57629","-105.08575","1525.2","2021-05-20","2.91",",,7","0.00","T,,7,1900","0.0",",,7,","0.0",",,7,","80",",,7","47",",,7"
"USC00053005","FORT COLLINS, CO US","40.57629","-105.08575","1525.2","2021-05-21",,,"0.00","T,,7,1900","0.0",",,7,","0.0",",,7,","75",",,7","50",",,7"
"USC00053005","FORT COLLINS, CO US","40.57629","-105.08575","1525.2","2021-05-22","0.89",",,7","0.14",",,7,1900","0.0",",,7,","0.0",",,7,","71",",,7","48",",,7"
"USC00053005","FORT COLLINS, CO US","40.57629","-105.08575","1525.2","2021-05-23","2.91",",,7","0.36",",,7,1900","0.0",",,7,","0.0",",,7,","76",",,7","52",",,7"
"USC00053005","FORT COLLINS, CO US","40.57629","-105.08575","1525.2","2021-05-24","2.01",",,7","0.00",",,7,1900","0.0",",,7,","0.0",",,7,","74",",,7","41",",,7"
"USC00053005","FORT COLLINS, CO US","40.57629","-105.08575","1525.2","2021-05-25","2.01",",,7","0.00",",,7,1900","0.0",",,7,","0.0",",,7,","76",",,7","43",",,7"
"USC00053005","FORT COLLINS, CO US","40.57629","-105.08575","1525.2","2021-05-26","2.91",",,7","0.00",",,7,1900","0.0",",,7,","0.0",",,7,","77",",,7","49",",,7"
"USC00053005","FORT COLLINS, CO US","40.57629","-105.08575","1525.2","2021-05-27","4.03",",,7","0.00",",,7,1900","0.0",",,7,","0.0",",,7,","75",",,7","48",",,7"
"USC00053005","FORT COLLINS, CO US","40.57629","-105.08575","1525.2","2021-05-28",,,"0.00",",,7,1900","0.0",",,7,","0.0",",,7,","82",",,7","50",",,7"
"USC00053005","FORT COLLINS, CO US","40.57629","-105.08575","1525.2","2021-05-29","4.03",",,7","0.00","T,,7,1900","0.0",",,7,","0.0",",,7,","75",",,7","51",",,7"
"USC00053005","FORT COLLINS, CO US","40.57629","-105.08575","1525.2","2021-05-30","0.00",",,7","0.81",",,7,1900","0.0",",,7,","0.0",",,7,","62",",,7","49",",,7"
"USC00053005","FORT COLLINS, CO US","40.57629","-105.08575","1525.2","2021-05-31","4.92",",,7","0.00","T,,7,1900","0.0",",,7,","0.0",",,7,","64",",,7","45",",,7"
"USC00053005","FORT COLLINS, CO US","40.57629","-105.08575","1525.2","2021-06-01","2.01",",,7","0.00","T,,7,1900","0.0",",,7,","0.0",",,7,","74",",,7","41",",,7"
"USC00053005","FORT COLLINS, CO US","40.57629","-105.08575","1525.2","2021-06-02","4.03",",,7","0.00",",,7,1900","0.0",",,7,","0.0",",,7,","78",",,7","46",",,7"
"USC00053005","FORT COLLINS, CO US","40.57629","-105.08575","1525.2","2021-06-03",,,"0.00",",,7,1900","0.0",",,7,","0.0",",,7,","84",",,7","50",",,7"
"USC00053005","FORT COLLINS, CO US","40.57629","-105.08575","1525.2","2021-06-04",,,"0.00",",,7,1900","0.0",",,7,","0.0",",,7,","89",",,7","53",",,7"
"USC00053005","FORT COLLINS, CO US","40.57629","-105.08575","1525.2","2021-06-05","2.01",",,7","0.00",",,7,1900","0.0",",,7,","0.0",",,7,","91",",,7","55",",,7"
"USC00053005","FORT COLLINS, CO US","40.57629","-105.08575","1525.2","2021-06-06","4.03",",,7","0.00","T,,7,1900","0.0",",,7,","0.0",",,7,","88",",,7","60",",,7"
"USC00053005","FORT COLLINS, CO US","40.57629","-105.08575","1525.2","2021-06-07","2.91",",,7","0.00","T,,7,1900","0.0",",,7,","0.0",",,7,","89",",,7","54",",,7"
"USC00053005","FORT COLLINS, CO US","40.57629","-105.08575","1525.2","2021-06-08","2.91",",,7","0.00",",,7,1900","0.0",",,7,","0.0",",,7,","92",",,7","53",",,7"
"USC00053005","FORT COLLINS, CO US","40.57629","-105.08575","1525.2","2021-06-09","8.95",",,7","0.00",",,7,1900","0.0",",,7,","0.0",",,7,","89",",,7","56",",,7"
"USC00053005","FORT COLLINS, CO US","40.57629","-105.08575","1525.2","2021-06-10","4.92",",,7","0.00",",,7,1900","0.0",",,7,","0.0",",,7,","94",",,7","59",",,7"
"USC00053005","FORT COLLINS, CO US","40.57629","-105.08575","1525.2","2021-06-11","4.03",",,7","0.00",",,7,1900","0.0",",,7,","0.0",",,7,","87",",,7","55",",,7"
"USC00053005","FORT COLLINS, CO US","40.57629","-105.08575","1525.2","2021-06-12","0.89",",,7","0.00",",,7,1900","0.0",",,7,","0.0",",,7,","90",",,7","48",",,7"
"USC00053005","FORT COLLINS, CO US","40.57629","-105.08575","1525.2","2021-06-13","12.08",",,7","0.00",",,7,1900","0.0",",,7,","0.0",",,7,","93",",,7","58",",,7"
"USC00053005","FORT COLLINS, CO US","40.57629","-105.08575","1525.2","2021-06-14","2.01",",,7","0.00",",,7,1900","0.0",",,7,","0.0",",,7,","95",",,7","60",",,7"
"USC00053005","FORT COLLINS, CO US","40.57629","-105.08575","1525.2","2021-06-15",,,"0.00",",,7,1900","0.0",",,7,","0.0",",,7,","98",",,7","60",",,7"
"USC00053005","FORT COLLINS, CO US","40.57629","-105.08575","1525.2","2021-06-16",,,"0.00","T,,7,1900","0.0",",,7,","0.0",",,7,","100",",,7","59",",,7"
"USC00053005","FORT COLLINS, CO US","40.57629","-105.08575","1525.2","2021-06-17",,,"0.00",",,7,1900","0.0",",,7,","0.0",",,7,","99",",,7","58",",,7"
"USC00053005","FORT COLLINS, CO US","40.57629","-105.08575","1525.2","2021-06-18",,,"0.00",",,7,1900","0.0",",,7,","0.0",",,7,","88",",,7","63",",,7"
"USC00053005","FORT COLLINS, CO US","40.57629","-105.08575","1525.2","2021-06-19","4.92",",,7","0.05",",,7,1900","0.0",",,7,","0.0",",,7,","83",",,7","62",",,7"
"USC00053005","FORT COLLINS, CO US","40.57629","-105.08575","1525.2","2021-06-20","4.92",",,7","0.00","T,,7,1900","0.0",",,7,","0.0",",,7,","80",",,7","55",",,7"
"USC00053005","FORT COLLINS, CO US","40.57629","-105.08575","1525.2","2021-06-21",,,"0.01",",,7,1900","0.0",",,7,","0.0",",,7,","73",",,7","53",",,7"
"USC00053005","FORT COLLINS, CO US","40.57629","-105.08575","1525.2","2021-06-22",,,"0.00","T,,7,1900","0.0",",,7,","0.0",",,7,","94",",,7","51",",,7"
"USC00053005","FORT COLLINS, CO US","40.57629","-105.08575","1525.2","2021-06-23","0.89",",,7","0.00",",,7,1900","0.0",",,7,","0.0",",,7,","97",",,7","57",",,7"
"USC00053005","FORT COLLINS, CO US","40.57629","-105.08575","1525.2","2021-06-24","2.01",",,7","0.00","T,,7,1900","0.0",",,7,","0.0",",,7,","86",",,7","66",",,7"
"USC00053005","FORT COLLINS, CO US","40.57629","-105.08575","1525.2","2021-06-25","0.89",",,7","0.29",",,7,1900","0.0",",,7,","0.0",",,7,","76",",,7","57",",,7"
"USC00053005","FORT COLLINS, CO US","40.57629","-105.08575","1525.2","2021-06-26","2.01",",,7","0.11",",,7,1900","0.0",",,7,","0.0",",,7,","73",",,7","55",",,7"
"USC00053005","FORT COLLINS, CO US","40.57629","-105.08575","1525.2","2021-06-27","0.89",",,7","0.00","T,,7,1900","0.0",",,7,","0.0",",,7,","75",",,7","55",",,7"
"USC00053005","FORT COLLINS, CO US","40.57629","-105.08575","1525.2","2021-06-28","2.01",",,7","0.02",",,7,1900","0.0",",,7,","0.0",",,7,","75",",,7","53",",,7"
"USC00053005","FORT COLLINS, CO US","40.57629","-105.08575","1525.2","2021-06-29","6.93",",,7","0.00",",,7,1900","0.0",",,7,","0.0",",,7,","79",",,7","50",",,7"
"USC00053005","FORT COLLINS, CO US","40.57629","-105.08575","1525.2","2021-06-30","4.03",",,7","0.00",",,7,1900","0.0",",,7,","0.0",",,7,","83",",,7","53",",,7"
"USC00053005","FORT COLLINS, CO US","40.57629","-105.08575","1525.2","2021-07-01","2.01",",,7","0.05",",,7,1900","0.0",",,7,","0.0",",,7,","78",",,7","62",",,7"
"USC00053005","FORT COLLINS, CO US","40.57629","-105.08575","1525.2","2021-07-02",,,"0.00","T,,7,1900","0.0",",,7,","0.0",",,7,","86",",,7","55",",,7"
"USC00053005","FORT COLLINS, CO US","40.57629","-105.08575","1525.2","2021-07-03",,,"0.00","T,,7,1900","0.0",",,7,","0.0",",,7,","87",",,7","57",",,7"
"USC00053005","FORT COLLINS, CO US","40.57629","-105.08575","1525.2","2021-07-04",,,"0.00","T,,7,1900","0.0",",,7,","0.0",",,7,","88",",,7","60",",,7"
"USC00053005","FORT COLLINS, CO US","40.57629","-105.08575","1525.2","2021-07-05",,,"0.00","T,,7,1900","0.0",",,7,","0.0",",,7,","87",",,7","58",",,7"
"USC00053005","FORT COLLINS, CO US","40.57629","-105.08575","1525.2","2021-07-06",,,"0.00","T,,7,1900","0.0",",,7,","0.0",",,7,","86",",,7","63",",,7"
"USC00053005","FORT COLLINS, CO US","40.57629","-105.08575","1525.2","2021-07-07",,,"0.00","T,,7,1900","0.0",",,7,","0.0",",,7,","91",",,7","59",",,7"
"USC00053005","FORT COLLINS, CO US","40.57629","-105.08575","1525.2","2021-07-08",,,"0.09",",,7,1900","0.0",",,7,","0.0",",,7,","97",",,7","58",",,7"
"USC00053005","FORT COLLINS, CO US","40.57629","-105.08575","1525.2","2021-07-09",,,"0.01",",,7,1900","0.0",",,7,","0.0",",,7,","94",",,7","59",",,7"
"USC00053005","FORT COLLINS, CO US","40.57629","-105.08575","1525.2","2021-07-10","2.01",",,7","0.00",",,7,1900","0.0",",,7,","0.0",",,7,","84",",,7","64",",,7"
"USC00053005","FORT COLLINS, CO US","40.57629","-105.08575","1525.2","2021-07-11","2.91",",,7","0.00",",,7,1900","0.0",",,7,","0.0",",,7,","86",",,7","54",",,7"
"USC00053005","FORT COLLINS, CO US","40.57629","-105.08575","1525.2","2021-07-12","2.91",",,7","0.00",",,7,1900","0.0",",,7,","0.0",",,7,","90",",,7","56",",,7"
"USC00053005","FORT COLLINS, CO US","40.57629","-105.08575","1525.2","2021-07-13",,,"0.00","T,,7,1900","0.0",",,7,","0.0",",,7,","84",",,7","65",",,7"
"USC00053005","FORT COLLINS, CO US","40.57629","-105.08575","1525.2","2021-07-14","4.03",",,7","0.01",",,7,1900","0.0",",,7,","0.0",",,7,","78",",,7","61",",,7"
"USC00053005","FORT COLLINS, CO US","40.57629","-105.08575","1525.2","2021-07-15","4.92",",,7","0.00","T,,7,1900","0.0",",,7,","0.0",",,7,","86",",,7","55",",,7"
"USC00053005","FORT COLLINS, CO US","40.57629","-105.08575","1525.2","2021-07-16",,,"0.00","T,,7,1900","0.0",",,7,","0.0",",,7,","92",",,7","55",",,7"
"USC00053005","FORT COLLINS, CO US","40.57629","-105.08575","1525.2","2021-07-17","2.91",",,7","0.00",",,7,1900","0.0",",,7,","0.0",",,7,","92",",,7","57",",,7"
"USC00053005","FORT COLLINS, CO US","40.57629","-105.08575","1525.2","2021-07-18","2.91",",,7","0.00",",,7,1900","0.0",",,7,","0.0",",,7,","92",",,7","58",",,7"
"USC00053005","FORT COLLINS, CO US","40.57629","-105.08575","1525.2","2021-07-19","136.01",",X,7","0.00",",,7,1900","0.0",",,7,","0.0",",,7,","93",",,7","59",",,7"
"USC00053005","FORT COLLINS, CO US","40.57629","-105.08575","1525.2","2021-07-20","4.03",",,7","0.00","T,,7,1900","0.0",",,7,","0.0",",,7,","93",",,7","58",",,7"
"USC00053005","FORT COLLINS, CO US","40.57629","-105.08575","1525.2","2021-07-21",,,"0.01",",,7,1900","0.0",",,7,","0.0",",,7,","87",",,7","64",",,7"
"USC00053005","FORT COLLINS, CO US","40.57629","-105.08575","1525.2","2021-07-22","0.00",",,7","0.00",",,7,1900","0.0",",,7,","0.0",",,7,","92",",,7","61",",,7"
"USC00053005","FORT COLLINS, CO US","40.57629","-105.08575","1525.2","2021-07-23","0.89",",,7","0.04",",,7,1900","0.0",",,7,","0.0",",,7,","92",",,7","67",",,7"
"USC00053005","FORT COLLINS, CO US","40.57629","-105.08575","1525.2","2021-07-24","0.89",",,7","0.00","T,,7,1900","0.0",",,7,","0.0",",,7,","88",",,7","63",",,7"
"USC00053005","FORT COLLINS, CO US","40.57629","-105.08575","1525.2","2021-07-25","6.04",",,7","0.00",",,7,1900","0.0",",,7,","0.0",",,7,","91",",,7","61",",,7"
"USC00053005","FORT COLLINS, CO US","40.57629","-105.08575","1525.2","2021-07-26","4.03",",,7","0.00",",,7,1900","0.0",",,7,","0.0",",,7,","93",",,7","59",",,7"
"USC00053005","FORT COLLINS, CO US","40.57629","-105.08575","1525.2","2021-07-27","6.04",",,7","0.00",",,7,1900","0.0",",,7,","0.0",",,7,","94",",,7","57",",,7"
"USC00053005","FORT COLLINS, CO US","40.57629","-105.08575","1525.2","2021-07-28",,,"0.00",",,7,1900","0.0",",,7,","0.0",",,7,","97",",,7","62",",,7"
"USC00053005","FORT COLLINS, CO US","40.57629","-105.08575","1525.2","2021-07-29","0.89",",,7","0.00","T,,7,1900","0.0",",,7,","0.0",",,7,","92",",,7","66",",,7"
"USC00053005","FORT COLLINS, CO US","40.57629","-105.08575","1525.2","2021-07-30","2.01",",,7","0.22",",,7,1900","0.0",",,7,","0.0",",,7,","92",",,7","66",",,7"
"USC00053005","FORT COLLINS, CO US","40.57629","-105.08575","1525.2","2021-07-31","0.00",",,7","0.22",",,7,1900","0.0",",,7,","0.0",",,7,","77",",,7","63",",,7"
"USC00053005","FORT COLLINS, CO US","40.57629","-105.08575","1525.2","2021-08-01","4.03",",,7","0.00",",,7,1900","0.0",",,7,","0.0",",,7,","80",",,7","56",",,7"
"USC00053005","FORT COLLINS, CO US","40.57629","-105.08575","1525.2","2021-08-02","0.00",",,7","0.00",",,7,1900","0.0",",,7,","0.0",",,7,","86",",,7","55",",,7"
"USC00053005","FORT COLLINS, CO US","40.57629","-105.08575","1525.2","2021-08-03","2.01",",,7","0.09",",,7,1900","0.0",",,7,","0.0",",,7,","79",",,7","64",",,7"
"USC00053005","FORT COLLINS, CO US","40.57629","-105.08575","1525.2","2021-08-04",,,"0.05",",,7,1900","0.0",",,7,","0.0",",,7,","87",",,7","61",",,7"
"USC00053005","FORT COLLINS, CO US","40.57629","-105.08575","1525.2","2021-08-05",,,"0.00",",,7,1900","0.0",",,7,","0.0",",,7,","90",",,7","55",",,7"
"USC00053005","FORT COLLINS, CO US","40.57629","-105.08575","1525.2","2021-08-06",,,"0.03",",,7,1900","0.0",",,7,","0.0",",,7,","88",",,7","56",",,7"
"USC00053005","FORT COLLINS, CO US","40.57629","-105.08575","1525.2","2021-08-07","0.89",",,7","0.10",",,7,1900","0.0",",,7,","0.0",",,7,","81",",,7","60",",,7"
"USC00053005","FORT COLLINS, CO US","40.57629","-105.08575","1525.2","2021-08-08","0.89",",,7","0.00",",,7,1900","0.0",",,7,","0.0",",,7,","91",",,7","51",",,7"
"USC00053005","FORT COLLINS, CO US","40.57629","-105.08575","1525.2","2021-08-09","0.00",",,7","0.00","T,,7,1900","0.0",",,7,","0.0",",,7,","92",",,7","55",",,7"
"USC00053005","FORT COLLINS, CO US","40.57629","-105.08575","1525.2","2021-08-10","0.00",",,7","0.00",",,7,1900","0.0",",,7,","0.0",",,7,","90",",,7","55",",,7"
"USC00053005","FORT COLLINS, CO US","40.57629","-105.08575","1525.2","2021-08-11","0.89",",,7","0.00",",,7,1900","0.0",",,7,","0.0",",,7,","90",",,7","59",",,7"
"USC00053005","FORT COLLINS, CO US","40.57629","-105.08575","1525.2","2021-08-12","2.91",",,7","0.00",",,7,1900","0.0",",,7,","0.0",",,7,","86",",,7","58",",,7"
"USC00053005","FORT COLLINS, CO US","40.57629","-105.08575","1525.2","2021-08-13",,,"0.00",",,7,1900","0.0",",,7,","0.0",",,7,","84",",,7","57",",,7"
"USC00053005","FORT COLLINS, CO US","40.57629","-105.08575","1525.2","2021-08-14",,,"0.00",",,7,1900","0.0",",,7,","0.0",",,7,","90",",,7","59",",,7"
"USC00053005","FORT COLLINS, CO US","40.57629","-105.08575","1525.2","2021-08-15",,,"0.00",",,7,1900","0.0",",,7,","0.0",",,7,","89",",,7","65",",,7"
"USC00053005","FORT COLLINS, CO US","40.57629","-105.08575","1525.2","2021-08-16",,,"0.00",",,7,1900","0.0",",,7,","0.0",",,7,","91",",,7","56",",,7"
"USC00053005","FORT COLLINS, CO US","40.57629","-105.08575","1525.2","2021-08-17","2.01",",,7","0.00","T,,7,1900","0.0",",,7,","0.0",",,7,","93",",,7","55",",,7"
"USC00053005","FORT COLLINS, CO US","40.57629","-105.08575","1525.2","2021-08-18","2.91",",,7","0.00",",,7,1900","0.0",",,7,","0.0",",,7,","93",",,7","57",",,7"
"USC00053005","FORT COLLINS, CO US","40.57629","-105.08575","1525.2","2021-08-19","0.89",",,7","0.03",",,7,1900","0.0",",,7,","0.0",",,7,","80",",,7","66",",,7"
"USC00053005","FORT COLLINS, CO US","40.57629","-105.08575","1525.2","2021-08-20",,,"0.34",",,7,1900","0.0",",,7,","0.0",",,7,","78",",,7","50",",,7"
"USC00053005","FORT COLLINS, CO US","40.57629","-105.08575","1525.2","2021-08-21",,,"0.00",",,7,1900","0.0",",,7,","0.0",",,7,","82",",,7","54",",,7"
"USC00053005","FORT COLLINS, CO US","40.57629","-105.08575","1525.2","2021-08-22","0.00",",,7","0.00",",,7,1900","0.0",",,7,","0.0",",,7,","87",",,7","56",",,7"
"USC00053005","FORT COLLINS, CO US","40.57629","-105.08575","1525.2","2021-08-23","0.89",",,7","0.00",",,7,1900","0.0",",,7,","0.0",",,7,","91",",,7","55",",,7"
"USC00053005","FORT COLLINS, CO US","40.57629","-105.08575","1525.2","2021-08-24","4.03",",,7","0.00",",,7,1900","0.0",",,7,","0.0",",,7,","92",",,7","53",",,7"
"USC00053005","FORT COLLINS, CO US","40.57629","-105.08575","1525.2","2021-08-25","4.92",",,7","0.00",",,7,1900","0.0",",,7,","0.0",",,7,","83",",,7","61",",,7"
"USC00053005","FORT COLLINS, CO US","40.57629","-105.08575","1525.2","2021-08-26",,,"0.00",",,7,1900","0.0",",,7,","0.0",",,7,","86",",,7","59",",,7"
"USC00053005","FORT COLLINS, CO US","40.57629","-105.08575","1525.2","2021-08-27",,,"0.00","T,,7,1900","0.0",",,7,","0.0",",,7,","92",",,7","54",",,7"
"USC00053005","FORT COLLINS, CO US","40.57629","-105.08575","1525.2","2021-08-28","0.89",",,7","0.00",",,7,1900","0.0",",,7,","0.0",",,7,","88",",,7","54",",,7"
"USC00053005","FORT COLLINS, CO US","40.57629","-105.08575","1525.2","2021-08-29","2.91",",,7","0.00",",,7,1900","0.0",",,7,","0.0",",,7,","80",",,7","60",",,7"
"USC00053005","FORT COLLINS, CO US","40.57629","-105.08575","1525.2","2021-08-30","0.00",",,7","0.00",",,7,1900","0.0",",,7,","0.0",",,7,","91",",,7","54",",,7"
"USC00053005","FORT COLLINS, CO US","40.57629","-105.08575","1525.2","2021-08-31","0.89",",,7","0.00",",,7,1900","0.0",",,7,","0.0",",,7,","92",",,7","54",",,7"
"USC00053005","FORT COLLINS, CO US","40.57629","-105.08575","1525.2","2021-09-01","2.91",",,7","0.02",",,7,1900","0.0",",,7,","0.0",",,7,","90",",,7","60",",,7"
"USC00053005","FORT COLLINS, CO US","40.57629","-105.08575","1525.2","2021-09-02","2.01",",,7","0.00","T,,7,1900","0.0",",,7,","0.0",",,7,","84",",,7","65",",,7"
"USC00053005","FORT COLLINS, CO US","40.57629","-105.08575","1525.2","2021-09-03",,,"0.02",",,7,1900","0.0",",,7,","0.0",",,7,","78",",,7","59",",,7"
"USC00053005","FORT COLLINS, CO US","40.57629","-105.08575","1525.2","2021-09-04","0.00",",,7","0.00",",,7,1900","0.0",",,7,","0.0",",,7,","82",",,7","52",",,7"
"USC00053005","FORT COLLINS, CO US","40.57629","-105.08575","1525.2","2021-09-05","2.91",",,7","0.00",",,7,1900","0.0",",,7,","0.0",",,7,","89",",,7","45",",,7"
"USC00053005","FORT COLLINS, CO US","40.57629","-105.08575","1525.2","2021-09-06","2.91",",,7","0.00",",,7,1900","0.0",",,7,","0.0",",,7,","94",",,7","48",",,7"
"USC00053005","FORT COLLINS, CO US","40.57629","-105.08575","1525.2","2021-09-07","2.01",",,7","0.00",",,7,1900","0.0",",,7,","0.0",",,7,","83",",,7","53",",,7"
"USC00053005","FORT COLLINS, CO US","40.57629","-105.08575","1525.2","2021-09-08","0.00",",,7","0.00",",,7,1900","0.0",",,7,","0.0",",,7,","87",",,7","49",",,7"
"USC00053005","FORT COLLINS, CO US","40.57629","-105.08575","1525.2","2021-09-09",,,"0.00",",,7,1900","0.0",",,7,","0.0",",,7,","96",",,7","50",",,7"
"USC00053005","FORT COLLINS, CO US","40.57629","-105.08575","1525.2","2021-09-10",,,"0.00",",,7,1900","0.0",",,7,","0.0",",,7,","98",",,7","51",",,7"
"USC00053005","FORT COLLINS, CO US","40.57629","-105.08575","1525.2","2021-09-11","2.01",",,7","0.00","T,,7,1900","0.0",",,7,","0.0",",,7,","96",",,7","57",",,7"
"USC00053005","FORT COLLINS, CO US","40.57629","-105.08575","1525.2","2021-09-12","2.91",",,7","0.00","T,,7,1900","0.0",",,7,","0.0",",,7,","81",",,7","60",",,7"
"USC00053005","FORT COLLINS, CO US","40.57629","-105.08575","1525.2","2021-09-13",,,"0.29",",,7,1900","0.0",",,7,","0.0",",,7,","86",",,7","55",",,7"
"USC00053005","FORT COLLINS, CO US","40.57629","-105.08575","1525.2","2021-09-14","0.00",",,7","0.12",",,7,1900","0.0",",,7,","0.0",",,7,","76",",,7","58",",,7"
"USC00053005","FORT COLLINS, CO US","40.57629","-105.08575","1525.2","2021-09-15","0.89",",,7","0.00",",,7,1900","0.0",",,7,","0.0",",,7,","86",",,7","49",",,7"
"USC00053005","FORT COLLINS, CO US","40.57629","-105.08575","1525.2","2021-09-16","0.89",",,7","0.00",",,7,1900","0.0",",,7,","0.0",",,7,","93",",,7","49",",,7"
"USC00053005","FORT COLLINS, CO US","40.57629","-105.08575","1525.2","2021-09-17","0.00",",,7","0.00",",,7,1900","0.0",",,7,","0.0",",,7,","75",",,7","46",",,7"
"USC00053005","FORT COLLINS, CO US","40.57629","-105.08575","1525.2","2021-09-18","0.00",",,7","0.00",",,7,1900","0.0",",,7,","0.0",",,7,","89",",,7","42",",,7"
"USC00053005","FORT COLLINS, CO US","40.57629","-105.08575","1525.2","2021-09-19","2.01",",,7","0.00",",,7,1900","0.0",",,7,","0.0",",,7,","87",",,7","56",",,7"
"USC00053005","FORT COLLINS, CO US","40.57629","-105.08575","1525.2","2021-09-20","10.96",",,7","0.03",",,7,1900","0.0",",,7,","0.0",",,7,","76",",,7","51",",,7"
"USC00053005","FORT COLLINS, CO US","40.57629","-105.08575","1525.2","2021-09-21","0.89",",,7","0.01",",,7,1900","0.0",",,7,","0.0",",,7,","66",",,7","40",",,7"
"USC00053005","FORT COLLINS, CO US","40.57629","-105.08575","1525.2","2021-09-22",,,"0.00",",,7,1900","0.0",",,7,","0.0",",,7,","78",",,7","37",",,7"
"USC00053005","FORT COLLINS, CO US","40.57629","-105.08575","1525.2","2021-09-23",,,"0.00",",,7,1900","0.0",",,7,","0.0",",,7,","83",",,7","43",",,7"
"USC00053005","FORT COLLINS, CO US","40.57629","-105.08575","1525.2","2021-09-24",,,"0.00",",,7,1900","0.0",",,7,","0.0",",,7,","72",",,7","44",",,7"
"USC00053005","FORT COLLINS, CO US","40.57629","-105.08575","1525.2","2021-09-25",,,"0.00",",,7,1900","0.0",",,7,","0.0",",,7,","84",",,7","41",",,7"
"USC00053005","FORT COLLINS, CO US","40.57629","-105.08575","1525.2","2021-09-26",,,"0.00",",,7,1900","0.0",",,7,","0.0",",,7,","88",",,7","46",",,7"
"USC00053005","FORT COLLINS, CO US","40.57629","-105.08575","1525.2","2021-09-27","0.89",",,7","0.00",",,7,1900","0.0",",,7,","0.0",",,7,","88",",,7","47",",,7"
"USC00053005","FORT COLLINS, CO US","40.57629","-105.08575","1525.2","2021-09-28","2.01",",,7","0.00",",,7,1900","0.0",",,7,","0.0",",,7,","83",",,7","50",",,7"
"USC00053005","FORT COLLINS, CO US","40.57629","-105.08575","1525.2","2021-09-29",,,"0.07",",,7,1900","0.0",",,7,","0.0",",,7,","69",",,7","50",",,7"
"USC00053005","FORT COLLINS, CO US","40.57629","-105.08575","1525.2","2021-09-30",,,"0.00","T,,7,1900","0.0",",,7,","0.0",",,7,","64",",,7","45",",,7"
"USC00053005","FORT COLLINS, CO US","40.57629","-105.08575","1525.2","2021-10-01",,,"0.00",",,7,1900","0.0",",,7,","0.0",",,7,","69",",,7","41",",,7"
"USC00053005","FORT COLLINS, CO US","40.57629","-105.08575","1525.2","2021-10-02","0.89",",,7","0.00",",,7,1900","0.0",",,7,","0.0",",,7,","75",",,7","42",",,7"
"USC00053005","FORT COLLINS, CO US","40.57629","-105.08575","1525.2","2021-10-03","0.89",",,7","0.00",",,7,1900","0.0",",,7,","0.0",",,7,","79",",,7","38",",,7"
"USC00053005","FORT COLLINS, CO US","40.57629","-105.08575","1525.2","2021-10-04","0.00",",,7","0.00",",,7,1900","0.0",",,7,","0.0",",,7,","81",",,7","40",",,7"
"USC00053005","FORT COLLINS, CO US","40.57629","-105.08575","1525.2","2021-10-05","2.91",",,7","0.00",",,7,1900","0.0",",,7,","0.0",",,7,","80",",,7","42",",,7"
"USC00053005","FORT COLLINS, CO US","40.57629","-105.08575","1525.2","2021-10-06",,,"0.00",",,7,1900","0.0",",,7,","0.0",",,7,","78",",,7","44",",,7"
"USC00053005","FORT COLLINS, CO US","40.57629","-105.08575","1525.2","2021-10-07",,,"0.00",",,7,1900","0.0",",,7,","0.0",",,7,","77",",,7","46",",,7"
"USC00053005","FORT COLLINS, CO US","40.57629","-105.08575","1525.2","2021-10-08","2.01",",,7","0.00","T,,7,1900","0.0",",,7,","0.0",",,7,","72",",,7","47",",,7"
"USC00053005","FORT COLLINS, CO US","40.57629","-105.08575","1525.2","2021-10-09","6.93",",,7","0.00","T,,7,1900","0.0",",,7,","0.0",",,7,","71",",,7","47",",,7"
"USC00053005","FORT COLLINS, CO US","40.57629","-105.08575","1525.2","2021-10-10","0.89",",,7","0.00","T,,7,1900","0.0",",,7,","0.0",",,7,","68",",,7","43",",,7"
"USC00053005","FORT COLLINS, CO US","40.57629","-105.08575","1525.2","2021-10-11","4.92",",,7","0.00",",,7,1900","0.0",",,7,","0.0",",,7,","68",",,7","34",",,7"
"USC00053005","FORT COLLINS, CO US","40.57629","-105.08575","1525.2","2021-10-12","8.05",",,7","0.11",",,7,1900","0.0",",,7,","0.0",",,7,","61",",,7","37",",,7"
"USC00053005","FORT COLLINS, CO US","40.57629","-105.08575","1525.2","2021-10-13","0.89",",,7","0.00","T,,7,1900","0.0","T,,7,","0.0",",,7,","60",",,7","33",",,7"
"USC00053005","FORT COLLINS, CO US","40.57629","-105.08575","1525.2","2021-10-14",,,"0.04",",,7,1900","0.0",",,7,","0.0",",,7,","48",",,7","30",",,7"
"USC00053005","FORT COLLINS, CO US","40.57629","-105.08575","1525.2","2021-10-15",,,"0.00",",,7,1900","0.0",",,7,","0.0",",,7,","56",",,7","28",",,7"
"USC00053005","FORT COLLINS, CO US","40.57629","-105.08575","1525.2","2021-10-16","2.01",",,7","0.00",",,7,1900","0.0",",,7,","0.0",",,7,","68",",,7","27",",,7"
"USC00053005","FORT COLLINS, CO US","40.57629","-105.08575","1525.2","2021-10-17","2.01",",,7","0.00",",,7,1900","0.0",",,7,","0.0",",,7,","72",",,7","30",",,7"
"USC00053005","FORT COLLINS, CO US","40.57629","-105.08575","1525.2","2021-10-18","8.05",",,7","0.00",",,7,1900","0.0",",,7,","0.0",",,7,","74",",,7","38",",,7"
"USC00053005","FORT COLLINS, CO US","40.57629","-105.08575","1525.2","2021-10-19","2.91",",,7","0.00","T,,7,1900","0.0",",,7,","0.0",",,7,","64",",,7","39",",,7"
"USC00053005","FORT COLLINS, CO US","40.57629","-105.08575","1525.2","2021-10-20","2.91",",,7","0.00",",,7,1900","0.0",",,7,","0.0",",,7,","63",",,7","30",",,7"
"USC00053005","FORT COLLINS, CO US","40.57629","-105.08575","1525.2","2021-10-21","0.00",",,7","0.00",",,7,1900","0.0",",,7,","0.0",",,7,","65",",,7","30",",,7"
"USC00053005","FORT COLLINS, CO US","40.57629","-105.08575","1525.2","2021-10-22","0.89",",,7","0.00",",,7,1900","0.0",",,7,","0.0",",,7,","74",",,7","32",",,7"
"USC00053005","FORT COLLINS, CO US","40.57629","-105.08575","1525.2","2021-10-23","0.89",",,7","0.00",",,7,1900","0.0",",,7,","0.0",",,7,","62",",,7","38",",,7"
"USC00053005","FORT COLLINS, CO US","40.57629","-105.08575","1525.2","2021-10-24","6.93",",,7","0.00",",,7,1900","0.0",",,7,","0.0",",,7,","67",",,7","36",",,7"
"USC00053005","FORT COLLINS, CO US","40.57629","-105.08575","1525.2","2021-10-25","0.89",",,7","0.00",",,7,1900","0.0",",,7,","0.0",",,7,","67",",,7","37",",,7"
"USC00053005","FORT COLLINS, CO US","40.57629","-105.08575","1525.2","2021-10-26","6.04",",,7","0.00","T,,7,1900","0.0",",,7,","0.0",",,7,","67",",,7","35",",,7"
"USC00053005","FORT COLLINS, CO US","40.57629","-105.08575","1525.2","2021-10-27","6.93",",,7","0.00",",,7,1900","0.0",",,7,","0.0",",,7,","57",",,7","42",",,7"
"USC00053005","FORT COLLINS, CO US","40.57629","-105.08575","1525.2","2021-10-28","4.92",",,7","0.00",",,7,1900","0.0",",,7,","0.0",",,7,","63",",,7","38",",,7"
"USC00053005","FORT COLLINS, CO US","40.57629","-105.08575","1525.2","2021-10-29","0.89",",,7","0.00",",,7,1900","0.0",",,7,","0.0",",,7,","72",",,7","30",",,7"
"USC00053005","FORT COLLINS, CO US","40.57629","-105.08575","1525.2","2021-10-30",,,"0.00",",,7,1900","0.0",",,7,","0.0",",,7,","65",",,7","34",",,7"
"USC00053005","FORT COLLINS, CO US","40.57629","-105.08575","1525.2","2021-10-31","2.01",",,7","0.05",",,7,1900","0.0","T,,7,","0.0",",,7,","49",",,7","36",",,7"
"USC00053005","FORT COLLINS, CO US","40.57629","-105.08575","1525.2","2021-11-01","2.91",",,7","0.15",",,7,1900","0.4",",,7,","0.0",",,7,","39",",,7","32",",,7"
"USC00053005","FORT COLLINS, CO US","40.57629","-105.08575","1525.2","2021-11-02","2.01",",,7","0.06",",,7,1900","0.0",",,7,","0.0",",,7,","44",",,7","34",",,7"
"USC00053005","FORT COLLINS, CO US","40.57629","-105.08575","1525.2","2021-11-03",,,"0.00","T,,7,1900","0.0",",,7,","0.0",",,7,","61",",,7","29",",,7"
"USC00053005","FORT COLLINS, CO US","40.57629","-105.08575","1525.2","2021-11-04",,,"0.00",",,7,1900","0.0",",,7,","0.0",",,7,","65",",,7","29",",,7"
"USC00053005","FORT COLLINS, CO US","40.57629","-105.08575","1525.2","2021-11-05",,,"0.00",",,7,1900","0.0",",,7,","0.0",",,7,","74",",,7","34",",,7"
"USC00053005","FORT COLLINS, CO US","40.57629","-105.08575","1525.2","2021-11-06","0.89",",,7","0.00",",,7,1900","0.0",",,7,","0.0",",,7,","72",",,7","32",",,7"
"USC00053005","FORT COLLINS, CO US","40.57629","-105.08575","1525.2","2021-11-07","2.01",",,7","0.00",",,7,1900","0.0",",,7,","0.0",",,7,","77",",,7","37",",,7"
"USC00053005","FORT COLLINS, CO US","40.57629","-105.08575","1525.2","2021-11-08","2.01",",,7","0.00",",,7,1900","0.0",",,7,","0.0",",,7,","58",",,7","36",",,7"
"USC00053005","FORT COLLINS, CO US","40.57629","-105.08575","1525.2","2021-11-09","4.03",",,7","0.00",",,7,1900","0.0",",,7,","0.0",",,7,","53",",,7","27",",,7"
"USC00053005","FORT COLLINS, CO US","40.57629","-105.08575","1525.2","2021-11-10","0.89",",,7","0.00",",,7,1900","0.0",",,7,","0.0",",,7,","57",",,7","38",",,7"
"USC00053005","FORT COLLINS, CO US","40.57629","-105.08575","1525.2","2021-11-11","12.97",",,7","0.00",",,7,1900","0.0",",,7,","0.0",",,7,","56",",,7","29",",,7"
"USC00053005","FORT COLLINS, CO US","40.57629","-105.08575","1525.2","2021-11-12",,,"0.00","T,,7,1900","0.0",",,7,","0.0",",,7,","57",",,7","27",",,7"
"USC00053005","FORT COLLINS, CO US","40.57629","-105.08575","1525.2","2021-11-13",,,"0.00",",,7,1900","0.0",",,7,","0.0",",,7,","68",",,7","34",",,7"
"USC00053005","FORT COLLINS, CO US","40.57629","-105.08575","1525.2","2021-11-14","2.91",",,7","0.00",",,7,1900","0.0",",,7,","0.0",",,7,","71",",,7","31",",,7"
"USC00053005","FORT COLLINS, CO US","40.57629","-105.08575","1525.2","2021-11-15","2.91",",,7","0.00",",,7,1900","0.0",",,7,","0.0",",,7,","67",",,7","47",",,7"
"USC00053005","FORT COLLINS, CO US","40.57629","-105.08575","1525.2","2021-11-16","8.05",",,7","0.00",",,7,1900","0.0",",,7,","0.0",",,7,","68",",,7","41",",,7"
"USC00053005","FORT COLLINS, CO US","40.57629","-105.08575","1525.2","2021-11-17",,,"0.02",",,7,1900","0.3",",,7,","0.0",",,7,","52",",,7","22",",,7"
"USC00053005","FORT COLLINS, CO US","40.57629","-105.08575","1525.2","2021-11-18","0.00",",,7","0.00",",,7,1900","0.0",",,7,","0.0",",,7,","45",",,7","14",",,7"
"USC00053005","FORT COLLINS, CO US","40.57629","-105.08575","1525.2","2021-11-19",,,"0.00",",,7,1900","0.0",",,7,","0.0",",,7,","64",",,7","29",",,7"
"USC00053005","FORT COLLINS, CO US","40.57629","-105.08575","1525.2","2021-11-20","2.01",",,7","0.03",",,7,1900","0.0",",,7,","0.0",",,7,","56",",,7","30",",,7"
"USC00053005","FORT COLLINS, CO US","40.57629","-105.08575","1525.2","2021-11-21","2.01",",,7","0.00",",,7,1900","0.0",",,7,","0.0",",,7,","53",",,7","25",",,7"
"USC00053005","FORT COLLINS, CO US","40.57629","-105.08575","1525.2","2021-11-22","2.01",",,7","0.00",",,7,1900","0.0",",,7,","0.0",",,7,","63",",,7","25",",,7"
"USC00053005","FORT COLLINS, CO US","40.57629","-105.08575","1525.2","2021-11-23","0.89",",,7","0.00",",,7,1900","0.0",",,7,","0.0",",,7,","62",",,7","25",",,7"
"USC00053005","FORT COLLINS, CO US","40.57629","-105.08575","1525.2","2021-11-24","0.00",",,7","0.00",",,7,1900","0.0",",,7,","0.0",",,7,","50",",,7","29",",,7"
"USC00053005","FORT COLLINS, CO US","40.57629","-105.08575","1525.2","2021-11-25","2.01",",,7","0.00",",,7,1900","0.0",",,7,","0.0",",,7,","55",",,7","14",",,7"
"USC00053005","FORT COLLINS, CO US","40.57629","-105.08575","1525.2","2021-11-26",,,"0.00",",,7,1900","0.0",",,7,","0.0",",,7,","69",",,7","21",",,7"
"USC00053005","FORT COLLINS, CO US","40.57629","-105.08575","1525.2","2021-11-27","2.01",",,7","0.00",",,7,1900","0.0",",,7,","0.0",",,7,","56",",,7","36",",,7"
"USC00053005","FORT COLLINS, CO US","40.57629","-105.08575","1525.2","2021-11-28","2.01",",,7","0.00",",,7,1900","0.0",",,7,","0.0",",,7,","60",",,7","24",",,7"
"USC00053005","FORT COLLINS, CO US","40.57629","-105.08575","1525.2","2021-11-29","2.91",",,7","0.00",",,7,1900","0.0",",,7,","0.0",",,7,","72",",,7","33",",,7"
"USC00053005","FORT COLLINS, CO US","40.57629","-105.08575","1525.2","2021-11-30","2.01",",,7","0.00",",,7,1900","0.0",",,7,","0.0",",,7,","55",",,7","39",",,7"
"USC00053005","FORT COLLINS, CO US","40.57629","-105.08575","1525.2","2021-12-01","0.89",",,7","0.00",",,7,1900","0.0",",,7,","0.0",",,7,","72",",,7","33",",,7"
"USC00053005","FORT COLLINS, CO US","40.57629","-105.08575","1525.2","2021-12-02",,,"0.00",",,7,1900","0.0",",,7,","0.0",",,7,","74",",,7","29",",,7"
"USC00053005","FORT COLLINS, CO US","40.57629","-105.08575","1525.2","2021-12-03",,,"0.00",",,7,1900","0.0",",,7,","0.0",",,7,","56",",,7","30",",,7"
"USC00053005","FORT COLLINS, CO US","40.57629","-105.08575","1525.2","2021-12-04",,,"0.00",",,7,1900","0.0",",,7,","0.0",",,7,","61",",,7","25",",,7"
"USC00053005","FORT COLLINS, CO US","40.57629","-105.08575","1525.2","2021-12-05","2.91",",,7","0.00",",,7,1900","0.0",",,7,","0.0",",,7,","63",",,7","23",",,7"
"USC00053005","FORT COLLINS, CO US","40.57629","-105.08575","1525.2","2021-12-06","2.01",",,7","0.00",",,7,1900","0.0",",,7,","0.0",",,7,","28",",,7","16",",,7"
"USC00053005","FORT COLLINS, CO US","40.57629","-105.08575","1525.2","2021-12-07","4.92",",,7","0.00",",,7,1900","0.0",",,7,","0.0",",,7,","48",",,7","22",",,7"
"USC00053005","FORT COLLINS, CO US","40.57629","-105.08575","1525.2","2021-12-08","4.92",",,7","0.00",",,7,1900","0.0",",,7,","0.0",",,7,","48",",,7","21",",,7"
"USC00053005","FORT COLLINS, CO US","40.57629","-105.08575","1525.2","2021-12-09",,,"0.00",",,7,1900","0.0",",,7,","0.0",",,7,","49",",,7","39",",,7"
"USC00053005","FORT COLLINS, CO US","40.57629","-105.08575","1525.2","2021-12-10",,,"0.00","T,,7,1900","0.0","T,,7,","0.0",",,7,","42",",,7","27",",,7"
"USC00053005","FORT COLLINS, CO US","40.57629","-105.08575","1525.2","2021-12-11",,,"0.00",",,7,1900","0.0",",,7,","0.0",",,7,","43",",,7","14",",,7"
"USC00053005","FORT COLLINS, CO US","40.57629","-105.08575","1525.2","2021-12-12","0.89",",,7","0.00",",,7,1900","0.0",",,7,","0.0",",,7,","57",",,7","24",",,7"
"USC00053005","FORT COLLINS, CO US","40.57629","-105.08575","1525.2","2021-12-13","0.89",",,7","0.00",",,7,1900","0.0",",,7,","0.0",",,7,","52",",,7","26",",,7"
"USC00053005","FORT COLLINS, CO US","40.57629","-105.08575","1525.2","2021-12-14",,,"0.00",",,7,1900","0.0",",,7,","0.0",",,7,","53",",,7","26",",,7"
"USC00053005","FORT COLLINS, CO US","40.57629","-105.08575","1525.2","2021-12-15","4.92",",,7","0.00","T,,7,1900","0.0",",,7,","0.0",",,7,","48",",,7","22",",,7"
"USC00053005","FORT COLLINS, CO US","40.57629","-105.08575","1525.2","2021-12-16","2.91",",,7","0.00",",,7,1900","0.0",",,7,","0.0",",,7,","44",",,7","16",",,7"
"USC00053005","FORT COLLINS, CO US","40.57629","-105.08575","1525.2","2021-12-17",,,"0.00",",,7,1900","0.0",",,7,","0.0",",,7,","42",",,7","19",",,7"
"USC00053005","FORT COLLINS, CO US","40.57629","-105.08575","1525.2","2021-12-18","2.01",",,7","0.00",",,7,1900","0.0",",,7,","0.0",",,7,","35",",,7","8",",,7"
"USC00053005","FORT COLLINS, CO US","40.57629","-105.08575","1525.2","2021-12-19",,,"0.00",",,7,1900","0.0",",,7,","0.0",",,7,","56",",,7","14",",,7"
"USC00053005","FORT COLLINS, CO US","40.57629","-105.08575","1525.2","2021-12-20",,,"0.00",",,7,1900","0.0",",,7,","0.0",",,7,","54",",,7","22",",,7"
"USC00053005","FORT COLLINS, CO US","40.57629","-105.08575","1525.2","2021-12-21","4.03",",,7","0.00",",,7,1900","0.0",",,7,","0.0",",,7,","61",",,7","21",",,7"
"USC00053005","FORT COLLINS, CO US","40.57629","-105.08575","1525.2","2021-12-22",,,"0.00",",,7,1900","0.0",",,7,","0.0",",,7,","62",",,7","28",",,7"
"USC00053005","FORT COLLINS, CO US","40.57629","-105.08575","1525.2","2021-12-23",,,"0.00",",,7,1900","0.0",",,7,","0.0",",,7,","63",",,7","29",",,7"
"USC00053005","FORT COLLINS, CO US","40.57629","-105.08575","1525.2","2021-12-24",,,"0.06",",,7,1900","0.0",",,7,","0.0",",,7,","54",",,7","39",",,7"
"USC00053005","FORT COLLINS, CO US","40.57629","-105.08575","1525.2","2021-12-25","4.92",",,7","0.00","T,,7,1900","0.0",",,7,","0.0",",,7,","54",",,7","29",",,7"
"USC00053005","FORT COLLINS, CO US","40.57629","-105.08575","1525.2","2021-12-26","2.01",",,7","0.00","T,,7,1900","0.0","T,,7,","0.0",",,7,","54",",,7","21",",,7"
"USC00053005","FORT COLLINS, CO US","40.57629","-105.08575","1525.2","2021-12-27","0.89",",,7","0.00",",,7,1900","0.0",",,7,","0.0",",,7,","39",",,7","19",",,7"
"USC00053005","FORT COLLINS, CO US","40.57629","-105.08575","1525.2","2021-12-28",,,"0.00",",,7,1900","0.0",",,7,","0.0",",,7,","36",",,7","23",",,7"
"USC00053005","FORT COLLINS, CO US","40.57629","-105.08575","1525.2","2021-12-29","4.03",",,7","0.00",",,7,1900","0.0",",,7,","0.0",",,7,","33",",,7","13",",,7"
"USC00053005","FORT COLLINS, CO US","40.57629","-105.08575","1525.2","2021-12-30","0.89",",,7","0.00",",,7,1900","0.0",",,7,","0.0",",,7,","49",",,7","11",",,7"
"USC00053005","FORT COLLINS, CO US","40.57629","-105.08575","1525.2","2021-12-31",,,"0.49",",,7,1900","6.5",",,7,","6.0",",,7,","35",",,7","16",",,7"
"USC00053005","FORT COLLINS, CO US","40.57629","-105.08575","1525.2","2022-01-01","2.01",",,7","0.09",",,7,1900","1.4",",,7,","7.0",",,7,","18",",,7","-1",",,7"
"USC00053005","FORT COLLINS, CO US","40.57629","-105.08575","1525.2","2022-01-02","2.01",",,7","0.00",",,7,1900","0.0",",,7,","6.0",",,7,","40",",,7","-7",",,7"
"USC00053005","FORT COLLINS, CO US","40.57629","-105.08575","1525.2","2022-01-03","0.89",",,7","0.00",",,7,1900","0.0",",,7,","6.0",",,7,","39",",,7","10",",,7"
"USC00053005","FORT COLLINS, CO US","40.57629","-105.08575","1525.2","2022-01-04","10.96",",,7","0.00",",,7,1900","0.0",",,7,","4.0",",,7,","47",",,7","17",",,7"
"USC00053005","FORT COLLINS, CO US","40.57629","-105.08575","1525.2","2022-01-05","6.04",",,7","0.19",",,7,1900","3.7",",,7,","8.0",",,7,","39",",,7","5",",,7"
"USC00053005","FORT COLLINS, CO US","40.57629","-105.08575","1525.2","2022-01-06","0.89",",,7","0.08",",,7,1900","1.7",",,7,","7.0",",,7,","15",",,7","1",",,7"
"USC00053005","FORT COLLINS, CO US","40.57629","-105.08575","1525.2","2022-01-07","2.91",",,7","0.00",",,7,1900","0.0",",,7,","6.0",",,7,","49",",,7","6",",,7"
"USC00053005","FORT COLLINS, CO US","40.57629","-105.08575","1525.2","2022-01-08","6.93",",,7","0.00",",,7,1900","0.0",",,7,","4.0",",,7,","51",",,7","22",",,7"
"USC00053005","FORT COLLINS, CO US","40.57629","-105.08575","1525.2","2022-01-09",,,"0.00",",,7,1900","0.0",",,7,","4.0",",,7,","39",",,7","23",",,7"
"USC00053005","FORT COLLINS, CO US","40.57629","-105.08575","1525.2","2022-01-10","2.01",",,7","0.00",",,7,1900","0.0",",,7,","4.0",",,7,","53",",,7","11",",,7"
"USC00053005","FORT COLLINS, CO US","40.57629","-105.08575","1525.2","2022-01-11","0.00",",,7","0.00",",,7,1900","0.0",",,7,","4.0",",,7,","46",",,7","17",",,7"
"USC00053005","FORT COLLINS, CO US","40.57629","-105.08575","1525.2","2022-01-12","0.89",",,7","0.00",",,7,1900","0.0",",,7,","4.0",",,7,","55",",,7","23",",,7"
"USC00053005","FORT COLLINS, CO US","40.57629","-105.08575","1525.2","2022-01-13","0.00",",,7","0.00",",,7,1900","0.0",",,7,","4.0",",,7,","53",",,7","24",",,7"
"USC00053005","FORT COLLINS, CO US","40.57629","-105.08575","1525.2","2022-01-14","4.92",",,7","0.00","T,,7,1900","0.0","T,,7,","3.0",",,7,","49",",,7","31",",,7"
"USC00053005","FORT COLLINS, CO US","40.57629","-105.08575","1525.2","2022-01-15","0.00",",,7","0.00",",,7,1900","0.0",",,7,","3.0",",,7,","44",",,7","15",",,7"
"USC00053005","FORT COLLINS, CO US","40.57629","-105.08575","1525.2","2022-01-16","6.04",",,7","0.00",",,7,1900","0.0",",,7,","3.0",",,7,","50",",,7","21",",,7"
"USC00053005","FORT COLLINS, CO US","40.57629","-105.08575","1525.2","2022-01-17","2.91",",,7","0.00",",,7,1900","0.0",",,7,","3.0",",,7,","55",",,7","21",",,7"
"USC00053005","FORT COLLINS, CO US","40.57629","-105.08575","1525.2","2022-01-18","0.89",",,7","0.00",",,7,1900","0.0",",,7,","3.0",",,7,","44",",,7","30",",,7"
"USC00053005","FORT COLLINS, CO US","40.57629","-105.08575","1525.2","2022-01-19","2.91",",,7","0.05",",,7,1900","0.1",",,7,","2.0",",,7,","38",",,7","17",",,7"
"USC00053005","FORT COLLINS, CO US","40.57629","-105.08575","1525.2","2022-01-20",,,"0.05",",,7,1900","0.3",",,7,","2.0",",,7,","26",",,7","16",",,7"
"USC00053005","FORT COLLINS, CO US","40.57629","-105.08575","1525.2","2022-01-21",,,"0.00","T,,7,1900","0.0","T,,7,","2.0",",,7,","41",",,7","19",",,7"
"USC00053005","FORT COLLINS, CO US","40.57629","-105.08575","1525.2","2022-01-22","2.01",",,7","0.00",",,7,1900","0.0",",,7,","2.0",",,7,","46",",,7","21",",,7"
"USC00053005","FORT COLLINS, CO US","40.57629","-105.08575","1525.2","2022-01-23","4.92",",,7","0.00",",,7,1900","0.0",",,7,","1.0",",,7,","50",",,7","19",",,7"
"USC00053005","FORT COLLINS, CO US","40.57629","-105.08575","1525.2","2022-01-24","4.03",",,7","0.00",",,7,1900","0.0",",,7,","1.0",",,7,","47",",,7","22",",,7"
"USC00053005","FORT COLLINS, CO US","40.57629","-105.08575","1525.2","2022-01-25","4.92",",,7","0.26",",,7,1900","3.2",",,7,","3.0",",,7,","37",",,7","27",",,7"
"USC00053005","FORT COLLINS, CO US","40.57629","-105.08575","1525.2","2022-01-26","2.01",",,7","0.00",",,7,1900","0.0",",,7,","3.0",",,7,","40",",,7","6",",,7"
"USC00053005","FORT COLLINS, CO US","40.57629","-105.08575","1525.2","2022-01-27","2.91",",,7","0.13",",,7,1900","1.5",",,7,","3.0",",,7,","37",",,7","21",",,7"
"USC00053005","FORT COLLINS, CO US","40.57629","-105.08575","1525.2","2022-01-28","0.00",",,7","0.00",",,7,1900","0.0",",,7,","3.0",",,7,","47",",,7","7",",,7"
"USC00053005","FORT COLLINS, CO US","40.57629","-105.08575","1525.2","2022-01-29","0.89",",,7","0.00",",,7,1900","0.0",",,7,","2.0",",,7,","52",",,7","13",",,7"
"USC00053005","FORT COLLINS, CO US","40.57629","-105.08575","1525.2","2022-01-30","0.00",",,7","0.00",",,7,1900","0.0",",,7,","3.0",",,7,","57",",,7","12",",,7"
"USC00053005","FORT COLLINS, CO US","40.57629","-105.08575","1525.2","2022-01-31","6.04",",,7","0.00",",,7,1900","0.0",",,7,","2.0",",,7,","55",",,7","16",",,7"
"USC00053005","FORT COLLINS, CO US","40.57629","-105.08575","1525.2","2022-02-01","4.03",",,7","0.08",",,7,1900","1.2",",,7,","4.0",",,7,","47",",,7","23",",,7"
"USC00053005","FORT COLLINS, CO US","40.57629","-105.08575","1525.2","2022-02-02","4.92",",,7","0.48",",,7,1900","7.8",",,7,","11.0",",,7,","25",",,7","4",",,7"
"USC00053005","FORT COLLINS, CO US","40.57629","-105.08575","1525.2","2022-02-03","2.91",",,7","0.00","T,,7,1900","0.0","T,,7,","7.0",",,7,","18",",,7","-9",",,7"
"USC00053005","FORT COLLINS, CO US","40.57629","-105.08575","1525.2","2022-02-04","0.89",",,7","0.00",",,7,1900","0.0",",,7,","6.0",",,7,","39",",,7","-4",",,7"
"USC00053005","FORT COLLINS, CO US","40.57629","-105.08575","1525.2","2022-02-05","6.04",",,7","0.00",",,7,1900","0.0",",,7,","4.0",",,7,","51",",,7","13",",,7"
"USC00053005","FORT COLLINS, CO US","40.57629","-105.08575","1525.2","2022-02-06","0.00",",,7","0.00",",,7,1900","0.0",",,7,","4.0",",,7,","44",",,7","26",",,7"
"USC00053005","FORT COLLINS, CO US","40.57629","-105.08575","1525.2","2022-02-07","2.91",",,7","0.00",",,7,1900","0.0",",,7,","3.0",",,7,","53",",,7","14",",,7"
"USC00053005","FORT COLLINS, CO US","40.57629","-105.08575","1525.2","2022-02-08","0.00",",,7","0.00",",,7,1900","0.0",",,7,","3.0",",,7,","56",",,7","27",",,7"
"USC00053005","FORT COLLINS, CO US","40.57629","-105.08575","1525.2","2022-02-09","2.91",",,7","0.00",",,7,1900","0.0",",,7,","2.0",",,7,","48",",,7","26",",,7"
"USC00053005","FORT COLLINS, CO US","40.57629","-105.08575","1525.2","2022-02-10",,,"0.00","T,,7,1900","0.0",",,7,","2.0",",,7,","56",",,7","24",",,7"
"USC00053005","FORT COLLINS, CO US","40.57629","-105.08575","1525.2","2022-02-11",,,"0.00","T,,7,1900","0.0","T,,7,","1.0",",,7,","51",",,7","28",",,7"
"USC00053005","FORT COLLINS, CO US","40.57629","-105.08575","1525.2","2022-02-12","0.00",",,7","0.00",",,7,1900","0.0",",,7,","1.0",",,7,","39",",,7","13",",,7"
"USC00053005","FORT COLLINS, CO US","40.57629","-105.08575","1525.2","2022-02-13","2.91",",,7","0.00",",,7,1900","0.0",",,7,","0.0","T,,7,","60",",,7","18",",,7"
"USC00053005","FORT COLLINS, CO US","40.57629","-105.08575","1525.2","2022-02-14","0.00",",,7","0.00",",,7,1900","0.0",",,7,","0.0","T,,7,","55",",,7","21",",,7"
"USC00053005","FORT COLLINS, CO US","40.57629","-105.08575","1525.2","2022-02-15","2.01",",,7","0.00",",,7,1900","0.0",",,7,","0.0","T,,7,","60",",,7","24",",,7"
"USC00053005","FORT COLLINS, CO US","40.57629","-105.08575","1525.2","2022-02-16",,,"0.08",",,7,1900","1.5",",,7,","2.0",",,7,","47",",,7","23",",,7"
"USC00053005","FORT COLLINS, CO US","40.57629","-105.08575","1525.2","2022-02-17",,,"0.12",",,7,1900","2.5",",,7,","1.0",",,7,","32",",,7","6",",,7"
"USC00053005","FORT COLLINS, CO US","40.57629","-105.08575","1525.2","2022-02-18",,,"0.00",",,7,1900","0.0",",,7,","0.0","T,,7,","48",",,7","16",",,7"
"USC00053005","FORT COLLINS, CO US","40.57629","-105.08575","1525.2","2022-02-19","2.01",",,7","0.00",",,7,1900","0.0",",,7,","0.0","T,,7,","53",",,7","19",",,7"
"USC00053005","FORT COLLINS, CO US","40.57629","-105.08575","1525.2","2022-02-20","2.01",",,7","0.00",",,7,1900","0.0",",,7,","0.0","T,,7,","60",",,7","31",",,7"
"USC00053005","FORT COLLINS, CO US","40.57629","-105.08575","1525.2","2022-02-21","8.95",",,7","0.00","T,,7,1900","0.1",",,7,","0.0","T,,7,","54",",,7","9",",,7"
"USC00053005","FORT COLLINS, CO US","40.57629","-105.08575","1525.2","2022-02-22","4.92",",,7","0.03",",,7,1900","0.8",",,7,","1.0",",,7,","11",",,7","-3",",,7"
"USC00053005","FORT COLLINS, CO US","40.57629","-105.08575","1525.2","2022-02-23","4.03",",,7","0.17",",,7,1900","2.0",",,7,","2.0",",,7,","10",",,7","-4",",,7"
"USC00053005","FORT COLLINS, CO US","40.57629","-105.08575","1525.2","2022-02-24","4.03",",,7","0.02",",,7,1900","0.3",",,7,","2.0",",,7,","22",",,7","0",",,7"
"USC00053005","FORT COLLINS, CO US","40.57629","-105.08575","1525.2","2022-02-25","2.01",",,7","0.00","T,,7,1900","0.0","T,,7,","2.0",",,7,","28",",,7","3",",,7"
"USC00053005","FORT COLLINS, CO US","40.57629","-105.08575","1525.2","2022-02-26","0.89",",,7","0.00",",,7,1900","0.0",",,7,","1.0",",,7,","38",",,7","3",",,7"
"USC00053005","FORT COLLINS, CO US","40.57629","-105.08575","1525.2","2022-02-27","2.91",",,7","0.00",",,7,1900","0.0",",,7,","0.0","T,,7,","55",",,7","9",",,7"
"USC00053005","FORT COLLINS, CO US","40.57629","-105.08575","1525.2","2022-02-28",,,"0.00",",,7,1900","0.0",",,7,","0.0","T,,7,","62",",,7","25",",,7"
"USC00053005","FORT COLLINS, CO US","40.57629","-105.08575","1525.2","2022-03-01","0.00",",,7","0.00",",,7,1900","0.0",",,7,","0.0","T,,7,","68",",,7","33",",,7"
"USC00053005","FORT COLLINS, CO US","40.57629","-105.08575","1525.2","2022-03-02",,,"0.00",",,7,1900","0.0",",,7,","0.0","T,,7,","68",",,7","33",",,7"
"USC00053005","FORT COLLINS, CO US","40.57629","-105.08575","1525.2","2022-03-03",,,"0.00",",,7,1900","0.0",",,7,","0.0","T,,7,","67",",,7","33",",,7"
"USC00053005","FORT COLLINS, CO US","40.57629","-105.08575","1525.2","2022-03-04",,,"0.00",",,7,1900","0.0",",,7,","0.0",",,7,","64",",,7","30",",,7"
"USC00053005","FORT COLLINS, CO US","40.57629","-105.08575","1525.2","2022-03-05","6.04",",,7","0.25",",,7,1900","0.3",",,7,","0.0","T,,7,","56",",,7","28",",,7"
"USC00053005","FORT COLLINS, CO US","40.57629","-105.08575","1525.2","2022-03-06","8.95",",,7","0.07",",,7,1900","3.0",",,7,","2.0",",,7,","30",",,7","20",",,7"
"USC00053005","FORT COLLINS, CO US","40.57629","-105.08575","1525.2","2022-03-07","4.03",",,7","0.00","T,,7,1900","0.0","T,,7,","0.0",",,7,","34",",,7","9",",,7"
"USC00053005","FORT COLLINS, CO US","40.57629","-105.08575","1525.2","2022-03-08","2.01",",,7","0.00",",,7,1900","0.0",",,7,","0.0",",,7,","42",",,7","13",",,7"
"USC00053005","FORT COLLINS, CO US","40.57629","-105.08575","1525.2","2022-03-09","4.03",",,7","0.20",",,7,1900","3.1",",,7,","3.0",",,7,","32",",,7","9",",,7"
"USC00053005","FORT COLLINS, CO US","40.57629","-105.08575","1525.2","2022-03-10",,,"0.05",",,7,1900","0.8",",,7,","2.0",",,7,","23",",,7","4",",,7"
"USC00053005","FORT COLLINS, CO US","40.57629","-105.08575","1525.2","2022-03-11",,,"0.00",",,7,1900","0.0",",,7,","1.0",",,7,","33",",,7","1",",,7"
"USC00053005","FORT COLLINS, CO US","40.57629","-105.08575","1525.2","2022-03-12","0.89",",,7","0.00",",,7,1900","0.0",",,7,","0.0","T,,7,","61",",,7","14",",,7"
"USC00053005","FORT COLLINS, CO US","40.57629","-105.08575","1525.2","2022-03-13","8.05",",,7","0.00",",,7,1900","0.0",",,7,","0.0",",,7,","62",",,7","25",",,7"
"USC00053005","FORT COLLINS, CO US","40.57629","-105.08575","1525.2","2022-03-14","2.91",",,7","0.00",",,7,1900","0.0",",,7,","0.0",",,7,","60",",,7","38",",,7"
"USC00053005","FORT COLLINS, CO US","40.57629","-105.08575","1525.2","2022-03-15",,,"0.00",",,7,1900","0.0",",,7,","0.0",",,7,","68",",,7","26",",,7"
"USC00053005","FORT COLLINS, CO US","40.57629","-105.08575","1525.2","2022-03-16","4.03",",,7","0.02",",,7,1900","0.0",",,7,","0.0",",,7,","53",",,7","39",",,7"
"USC00053005","FORT COLLINS, CO US","40.57629","-105.08575","1525.2","2022-03-17",,,"0.31",",,7,1900","1.1",",,7,","0.0","T,,7,","41",",,7","31",",,7"
"USC00053005","FORT COLLINS, CO US","40.57629","-105.08575","1525.2","2022-03-18",,,"0.02",",,7,1900","0.5",",,7,","0.0",",,7,","56",",,7","20",",,7"
"USC00053005","FORT COLLINS, CO US","40.57629","-105.08575","1525.2","2022-03-19","2.01",",,7","0.00",",,7,1900","0.0",",,7,","0.0",",,7,","60",",,7","26",",,7"
"USC00053005","FORT COLLINS, CO US","40.57629","-105.08575","1525.2","2022-03-20",,,"0.00",",,7,1900","0.0",",,7,","0.0",",,7,","66",",,7","30",",,7"
"USC00053005","FORT COLLINS, CO US","40.57629","-105.08575","1525.2","2022-03-21","8.05",",,7","0.00","T,,7,1900","0.0","T,,7,","0.0","T,,7,","59",",,7","36",",,7"
"USC00053005","FORT COLLINS, CO US","40.57629","-105.08575","1525.2","2022-03-22","4.03",",,7","0.01",",,7,1900","0.0","T,,7,","0.0",",,7,","46",",,7","29",",,7"
"USC00053005","FORT COLLINS, CO US","40.57629","-105.08575","1525.2","2022-03-23","4.92",",,7","0.00",",,7,1900","0.0",",,7,","0.0",",,7,","58",",,7","35",",,7"
"USC00053005","FORT COLLINS, CO US","40.57629","-105.08575","1525.2","2022-03-24","2.01",",,7","0.00",",,7,1900","0.0",",,7,","0.0",",,7,","71",",,7","27",",,7"
"USC00053005","FORT COLLINS, CO US","40.57629","-105.08575","1525.2","2022-03-25","2.01",",,7","0.00",",,7,1900","0.0",",,7,","0.0",",,7,","59",",,7","36",",,7"
"USC00053005","FORT COLLINS, CO US","40.57629","-105.08575","1525.2","2022-03-26","0.89",",,7","0.00",",,7,1900","0.0",",,7,","0.0",",,7,","80",",,7","32",",,7"
"USC00053005","FORT COLLINS, CO US","40.57629","-105.08575","1525.2","2022-03-27","2.01",",,7","0.00",",,7,1900","0.0",",,7,","0.0",",,7,","63",",,7","32",",,7"
"USC00053005","FORT COLLINS, CO US","40.57629","-105.08575","1525.2","2022-03-28",,,"0.00",",,7,1900","0.0",",,7,","0.0",",,7,","77",",,7","41",",,7"
"USC00053005","FORT COLLINS, CO US","40.57629","-105.08575","1525.2","2022-03-29",,,"0.04",",,7,1900","0.0",",,7,","0.0",",,7,","64",",,7","43",",,7"
"USC00053005","FORT COLLINS, CO US","40.57629","-105.08575","1525.2","2022-03-30","2.91",",,7","0.00",",,7,1900","0.0",",,7,","0.0",",,7,","51",",,7","32",",,7"
"USC00053005","FORT COLLINS, CO US","40.57629","-105.08575","1525.2","2022-03-31","2.01",",,7","0.00",",,7,1900","0.0",",,7,","0.0",",,7,","66",",,7","22",",,7"
"USC00053005","FORT COLLINS, CO US","40.57629","-105.08575","1525.2","2022-04-01",,,"0.00",",,7,1900","0.0",",,7,","0.0",",,7,","60",",,7","44",",,7"
"USC00053005","FORT COLLINS, CO US","40.57629","-105.08575","1525.2","2022-04-02","0.89",",,7","0.00",",,7,1900","0.0",",,7,","0.0",",,7,","65",",,7","31",",,7"
"USC00053005","FORT COLLINS, CO US","40.57629","-105.08575","1525.2","2022-04-03","6.93",",,7","0.00",",,7,1900","0.0",",,7,","0.0",",,7,","57",",,7","39",",,7"
"USC00053005","FORT COLLINS, CO US","40.57629","-105.08575","1525.2","2022-04-04","2.91",",,7","0.00",",,7,1900","0.0",",,7,","0.0",",,7,","69",",,7","27",",,7"
"USC00053005","FORT COLLINS, CO US","40.57629","-105.08575","1525.2","2022-04-05","12.08",",,7","0.02",",,7,1900","0.0",",,7,","0.0",",,7,","62",",,7","38",",,7"
"USC00053005","FORT COLLINS, CO US","40.57629","-105.08575","1525.2","2022-04-06","4.03",",,7","0.00",",,7,1900","0.0",",,7,","0.0",",,7,","50",",,7","33",",,7"
"USC00053005","FORT COLLINS, CO US","40.57629","-105.08575","1525.2","2022-04-07",,,"0.00",",,7,1900","0.0",",,7,","0.0",",,7,","56",",,7","34",",,7"
"USC00053005","FORT COLLINS, CO US","40.57629","-105.08575","1525.2","2022-04-08",,,"0.00",",,7,1900","0.0",",,7,","0.0",",,7,","71",",,7","26",",,7"
"USC00053005","FORT COLLINS, CO US","40.57629","-105.08575","1525.2","2022-04-09","6.93",",,7","0.00",",,7,1900","0.0",",,7,","0.0",",,7,","78",",,7","39",",,7"
"USC00053005","FORT COLLINS, CO US","40.57629","-105.08575","1525.2","2022-04-10","4.03",",,7","0.09",",,7,1900","0.0",",,7,","0.0",",,7,","61",",,7","36",",,7"
"USC00053005","FORT COLLINS, CO US","40.57629","-105.08575","1525.2","2022-04-11","2.01",",,7","0.00",",,7,1900","0.0",",,7,","0.0",",,7,","64",",,7","25",",,7"
"USC00053005","FORT COLLINS, CO US","40.57629","-105.08575","1525.2","2022-04-12","14.09",",,7","0.00",",,7,1900","0.0",",,7,","0.0",",,7,","57",",,7","36",",,7"
"USC00053005","FORT COLLINS, CO US","40.57629","-105.08575","1525.2","2022-04-13","8.95",",,7","0.00",",,7,1900","0.0",",,7,","0.0",",,7,","44",",,7","12",",,7"
"USC00053005","FORT COLLINS, CO US","40.57629","-105.08575","1525.2","2022-04-14","0.89",",,7","0.00",",,7,1900","0.0",",,7,","0.0",",,7,","58",",,7","25",",,7"
"USC00053005","FORT COLLINS, CO US","40.57629","-105.08575","1525.2","2022-04-15",,,"0.00",",,7,1900","0.0",",,7,","0.0",",,7,","58",",,7","29",",,7"
"USC00053005","FORT COLLINS, CO US","40.57629","-105.08575","1525.2","2022-04-16","6.93",",,7","0.00",",,7,1900","0.0",",,7,","0.0",",,7,","59",",,7","26",",,7"
"USC00053005","FORT COLLINS, CO US","40.57629","-105.08575","1525.2","2022-04-17","4.92",",,7","0.00","T,,7,1900","0.0",",,7,","0.0",",,7,","63",",,7","30",",,7"
"USC00053005","FORT COLLINS, CO US","40.57629","-105.08575","1525.2","2022-04-18","2.91",",,7","0.00",",,7,1900","0.0",",,7,","0.0",",,7,","63",",,7","29",",,7"
"USC00053005","FORT COLLINS, CO US","40.57629","-105.08575","1525.2","2022-04-19","0.89",",,7","0.00",",,7,1900","0.0",",,7,","0.0",",,7,","79",",,7","33",",,7"
"USC00053005","FORT COLLINS, CO US","40.57629","-105.08575","1525.2","2022-04-20","2.91",",,7","0.00",",,7,1900","0.0",",,7,","0.0",",,7,","74",",,7","45",",,7"
"USC00053005","FORT COLLINS, CO US","40.57629","-105.08575","1525.2","2022-04-21",,,"0.00",",,7,1900","0.0",",,7,","0.0",",,7,","80",",,7","40",",,7"
"USC00053005","FORT COLLINS, CO US","40.57629","-105.08575","1525.2","2022-04-22",,,"0.00",",,7,1900","0.0",",,7,","0.0",",,7,","86",",,7","43",",,7"
"USC00053005","FORT COLLINS, CO US","40.57629","-105.08575","1525.2","2022-04-23","6.93",",,7","0.00","T,,7,1900","0.0",",,7,","0.0",",,7,","62",",,7","48",",,7"
"USC00053005","FORT COLLINS, CO US","40.57629","-105.08575","1525.2","2022-04-24","4.03",",,7","0.00","T,,7,1900","0.0",",,7,","0.0",",,7,","57",",,7","42",",,7"
"USC00053005","FORT COLLINS, CO US","40.57629","-105.08575","1525.2","2022-04-25",,,"0.00",",,7,1900","0.0",",,7,","0.0",",,7,","57",",,7","30",",,7"
"USC00053005","FORT COLLINS, CO US","40.57629","-105.08575","1525.2","2022-04-26","0.00",",,7","0.00",",,7,1900","0.0",",,7,","0.0",",,7,","76",",,7","30",",,7"
"USC00053005","FORT COLLINS, CO US","40.57629","-105.08575","1525.2","2022-04-27","8.95",",,7","0.00",",,7,1900","0.0",",,7,","0.0",",,7,","75",",,7","43",",,7"
"USC00053005","FORT COLLINS, CO US","40.57629","-105.08575","1525.2","2022-04-28",,,"0.00",",,7,1900","0.0",",,7,","0.0",",,7,","77",",,7","41",",,7"
"USC00053005","FORT COLLINS, CO US","40.57629","-105.08575","1525.2","2022-04-29","10.96",",,7","0.00",",,7,1900","0.0",",,7,","0.0",",,7,","70",",,7","43",",,7"
"USC00053005","FORT COLLINS, CO US","40.57629","-105.08575","1525.2","2022-04-30","6.93",",,7","0.00","T,,7,1900","0.0",",,7,","0.0",",,7,","67",",,7","42",",,7"
"USC00053005","FORT COLLINS, CO US","40.57629","-105.08575","1525.2","2022-05-01","6.04",",,7","0.00","T,,7,1900","0.0",",,7,","0.0",",,7,","63",",,7","35",",,7"
"USC00053005","FORT COLLINS, CO US","40.57629","-105.08575","1525.2","2022-05-02","6.04",",,7","0.53",",,7,1900","0.0",",,7,","0.0",",,7,","59",",,7","37",",,7"
"USC00053005","FORT COLLINS, CO US","40.57629","-105.08575","1525.2","2022-05-03","4.03",",,7","0.00","T,,7,1900","0.0",",,7,","0.0",",,7,","55",",,7","36",",,7"
"USC00053005","FORT COLLINS, CO US","40.57629","-105.08575","1525.2","2022-05-04","4.03",",,7","0.70",",,7,1900","0.0",",,7,","0.0",",,7,","56",",,7","40",",,7"
"USC00053005","FORT COLLINS, CO US","40.57629","-105.08575","1525.2","2022-05-05","0.89",",,7","0.17",",,7,1900","0.0",",,7,","0.0",",,7,","73",",,7","39",",,7"
"USC00053005","FORT COLLINS, CO US","40.57629","-105.08575","1525.2","2022-05-06","0.89",",,7","0.00",",,7,1900","0.0",",,7,","0.0",",,7,","82",",,7","44",",,7"
"USC00053005","FORT COLLINS, CO US","40.57629","-105.08575","1525.2","2022-05-07","8.05",",,7","0.00",",,7,1900","0.0",",,7,","0.0",",,7,","86",",,7","48",",,7"
"USC00053005","FORT COLLINS, CO US","40.57629","-105.08575","1525.2","2022-05-08","2.01",",,7","0.14",",,7,1900","0.0",",,7,","0.0",",,7,","75",",,7","47",",,7"
"USC00053005","FORT COLLINS, CO US","40.57629","-105.08575","1525.2","2022-05-09","10.96",",,7","0.00","T,,7,1900","0.0",",,7,","0.0",",,7,","71",",,7","45",",,7"
"USC00053005","FORT COLLINS, CO US","40.57629","-105.08575","1525.2","2022-05-10","4.03",",,7","0.00","T,,7,1900","0.0",",,7,","0.0",",,7,","67",",,7","45",",,7"
"USC00053005","FORT COLLINS, CO US","40.57629","-105.08575","1525.2","2022-05-11",,,"0.00",",,7,1900","0.0",",,7,","0.0",",,7,","85",",,7","43",",,7"
"USC00053005","FORT COLLINS, CO US","40.57629","-105.08575","1525.2","2022-05-12","8.05",",,7","0.00",",,7,1900","0.0",",,7,","0.0",",,7,","71",",,7","51",",,7"
"USC00053005","FORT COLLINS, CO US","40.57629","-105.08575","1525.2","2022-05-13","0.89",",,7","0.00",",,7,1900","0.0",",,7,","0.0",",,7,","75",",,7","43",",,7"
"USC00053005","FORT COLLINS, CO US","40.57629","-105.08575","1525.2","2022-05-14","2.01",",,7","0.00",",,7,1900","0.0",",,7,","0.0",",,7,","78",",,7","44",",,7"
"USC00053005","FORT COLLINS, CO US","40.57629","-105.08575","1525.2","2022-05-15","6.04",",,7","0.00",",,7,1900","0.0",",,7,","0.0",",,7,","76",",,7","49",",,7"
"USC00053005","FORT COLLINS, CO US","40.57629","-105.08575","1525.2","2022-05-16","2.01",",,7","0.00","T,,7,1900","0.0",",,7,","0.0",",,7,","85",",,7","47",",,7"
"USC00053005","FORT COLLINS, CO US","40.57629","-105.08575","1525.2","2022-05-17",,,"0.05",",,7,1900","0.0",",,7,","0.0",",,7,","83",",,7","50",",,7"
"USC00053005","FORT COLLINS, CO US","40.57629","-105.08575","1525.2","2022-05-18",,,"0.00",",,7,1900","0.0",",,7,","0.0",",,7,","85",",,7","51",",,7"
"USC00053005","FORT COLLINS, CO US","40.57629","-105.08575","1525.2","2022-05-19","12.08",",,7","0.00",",,7,1900","0.0",",,7,","0.0",",,7,","86",",,7","50",",,7"
"USC00053005","FORT COLLINS, CO US","40.57629","-105.08575","1525.2","2022-05-20","4.92",",,7","0.15",",,7,1900","0.0","T,,7,","0.0",",,7,","52",",,7","34",",,7"
"USC00053005","FORT COLLINS, CO US","40.57629","-105.08575","1525.2","2022-05-21","6.04",",,7","0.00","T,,7,1900","0.0",",,7,","0.0",",,7,","53",",,7","33",",,7"
"USC00053005","FORT COLLINS, CO US","40.57629","-105.08575","1525.2","2022-05-22","4.03",",,7","0.00",",,7,1900","0.0",",,7,","0.0",",,7,","61",",,7","32",",,7"
"USC00053005","FORT COLLINS, CO US","40.57629","-105.08575","1525.2","2022-05-23","2.01",",,7","0.29",",,7,1900","0.0",",,7,","0.0",",,7,","63",",,7","43",",,7"
"USC00053005","FORT COLLINS, CO US","40.57629","-105.08575","1525.2","2022-05-24","2.91",",,7","0.01",",,7,1900","0.0",",,7,","0.0",",,7,","57",",,7","38",",,7"
"USC00053005","FORT COLLINS, CO US","40.57629","-105.08575","1525.2","2022-05-25","2.01",",,7","0.00","T,,7,1900","0.0",",,7,","0.0",",,7,","76",",,7","37",",,7"
"USC00053005","FORT COLLINS, CO US","40.57629","-105.08575","1525.2","2022-05-26","216.09",",X,7","0.00",",,7,1900","0.0",",,7,","0.0",",,7,","85",",,7","41",",,7"
"USC00053005","FORT COLLINS, CO US","40.57629","-105.08575","1525.2","2022-05-27","4.03",",,7","0.00",",,7,1900","0.0",",,7,","0.0",",,7,","90",",,7","49",",,7"
"USC00053005","FORT COLLINS, CO US","40.57629","-105.08575","1525.2","2022-05-28","0.89",",,7","0.00",",,7,1900","0.0",",,7,","0.0",",,7,","81",",,7","53",",,7"
"USC00053005","FORT COLLINS, CO US","40.57629","-105.08575","1525.2","2022-05-29","2.91",",,7","0.16",",,7,1900","0.0",",,7,","0.0",",,7,","74",",,7","51",",,7"
"USC00053005","FORT COLLINS, CO US","40.57629","-105.08575","1525.2","2022-05-30","2.91",",,7","0.00","T,,7,1900","0.0",",,7,","0.0",",,7,","68",",,7","46",",,7"
"USC00053005","FORT COLLINS, CO US","40.57629","-105.08575","1525.2","2022-05-31",,,"0.17",",,7,1900","0.0",",,7,","0.0",",,7,","64",",,7","41",",,7"
"USC00053005","FORT COLLINS, CO US","40.57629","-105.08575","1525.2","2022-06-01",,,"0.26",",,7,1900","0.0",",,7,","0.0",",,7,","59",",,7","43",",,7"
"USC00053005","FORT COLLINS, CO US","40.57629","-105.08575","1525.2","2022-06-02","2.01",",,7","0.00",",,7,1900","0.0",",,7,","0.0",",,7,","70",",,7","40",",,7"
"USC00053005","FORT COLLINS, CO US","40.57629","-105.08575","1525.2","2022-06-03",,,"0.00","T,,7,1900","0.0",",,7,","0.0",",,7,","76",",,7","47",",,7"
"USC00053005","FORT COLLINS, CO US","40.57629","-105.08575","1525.2","2022-06-04","4.03",",,7","0.00","T,,7,1900","0.0",",,7,","0.0",",,7,","85",",,7","47",",,7"
"USC00053005","FORT COLLINS, CO US","40.57629","-105.08575","1525.2","2022-06-05","2.91",",,7","0.03",",,7,1900","0.0",",,7,","0.0",",,7,","83",",,7","56",",,7"
"USC00053005","FORT COLLINS, CO US","40.57629","-105.08575","1525.2","2022-06-06","0.89",",,7","0.37",",,7,1900","0.0",",,7,","0.0",",,7,","80",",,7","51",",,7"
"USC00053005","FORT COLLINS, CO US","40.57629","-105.08575","1525.2","2022-06-07","6.04",",,7","0.06",",,7,1900","0.0",",,7,","0.0",",,7,","83",",,7","51",",,7"
"USC00053005","FORT COLLINS, CO US","40.57629","-105.08575","1525.2","2022-06-08",,,"0.00",",,7,1900","0.0",",,7,","0.0",",,7,","77",",,7","47",",,7"
"USC00053005","FORT COLLINS, CO US","40.57629","-105.08575","1525.2","2022-06-09",,,"0.00",",,7,1900","0.0",",,7,","0.0",",,7,","93",",,7","50",",,7"
"USC00053005","FORT COLLINS, CO US","40.57629","-105.08575","1525.2","2022-06-10",,,"0.00",",,7,1900","0.0",",,7,","0.0",",,7,","94",",,7","53",",,7"
"USC00053005","FORT COLLINS, CO US","40.57629","-105.08575","1525.2","2022-06-11","0.89",",,7","0.00","T,,7,1900","0.0",",,7,","0.0",",,7,","99",",,7","57",",,7"
"USC00053005","FORT COLLINS, CO US","40.57629","-105.08575","1525.2","2022-06-12","4.92",",,7","0.00",",,7,1900","0.0",",,7,","0.0",",,7,","94",",,7","63",",,7"
"USC00053005","FORT COLLINS, CO US","40.57629","-105.08575","1525.2","2022-06-13","0.89",",,7","0.00",",,7,1900","0.0",",,7,","0.0",",,7,","97",",,7","57",",,7"
"USC00053005","FORT COLLINS, CO US","40.57629","-105.08575","1525.2","2022-06-14","4.03",",,7","0.00",",,7,1900","0.0",",,7,","0.0",",,7,","87",",,7","55",",,7"
"USC00053005","FORT COLLINS, CO US","40.57629","-105.08575","1525.2","2022-06-15","2.91",",,7","0.00",",,7,1900","0.0",",,7,","0.0",",,7,","89",",,7","53",",,7"
"USC00053005","FORT COLLINS, CO US","40.57629","-105.08575","1525.2","2022-06-16",,,"0.00",",,7,1900","0.0",",,7,","0.0",",,7,","92",",,7","51",",,7"
"USC00053005","FORT COLLINS, CO US","40.57629","-105.08575","1525.2","2022-06-17",,,"0.00","T,,7,1900","0.0",",,7,","0.0",",,7,","88",",,7","63",",,7"
"USC00053005","FORT COLLINS, CO US","40.57629","-105.08575","1525.2","2022-06-18","8.05",",,7","0.00",",,7,1900","0.0",",,7,","0.0",",,7,","90",",,7","58",",,7"
"USC00053005","FORT COLLINS, CO US","40.57629","-105.08575","1525.2","2022-06-19","0.89",",,7","0.00","T,,7,1900","0.0",",,7,","0.0",",,7,","87",",,7","63",",,7"
"USC00053005","FORT COLLINS, CO US","40.57629","-105.08575","1525.2","2022-06-20","6.04",",,7","0.00",",,7,1900","0.0",",,7,","0.0",",,7,","87",",,7","58",",,7"
"USC00053005","FORT COLLINS, CO US","40.57629","-105.08575","1525.2","2022-06-21","6.04",",,7","0.00",",,7,1900","0.0",",,7,","0.0",",,7,","80",",,7","55",",,7"
"USC00053005","FORT COLLINS, CO US","40.57629","-105.08575","1525.2","2022-06-22","2.91",",,7","0.00",",,7,1900","0.0",",,7,","0.0",",,7,","82",",,7","51",",,7"
"USC00053005","FORT COLLINS, CO US","40.57629","-105.08575","1525.2","2022-06-23",,,"0.00",",,7,1900","0.0",",,7,","0.0",",,7,","94",",,7","53",",,7"
"USC00053005","FORT COLLINS, CO US","40.57629","-105.08575","1525.2","2022-06-24","4.92",",,7","0.00","T,,7,1900","0.0",",,7,","0.0",",,7,","90",",,7","57",",,7"
"USC00053005","FORT COLLINS, CO US","40.57629","-105.08575","1525.2","2022-06-25","6.04",",,7","0.00",",,7,1900","0.0",",,7,","0.0",",,7,","73",",,7","54",",,7"
"USC00053005","FORT COLLINS, CO US","40.57629","-105.08575","1525.2","2022-06-26","0.00",",,7","0.09",",,7,1900","0.0",",,7,","0.0",",,7,","69",",,7","55",",,7"
"USC00053005","FORT COLLINS, CO US","40.57629","-105.08575","1525.2","2022-06-27","8.95",",,7","0.00",",,7,1900","0.0",",,7,","0.0",",,7,","86",",,7","50",",,7"
"USC00053005","FORT COLLINS, CO US","40.57629","-105.08575","1525.2","2022-06-28","0.89",",,7","0.00",",,7,1900","0.0",",,7,","0.0",",,7,","92",",,7","52",",,7"
"USC00053005","FORT COLLINS, CO US","40.57629","-105.08575","1525.2","2022-06-29","6.93",",,7","0.02",",,7,1900","0.0",",,7,","0.0",",,7,","92",",,7","56",",,7"
"USC00053005","FORT COLLINS, CO US","40.57629","-105.08575","1525.2","2022-06-30","6.04",",,7","0.11",",,7,1900","0.0",",,7,","0.0",",,7,","82",",,7","59",",,7"
"USC00053005","FORT COLLINS, CO US","40.57629","-105.08575","1525.2","2022-07-01","2.01",",,7","0.05",",,7,1900","0.0",",,7,","0.0",",,7,","84",",,7","54",",,7"
"USC00053005","FORT COLLINS, CO US","40.57629","-105.08575","1525.2","2022-07-02","2.91",",,7","0.91",",,7,1900","0.0",",,7,","0.0",",,7,","85",",,7","54",",,7"
"USC00053005","FORT COLLINS, CO US","40.57629","-105.08575","1525.2","2022-07-03",,,"0.00","T,,7,1900","0.0",",,7,","0.0",",,7,","88",",,7","59",",,7"
"USC00053005","FORT COLLINS, CO US","40.57629","-105.08575","1525.2","2022-07-04","2.91",",,7","0.01",",,7,1900","0.0",",,7,","0.0",",,7,","93",",,7","57",",,7"
"USC00053005","FORT COLLINS, CO US","40.57629","-105.08575","1525.2","2022-07-05","0.89",",,7","0.00","T,,7,1900","0.0",",,7,","0.0",",,7,","91",",,7","62",",,7"
"USC00053005","FORT COLLINS, CO US","40.57629","-105.08575","1525.2","2022-07-06","2.01",",,7","0.06",",,7,1900","0.0",",,7,","0.0",",,7,","82",",,7","64",",,7"
"USC00053005","FORT COLLINS, CO US","40.57629","-105.08575","1525.2","2022-07-07","2.91",",,7","0.00","T,,7,1900","0.0",",,7,","0.0",",,7,","84",",,7","56",",,7"
"USC00053005","FORT COLLINS, CO US","40.57629","-105.08575","1525.2","2022-07-08",,,"0.00",",,7,1900","0.0",",,7,","0.0",",,7,","92",",,7","57",",,7"
"USC00053005","FORT COLLINS, CO US","40.57629","-105.08575","1525.2","2022-07-09","0.00",",,7","0.00",",,7,1900","0.0",",,7,","0.0",",,7,","99",",,7","60",",,7"
"USC00053005","FORT COLLINS, CO US","40.57629","-105.08575","1525.2","2022-07-10","2.01",",,7","0.00",",,7,1900","0.0",",,7,","0.0",",,7,","96",",,7","60",",,7"
"USC00053005","FORT COLLINS, CO US","40.57629","-105.08575","1525.2","2022-07-11",,,"0.00","T,,7,1900","0.0",",,7,","0.0",",,7,","83",",,7","62",",,7"
"USC00053005","FORT COLLINS, CO US","40.57629","-105.08575","1525.2","2022-07-12",,,"0.00",",,7,1900","0.0",",,7,","0.0",",,7,","91",",,7","57",",,7"
"USC00053005","FORT COLLINS, CO US","40.57629","-105.08575","1525.2","2022-07-13",,,"0.01",",,7,1900","0.0",",,7,","0.0",",,7,","97",",,7","59",",,7"
"USC00053005","FORT COLLINS, CO US","40.57629","-105.08575","1525.2","2022-07-14",,,"0.01",",,7,1900","0.0",",,7,","0.0",",,7,","97",",,7","60",",,7"
"USC00053005","FORT COLLINS, CO US","40.57629","-105.08575","1525.2","2022-07-15",,,"0.08",",,7,1900","0.0",",,7,","0.0",",,7,","93",",,7","69",",,7"
"USC00053005","FORT COLLINS, CO US","40.57629","-105.08575","1525.2","2022-07-16",,,"0.09",",,7,1900","0.0",",,7,","0.0",",,7,","92",",,7","64",",,7"
"USC00053005","FORT COLLINS, CO US","40.57629","-105.08575","1525.2","2022-07-17",,,"0.00","T,,7,1900","0.0",",,7,","0.0",",,7,","95",",,7","60",",,7"
"USC00053005","FORT COLLINS, CO US","40.57629","-105.08575","1525.2","2022-07-18",,,"0.00","T,,7,1900","0.0",",,7,","0.0",",,7,","98",",,7","65",",,7"
"USC00053005","FORT COLLINS, CO US","40.57629","-105.08575","1525.2","2022-07-19",,,"0.00",",,7,1900","0.0",",,7,","0.0",",,7,","98",",,7","69",",,7"
"USC00053005","FORT COLLINS, CO US","40.57629","-105.08575","1525.2","2022-07-20",,,"0.08",",,7,1900","0.0",",,7,","0.0",",,7,","92",",,7","64",",,7"
"USC00053005","FORT COLLINS, CO US","40.57629","-105.08575","1525.2","2022-07-21",,,"0.09",",,7,1900","0.0",",,7,","0.0",",,7,","94",",,7","59",",,7"
"USC00053005","FORT COLLINS, CO US","40.57629","-105.08575","1525.2","2022-07-22",,,"0.00",",,7,1900","0.0",",,7,","0.0",",,7,","96",",,7","65",",,7"
"USC00053005","FORT COLLINS, CO US","40.57629","-105.08575","1525.2","2022-07-23",,,"0.25",",,7,1900","0.0",",,7,","0.0",",,7,","93",",,7","64",",,7"
"USC00053005","FORT COLLINS, CO US","40.57629","-105.08575","1525.2","2022-07-24",,,"0.16",",,7,1900","0.0",",,7,","0.0",",,7,","77",",,7","59",",,7"
"USC00053005","FORT COLLINS, CO US","40.57629","-105.08575","1525.2","2022-07-25",,,"0.00",",,7,1900","0.0",",,7,","0.0",",,7,","88",",,7","59",",,7"
"USC00053005","FORT COLLINS, CO US","40.57629","-105.08575","1525.2","2022-07-26",,,"0.05",",,7,1900","0.0",",,7,","0.0",",,7,","85",",,7","59",",,7"
"USC00053005","FORT COLLINS, CO US","40.57629","-105.08575","1525.2","2022-07-27","8.05",",,7","0.00",",,7,1900","0.0",",,7,","0.0",",,7,","87",",,7","62",",,7"
"USC00053005","FORT COLLINS, CO US","40.57629","-105.08575","1525.2","2022-07-28",,,"1.97",",,7,1900","0.0",",,7,","0.0",",,7,","72",",,7","54",",,7"
"USC00053005","FORT COLLINS, CO US","40.57629","-105.08575","1525.2","2022-07-29","4.92",",,7","0.00",",,7,1900","0.0",",,7,","0.0",",,7,","82",",,7","61",",,7"
"USC00053005","FORT COLLINS, CO US","40.57629","-105.08575","1525.2","2022-07-30","2.01",",,7","0.00",",,7,1900","0.0",",,7,","0.0",",,7,","90",",,7","58",",,7"
"USC00053005","FORT COLLINS, CO US","40.57629","-105.08575","1525.2","2022-07-31","0.00",",,7","0.02",",,7,1900","0.0",",,7,","0.0",",,7,","91",",,7","60",",,7"
"USC00053005","FORT COLLINS, CO US","40.57629","-105.08575","1525.2","2022-08-01","2.91",",,7","0.00","T,,7,1900","0.0",",,7,","0.0",",,7,","94",",,7","59",",,7"
"USC00053005","FORT COLLINS, CO US","40.57629","-105.08575","1525.2","2022-08-02","2.01",",,7","0.01",",,7,1900","0.0",",,7,","0.0",",,7,","92",",,7","63",",,7"
"USC00053005","FORT COLLINS, CO US","40.57629","-105.08575","1525.2","2022-08-03","0.89",",,7","0.00","T,,7,1900","0.0",",,7,","0.0",",,7,","88",",,7","63",",,7"
"USC00053005","FORT COLLINS, CO US","40.57629","-105.08575","1525.2","2022-08-04",,,"0.00",",,7,1900","0.0",",,7,","0.0",",,7,","94",",,7","58",",,7"
"USC00053005","FORT COLLINS, CO US","40.57629","-105.08575","1525.2","2022-08-05",,,"0.00","T,,7,1900","0.0",",,7,","0.0",",,7,","97",",,7","63",",,7"
"USC00053005","FORT COLLINS, CO US","40.57629","-105.08575","1525.2","2022-08-06","10.07",",,7","0.00","T,,7,1900","0.0",",,7,","0.0",",,7,","88",",,7","68",",,7"
"USC00053005","FORT COLLINS, CO US","40.57629","-105.08575","1525.2","2022-08-07","0.89",",,7","0.17",",,7,1900","0.0",",,7,","0.0",",,7,","85",",,7","66",",,7"
"USC00053005","FORT COLLINS, CO US","40.57629","-105.08575","1525.2","2022-08-08","0.00",",,7","0.00",",,7,1900","0.0",",,7,","0.0",",,7,","87",",,7","60",",,7"
"USC00053005","FORT COLLINS, CO US","40.57629","-105.08575","1525.2","2022-08-09","4.03",",,7","0.00",",,7,1900","0.0",",,7,","0.0",",,7,","92",",,7","61",",,7"
"USC00053005","FORT COLLINS, CO US","40.57629","-105.08575","1525.2","2022-08-10","4.92",",,7","0.00",",,7,1900","0.0",",,7,","0.0",",,7,","92",",,7","59",",,7"
"USC00053005","FORT COLLINS, CO US","40.57629","-105.08575","1525.2","2022-08-11","0.00",",,7","0.00",",,7,1900","0.0",",,7,","0.0",",,7,","94",",,7","60",",,7"
"USC00053005","FORT COLLINS, CO US","40.57629","-105.08575","1525.2","2022-08-12","0.00",",,7","0.00",",,7,1900","0.0",",,7,","0.0",",,7,","93",",,7","70",",,7"
"USC00053005","FORT COLLINS, CO US","40.57629","-105.08575","1525.2","2022-08-13","0.89",",,7","0.05",",,7,1900","0.0",",,7,","0.0",",,7,","88",",,7","65",",,7"
"USC00053005","FORT COLLINS, CO US","40.57629","-105.08575","1525.2","2022-08-14","0.89",",,7","0.02",",,7,1900","0.0",",,7,","0.0",",,7,","89",",,7","64",",,7"
"USC00053005","FORT COLLINS, CO US","40.57629","-105.08575","1525.2","2022-08-15",,,"0.22",",,7,1900","0.0",",,7,","0.0",",,7,","83",",,7","65",",,7"
"USC00053005","FORT COLLINS, CO US","40.57629","-105.08575","1525.2","2022-08-16","0.89",",,7","0.00","T,,7,1900","0.0",",,7,","0.0",",,7,","77",",,7","63",",,7"
"USC00053005","FORT COLLINS, CO US","40.57629","-105.08575","1525.2","2022-08-17","2.01",",,7","0.00",",,7,1900","0.0",",,7,","0.0",",,7,","84",",,7","57",",,7"
"USC00053005","FORT COLLINS, CO US","40.57629","-105.08575","1525.2","2022-08-18",,,"0.00",",,7,1900","0.0",",,7,","0.0",",,7,","90",",,7","53",",,7"
"USC00053005","FORT COLLINS, CO US","40.57629","-105.08575","1525.2","2022-08-19","2.01",",,7","0.00",",,7,1900","0.0",",,7,","0.0",",,7,","85",",,7","56",",,7"
"USC00053005","FORT COLLINS, CO US","40.57629","-105.08575","1525.2","2022-08-20","6.04",",,7","0.00",",,7,1900","0.0",",,7,","0.0",",,7,","81",",,7","57",",,7"
"USC00053005","FORT COLLINS, CO US","40.57629","-105.08575","1525.2","2022-08-21",,,"0.00",",,7,1900","0.0",",,7,","0.0",",,7,","79",",,7","57",",,7"
"USC00053005","FORT COLLINS, CO US","40.57629","-105.08575","1525.2","2022-08-22","2.01",",,7","0.00",",,7,1900","0.0",",,7,","0.0",",,7,","86",",,7","55",",,7"
"USC00053005","FORT COLLINS, CO US","40.57629","-105.08575","1525.2","2022-08-23","0.89",",,7","0.00","T,,7,1900","0.0",",,7,","0.0",",,7,","86",",,7","55",",,7"
"USC00053005","FORT COLLINS, CO US","40.57629","-105.08575","1525.2","2022-08-24","0.89",",,7","0.00","T,,7,1900","0.0",",,7,","0.0",",,7,","87",",,7","56",",,7"
"USC00053005","FORT COLLINS, CO US","40.57629","-105.08575","1525.2","2022-08-25",,,"0.04",",,7,1900","0.0",",,7,","0.0",",,7,","85",",,7","53",",,7"
"USC00053005","FORT COLLINS, CO US","40.57629","-105.08575","1525.2","2022-08-26","8.05",",,7","0.00","T,,7,1900","0.0",",,7,","0.0",",,7,","82",",,7","60",",,7"
"USC00053005","FORT COLLINS, CO US","40.57629","-105.08575","1525.2","2022-08-27","2.91",",,7","0.00",",,7,1900","0.0",",,7,","0.0",",,7,","92",",,7","53",",,7"
"USC00053005","FORT COLLINS, CO US","40.57629","-105.08575","1525.2","2022-08-28","12.08",",,7","0.00",",,7,1900","0.0",",,7,","0.0",",,7,","90",",,7","58",",,7"
"USC00053005","FORT COLLINS, CO US","40.57629","-105.08575","1525.2","2022-08-29","0.00",",,7","0.00",",,7,1900","0.0",",,7,","0.0",",,7,","86",",,7","54",",,7"
"USC00053005","FORT COLLINS, CO US","40.57629","-105.08575","1525.2","2022-08-30","0.00",",,7","0.00",",,7,1900","0.0",",,7,","0.0",",,7,","91",",,7","54",",,7"
"USC00053005","FORT COLLINS, CO US","40.57629","-105.08575","1525.2","2022-08-31","0.00",",,7","0.00","T,,7,1900","0.0",",,7,","0.0",",,7,","92",",,7","59",",,7"
"USC00053005","FORT COLLINS, CO US","40.57629","-105.08575","1525.2","2022-09-01","0.00",",,7","0.00",",,7,1900","0.0",",,7,","0.0",",,7,","93",",,7","52",",,7"
"USC00053005","FORT COLLINS, CO US","40.57629","-105.08575","1525.2","2022-09-02","4.03",",,7","0.05",",,7,1900","0.0",",,7,","0.0",",,7,","94",",,7","58",",,7"
"USC00053005","FORT COLLINS, CO US","40.57629","-105.08575","1525.2","2022-09-03","4.03",",,7","0.00","T,,7,1900","0.0",",,7,","0.0",",,7,","87",",,7","56",",,7"
"USC00053005","FORT COLLINS, CO US","40.57629","-105.08575","1525.2","2022-09-04","0.89",",,7","0.00",",,7,1900","0.0",",,7,","0.0",",,7,","92",",,7","55",",,7"
"USC00053005","FORT COLLINS, CO US","40.57629","-105.08575","1525.2","2022-09-05",,,"0.00",",,7,1900","0.0",",,7,","0.0",",,7,","96",",,7","55",",,7"
"USC00053005","FORT COLLINS, CO US","40.57629","-105.08575","1525.2","2022-09-06","0.89",",,7","0.00",",,7,1900","0.0",",,7,","0.0",",,7,","97",",,7","57",",,7"
"USC00053005","FORT COLLINS, CO US","40.57629","-105.08575","1525.2","2022-09-07","0.00",",,7","0.00",",,7,1900","0.0",",,7,","0.0",",,7,","94",",,7","55",",,7"
"USC00053005","FORT COLLINS, CO US","40.57629","-105.08575","1525.2","2022-09-08","2.01",",,7","0.00","T,,7,1900","0.0",",,7,","0.0",",,7,","96",",,7","55",",,7"
"USC00053005","FORT COLLINS, CO US","40.57629","-105.08575","1525.2","2022-09-09","4.92",",,7","0.11",",,7,1900","0.0",",,7,","0.0",",,7,","77",",,7","50",",,7"
"USC00053005","FORT COLLINS, CO US","40.57629","-105.08575","1525.2","2022-09-10","4.92",",,7","0.52",",,7,1900","0.0",",,7,","0.0",",,7,","55",",,7","46",",,7"
"USC00053005","FORT COLLINS, CO US","40.57629","-105.08575","1525.2","2022-09-11","0.00",",,7","0.00",",,7,1900","0.0",",,7,","0.0",",,7,","76",",,7","43",",,7"
"USC00053005","FORT COLLINS, CO US","40.57629","-105.08575","1525.2","2022-09-12","0.00",",,7","0.00",",,7,1900","0.0",",,7,","0.0",",,7,","90",",,7","43",",,7"
"USC00053005","FORT COLLINS, CO US","40.57629","-105.08575","1525.2","2022-09-13",,,"0.00",",,7,1900","0.0",",,7,","0.0",",,7,","82",",,7","48",",,7"
"USC00053005","FORT COLLINS, CO US","40.57629","-105.08575","1525.2","2022-09-14","2.91",",,7","0.00","T,,7,1900","0.0",",,7,","0.0",",,7,","84",",,7","57",",,7"
"USC00053005","FORT COLLINS, CO US","40.57629","-105.08575","1525.2","2022-09-15",,,"0.00","T,,7,1900","0.0",",,7,","0.0",",,7,","78",",,7","57",",,7"
"USC00053005","FORT COLLINS, CO US","40.57629","-105.08575","1525.2","2022-09-16","0.89",",,7","0.00","T,,7,1900","0.0",",,7,","0.0",",,7,","77",",,7","50",",,7"
"USC00053005","FORT COLLINS, CO US","40.57629","-105.08575","1525.2","2022-09-17","2.01",",,7","0.00","T,,7,1900","0.0",",,7,","0.0",",,7,","80",",,7","53",",,7"
"USC00053005","FORT COLLINS, CO US","40.57629","-105.08575","1525.2","2022-09-18","0.89",",,7","0.00",",,7,1900","0.0",",,7,","0.0",",,7,","81",",,7","50",",,7"
"USC00053005","FORT COLLINS, CO US","40.57629","-105.08575","1525.2","2022-09-19","2.01",",,7","0.00",",,7,1900","0.0",",,7,","0.0",",,7,","90",",,7","50",",,7"
"USC00053005","FORT COLLINS, CO US","40.57629","-105.08575","1525.2","2022-09-20","2.01",",,7","0.00",",,7,1900","0.0",",,7,","0.0",",,7,","88",",,7","49",",,7"
"USC00053005","FORT COLLINS, CO US","40.57629","-105.08575","1525.2","2022-09-21","2.91",",,7","0.20",",,7,1900","0.0",",,7,","0.0",",,7,","75",",,7","51",",,7"
"USC00053005","FORT COLLINS, CO US","40.57629","-105.08575","1525.2","2022-09-22","2.01",",,7","0.31",",,7,1900","0.0",",,7,","0.0",",,7,","56",",,7","46",",,7"
"USC00053005","FORT COLLINS, CO US","40.57629","-105.08575","1525.2","2022-09-23","2.01",",,7","0.00","T,,7,1900","0.0",",,7,","0.0",",,7,","81",",,7","45",",,7"
"USC00053005","FORT COLLINS, CO US","40.57629","-105.08575","1525.2","2022-09-24","0.89",",,7","0.00",",,7,1900","0.0",",,7,","0.0",",,7,","80",",,7","42",",,7"
"USC00053005","FORT COLLINS, CO US","40.57629","-105.08575","1525.2","2022-09-25","0.00",",,7","0.00",",,7,1900","0.0",",,7,","0.0",",,7,","72",",,7","43",",,7"
"USC00053005","FORT COLLINS, CO US","40.57629","-105.08575","1525.2","2022-09-26",,,"0.00",",,7,1900","0.0",",,7,","0.0",",,7,","83",",,7","43",",,7"
"USC00053005","FORT COLLINS, CO US","40.57629","-105.08575","1525.2","2022-09-27","0.89",",,7","0.00",",,7,1900","0.0",",,7,","0.0",",,7,","75",",,7","47",",,7"
"USC00053005","FORT COLLINS, CO US","40.57629","-105.08575","1525.2","2022-09-28","0.89",",,7","0.00",",,7,1900","0.0",",,7,","0.0",",,7,","83",",,7","45",",,7"
"USC00053005","FORT COLLINS, CO US","40.57629","-105.08575","1525.2","2022-09-29","0.89",",,7","0.00",",,7,1900","0.0",",,7,","0.0",",,7,","84",",,7","47",",,7"
"USC00053005","FORT COLLINS, CO US","40.57629","-105.08575","1525.2","2022-09-30",,,"0.03",",,7,1900","0.0",",,7,","0.0",",,7,","74",",,7","50",",,7"
"USC00053005","FORT COLLINS, CO US","40.57629","-105.08575","1525.2","2022-10-01","0.00",",,7","0.02",",,7,1900","0.0",",,7,","0.0",",,7,","72",",,7","51",",,7"
"USC00053005","FORT COLLINS, CO US","40.57629","-105.08575","1525.2","2022-10-02","0.89",",,7","0.00","T,,7,1900","0.0",",,7,","0.0",",,7,","68",",,7","47",",,7"
"USC00053005","FORT COLLINS, CO US","40.57629","-105.08575","1525.2","2022-10-03","2.01",",,7","0.07",",,7,1900","0.0",",,7,","0.0",",,7,","71",",,7","49",",,7"
"USC00053005","FORT COLLINS, CO US","40.57629","-105.08575","1525.2","2022-10-04","0.89",",,7","0.00","T,,7,1900","0.0",",,7,","0.0",",,7,","67",",,7","42",",,7"
"USC00053005","FORT COLLINS, CO US","40.57629","-105.08575","1525.2","2022-10-05","0.00",",,7","0.00",",,7,1900","0.0",",,7,","0.0",",,7,","72",",,7","42",",,7"
"USC00053005","FORT COLLINS, CO US","40.57629","-105.08575","1525.2","2022-10-06","0.89",",,7","0.00",",,7,1900","0.0",",,7,","0.0",",,7,","70",",,7","39",",,7"
"USC00053005","FORT COLLINS, CO US","40.57629","-105.08575","1525.2","2022-10-07","0.00",",,7","0.03",",,7,1900","0.0",",,7,","0.0",",,7,","59",",,7","39",",,7"
"USC00053005","FORT COLLINS, CO US","40.57629","-105.08575","1525.2","2022-10-08","0.00",",,7","0.00","T,,7,1900","0.0",",,7,","0.0",",,7,","66",",,7","33",",,7"
"USC00053005","FORT COLLINS, CO US","40.57629","-105.08575","1525.2","2022-10-09","0.00",",,7","0.00",",,7,1900","0.0",",,7,","0.0",",,7,","75",",,7","35",",,7"
"USC00053005","FORT COLLINS, CO US","40.57629","-105.08575","1525.2","2022-10-10","0.00",",,7","0.00",",,7,1900","0.0",",,7,","0.0",",,7,","76",",,7","36",",,7"
"USC00053005","FORT COLLINS, CO US","40.57629","-105.08575","1525.2","2022-10-11",,,"0.00","T,,7,1900","0.0",",,7,","0.0",",,7,","75",",,7","41",",,7"
"USC00053005","FORT COLLINS, CO US","40.57629","-105.08575","1525.2","2022-10-12","0.00",",,7","0.00",",,7,1900","0.0",",,7,","0.0",",,7,","67",",,7","34",",,7"
"USC00053005","FORT COLLINS, CO US","40.57629","-105.08575","1525.2","2022-10-13","0.00",",,7","0.00",",,7,1900","0.0",",,7,","0.0",",,7,","71",",,7","34",",,7"
"USC00053005","FORT COLLINS, CO US","40.57629","-105.08575","1525.2","2022-10-14","0.89",",,7","0.00",",,7,1900","0.0",",,7,","0.0",",,7,","79",",,7","34",",,7"
"USC00053005","FORT COLLINS, CO US","40.57629","-105.08575","1525.2","2022-10-15","2.01",",,7","0.00",",,7,1900","0.0",",,7,","0.0",",,7,","66",",,7","38",",,7"
"USC00053005","FORT COLLINS, CO US","40.57629","-105.08575","1525.2","2022-10-16","0.00",",,7","0.00",",,7,1900","0.0",",,7,","0.0",",,7,","62",",,7","45",",,7"
"USC00053005","FORT COLLINS, CO US","40.57629","-105.08575","1525.2","2022-10-17",,,"0.00",",,7,1900","0.0",",,7,","0.0",",,7,","64",",,7","31",",,7"
"USC00053005","FORT COLLINS, CO US","40.57629","-105.08575","1525.2","2022-10-18","0.00",",,7","0.00",",,7,1900","0.0",",,7,","0.0",",,7,","71",",,7","31",",,7"
"USC00053005","FORT COLLINS, CO US","40.57629","-105.08575","1525.2","2022-10-19","2.01",",,7","0.00",",,7,1900","0.0",",,7,","0.0",",,7,","80",",,7","33",",,7"
"USC00053005","FORT COLLINS, CO US","40.57629","-105.08575","1525.2","2022-10-20","4.03",",,7","0.00",",,7,1900","0.0",",,7,","0.0",",,7,","81",",,7","31",",,7"
"USC00053005","FORT COLLINS, CO US","40.57629","-105.08575","1525.2","2022-10-21","0.89",",,7","0.00",",,7,1900","0.0",",,7,","0.0",",,7,","78",",,7","45",",,7"
"USC00053005","FORT COLLINS, CO US","40.57629","-105.08575","1525.2","2022-10-22","0.89",",,7","0.00",",,7,1900","0.0",",,7,","0.0",",,7,","77",",,7","37",",,7"
"USC00053005","FORT COLLINS, CO US","40.57629","-105.08575","1525.2","2022-10-23","4.92",",,7","0.00","T,,7,1900","0.0",",,7,","0.0",",,7,","68",",,7","44",",,7"
"USC00053005","FORT COLLINS, CO US","40.57629","-105.08575","1525.2","2022-10-24","2.91",",,7","0.00",",,7,1900","0.0",",,7,","0.0",",,7,","54",",,7","31",",,7"
"USC00053005","FORT COLLINS, CO US","40.57629","-105.08575","1525.2","2022-10-25","4.03",",,7","0.00",",,7,1900","0.0",",,7,","0.0",",,7,","60",",,7","28",",,7"
"USC00053005","FORT COLLINS, CO US","40.57629","-105.08575","1525.2","2022-10-26","2.01",",,7","0.00",",,7,1900","0.0",",,7,","0.0",",,7,","56",",,7","35",",,7"
"USC00053005","FORT COLLINS, CO US","40.57629","-105.08575","1525.2","2022-10-27","0.00",",,7","0.21",",,7,1900","0.2",",,7,","0.0",",,7,","55",",,7","32",",,7"
"USC00053005","FORT COLLINS, CO US","40.57629","-105.08575","1525.2","2022-10-28",,,"0.00",",,7,1900","0.0",",,7,","0.0",",,7,","60",",,7","24",",,7"
"USC00053005","FORT COLLINS, CO US","40.57629","-105.08575","1525.2","2022-10-29","0.89",",,7","0.00",",,7,1900","0.0",",,7,","0.0",",,7,","61",",,7","24",",,7"
"USC00053005","FORT COLLINS, CO US","40.57629","-105.08575","1525.2","2022-10-30","0.00",",,7","0.00",",,7,1900","0.0",",,7,","0.0",",,7,","62",",,7","30",",,7"
"USC00053005","FORT COLLINS, CO US","40.57629","-105.08575","1525.2","2022-10-31","0.00",",,7","0.00",",,7,1900","0.0",",,7,","0.0",",,7,","66",",,7","27",",,7"
"USC00053005","FORT COLLINS, CO US","40.57629","-105.08575","1525.2","2022-11-01","0.00",",,7","0.00",",,7,1900","0.0",",,7,","0.0",",,7,","68",",,7","29",",,7"
"USC00053005","FORT COLLINS, CO US","40.57629","-105.08575","1525.2","2022-11-02",,,"0.00",",,7,1900","0.0",",,7,","0.0",",,7,","70",",,7","37",",,7"
"USC00053005","FORT COLLINS, CO US","40.57629","-105.08575","1525.2","2022-11-03","2.01",",,7","0.14",",,7,1900","1.6",",,7,","1.0",",,7,","51",",,7","29",",,7"
"USC00053005","FORT COLLINS, CO US","40.57629","-105.08575","1525.2","2022-11-04","0.89",",,7","0.00","T,,7,1900","0.0","T,,7,","0.0","T,,7,","42",",,7","26",",,7"
"USC00053005","FORT COLLINS, CO US","40.57629","-105.08575","1525.2","2022-11-05","8.05",",,7","0.00",",,7,1900","0.0",",,7,","0.0",",,7,","63",",,7","26",",,7"
"USC00053005","FORT COLLINS, CO US","40.57629","-105.08575","1525.2","2022-11-06","0.89",",,7","0.00",",,7,1900","0.0",",,7,","0.0",",,7,","55",",,7","40",",,7"
"USC00053005","FORT COLLINS, CO US","40.57629","-105.08575","1525.2","2022-11-07","0.89",",,7","0.00",",,7,1900","0.0",",,7,","0.0",",,7,","54",",,7","28",",,7"
"USC00053005","FORT COLLINS, CO US","40.57629","-105.08575","1525.2","2022-11-08","2.01",",,7","0.00",",,7,1900","0.0",",,7,","0.0",",,7,","68",",,7","28",",,7"
"USC00053005","FORT COLLINS, CO US","40.57629","-105.08575","1525.2","2022-11-09","4.03",",,7","0.00",",,7,1900","0.0",",,7,","0.0",",,7,","48",",,7","26",",,7"
"USC00053005","FORT COLLINS, CO US","40.57629","-105.08575","1525.2","2022-11-10","6.93",",,7","0.00",",,7,1900","0.0",",,7,","0.0",",,7,","50",",,7","25",",,7"
"USC00053005","FORT COLLINS, CO US","40.57629","-105.08575","1525.2","2022-11-11","0.89",",,7","0.00",",,7,1900","0.0",",,7,","0.0",",,7,","37",",,7","12",",,7"
"USC00053005","FORT COLLINS, CO US","40.57629","-105.08575","1525.2","2022-11-12",,,"0.00",",,7,1900","0.0",",,7,","0.0",",,7,","46",",,7","13",",,7"
"USC00053005","FORT COLLINS, CO US","40.57629","-105.08575","1525.2","2022-11-13","2.91",",,7","0.00",",,7,1900","0.0",",,7,","0.0",",,7,","52",",,7","13",",,7"
"USC00053005","FORT COLLINS, CO US","40.57629","-105.08575","1525.2","2022-11-14","2.91",",,7","0.00",",,7,1900","0.0",",,7,","0.0",",,7,","41",",,7","16",",,7"
"USC00053005","FORT COLLINS, CO US","40.57629","-105.08575","1525.2","2022-11-15","2.01",",,7","0.00","T,,7,1900","0.0","T,,7,","0.0",",,7,","40",",,7","22",",,7"
"USC00053005","FORT COLLINS, CO US","40.57629","-105.08575","1525.2","2022-11-16","2.91",",,7","0.00",",,7,1900","0.0",",,7,","0.0",",,7,","46",",,7","18",",,7"
"USC00053005","FORT COLLINS, CO US","40.57629","-105.08575","1525.2","2022-11-17","4.92",",,7","0.15",",,7,1900","2.0",",,7,","2.0",",,7,","35",",,7","18",",,7"
"USC00053005","FORT COLLINS, CO US","40.57629","-105.08575","1525.2","2022-11-18","0.89",",,7","0.08",",,7,1900","1.0",",,7,","2.0",",,7,","24",",,7","7",",,7"
"USC00053005","FORT COLLINS, CO US","40.57629","-105.08575","1525.2","2022-11-19",,,"0.00",",,7,1900","0.0",",,7,","2.0",",,7,","38",",,7","9",",,7"
"USC00053005","FORT COLLINS, CO US","40.57629","-105.08575","1525.2","2022-11-20",,,"0.00",",,7,1900","0.0",",,7,","1.0",",,7,","48",",,7","11",",,7"
"USC00053005","FORT COLLINS, CO US","40.57629","-105.08575","1525.2","2022-11-21","0.89",",,7","0.00",",,7,1900","0.0",",,7,","0.0","T,,7,","50",",,7","13",",,7"
"USC00053005","FORT COLLINS, CO US","40.57629","-105.08575","1525.2","2022-11-22","0.00",",,7","0.00",",,7,1900","0.0",",,7,","0.0","T,,7,","53",",,7","20",",,7"
"USC00053005","FORT COLLINS, CO US","40.57629","-105.08575","1525.2","2022-11-23","6.93",",,7","0.00",",,7,1900","0.0",",,7,","0.0","T,,7,","51",",,7","18",",,7"
"USC00053005","FORT COLLINS, CO US","40.57629","-105.08575","1525.2","2022-11-24","0.89",",,7","0.00",",,7,1900","0.0",",,7,","0.0","T,,7,","47",",,7","31",",,7"
"USC00053005","FORT COLLINS, CO US","40.57629","-105.08575","1525.2","2022-11-25","2.91",",,7","0.00",",,7,1900","0.0",",,7,","0.0","T,,7,","61",",,7","20",",,7"
"USC00053005","FORT COLLINS, CO US","40.57629","-105.08575","1525.2","2022-11-26","4.03",",,7","0.00",",,7,1900","0.0",",,7,","0.0",",,7,","61",",,7","22",",,7"
"USC00053005","FORT COLLINS, CO US","40.57629","-105.08575","1525.2","2022-11-27","2.91",",,7","0.13",",,7,1900","0.4",",,7,","0.0",",,7,","46",",,7","32",",,7"
"USC00053005","FORT COLLINS, CO US","40.57629","-105.08575","1525.2","2022-11-28","6.04",",,7","0.00",",,7,1900","0.0",",,7,","0.0",",,7,","51",",,7","26",",,7"
"USC00053005","FORT COLLINS, CO US","40.57629","-105.08575","1525.2","2022-11-29","2.01",",,7","0.29",",,7,1900","4.2",",,7,","4.0",",,7,","31",",,7","11",",,7"
"USC00053005","FORT COLLINS, CO US","40.57629","-105.08575","1525.2","2022-11-30","0.89",",,7","0.00",",,7,1900","0.0",",,7,","3.0",",,7,","29",",,7","4",",,7"
"USC00053005","FORT COLLINS, CO US","40.57629","-105.08575","1525.2","2022-12-01","2.91",",,7","0.00",",,7,1900","0.0",",,7,","2.0",",,7,","54",",,7","11",",,7"
"USC00053005","FORT COLLINS, CO US","40.57629","-105.08575","1525.2","2022-12-02","10.07",",,7","0.00","T,,7,1900","0.0","T,,7,","0.0","T,,7,","54",",,7","29",",,7"
"USC00053005","FORT COLLINS, CO US","40.57629","-105.08575","1525.2","2022-12-03","2.91",",,7","0.00",",,7,1900","0.0",",,7,","0.0","T,,7,","41",",,7","12",",,7"
"USC00053005","FORT COLLINS, CO US","40.57629","-105.08575","1525.2","2022-12-04","2.91",",,7","0.00",",,7,1900","0.0",",,7,","0.0","T,,7,","51",",,7","22",",,7"
"USC00053005","FORT COLLINS, CO US","40.57629","-105.08575","1525.2","2022-12-05","6.04",",,7","0.00",",,7,1900","0.0",",,7,","0.0","T,,7,","54",",,7","27",",,7"
"USC00053005","FORT COLLINS, CO US","40.57629","-105.08575","1525.2","2022-12-06","2.91",",,7","0.08",",,7,1900","0.6",",,7,","0.0","T,,7,","50",",,7","23",",,7"
"USC00053005","FORT COLLINS, CO US","40.57629","-105.08575","1525.2","2022-12-07","2.01",",,7","0.00",",,7,1900","0.0",",,7,","0.0","T,,7,","44",",,7","18",",,7"
"USC00053005","FORT COLLINS, CO US","40.57629","-105.08575","1525.2","2022-12-08","2.91",",,7","0.00",",,7,1900","0.0",",,7,","0.0","T,,7,","47",",,7","21",",,7"
"USC00053005","FORT COLLINS, CO US","40.57629","-105.08575","1525.2","2022-12-09","0.89",",,7","0.00",",,7,1900","0.0",",,7,","0.0","T,,7,","52",",,7","14",",,7"
"USC00053005","FORT COLLINS, CO US","40.57629","-105.08575","1525.2","2022-12-10","2.01",",,7","0.00",",,7,1900","0.0",",,7,","0.0","T,,7,","45",",,7","18",",,7"
"USC00053005","FORT COLLINS, CO US","40.57629","-105.08575","1525.2","2022-12-11","0.89",",,7","0.00",",,7,1900","0.0",",,7,","0.0","T,,7,","57",",,7","22",",,7"
"USC00053005","FORT COLLINS, CO US","40.57629","-105.08575","1525.2","2022-12-12","8.95",",,7","0.00",",,7,1900","0.0",",,7,","0.0","T,,7,","48",",,7","25",",,7"
"USC00053005","FORT COLLINS, CO US","40.57629","-105.08575","1525.2","2022-12-13","6.93",",,7","0.00",",,7,1900","0.0",",,7,","0.0","T,,7,","33",",,7","23",",,7"
"USC00053005","FORT COLLINS, CO US","40.57629","-105.08575","1525.2","2022-12-14","4.03",",,7","0.00","T,,7,1900","0.0","T,,7,","0.0","T,,7,","38",",,7","26",",,7"
"USC00053005","FORT COLLINS, CO US","40.57629","-105.08575","1525.2","2022-12-15","0.89",",,7","0.00",",,7,1900","0.0",",,7,","0.0","T,,7,","35",",,7","18",",,7"
"USC00053005","FORT COLLINS, CO US","40.57629","-105.08575","1525.2","2022-12-16","0.89",",,7","0.00",",,7,1900","0.0",",,7,","0.0","T,,7,","35",",,7","18",",,7"
"USC00053005","FORT COLLINS, CO US","40.57629","-105.08575","1525.2","2022-12-17",,,"0.00",",,7,1900","0.0",",,7,","0.0",",,7,","36",",,7","9",",,7"
"USC00053005","FORT COLLINS, CO US","40.57629","-105.08575","1525.2","2022-12-18","0.00",",,7","0.00",",,7,1900","0.0",",,7,","0.0",",,7,","39",",,7","6",",,7"
"USC00053005","FORT COLLINS, CO US","40.57629","-105.08575","1525.2","2022-12-19","4.92",",,7","0.00",",,7,1900","0.0",",,7,","0.0",",,7,","48",",,7","11",",,7"
"USC00053005","FORT COLLINS, CO US","40.57629","-105.08575","1525.2","2022-12-20","2.01",",,7","0.00",",,7,1900","0.0",",,7,","0.0",",,7,","41",",,7","14",",,7"
"USC00053005","FORT COLLINS, CO US","40.57629","-105.08575","1525.2","2022-12-21","12.08",",,7","0.03",",,7,1900","0.6",",,7,","1.0",",,7,","50",",,7","-1",",,7"
"USC00053005","FORT COLLINS, CO US","40.57629","-105.08575","1525.2","2022-12-22","6.04",",,7","0.10",",,7,1900","2.1",",,7,","2.0",",,7,","0",",,7","-17",",,7"
"USC00053005","FORT COLLINS, CO US","40.57629","-105.08575","1525.2","2022-12-23","0.89",",,7","0.00",",,7,1900","0.0",",,7,","2.0",",,7,","10",",,7","-16",",,7"
"USC00053005","FORT COLLINS, CO US","40.57629","-105.08575","1525.2","2022-12-24",,,"0.00",",,7,1900","0.0",",,7,","2.0",",,7,","41",",,7","-1",",,7"
"USC00053005","FORT COLLINS, CO US","40.57629","-105.08575","1525.2","2022-12-25",,,"0.00",",,7,1900","0.0",",,7,","1.0",",,7,","54",",,7","16",",,7"
"USC00053005","FORT COLLINS, CO US","40.57629","-105.08575","1525.2","2022-12-26","0.00",",,7","0.00","T,,7,1900","0.0","T,,7,","0.0","T,,7,","48",",,7","27",",,7"
"USC00053005","FORT COLLINS, CO US","40.57629","-105.08575","1525.2","2022-12-27",,,"0.00",",,7,1900","0.0",",,7,","0.0","T,,7,","48",",,7","24",",,7"
"USC00053005","FORT COLLINS, CO US","40.57629","-105.08575","1525.2","2022-12-28","4.03",",,7","0.04",",,7,1900","0.0","T,,7,","0.0","T,,7,","54",",,7","29",",,7"
"USC00053005","FORT COLLINS, CO US","40.57629","-105.08575","1525.2","2022-12-29","4.03",",,7","0.07",",,7,1900","0.7",",,7,","0.0","T,,7,","37",",,7","25",",,7"
"USC00053005","FORT COLLINS, CO US","40.57629","-105.08575","1525.2","2022-12-30","0.89",",,7","0.00",",,7,1900","0.0",",,7,","0.0","T,,7,","38",",,7","15",",,7"
"USC00053005","FORT COLLINS, CO US","40.57629","-105.08575","1525.2","2022-12-31","6.04",",,7","0.00","T,,7,1900","0.0","T,,7,","0.0","T,,7,","48",",,7","20",",,7"
"USC00053005","FORT COLLINS, CO US","40.57629","-105.08575","1525.2","2023-01-01","4.03",",,7","0.00","T,,7,1900","0.0","T,,7,","0.0","T,,7,","40",",,7","28",",,7"
"USC00053005","FORT COLLINS, CO US","40.57629","-105.08575","1525.2","2023-01-02",,,"0.14",",,7,1900","1.4",",,7,","2.0",",,7,","35",",,7","26",",,7"
"USC00053005","FORT COLLINS, CO US","40.57629","-105.08575","1525.2","2023-01-03","2.91",",,7","0.01",",,7,1900","0.3",",,7,","2.0",",,7,","30",",,7","14",",,7"
"USC00053005","FORT COLLINS, CO US","40.57629","-105.08575","1525.2","2023-01-04","2.01",",,7","0.00",",,7,1900","0.0",",,7,","1.0",",,7,","35",",,7","13",",,7"
"USC00053005","FORT COLLINS, CO US","40.57629","-105.08575","1525.2","2023-01-05","2.01",",,7","0.00",",,7,1900","0.0",",,7,","1.0",",,7,","33",",,7","9",",,7"
"USC00053005","FORT COLLINS, CO US","40.57629","-105.08575","1525.2","2023-01-06","0.89",",,7","0.00",",,7,1900","0.0",",,7,","0.0","T,,7,","48",",,7","17",",,7"
"USC00053005","FORT COLLINS, CO US","40.57629","-105.08575","1525.2","2023-01-07","0.89",",,7","0.00",",,7,1900","0.0",",,7,","0.0","T,,7,","43",",,7","28",",,7"
"USC00053005","FORT COLLINS, CO US","40.57629","-105.08575","1525.2","2023-01-08","2.01",",,7","0.00",",,7,1900","0.0",",,7,","0.0","T,,7,","45",",,7","17",",,7"
"USC00053005","FORT COLLINS, CO US","40.57629","-105.08575","1525.2","2023-01-09","2.91",",,7","0.00",",,7,1900","0.0",",,7,","0.0","T,,7,","50",",,7","25",",,7"
"USC00053005","FORT COLLINS, CO US","40.57629","-105.08575","1525.2","2023-01-10","2.91",",,7","0.00",",,7,1900","0.0",",,7,","0.0","T,,7,","59",",,7","25",",,7"
"USC00053005","FORT COLLINS, CO US","40.57629","-105.08575","1525.2","2023-01-11","4.03",",,7","0.08",",,7,1900","0.1",",,7,","0.0","T,,7,","46",",,7","33",",,7"
"USC00053005","FORT COLLINS, CO US","40.57629","-105.08575","1525.2","2023-01-12","0.89",",,7","0.00",",,7,1900","0.0",",,7,","0.0","T,,7,","44",",,7","24",",,7"
"USC00053005","FORT COLLINS, CO US","40.57629","-105.08575","1525.2","2023-01-13","0.89",",,7","0.00",",,7,1900","0.0",",,7,","0.0","T,,7,","50",",,7","21",",,7"
"USC00053005","FORT COLLINS, CO US","40.57629","-105.08575","1525.2","2023-01-14","2.91",",,7","0.00",",,7,1900","0.0",",,7,","0.0","T,,7,","56",",,7","27",",,7"
"USC00053005","FORT COLLINS, CO US","40.57629","-105.08575","1525.2","2023-01-15","0.89",",,7","0.00","T,,7,1900","0.0","T,,7,","0.0","T,,7,","47",",,7","28",",,7"
"USC00053005","FORT COLLINS, CO US","40.57629","-105.08575","1525.2","2023-01-16","2.91",",,7","0.00","T,,7,1900","0.0","T,,7,","0.0","T,,7,","46",",,7","27",",,7"
"USC00053005","FORT COLLINS, CO US","40.57629","-105.08575","1525.2","2023-01-17","2.91",",,7","0.01",",,7,1900","0.3",",,7,","0.0","T,,7,","39",",,7","23",",,7"
"USC00053005","FORT COLLINS, CO US","40.57629","-105.08575","1525.2","2023-01-18","4.92",",,7","0.47",",,7,1900","4.8",",,7,","5.0",",,7,","35",",,7","25",",,7"
"USC00053005","FORT COLLINS, CO US","40.57629","-105.08575","1525.2","2023-01-19","0.00",",,7","0.00",",,7,1900","0.0",",,7,","4.0",",,7,","35",",,7","9",",,7"
"USC00053005","FORT COLLINS, CO US","40.57629","-105.08575","1525.2","2023-01-20","2.91",",,7","0.00",",,7,1900","0.0",",,7,","3.0",",,7,","36",",,7","13",",,7"
"USC00053005","FORT COLLINS, CO US","40.57629","-105.08575","1525.2","2023-01-21","2.01",",,7","0.00",",,7,1900","0.0",",,7,","3.0",",,7,","35",",,7","17",",,7"
"USC00053005","FORT COLLINS, CO US","40.57629","-105.08575","1525.2","2023-01-22","2.01",",,7","0.00",",,7,1900","0.0",",,7,","3.0",",,7,","39",",,7","18",",,7"
"USC00053005","FORT COLLINS, CO US","40.57629","-105.08575","1525.2","2023-01-23","4.92",",,7","0.01",",,7,1900","0.1",",,7,","3.0",",,7,","34",",,7","22",",,7"
"USC00053005","FORT COLLINS, CO US","40.57629","-105.08575","1525.2","2023-01-24","2.91",",,7","0.00",",,7,1900","0.0",",,7,","3.0",",,7,","39",",,7","16",",,7"
"USC00053005","FORT COLLINS, CO US","40.57629","-105.08575","1525.2","2023-01-25","6.04",",,7","0.00",",,7,1900","0.0",",,7,","3.0",",,7,","37",",,7","19",",,7"
"USC00053005","FORT COLLINS, CO US","40.57629","-105.08575","1525.2","2023-01-26","0.00",",,7","0.00",",,7,1900","0.0",",,7,","3.0",",,7,","42",",,7","22",",,7"
"USC00053005","FORT COLLINS, CO US","40.57629","-105.08575","1525.2","2023-01-27","2.01",",,7","0.00",",,7,1900","0.0",",,7,","3.0",",,7,","40",",,7","22",",,7"
"USC00053005","FORT COLLINS, CO US","40.57629","-105.08575","1525.2","2023-01-28","6.93",",,7","0.02",",,7,1900","0.3",",,7,","3.0",",,7,","34",",,7","14",",,7"
"USC00053005","FORT COLLINS, CO US","40.57629","-105.08575","1525.2","2023-01-29","4.03",",,7","0.02",",,7,1900","1.0",",,7,","4.0",",,7,","17",",,7","-1",",,7"
"USC00053005","FORT COLLINS, CO US","40.57629","-105.08575","1525.2","2023-01-30","0.89",",,7","0.03",",,7,1900","0.5",",,7,","4.0",",,7,","7",",,7","-4",",,7"
"USC00053005","FORT COLLINS, CO US","40.57629","-105.08575","1525.2","2023-01-31","2.01",",,7","0.00","T,,7,1900","0.0","T,,7,","4.0",",,7,","25",",,7","-6",",,7"
"USC00053005","FORT COLLINS, CO US","40.57629","-105.08575","1525.2","2023-02-01","0.89",",,7","0.00",",,7,1900","0.0",",,7,","3.0",",,7,","43",",,7","5",",,7"
"USC00053005","FORT COLLINS, CO US","40.57629","-105.08575","1525.2","2023-02-02","0.00",",,7","0.00",",,7,1900","0.0",",,7,","3.0",",,7,","44",",,7","11",",,7"
"USC00053005","FORT COLLINS, CO US","40.57629","-105.08575","1525.2","2023-02-03","0.89",",,7","0.00",",,7,1900","0.0",",,7,","3.0",",,7,","55",",,7","15",",,7"
"USC00053005","FORT COLLINS, CO US","40.57629","-105.08575","1525.2","2023-02-04","4.03",",,7","0.00",",,7,1900","0.0",",,7,","2.0",",,7,","56",",,7","29",",,7"
"USC00053005","FORT COLLINS, CO US","40.57629","-105.08575","1525.2","2023-02-05","4.03",",,7","0.00",",,7,1900","0.0",",,7,","0.0","T,,7,","48",",,7","26",",,7"
"USC00053005","FORT COLLINS, CO US","40.57629","-105.08575","1525.2","2023-02-06","0.00",",,7","0.00",",,7,1900","0.0",",,7,","0.0","T,,7,","48",",,7","29",",,7"
"USC00053005","FORT COLLINS, CO US","40.57629","-105.08575","1525.2","2023-02-07","4.03",",,7","0.00",",,7,1900","0.0",",,7,","0.0","T,,7,","47",",,7","16",",,7"
"USC00053005","FORT COLLINS, CO US","40.57629","-105.08575","1525.2","2023-02-08","10.07",",,7","0.00",",,7,1900","0.0",",,7,","0.0","T,,7,","51",",,7","18",",,7"
"USC00053005","FORT COLLINS, CO US","40.57629","-105.08575","1525.2","2023-02-09","2.01",",,7","0.00",",,7,1900","0.0",",,7,","0.0","T,,7,","36",",,7","27",",,7"
"USC00053005","FORT COLLINS, CO US","40.57629","-105.08575","1525.2","2023-02-10","0.00",",,7","0.00",",,7,1900","0.0",",,7,","0.0","T,,7,","45",",,7","10",",,7"
"USC00053005","FORT COLLINS, CO US","40.57629","-105.08575","1525.2","2023-02-11","0.00",",,7","0.00",",,7,1900","0.0",",,7,","0.0","T,,7,","59",",,7","15",",,7"
"USC00053005","FORT COLLINS, CO US","40.57629","-105.08575","1525.2","2023-02-12","2.91",",,7","0.00",",,7,1900","0.0",",,7,","0.0","T,,7,","50",",,7","31",",,7"
"USC00053005","FORT COLLINS, CO US","40.57629","-105.08575","1525.2","2023-02-13","2.01",",,7","0.00",",,7,1900","0.0",",,7,","0.0","T,,7,","56",",,7","17",",,7"
"USC00053005","FORT COLLINS, CO US","40.57629","-105.08575","1525.2","2023-02-14","8.05",",,7","0.00",",,7,1900","0.0",",,7,","0.0","T,,7,","51",",,7","27",",,7"
"USC00053005","FORT COLLINS, CO US","40.57629","-105.08575","1525.2","2023-02-15","4.03",",,7","0.08",",,7,1900","0.9",",,7,","1.0",",,7,","30",",,7","14",",,7"
"USC00053005","FORT COLLINS, CO US","40.57629","-105.08575","1525.2","2023-02-16","4.92",",,7","0.00","T,,7,1900","0.0","T,,7,","0.0","T,,7,","33",",,7","6",",,7"
"USC00053005","FORT COLLINS, CO US","40.57629","-105.08575","1525.2","2023-02-17","2.01",",,7","0.00",",,7,1900","0.0",",,7,","0.0","T,,7,","53",",,7","10",",,7"
"USC00053005","FORT COLLINS, CO US","40.57629","-105.08575","1525.2","2023-02-18","2.01",",,7","0.00",",,7,1900","0.0",",,7,","0.0","T,,7,","46",",,7","26",",,7"
"USC00053005","FORT COLLINS, CO US","40.57629","-105.08575","1525.2","2023-02-19","59.06",",,7","0.00",",,7,1900","0.0",",,7,","0.0","T,,7,","50",",,7","24",",,7"
"USC00053005","FORT COLLINS, CO US","40.57629","-105.08575","1525.2","2023-02-20","6.04",",,7","0.00",",,7,1900","0.0",",,7,","0.0","T,,7,","55",",,7","34",",,7"
"USC00053005","FORT COLLINS, CO US","40.57629","-105.08575","1525.2","2023-02-21","6.04",",,7","0.00",",,7,1900","0.0",",,7,","0.0","T,,7,","58",",,7","25",",,7"
"USC00053005","FORT COLLINS, CO US","40.57629","-105.08575","1525.2","2023-02-22","4.03",",,7","0.33",",,7,1900","3.9",",,7,","4.0",",,7,","45",",,7","-3",",,7"
"USC00053005","FORT COLLINS, CO US","40.57629","-105.08575","1525.2","2023-02-23","2.91",",,7","0.00","T,,7,1900","0.0","T,,7,","3.0",",,7,","8",",,7","-14",",,7"
"USC00053005","FORT COLLINS, CO US","40.57629","-105.08575","1525.2","2023-02-24","6.04",",,7","0.00","T,,7,1900","0.0","T,,7,","2.0",",,7,","43",",,7","-5",",,7"
"USC00053005","FORT COLLINS, CO US","40.57629","-105.08575","1525.2","2023-02-25","0.89",",,7","0.00",",,7,1900","0.0",",,7,","1.0",",,7,","54",",,7","11",",,7"
"USC00053005","FORT COLLINS, CO US","40.57629","-105.08575","1525.2","2023-02-26","4.92",",,7","0.00",",,7,1900","0.0",",,7,","0.0","T,,7,","54",",,7","24",",,7"
"USC00053005","FORT COLLINS, CO US","40.57629","-105.08575","1525.2","2023-02-27","4.92",",,7","0.00",",,7,1900","0.0",",,7,","0.0","T,,7,","55",",,7","24",",,7"
"USC00053005","FORT COLLINS, CO US","40.57629","-105.08575","1525.2","2023-02-28","4.92",",,7","0.00","T,,7,1900","0.0","T,,7,","0.0","T,,7,","48",",,7","24",",,7"
"USC00053005","FORT COLLINS, CO US","40.57629","-105.08575","1525.2","2023-03-01","2.01",",,7","0.08",",,7,1900","1.5",",,7,","1.0",",,7,","34",",,7","16",",,7"
"USC00053005","FORT COLLINS, CO US","40.57629","-105.08575","1525.2","2023-03-02","2.91",",,7","0.00","T,,7,1900","0.0","T,,7,","0.0","T,,7,","46",",,7","13",",,7"
"USC00053005","FORT COLLINS, CO US","40.57629","-105.08575","1525.2","2023-03-03","2.01",",,7","0.00","T,,7,1900","0.0","T,,7,","0.0","T,,7,","49",",,7","24",",,7"
"USC00053005","FORT COLLINS, CO US","40.57629","-105.08575","1525.2","2023-03-04","2.91",",,7","0.00",",,7,1900","0.0",",,7,","0.0",",,7,","38",",,7","22",",,7"
"USC00053005","FORT COLLINS, CO US","40.57629","-105.08575","1525.2","2023-03-05","4.92",",,7","0.00","T,,7,1900","0.0","T,,7,","0.0",",,7,","54",",,7","24",",,7"
"USC00053005","FORT COLLINS, CO US","40.57629","-105.08575","1525.2","2023-03-06","6.93",",,7","0.00",",,7,1900","0.0",",,7,","0.0",",,7,","42",",,7","22",",,7"
"USC00053005","FORT COLLINS, CO US","40.57629","-105.08575","1525.2","2023-03-07","2.01",",,7","0.02",",,7,1900","0.0","T,,7,","0.0",",,7,","35",",,7","25",",,7"
"USC00053005","FORT COLLINS, CO US","40.57629","-105.08575","1525.2","2023-03-08","2.91",",,7","0.00","T,,7,1900","0.0","T,,7,","0.0",",,7,","36",",,7","27",",,7"
"USC00053005","FORT COLLINS, CO US","40.57629","-105.08575","1525.2","2023-03-09","6.93",",,7","0.00","T,,7,1900","0.0","T,,7,","0.0",",,7,","54",",,7","25",",,7"
"USC00053005","FORT COLLINS, CO US","40.57629","-105.08575","1525.2","2023-03-10","0.89",",,7","0.00",",,7,1900","0.0",",,7,","0.0",",,7,","50",",,7","27",",,7"
"USC00053005","FORT COLLINS, CO US","40.57629","-105.08575","1525.2","2023-03-11","0.89",",,7","0.00","T,,7,1900","0.0",",,7,","0.0",",,7,","59",",,7","32",",,7"
"USC00053005","FORT COLLINS, CO US","40.57629","-105.08575","1525.2","2023-03-12","2.91",",,7","0.00","T,,7,1900","0.0","T,,7,","0.0",",,7,","46",",,7","22",",,7"
"USC00053005","FORT COLLINS, CO US","40.57629","-105.08575","1525.2","2023-03-13","0.00",",,7","0.00",",,7,1900","0.0",",,7,","0.0",",,7,","51",",,7","22",",,7"
"USC00053005","FORT COLLINS, CO US","40.57629","-105.08575","1525.2","2023-03-14","0.89",",,7","0.00",",,7,1900","0.0",",,7,","0.0",",,7,","64",",,7","24",",,7"
"USC00053005","FORT COLLINS, CO US","40.57629","-105.08575","1525.2","2023-03-15","8.95",",,7","0.00","T,,7,1900","0.0",",,7,","0.0",",,7,","72",",,7","34",",,7"
"USC00053005","FORT COLLINS, CO US","40.57629","-105.08575","1525.2","2023-03-16","6.93",",,7","0.00","T,,7,1900","0.0",",,7,","0.0",",,7,","52",",,7","30",",,7"
"USC00053005","FORT COLLINS, CO US","40.57629","-105.08575","1525.2","2023-03-17","4.03",",,7","0.00",",,7,1900","0.0",",,7,","0.0",",,7,","46",",,7","18",",,7"
"USC00053005","FORT COLLINS, CO US","40.57629","-105.08575","1525.2","2023-03-18","2.01",",,7","0.00",",,7,1900","0.0",",,7,","0.0",",,7,","49",",,7","15",",,7"
"USC00053005","FORT COLLINS, CO US","40.57629","-105.08575","1525.2","2023-03-19","2.01",",,7","0.00",",,7,1900","0.0",",,7,","0.0",",,7,","57",",,7","13",",,7"
"USC00053005","FORT COLLINS, CO US","40.57629","-105.08575","1525.2","2023-03-20","2.91",",,7","0.00",",,7,1900","0.0",",,7,","0.0",",,7,","56",",,7","29",",,7"
"USC00053005","FORT COLLINS, CO US","40.57629","-105.08575","1525.2","2023-03-21","6.93",",,7","0.00",",,7,1900","0.0",",,7,","0.0",",,7,","59",",,7","35",",,7"
"USC00053005","FORT COLLINS, CO US","40.57629","-105.08575","1525.2","2023-03-22","2.91",",,7","0.16",",,7,1900","1.2",",,7,","0.0","T,,7,","49",",,7","31",",,7"
"USC00053005","FORT COLLINS, CO US","40.57629","-105.08575","1525.2","2023-03-23","4.03",",,7","0.00","T,,7,1900","0.0",",,7,","0.0",",,7,","52",",,7","32",",,7"
"USC00053005","FORT COLLINS, CO US","40.57629","-105.08575","1525.2","2023-03-24","2.01",",,7","0.00","T,,7,1900","0.0","T,,7,","0.0",",,7,","53",",,7","25",",,7"
"USC00053005","FORT COLLINS, CO US","40.57629","-105.08575","1525.2","2023-03-25","4.92",",,7","0.37",",,7,1900","4.2",",,7,","1.0",",,7,","44",",,7","26",",,7"
"USC00053005","FORT COLLINS, CO US","40.57629","-105.08575","1525.2","2023-03-26","4.03",",,7","0.00",",,7,1900","0.0",",,7,","0.0","T,,7,","42",",,7","13",",,7"
"USC00053005","FORT COLLINS, CO US","40.57629","-105.08575","1525.2","2023-03-27","2.91",",,7","0.52",",,7,1900","8.8",",,7,","5.0",",,7,","38",",,7","23",",,7"
"USC00053005","FORT COLLINS, CO US","40.57629","-105.08575","1525.2","2023-03-28","2.01",",,7","0.00","T,,7,1900","0.0","T,,7,","1.0",",,7,","42",",,7","8",",,7"
"USC00053005","FORT COLLINS, CO US","40.57629","-105.08575","1525.2","2023-03-29","2.91",",,7","0.00",",,7,1900","0.0",",,7,","0.0","T,,7,","41",",,7","24",",,7"
"USC00053005","FORT COLLINS, CO US","40.57629","-105.08575","1525.2","2023-03-30","6.93",",,7","0.00",",,7,1900","0.0",",,7,","0.0",",,7,","61",",,7","27",",,7"
"USC00053005","FORT COLLINS, CO US","40.57629","-105.08575","1525.2","2023-03-31","8.95",",,7","0.00",",,7,1900","0.0",",,7,","0.0",",,7,","50",",,7","31",",,7"
"USC00053005","FORT COLLINS, CO US","40.57629","-105.08575","1525.2","2023-04-01","4.92",",,7","0.00",",,7,1900","0.0",",,7,","0.0",",,7,","62",",,7","27",",,7"
"USC00053005","FORT COLLINS, CO US","40.57629","-105.08575","1525.2","2023-04-02","8.95",",,7","0.00",",,7,1900","0.0",",,7,","0.0",",,7,","69",",,7","34",",,7"
"USC00053005","FORT COLLINS, CO US","40.57629","-105.08575","1525.2","2023-04-03","8.95",",,7","0.00",",,7,1900","0.0",",,7,","0.0",",,7,","54",",,7","35",",,7"
"USC00053005","FORT COLLINS, CO US","40.57629","-105.08575","1525.2","2023-04-04","8.05",",,7","0.34",",,7,1900","3.6",",,7,","2.0",",,7,","42",",,7","24",",,7"
"USC00053005","FORT COLLINS, CO US","40.57629","-105.08575","1525.2","2023-04-05","2.01",",,7","0.00",",,7,1900","0.0",",,7,","0.0","T,,7,","41",",,7","18",",,7"
"USC00053005","FORT COLLINS, CO US","40.57629","-105.08575","1525.2","2023-04-06","2.01",",,7","0.00",",,7,1900","0.0",",,7,","0.0",",,7,","51",",,7","21",",,7"
"USC00053005","FORT COLLINS, CO US","40.57629","-105.08575","1525.2","2023-04-07","0.89",",,7","0.00",",,7,1900","0.0",",,7,","0.0",",,7,","66",",,7","24",",,7"
"USC00053005","FORT COLLINS, CO US","40.57629","-105.08575","1525.2","2023-04-08","2.01",",,7","0.00",",,7,1900","0.0",",,7,","0.0",",,7,","66",",,7","34",",,7"
"USC00053005","FORT COLLINS, CO US","40.57629","-105.08575","1525.2","2023-04-09","0.89",",,7","0.00",",,7,1900","0.0",",,7,","0.0",",,7,","70",",,7","32",",,7"
"USC00053005","FORT COLLINS, CO US","40.57629","-105.08575","1525.2","2023-04-10","0.89",",,7","0.00",",,7,1900","0.0",",,7,","0.0",",,7,","75",",,7","34",",,7"
"USC00053005","FORT COLLINS, CO US","40.57629","-105.08575","1525.2","2023-04-11","0.00",",,7","0.00",",,7,1900","0.0",",,7,","0.0",",,7,","86",",,7","36",",,7"
"USC00053005","FORT COLLINS, CO US","40.57629","-105.08575","1525.2","2023-04-12","2.91",",,7","0.00",",,7,1900","0.0",",,7,","0.0",",,7,","85",",,7","39",",,7"
"USC00053005","FORT COLLINS, CO US","40.57629","-105.08575","1525.2","2023-04-13","6.04",",,7","0.00",",,7,1900","0.0",",,7,","0.0",",,7,","77",",,7","51",",,7"
"USC00053005","FORT COLLINS, CO US","40.57629","-105.08575","1525.2","2023-04-14","6.04",",,7","0.12",",,7,1900","0.0","T,,7,","0.0",",,7,","68",",,7","33",",,7"
"USC00053005","FORT COLLINS, CO US","40.57629","-105.08575","1525.2","2023-04-15","2.01",",,7","0.12",",,7,1900","0.3",",,7,","0.0",",,7,","53",",,7","29",",,7"
"USC00053005","FORT COLLINS, CO US","40.57629","-105.08575","1525.2","2023-04-16","2.91",",,7","0.00",",,7,1900","0.0",",,7,","0.0",",,7,","62",",,7","26",",,7"
"USC00053005","FORT COLLINS, CO US","40.57629","-105.08575","1525.2","2023-04-17","2.91",",,7","0.00",",,7,1900","0.0",",,7,","0.0",",,7,","74",",,7","32",",,7"
"USC00053005","FORT COLLINS, CO US","40.57629","-105.08575","1525.2","2023-04-18","8.05",",,7","0.00",",,7,1900","0.0",",,7,","0.0",",,7,","77",",,7","40",",,7"
"USC00053005","FORT COLLINS, CO US","40.57629","-105.08575","1525.2","2023-04-19","6.04",",,7","0.00","T,,7,1900","0.0","T,,7,","0.0",",,7,","63",",,7","39",",,7"
"USC00053005","FORT COLLINS, CO US","40.57629","-105.08575","1525.2","2023-04-20","2.01",",,7","0.00",",,7,1900","0.0",",,7,","0.0",",,7,","50",",,7","32",",,7"
"USC00053005","FORT COLLINS, CO US","40.57629","-105.08575","1525.2","2023-04-21","4.03",",,7","0.00",",,7,1900","0.0",",,7,","0.0",",,7,","47",",,7","29",",,7"
"USC00053005","FORT COLLINS, CO US","40.57629","-105.08575","1525.2","2023-04-22","6.04",",,7","0.08",",,7,1900","1.1",",,7,","0.0","T,,7,","39",",,7","24",",,7"
"USC00053005","FORT COLLINS, CO US","40.57629","-105.08575","1525.2","2023-04-23","4.03",",,7","0.00","T,,7,1900","0.0",",,7,","0.0",",,7,","57",",,7","24",",,7"
"USC00053005","FORT COLLINS, CO US","40.57629","-105.08575","1525.2","2023-04-24","0.89",",,7","0.00",",,7,1900","0.0",",,7,","0.0",",,7,","66",",,7","32",",,7"
"USC00053005","FORT COLLINS, CO US","40.57629","-105.08575","1525.2","2023-04-25","4.03",",,7","0.12",",,7,1900","0.0",",,7,","0.0",",,7,","59",",,7","42",",,7"
"USC00053005","FORT COLLINS, CO US","40.57629","-105.08575","1525.2","2023-04-26","4.92",",,7","0.39",",,7,1900","0.0",",,7,","0.0",",,7,","59",",,7","39",",,7"
"USC00053005","FORT COLLINS, CO US","40.57629","-105.08575","1525.2","2023-04-27","4.03",",,7","0.09",",,7,1900","0.0",",,7,","0.0",",,7,","71",",,7","41",",,7"
"USC00053005","FORT COLLINS, CO US","40.57629","-105.08575","1525.2","2023-04-28","4.03",",,7","0.01",",,7,1900","0.0",",,7,","0.0",",,7,","62",",,7","37",",,7"
"USC00053005","FORT COLLINS, CO US","40.57629","-105.08575","1525.2","2023-04-29","2.91",",,7","0.00",",,7,1900","0.0",",,7,","0.0",",,7,","76",",,7","41",",,7"
"USC00053005","FORT COLLINS, CO US","40.57629","-105.08575","1525.2","2023-04-30","4.92",",,7","0.00",",,7,1900","0.0",",,7,","0.0",",,7,","68",",,7","39",",,7"
"USC00053005","FORT COLLINS, CO US","40.57629","-105.08575","1525.2","2023-05-01","2.91",",,7","0.00",",,7,1900","0.0",",,7,","0.0",",,7,","71",",,7","38",",,7"
"USC00053005","FORT COLLINS, CO US","40.57629","-105.08575","1525.2","2023-05-02","2.91",",,7","0.00",",,7,1900","0.0",",,7,","0.0",",,7,","71",",,7","41",",,7"
"USC00053005","FORT COLLINS, CO US","40.57629","-105.08575","1525.2","2023-05-03","146.97",",X,7","0.00",",,7,1900","0.0",",,7,","0.0",",,7,","82",",,7","44",",,7"
"USC00053005","FORT COLLINS, CO US","40.57629","-105.08575","1525.2","2023-05-04","12.97",",,7","0.00",",,7,1900","0.0",",,7,","0.0",",,7,","76",",,7","49",",,7"
"USC00053005","FORT COLLINS, CO US","40.57629","-105.08575","1525.2","2023-05-05","2.91",",,7","0.02",",,7,1900","0.0",",,7,","0.0",",,7,","72",",,7","45",",,7"
"USC00053005","FORT COLLINS, CO US","40.57629","-105.08575","1525.2","2023-05-06","2.91",",,7","0.00",",,7,1900","0.0",",,7,","0.0",",,7,","74",",,7","39",",,7"
"USC00053005","FORT COLLINS, CO US","40.57629","-105.08575","1525.2","2023-05-07","2.01",",,7","0.00","T,,7,1900","0.0",",,7,","0.0",",,7,","68",",,7","44",",,7"
"USC00053005","FORT COLLINS, CO US","40.57629","-105.08575","1525.2","2023-05-08","6.93",",,7","0.00",",,7,1900","0.0",",,7,","0.0",",,7,","75",",,7","46",",,7"
"USC00053005","FORT COLLINS, CO US","40.57629","-105.08575","1525.2","2023-05-09","8.05",",,7","0.00",",,7,1900","0.0",",,7,","0.0",",,7,","79",",,7","44",",,7"
"USC00053005","FORT COLLINS, CO US","40.57629","-105.08575","1525.2","2023-05-10","8.05",",,7","0.23",",,7,1900","0.0",",,7,","0.0",",,7,","71",",,7","50",",,7"
"USC00053005","FORT COLLINS, CO US","40.57629","-105.08575","1525.2","2023-05-11","4.03",",,7","0.91",",,7,1900","0.0",",,7,","0.0",",,7,","56",",,7","48",",,7"
"USC00053005","FORT COLLINS, CO US","40.57629","-105.08575","1525.2","2023-05-12","4.92",",,7","0.86",",,7,1900","0.0",",,7,","0.0",",,7,","65",",,7","48",",,7"
"USC00053005","FORT COLLINS, CO US","40.57629","-105.08575","1525.2","2023-05-13","6.04",",,7","0.00",",,7,1900","0.0",",,7,","0.0",",,7,","66",",,7","50",",,7"
"USC00053005","FORT COLLINS, CO US","40.57629","-105.08575","1525.2","2023-05-14","2.91",",,7","0.73",",,7,1900","0.0",",,7,","0.0",",,7,","61",",,7","50",",,7"
"USC00053005","FORT COLLINS, CO US","40.57629","-105.08575","1525.2","2023-05-15","4.03",",,7","0.09",",,7,1900","0.0",",,7,","0.0",",,7,","61",",,7","48",",,7"
"USC00053005","FORT COLLINS, CO US","40.57629","-105.08575","1525.2","2023-05-16","2.01",",,7","0.00",",,7,1900","0.0",",,7,","0.0",",,7,","80",",,7","43",",,7"
"USC00053005","FORT COLLINS, CO US","40.57629","-105.08575","1525.2","2023-05-17","6.04",",,7","0.00","T,,7,1900","0.0",",,7,","0.0",",,7,","79",",,7","47",",,7"
"USC00053005","FORT COLLINS, CO US","40.57629","-105.08575","1525.2","2023-05-18","0.89",",,7","0.23",",,7,1900","0.0",",,7,","0.0",",,7,","69",",,7","51",",,7"
"USC00053005","FORT COLLINS, CO US","40.57629","-105.08575","1525.2","2023-05-19","2.91",",,7","0.20",",,7,1900","0.0",",,7,","0.0",",,7,","59",",,7","50",",,7"
"USC00053005","FORT COLLINS, CO US","40.57629","-105.08575","1525.2","2023-05-20","0.00",",,7","0.01",",,7,1900","0.0",",,7,","0.0",",,7,","70",",,7","49",",,7"
"USC00053005","FORT COLLINS, CO US","40.57629","-105.08575","1525.2","2023-05-21","2.01",",,7","0.00",",,7,1900","0.0",",,7,","0.0",",,7,","80",",,7","45",",,7"
"USC00053005","FORT COLLINS, CO US","40.57629","-105.08575","1525.2","2023-05-22","2.91",",,7","0.00",",,7,1900","0.0",",,7,","0.0",",,7,","76",",,7","48",",,7"
"USC00053005","FORT COLLINS, CO US","40.57629","-105.08575","1525.2","2023-05-23","2.91",",,7","0.00",",,7,1900","0.0",",,7,","0.0",",,7,","77",",,7","48",",,7"
"USC00053005","FORT COLLINS, CO US","40.57629","-105.08575","1525.2","2023-05-24","2.91",",,7","0.01",",,7,1900","0.0",",,7,","0.0",",,7,","75",",,7","54",",,7"
"USC00053005","FORT COLLINS, CO US","40.57629","-105.08575","1525.2","2023-05-25","4.92",",,7","0.00","T,,7,1900","0.0",",,7,","0.0",",,7,","77",",,7","49",",,7"
"USC00053005","FORT COLLINS, CO US","40.57629","-105.08575","1525.2","2023-05-26","4.92",",,7","0.00","T,,7,1900","0.0",",,7,","0.0",",,7,","72",",,7","52",",,7"
"USC00053005","FORT COLLINS, CO US","40.57629","-105.08575","1525.2","2023-05-27","4.92",",,7","0.03",",,7,1900","0.0",",,7,","0.0",",,7,","76",",,7","48",",,7"
"USC00053005","FORT COLLINS, CO US","40.57629","-105.08575","1525.2","2023-05-28","4.92",",,7","0.01",",,7,1900","0.0",",,7,","0.0",",,7,","77",",,7","46",",,7"
"USC00053005","FORT COLLINS, CO US","40.57629","-105.08575","1525.2","2023-05-29","2.91",",,7","0.00","T,,7,1900","0.0",",,7,","0.0",",,7,","82",",,7","48",",,7"
"USC00053005","FORT COLLINS, CO US","40.57629","-105.08575","1525.2","2023-05-30","6.04",",,7","0.00",",,7,1900","0.0",",,7,","0.0",",,7,","80",",,7","52",",,7"
"USC00053005","FORT COLLINS, CO US","40.57629","-105.08575","1525.2","2023-05-31","2.91",",,7","0.00","T,,7,1900","0.0",",,7,","0.0",",,7,","78",",,7","49",",,7"
"USC00053005","FORT COLLINS, CO US","40.57629","-105.08575","1525.2","2023-06-01","0.89",",,7","0.41",",,7,1900","0.0",",,7,","0.0",",,7,","74",",,7","50",",,7"
"USC00053005","FORT COLLINS, CO US","40.57629","-105.08575","1525.2","2023-06-02","2.01",",,7","0.12",",,7,1900","0.0",",,7,","0.0",",,7,","71",",,7","52",",,7"
"USC00053005","FORT COLLINS, CO US","40.57629","-105.08575","1525.2","2023-06-03","2.01",",,7","0.12",",,7,1900","0.0",",,7,","0.0",",,7,","66",",,7","54",",,7"
"USC00053005","FORT COLLINS, CO US","40.57629","-105.08575","1525.2","2023-06-04","0.89",",,7","1.98",",,7,1900","0.0",",,7,","0.0",",,7,","63",",,7","52",",,7"
"USC00053005","FORT COLLINS, CO US","40.57629","-105.08575","1525.2","2023-06-05","2.01",",,7","0.12",",,7,1900","0.0",",,7,","0.0",",,7,","71",",,7","51",",,7"
"USC00053005","FORT COLLINS, CO US","40.57629","-105.08575","1525.2","2023-06-06","0.89",",,7","0.00","T,,7,1900","0.0",",,7,","0.0",",,7,","76",",,7","49",",,7"
"USC00053005","FORT COLLINS, CO US","40.57629","-105.08575","1525.2","2023-06-07","0.00",",,7","0.00","T,,7,1900","0.0",",,7,","0.0",",,7,","78",",,7","51",",,7"
"USC00053005","FORT COLLINS, CO US","40.57629","-105.08575","1525.2","2023-06-08","2.91",",,7","0.00",",,7,1900","0.0",",,7,","0.0",",,7,","80",",,7","52",",,7"
"USC00053005","FORT COLLINS, CO US","40.57629","-105.08575","1525.2","2023-06-09","2.01",",,7","0.11",",,7,1900","0.0",",,7,","0.0",",,7,","81",",,7","58",",,7"
"USC00053005","FORT COLLINS, CO US","40.57629","-105.08575","1525.2","2023-06-10","0.89",",,7","0.00","T,,7,1900","0.0",",,7,","0.0",",,7,","76",",,7","51",",,7"
"USC00053005","FORT COLLINS, CO US","40.57629","-105.08575","1525.2","2023-06-11","2.01",",,7","0.98",",,7,1900","0.0",",,7,","0.0",",,7,","69",",,7","51",",,7"
"USC00053005","FORT COLLINS, CO US","40.57629","-105.08575","1525.2","2023-06-12","17.90",",,7","0.20",",,7,1900","0.0",",,7,","0.0",",,7,","64",",,7","53",",,7"
"USC00053005","FORT COLLINS, CO US","40.57629","-105.08575","1525.2","2023-06-13","0.00",",,7","0.21",",,7,1900","0.0",",,7,","0.0",",,7,","69",",,7","52",",,7"
"USC00053005","FORT COLLINS, CO US","40.57629","-105.08575","1525.2","2023-06-14","2.01",",,7","0.00",",,7,1900","0.0",",,7,","0.0",",,7,","77",",,7","46",",,7"
"USC00053005","FORT COLLINS, CO US","40.57629","-105.08575","1525.2","2023-06-15","2.91",",,7","0.05",",,7,1900","0.0",",,7,","0.0",",,7,","78",",,7","55",",,7"
"USC00053005","FORT COLLINS, CO US","40.57629","-105.08575","1525.2","2023-06-16","0.89",",,7","0.73",",,7,1900","0.0",",,7,","0.0",",,7,","65",",,7","50",",,7"
"USC00053005","FORT COLLINS, CO US","40.57629","-105.08575","1525.2","2023-06-17","2.01",",,7","0.44",",,7,1900","0.0",",,7,","0.0",",,7,","73",",,7","46",",,7"
"USC00053005","FORT COLLINS, CO US","40.57629","-105.08575","1525.2","2023-06-18","8.05",",,7","0.00",",,7,1900","0.0",",,7,","0.0",",,7,","84",",,7","48",",,7"
"USC00053005","FORT COLLINS, CO US","40.57629","-105.08575","1525.2","2023-06-19","4.03",",,7","0.00",",,7,1900","0.0",",,7,","0.0",",,7,","88",",,7","53",",,7"
"USC00053005","FORT COLLINS, CO US","40.57629","-105.08575","1525.2","2023-06-20","2.91",",,7","0.00",",,7,1900","0.0",",,7,","0.0",",,7,","84",",,7","53",",,7"
"USC00053005","FORT COLLINS, CO US","40.57629","-105.08575","1525.2","2023-06-21","6.04",",,7","0.00","T,,7,1900","0.0",",,7,","0.0",",,7,","82",",,7","54",",,7"
"USC00053005","FORT COLLINS, CO US","40.57629","-105.08575","1525.2","2023-06-22","4.92",",,7","0.02",",,7,1900","0.0",",,7,","0.0",",,7,","77",",,7","59",",,7"
"USC00053005","FORT COLLINS, CO US","40.57629","-105.08575","1525.2","2023-06-23","0.89",",,7","0.00","T,,7,1900","0.0",",,7,","0.0",",,7,","81",",,7","61",",,7"
"USC00053005","FORT COLLINS, CO US","40.57629","-105.08575","1525.2","2023-06-24","2.01",",,7","0.00",",,7,1900","0.0",",,7,","0.0",",,7,","84",",,7","54",",,7"
"USC00053005","FORT COLLINS, CO US","40.57629","-105.08575","1525.2","2023-06-25","4.03",",,7","0.00",",,7,1900","0.0",",,7,","0.0",",,7,","79",",,7","51",",,7"
"USC00053005","FORT COLLINS, CO US","40.57629","-105.08575","1525.2","2023-06-26","187.01",",X,7","0.00",",,7,1900","0.0",",,7,","0.0",",,7,","85",",,7","54",",,7"
"USC00053005","FORT COLLINS, CO US","40.57629","-105.08575","1525.2","2023-06-27","4.92",",,7","0.00",",,7,1900","0.0",",,7,","0.0",",,7,","93",",,7","60",",,7"
"USC00053005","FORT COLLINS, CO US","40.57629","-105.08575","1525.2","2023-06-28","0.89",",,7","0.00",",,7,1900","0.0",",,7,","0.0",",,7,","85",",,7","60",",,7"
"USC00053005","FORT COLLINS, CO US","40.57629","-105.08575","1525.2","2023-06-29","8.05",",,7","0.00",",,7,1900","0.0",",,7,","0.0",",,7,","83",",,7","62",",,7"
"USC00053005","FORT COLLINS, CO US","40.57629","-105.08575","1525.2","2023-06-30","0.89",",,7","0.11",",,7,1900","0.0",",,7,","0.0",",,7,","72",",,7","53",",,7"
"USC00053005","FORT COLLINS, CO US","40.57629","-105.08575","1525.2","2023-07-01","6.04",",,7","0.00",",,7,1900","0.0",",,7,","0.0",",,7,","86",",,7","49",",,7"
"USC00053005","FORT COLLINS, CO US","40.57629","-105.08575","1525.2","2023-07-02","2.01",",,7","0.00","T,,7,1900","0.0",",,7,","0.0",",,7,","90",",,7","56",",,7"
"USC00053005","FORT COLLINS, CO US","40.57629","-105.08575","1525.2","2023-07-03","2.01",",,7","0.02",",,7,1900","0.0",",,7,","0.0",",,7,","91",",,7","54",",,7"
"USC00053005","FORT COLLINS, CO US","40.57629","-105.08575","1525.2","2023-07-04","4.03",",,7","0.34",",,7,1900","0.0",",,7,","0.0",",,7,","83",",,7","57",",,7"
"USC00053005","FORT COLLINS, CO US","40.57629","-105.08575","1525.2","2023-07-05","4.03",",,7","0.24",",,7,1900","0.0",",,7,","0.0",",,7,","62",",,7","53",",,7"
"USC00053005","FORT COLLINS, CO US","40.57629","-105.08575","1525.2","2023-07-06","2.01",",,7","0.25",",,7,1900","0.0",",,7,","0.0",",,7,","71",",,7","55",",,7"
"USC00053005","FORT COLLINS, CO US","40.57629","-105.08575","1525.2","2023-07-07","0.89",",,7","0.19",",,7,1900","0.0",",,7,","0.0",",,7,","76",",,7","53",",,7"
"USC00053005","FORT COLLINS, CO US","40.57629","-105.08575","1525.2","2023-07-08","10.07",",,7","0.01",",,7,1900","0.0",",,7,","0.0",",,7,","77",",,7","56",",,7"
"USC00053005","FORT COLLINS, CO US","40.57629","-105.08575","1525.2","2023-07-09","2.91",",,7","0.43",",,7,1900","0.0",",,7,","0.0",",,7,","80",",,7","54",",,7"
"USC00053005","FORT COLLINS, CO US","40.57629","-105.08575","1525.2","2023-07-10","0.89",",,7","0.00",",,7,1900","0.0",",,7,","0.0",",,7,","92",",,7","56",",,7"
"USC00053005","FORT COLLINS, CO US","40.57629","-105.08575","1525.2","2023-07-11","0.89",",,7","0.00",",,7,1900","0.0",",,7,","0.0",",,7,","94",",,7","57",",,7"
"USC00053005","FORT COLLINS, CO US","40.57629","-105.08575","1525.2","2023-07-12","182.09",",X,7","0.00",",,7,1900","0.0",",,7,","0.0",",,7,","91",",,7","61",",,7"
"USC00053005","FORT COLLINS, CO US","40.57629","-105.08575","1525.2","2023-07-13","0.00",",,7","0.00",",,7,1900","0.0",",,7,","0.0",",,7,","92",",,7","60",",,7"
"USC00053005","FORT COLLINS, CO US","40.57629","-105.08575","1525.2","2023-07-14","2.91",",,7","0.00","T,,7,1900","0.0",",,7,","0.0",",,7,","82",",,7","58",",,7"
"USC00053005","FORT COLLINS, CO US","40.57629","-105.08575","1525.2","2023-07-15","0.00",",,7","0.01",",,7,1900","0.0",",,7,","0.0",",,7,","83",",,7","57",",,7"
"USC00053005","FORT COLLINS, CO US","40.57629","-105.08575","1525.2","2023-07-16","2.01",",,7","0.00",",,7,1900","0.0",",,7,","0.0",",,7,","88",",,7","55",",,7"
"USC00053005","FORT COLLINS, CO US","40.57629","-105.08575","1525.2","2023-07-17","2.01",",,7","0.00","T,,7,1900","0.0",",,7,","0.0",",,7,","94",",,7","60",",,7"
"USC00053005","FORT COLLINS, CO US","40.57629","-105.08575","1525.2","2023-07-18","2.91",",,7","0.00",",,7,1900","0.0",",,7,","0.0",",,7,","95",",,7","63",",,7"
"USC00053005","FORT COLLINS, CO US","40.57629","-105.08575","1525.2","2023-07-19","2.91",",,7","0.01",",,7,1900","0.0",",,7,","0.0",",,7,","85",",,7","68",",,7"
"USC00053005","FORT COLLINS, CO US","40.57629","-105.08575","1525.2","2023-07-20","2.91",",,7","0.82",",,7,1900","0.0",",,7,","0.0",",,7,","79",",,7","61",",,7"
"USC00053005","FORT COLLINS, CO US","40.57629","-105.08575","1525.2","2023-07-21","2.01",",,7","0.01",",,7,1900","0.0",",,7,","0.0",",,7,","82",",,7","55",",,7"
"USC00053005","FORT COLLINS, CO US","40.57629","-105.08575","1525.2","2023-07-22","0.00",",,7","0.00","T,,7,1900","0.0",",,7,","0.0",",,7,","89",",,7","54",",,7"
"USC00053005","FORT COLLINS, CO US","40.57629","-105.08575","1525.2","2023-07-23","0.89",",,7","0.00",",,7,1900","0.0",",,7,","0.0",",,7,","98",",,7","57",",,7"
"USC00053005","FORT COLLINS, CO US","40.57629","-105.08575","1525.2","2023-07-24","0.89",",,7","0.17",",,7,1900","0.0",",,7,","0.0",",,7,","96",",,7","60",",,7"
"USC00053005","FORT COLLINS, CO US","40.57629","-105.08575","1525.2","2023-07-25","0.00",",,7","0.00",",,7,1900","0.0",",,7,","0.0",",,7,","98",",,7","62",",,7"
"USC00053005","FORT COLLINS, CO US","40.57629","-105.08575","1525.2","2023-07-26","2.01",",,7","0.00","T,,7,1900","0.0",",,7,","0.0",",,7,","90",",,7","63",",,7"
"USC00053005","FORT COLLINS, CO US","40.57629","-105.08575","1525.2","2023-07-27","2.01",",,7","0.11",",,7,1900","0.0",",,7,","0.0",",,7,","92",",,7","59",",,7"
"USC00053005","FORT COLLINS, CO US","40.57629","-105.08575","1525.2","2023-07-28","2.01",",,7","0.13",",,7,1900","0.0",",,7,","0.0",",,7,","87",",,7","61",",,7"
"USC00053005","FORT COLLINS, CO US","40.57629","-105.08575","1525.2","2023-07-29","2.01",",,7","0.00","T,,7,1900","0.0",",,7,","0.0",",,7,","82",",,7","56",",,7"
"USC00053005","FORT COLLINS, CO US","40.57629","-105.08575","1525.2","2023-07-30","2.01",",,7","0.00","T,,7,1900","0.0",",,7,","0.0",",,7,","88",",,7","61",",,7"
"USC00053005","FORT COLLINS, CO US","40.57629","-105.08575","1525.2","2023-07-31","8.05",",,7","1.21",",,7,1900","0.0",",,7,","0.0",",,7,","88",",,7","63",",,7"
"USC00053005","FORT COLLINS, CO US","40.57629","-105.08575","1525.2","2023-08-01","2.91",",,7","2.45",",,7,1900","0.0",",,7,","0.0",",,7,","83",",,7","61",",,7"
"USC00053005","FORT COLLINS, CO US","40.57629","-105.08575","1525.2","2023-08-02","0.89",",,7","0.00",",,7,1900","0.0",",,7,","0.0",",,7,","86",",,7","64",",,7"
"USC00053005","FORT COLLINS, CO US","40.57629","-105.08575","1525.2","2023-08-03","2.01",",,7","1.38",",,7,1900","0.0",",,7,","0.0",",,7,","82",",,7","59",",,7"
"USC00053005","FORT COLLINS, CO US","40.57629","-105.08575","1525.2","2023-08-04","0.00",",,7","0.33",",,7,1900","0.0",",,7,","0.0",",,7,","87",",,7","56",",,7"
"USC00053005","FORT COLLINS, CO US","40.57629","-105.08575","1525.2","2023-08-05","0.89",",,7","0.07",",,7,1900","0.0",",,7,","0.0",",,7,","80",",,7","57",",,7"
"USC00053005","FORT COLLINS, CO US","40.57629","-105.08575","1525.2","2023-08-06","6.04",",,7","0.03",",,7,1900","0.0",",,7,","0.0",",,7,","72",",,7","58",",,7"
"USC00053005","FORT COLLINS, CO US","40.57629","-105.08575","1525.2","2023-08-07","4.03",",,7","0.00","T,,7,1900","0.0",",,7,","0.0",",,7,","77",",,7","50",",,7"
"USC00053005","FORT COLLINS, CO US","40.57629","-105.08575","1525.2","2023-08-08","0.89",",,7","0.01",",,7,1900","0.0",",,7,","0.0",",,7,","81",",,7","52",",,7"
"USC00053005","FORT COLLINS, CO US","40.57629","-105.08575","1525.2","2023-08-09","2.91",",,7","0.09",",,7,1900","0.0",",,7,","0.0",",,7,","83",",,7","54",",,7"
"USC00053005","FORT COLLINS, CO US","40.57629","-105.08575","1525.2","2023-08-10","2.01",",,7","0.00","T,,7,1900","0.0",",,7,","0.0",",,7,","86",",,7","58",",,7"
"USC00053005","FORT COLLINS, CO US","40.57629","-105.08575","1525.2","2023-08-11","6.04",",,7","0.00","T,,7,1900","0.0",",,7,","0.0",",,7,","92",",,7","59",",,7"
"USC00053005","FORT COLLINS, CO US","40.57629","-105.08575","1525.2","2023-08-12","4.92",",,7","0.00","T,,7,1900","0.0",",,7,","0.0",",,7,","85",",,7","62",",,7"
"USC00053005","FORT COLLINS, CO US","40.57629","-105.08575","1525.2","2023-08-13","4.92",",,7","0.00",",,7,1900","0.0",",,7,","0.0",",,7,","76",",,7","60",",,7"
"USC00053005","FORT COLLINS, CO US","40.57629","-105.08575","1525.2","2023-08-14","2.01",",,7","0.00",",,7,1900","0.0",",,7,","0.0",",,7,","78",",,7","47",",,7"
"USC00053005","FORT COLLINS, CO US","40.57629","-105.08575","1525.2","2023-08-15","0.00",",,7","0.00",",,7,1900","0.0",",,7,","0.0",",,7,","90",",,7","50",",,7"
"USC00053005","FORT COLLINS, CO US","40.57629","-105.08575","1525.2","2023-08-16","0.89",",,7","0.00",",,7,1900","0.0",",,7,","0.0",",,7,","98",",,7","57",",,7"
"USC00053005","FORT COLLINS, CO US","40.57629","-105.08575","1525.2","2023-08-17","0.00",",,7","0.00",",,7,1900","0.0",",,7,","0.0",",,7,","90",",,7","60",",,7"
"USC00053005","FORT COLLINS, CO US","40.57629","-105.08575","1525.2","2023-08-18","0.89",",,7","0.00","T,,7,1900","0.0",",,7,","0.0",",,7,","91",",,7","62",",,7"
"USC00053005","FORT COLLINS, CO US","40.57629","-105.08575","1525.2","2023-08-19","2.01",",,7","0.00","T,,7,1900","0.0",",,7,","0.0",",,7,","92",",,7","60",",,7"
"USC00053005","FORT COLLINS, CO US","40.57629","-105.08575","1525.2","2023-08-20","0.00",",,7","0.00",",,7,1900","0.0",",,7,","0.0",",,7,","87",",,7","60",",,7"
"USC00053005","FORT COLLINS, CO US","40.57629","-105.08575","1525.2","2023-08-21","0.89",",,7","0.00",",,7,1900","0.0",",,7,","0.0",",,7,","96",",,7","57",",,7"
"USC00053005","FORT COLLINS, CO US","40.57629","-105.08575","1525.2","2023-08-22","0.00",",,7","0.00",",,7,1900","0.0",",,7,","0.0",",,7,","94",",,7","58",",,7"
"USC00053005","FORT COLLINS, CO US","40.57629","-105.08575","1525.2","2023-08-23","0.89",",,7","0.00",",,7,1900","0.0",",,7,","0.0",",,7,","92",",,7","61",",,7"
"USC00053005","FORT COLLINS, CO US","40.57629","-105.08575","1525.2","2023-08-24","2.01",",,7","0.00","T,,7,1900","0.0",",,7,","0.0",",,7,","92",",,7","67",",,7"
"USC00053005","FORT COLLINS, CO US","40.57629","-105.08575","1525.2","2023-08-25","0.89",",,7","0.84",",,7,1900","0.0",",,7,","0.0",",,7,","80",",,7","59",",,7"
"USC00053005","FORT COLLINS, CO US","40.57629","-105.08575","1525.2","2023-08-26","0.89",",,7","0.02",",,7,1900","0.0",",,7,","0.0",",,7,","76",",,7","58",",,7"
"USC00053005","FORT COLLINS, CO US","40.57629","-105.08575","1525.2","2023-08-27","2.01",",,7","0.19",",,7,1900","0.0",",,7,","0.0",",,7,","83",",,7","55",",,7"
"USC00053005","FORT COLLINS, CO US","40.57629","-105.08575","1525.2","2023-08-28","0.89",",,7","0.21",",,7,1900","0.0",",,7,","0.0",",,7,","79",",,7","55",",,7"
"USC00053005","FORT COLLINS, CO US","40.57629","-105.08575","1525.2","2023-08-29","2.91",",,7","0.00",",,7,1900","0.0",",,7,","0.0",",,7,","81",",,7","51",",,7"
"USC00053005","FORT COLLINS, CO US","40.57629","-105.08575","1525.2","2023-08-30","0.89",",,7","0.00",",,7,1900","0.0",",,7,","0.0",",,7,","91",",,7","52",",,7"
"USC00053005","FORT COLLINS, CO US","40.57629","-105.08575","1525.2","2023-08-31","0.00",",,7","0.00",",,7,1900","0.0",",,7,","0.0",",,7,","93",",,7","54",",,7"
"USC00053005","FORT COLLINS, CO US","40.57629","-105.08575","1525.2","2023-09-01","0.00",",,7","0.00",",,7,1900","0.0",",,7,","0.0",",,7,","94",",,7","56",",,7"
"USC00053005","FORT COLLINS, CO US","40.57629","-105.08575","1525.2","2023-09-02","2.01",",,7","0.00","T,,7,1900","0.0",",,7,","0.0",",,7,","91",",,7","62",",,7"
"USC00053005","FORT COLLINS, CO US","40.57629","-105.08575","1525.2","2023-09-03","0.89",",,7","0.02",",,7,1900","0.0",",,7,","0.0",",,7,","87",",,7","62",",,7"
"USC00053005","FORT COLLINS, CO US","40.57629","-105.08575","1525.2","2023-09-04","4.03",",,7","0.11",",,7,1900","0.0",",,7,","0.0",",,7,","83",",,7","55",",,7"
"USC00053005","FORT COLLINS, CO US","40.57629","-105.08575","1525.2","2023-09-05","2.91",",,7","0.00",",,7,1900","0.0",",,7,","0.0",",,7,","78",",,7","55",",,7"
"USC00053005","FORT COLLINS, CO US","40.57629","-105.08575","1525.2","2023-09-06","0.00",",,7","0.00",",,7,1900","0.0",",,7,","0.0",",,7,","84",",,7","49",",,7"
"USC00053005","FORT COLLINS, CO US","40.57629","-105.08575","1525.2","2023-09-07","0.00",",,7","0.00",",,7,1900","0.0",",,7,","0.0",",,7,","90",",,7","51",",,7"
"USC00053005","FORT COLLINS, CO US","40.57629","-105.08575","1525.2","2023-09-08","0.00",",,7","0.00",",,7,1900","0.0",",,7,","0.0",",,7,","86",",,7","50",",,7"
"USC00053005","FORT COLLINS, CO US","40.57629","-105.08575","1525.2","2023-09-09","4.03",",,7","0.00",",,7,1900","0.0",",,7,","0.0",",,7,","87",",,7","50",",,7"
"USC00053005","FORT COLLINS, CO US","40.57629","-105.08575","1525.2","2023-09-10","0.89",",,7","0.20",",,7,1900","0.0",",,7,","0.0",",,7,","75",",,7","57",",,7"
"USC00053005","FORT COLLINS, CO US","40.57629","-105.08575","1525.2","2023-09-11","2.01",",,7","0.01",",,7,1900","0.0",",,7,","0.0",",,7,","71",",,7","53",",,7"
"USC00053005","FORT COLLINS, CO US","40.57629","-105.08575","1525.2","2023-09-12","0.89",",,7","0.00",",,7,1900","0.0",",,7,","0.0",",,7,","76",",,7","46",",,7"
"USC00053005","FORT COLLINS, CO US","40.57629","-105.08575","1525.2","2023-09-13","2.01",",,7","0.00",",,7,1900","0.0",",,7,","0.0",",,7,","80",",,7","45",",,7"
"USC00053005","FORT COLLINS, CO US","40.57629","-105.08575","1525.2","2023-09-14","0.00",",,7","0.31",",,7,1900","0.0",",,7,","0.0",",,7,","72",",,7","52",",,7"
"USC00053005","FORT COLLINS, CO US","40.57629","-105.08575","1525.2","2023-09-15","2.91",",,7","0.00","T,,7,1900","0.0",",,7,","0.0",",,7,","71",",,7","52",",,7"
"USC00053005","FORT COLLINS, CO US","40.57629","-105.08575","1525.2","2023-09-16","2.01",",,7","0.00",",,7,1900","0.0",",,7,","0.0",",,7,","79",",,7","44",",,7"
"USC00053005","FORT COLLINS, CO US","40.57629","-105.08575","1525.2","2023-09-17","0.00",",,7","0.00",",,7,1900","0.0",",,7,","0.0",",,7,","83",",,7","44",",,7"
"USC00053005","FORT COLLINS, CO US","40.57629","-105.08575","1525.2","2023-09-18","0.89",",,7","0.00",",,7,1900","0.0",",,7,","0.0",",,7,","85",",,7","49",",,7"
"USC00053005","FORT COLLINS, CO US","40.57629","-105.08575","1525.2","2023-09-19","2.91",",,7","0.01",",,7,1900","0.0",",,7,","0.0",",,7,","79",",,7","53",",,7"
"USC00053005","FORT COLLINS, CO US","40.57629","-105.08575","1525.2","2023-09-20","0.89",",,7","0.01",",,7,1900","0.0",",,7,","0.0",",,7,","77",",,7","47",",,7"
"USC00053005","FORT COLLINS, CO US","40.57629","-105.08575","1525.2","2023-09-21","0.89",",,7","0.00",",,7,1900","0.0",",,7,","0.0",",,7,","81",",,7","48",",,7"
"USC00053005","FORT COLLINS, CO US","40.57629","-105.08575","1525.2","2023-09-22","2.91",",,7","0.00",",,7,1900","0.0",",,7,","0.0",",,7,","80",",,7","55",",,7"
"USC00053005","FORT COLLINS, CO US","40.57629","-105.08575","1525.2","2023-09-23","0.00",",,7","0.00",",,7,1900","0.0",",,7,","0.0",",,7,","75",",,7","45",",,7"
"USC00053005","FORT COLLINS, CO US","40.57629","-105.08575","1525.2","2023-09-24","0.00",",,7","0.00",",,7,1900","0.0",",,7,","0.0",",,7,","77",",,7","40",",,7"
"USC00053005","FORT COLLINS, CO US","40.57629","-105.08575","1525.2","2023-09-25","0.00",",,7","0.00",",,7,1900","0.0",",,7,","0.0",",,7,","83",",,7","40",",,7"
"USC00053005","FORT COLLINS, CO US","40.57629","-105.08575","1525.2","2023-09-26","0.00",",,7","0.00",",,7,1900","0.0",",,7,","0.0",",,7,","81",",,7","42",",,7"
"USC00053005","FORT COLLINS, CO US","40.57629","-105.08575","1525.2","2023-09-27","0.00",",,7","0.00",",,7,1900","0.0",",,7,","0.0",",,7,","84",",,7","44",",,7"
"USC00053005","FORT COLLINS, CO US","40.57629","-105.08575","1525.2","2023-09-28","2.91",",,7","0.00",",,7,1900","0.0",",,7,","0.0",",,7,","85",",,7","45",",,7"
"USC00053005","FORT COLLINS, CO US","40.57629","-105.08575","1525.2","2023-09-29","0.89",",,7","0.00",",,7,1900","0.0",",,7,","0.0",",,7,","79",",,7","46",",,7"
"USC00053005","FORT COLLINS, CO US","40.57629","-105.08575","1525.2","2023-09-30","4.92",",,7","0.00","T,,7,1900","0.0",",,7,","0.0",",,7,","83",",,7","46",",,7"
"USC00053005","FORT COLLINS, CO US","40.57629","-105.08575","1525.2","2023-10-01","0.00",",,7","0.00",",,7,1900","0.0",",,7,","0.0",",,7,","85",",,7","48",",,7"
"USC00053005","FORT COLLINS, CO US","40.57629","-105.08575","1525.2","2023-10-02","6.04",",,7","0.07",",,7,1900","0.0",",,7,","0.0",",,7,","81",",,7","48",",,7"
"USC00053005","FORT COLLINS, CO US","40.57629","-105.08575","1525.2","2023-10-03","2.01",",,7","0.09",",,7,1900","0.0",",,7,","0.0",",,7,","69",",,7","47",",,7"
"USC00053005","FORT COLLINS, CO US","40.57629","-105.08575","1525.2","2023-10-04","0.00",",,7","0.00",",,7,1900","0.0",",,7,","0.0",",,7,","70",",,7","43",",,7"
"USC00053005","FORT COLLINS, CO US","40.57629","-105.08575","1525.2","2023-10-05","2.01",",,7","0.00",",,7,1900","0.0",",,7,","0.0",",,7,","67",",,7","46",",,7"
"USC00053005","FORT COLLINS, CO US","40.57629","-105.08575","1525.2","2023-10-06","0.00",",,7","0.00",",,7,1900","0.0",",,7,","0.0",",,7,","57",",,7","45",",,7"
"USC00053005","FORT COLLINS, CO US","40.57629","-105.08575","1525.2","2023-10-07","0.89",",,7","0.00",",,7,1900","0.0",",,7,","0.0",",,7,","72",",,7","34",",,7"
"USC00053005","FORT COLLINS, CO US","40.57629","-105.08575","1525.2","2023-10-08","0.00",",,7","0.00",",,7,1900","0.0",",,7,","0.0",",,7,","80",",,7","37",",,7"
"USC00053005","FORT COLLINS, CO US","40.57629","-105.08575","1525.2","2023-10-09","0.89",",,7","0.00",",,7,1900","0.0",",,7,","0.0",",,7,","78",",,7","38",",,7"
"USC00053005","FORT COLLINS, CO US","40.57629","-105.08575","1525.2","2023-10-10","0.89",",,7","0.00",",,7,1900","0.0",",,7,","0.0",",,7,","79",",,7","38",",,7"
"USC00053005","FORT COLLINS, CO US","40.57629","-105.08575","1525.2","2023-10-11","0.89",",,7","0.06",",,7,1900","0.0",",,7,","0.0",",,7,","72",",,7","46",",,7"
"USC00053005","FORT COLLINS, CO US","40.57629","-105.08575","1525.2","2023-10-12","4.03",",,7","0.00","T,,7,1900","0.0",",,7,","0.0",",,7,","62",",,7","42",",,7"
"USC00053005","FORT COLLINS, CO US","40.57629","-105.08575","1525.2","2023-10-13","4.92",",,7","0.00","T,,7,1900","0.0",",,7,","0.0",",,7,","56",",,7","39",",,7"
"USC00053005","FORT COLLINS, CO US","40.57629","-105.08575","1525.2","2023-10-14","2.01",",,7","0.00",",,7,1900","0.0",",,7,","0.0",",,7,","56",",,7","28",",,7"
"USC00053005","FORT COLLINS, CO US","40.57629","-105.08575","1525.2","2023-10-15","2.91",",,7","0.00",",,7,1900","0.0",",,7,","0.0",",,7,","70",",,7","30",",,7"
"USC00053005","FORT COLLINS, CO US","40.57629","-105.08575","1525.2","2023-10-16","0.00",",,7","0.00",",,7,1900","0.0",",,7,","0.0",",,7,","75",",,7","34",",,7"
"USC00053005","FORT COLLINS, CO US","40.57629","-105.08575","1525.2","2023-10-17","2.01",",,7","0.00",",,7,1900","0.0",",,7,","0.0",",,7,","84",",,7","38",",,7"
"USC00053005","FORT COLLINS, CO US","40.57629","-105.08575","1525.2","2023-10-18","0.00",",,7","0.00",",,7,1900","0.0",",,7,","0.0",",,7,","76",",,7","44",",,7"
"USC00053005","FORT COLLINS, CO US","40.57629","-105.08575","1525.2","2023-10-19","0.89",",,7","0.00",",,7,1900","0.0",",,7,","0.0",",,7,","81",",,7","40",",,7"
"USC00053005","FORT COLLINS, CO US","40.57629","-105.08575","1525.2","2023-10-20","0.00",",,7","0.00",",,7,1900","0.0",",,7,","0.0",",,7,","84",",,7","40",",,7"
"USC00053005","FORT COLLINS, CO US","40.57629","-105.08575","1525.2","2023-10-21","0.89",",,7","0.00",",,7,1900","0.0",",,7,","0.0",",,7,","77",",,7","38",",,7"
"USC00053005","FORT COLLINS, CO US","40.57629","-105.08575","1525.2","2023-10-22","0.00",",,7","0.00",",,7,1900","0.0",",,7,","0.0",",,7,","73",",,7","40",",,7"
"USC00053005","FORT COLLINS, CO US","40.57629","-105.08575","1525.2","2023-10-23","0.89",",,7","0.00",",,7,1900","0.0",",,7,","0.0",",,7,","77",",,7","38",",,7"
"USC00053005","FORT COLLINS, CO US","40.57629","-105.08575","1525.2","2023-10-24","0.89",",,7","0.00",",,7,1900","0.0",",,7,","0.0",",,7,","69",",,7","40",",,7"
"USC00053005","FORT COLLINS, CO US","40.57629","-105.08575","1525.2","2023-10-25","0.00",",,7","0.00",",,7,1900","0.0",",,7,","0.0",",,7,","61",",,7","40",",,7"
"USC00053005","FORT COLLINS, CO US","40.57629","-105.08575","1525.2","2023-10-26","4.03",",,7","0.00","T,,7,1900","0.0",",,7,","0.0",",,7,","51",",,7","38",",,7"
"USC00053005","FORT COLLINS, CO US","40.57629","-105.08575","1525.2","2023-10-27","0.89",",,7","0.00","T,,7,1900","0.0",",,7,","0.0",",,7,","42",",,7","22",",,7"
"USC00053005","FORT COLLINS, CO US","40.57629","-105.08575","1525.2","2023-10-28","2.91",",,7","0.30",",,7,1900","3.5",",,7,","3.0",",,7,","34",",,7","24",",,7"
"USC00053005","FORT COLLINS, CO US","40.57629","-105.08575","1525.2","2023-10-29","0.89",",,7","0.16",",,7,1900","2.3",",,7,","2.0",",,7,","35",",,7","21",",,7"
"USC00053005","FORT COLLINS, CO US","40.57629","-105.08575","1525.2","2023-10-30","0.00",",,7","0.00",",,7,1900","0.0",",,7,","1.0",",,7,","46",",,7","11",",,7"
"USC00053005","FORT COLLINS, CO US","40.57629","-105.08575","1525.2","2023-10-31","0.00",",,7","0.00",",,7,1900","0.0",",,7,","0.0","T,,7,","49",",,7","20",",,7"
"USC00053005","FORT COLLINS, CO US","40.57629","-105.08575","1525.2","2023-11-01","0.89",",,7","0.00",",,7,1900","0.0",",,7,","0.0","T,,7,","60",",,7","25",",,7"
"USC00053005","FORT COLLINS, CO US","40.57629","-105.08575","1525.2","2023-11-02","2.01",",,7","0.00",",,7,1900","0.0",",,7,","0.0",",,7,","69",",,7","28",",,7"
"USC00053005","FORT COLLINS, CO US","40.57629","-105.08575","1525.2","2023-11-03","6.93",",,7","0.00",",,7,1900","0.0",",,7,","0.0",",,7,","70",",,7","43",",,7"
"USC00053005","FORT COLLINS, CO US","40.57629","-105.08575","1525.2","2023-11-04","0.00",",,7","0.00",",,7,1900","0.0",",,7,","0.0",",,7,","65",",,7","36",",,7"
"USC00053005","FORT COLLINS, CO US","40.57629","-105.08575","1525.2","2023-11-05","0.89",",,7","0.00",",,7,1900","0.0",",,7,","0.0",",,7,","76",",,7","39",",,7"
"USC00053005","FORT COLLINS, CO US","40.57629","-105.08575","1525.2","2023-11-06","0.00",",,7","0.00",",,7,1900","0.0",",,7,","0.0",",,7,","68",",,7","35",",,7"
"USC00053005","FORT COLLINS, CO US","40.57629","-105.08575","1525.2","2023-11-07","4.03",",,7","0.00",",,7,1900","0.0",",,7,","0.0",",,7,","76",",,7","31",",,7"
"USC00053005","FORT COLLINS, CO US","40.57629","-105.08575","1525.2","2023-11-08","2.91",",,7","0.06",",,7,1900","0.0",",,7,","0.0",",,7,","53",",,7","39",",,7"
"USC00053005","FORT COLLINS, CO US","40.57629","-105.08575","1525.2","2023-11-09","2.91",",,7","0.00",",,7,1900","0.0",",,7,","0.0",",,7,","51",",,7","25",",,7"
"USC00053005","FORT COLLINS, CO US","40.57629","-105.08575","1525.2","2023-11-10","0.00",",,7","0.00",",,7,1900","0.0",",,7,","0.0",",,7,","55",",,7","22",",,7"
"USC00053005","FORT COLLINS, CO US","40.57629","-105.08575","1525.2","2023-11-11","0.00",",,7","0.00",",,7,1900","0.0",",,7,","0.0",",,7,","62",",,7","24",",,7"
"USC00053005","FORT COLLINS, CO US","40.57629","-105.08575","1525.2","2023-11-12","0.00",",,7","0.00",",,7,1900","0.0",",,7,","0.0",",,7,","62",",,7","30",",,7"
"USC00053005","FORT COLLINS, CO US","40.57629","-105.08575","1525.2","2023-11-13","0.89",",,7","0.00",",,7,1900","0.0",",,7,","0.0",",,7,","61",",,7","24",",,7"
"USC00053005","FORT COLLINS, CO US","40.57629","-105.08575","1525.2","2023-11-14","2.91",",,7","0.00",",,7,1900","0.0",",,7,","0.0",",,7,","71",",,7","35",",,7"
"USC00053005","FORT COLLINS, CO US","40.57629","-105.08575","1525.2","2023-11-15","2.01",",,7","0.00",",,7,1900","0.0",",,7,","0.0",",,7,","63",",,7","29",",,7"
"USC00053005","FORT COLLINS, CO US","40.57629","-105.08575","1525.2","2023-11-16","4.92",",,7","0.10",",,7,1900","0.0",",,7,","0.0",",,7,","67",",,7","33",",,7"
"USC00053005","FORT COLLINS, CO US","40.57629","-105.08575","1525.2","2023-11-17","2.01",",,7","0.00",",,7,1900","0.0",",,7,","0.0",",,7,","60",",,7","30",",,7"
"USC00053005","FORT COLLINS, CO US","40.57629","-105.08575","1525.2","2023-11-18","0.89",",,7","0.00",",,7,1900","0.0",",,7,","0.0",",,7,","61",",,7","27",",,7"
"USC00053005","FORT COLLINS, CO US","40.57629","-105.08575","1525.2","2023-11-19","6.93",",,7","0.00","T,,7,1900","0.0",",,7,","0.0",",,7,","60",",,7","35",",,7"
"USC00053005","FORT COLLINS, CO US","40.57629","-105.08575","1525.2","2023-11-20","8.05",",,7","0.00","T,,7,1900","0.0",",,7,","0.0",",,7,","50",",,7","40",",,7"
"USC00053005","FORT COLLINS, CO US","40.57629","-105.08575","1525.2","2023-11-21","0.89",",,7","0.00",",,7,1900","0.0",",,7,","0.0",",,7,","58",",,7","26",",,7"
"USC00053005","FORT COLLINS, CO US","40.57629","-105.08575","1525.2","2023-11-22","0.00",",,7","0.00",",,7,1900","0.0",",,7,","0.0",",,7,","68",",,7","24",",,7"
"USC00053005","FORT COLLINS, CO US","40.57629","-105.08575","1525.2","2023-11-23","4.92",",,7","0.00","T,,7,1900","0.0","T,,7,","0.0","T,,7,","42",",,7","29",",,7"
"USC00053005","FORT COLLINS, CO US","40.57629","-105.08575","1525.2","2023-11-24","4.03",",,7","0.26",",,7,1900","4.0",",,7,","5.0",",,7,","30",",,7","11",",,7"
"USC00053005","FORT COLLINS, CO US","40.57629","-105.08575","1525.2","2023-11-25","0.00",",,7","0.16",",,7,1900","5.3",",,7,","6.0",",,7,","26",",,7","13",",,7"
"USC00053005","FORT COLLINS, CO US","40.57629","-105.08575","1525.2","2023-11-26","0.89",",,7","0.00",",,7,1900","0.0",",,7,","3.0",",,7,","39",",,7","8",",,7"
"USC00053005","FORT COLLINS, CO US","40.57629","-105.08575","1525.2","2023-11-27","0.00",",,7","0.00",",,7,1900","0.0",",,7,","3.0",",,7,","41",",,7","11",",,7"
"USC00053005","FORT COLLINS, CO US","40.57629","-105.08575","1525.2","2023-11-28","2.91",",,7","0.00",",,7,1900","0.0",",,7,","2.0",",,7,","49",",,7","14",",,7"
"USC00053005","FORT COLLINS, CO US","40.57629","-105.08575","1525.2","2023-11-29","0.89",",,7","0.00",",,7,1900","0.0",",,7,","2.0",",,7,","53",",,7","14",",,7"
"USC00053005","FORT COLLINS, CO US","40.57629","-105.08575","1525.2","2023-11-30","4.03",",,7","0.00",",,7,1900","0.0",",,7,","2.0",",,7,","37",",,7","20",",,7"
"USC00053005","FORT COLLINS, CO US","40.57629","-105.08575","1525.2","2023-12-01","0.00",",,7","0.00",",,7,1900","0.0",",,7,","1.0",",,7,","35",",,7","20",",,7"
"USC00053005","FORT COLLINS, CO US","40.57629","-105.08575","1525.2","2023-12-02","2.91",",,7","0.00",",,7,1900","0.0",",,7,","1.0",",,7,","42",",,7","19",",,7"
"USC00053005","FORT COLLINS, CO US","40.57629","-105.08575","1525.2","2023-12-03","8.05",",,7","0.00",",,7,1900","0.0",",,7,","1.0",",,7,","46",",,7","28",",,7"
"USC00053005","FORT COLLINS, CO US","40.57629","-105.08575","1525.2","2023-12-04","2.01",",,7","0.00",",,7,1900","0.0",",,7,","0.0","T,,7,","58",",,7","24",",,7"
"USC00053005","FORT COLLINS, CO US","40.57629","-105.08575","1525.2","2023-12-05","0.89",",,7","0.00",",,7,1900","0.0",",,7,","0.0","T,,7,","58",",,7","23",",,7"
"USC00053005","FORT COLLINS, CO US","40.57629","-105.08575","1525.2","2023-12-06","0.89",",,7","0.00",",,7,1900","0.0",",,7,","0.0","T,,7,","65",",,7","25",",,7"
"USC00053005","FORT COLLINS, CO US","40.57629","-105.08575","1525.2","2023-12-07","4.92",",,7","0.00",",,7,1900","0.0",",,7,","0.0","T,,7,","64",",,7","25",",,7"
"USC00053005","FORT COLLINS, CO US","40.57629","-105.08575","1525.2","2023-12-08","10.07",",,7","0.00",",,7,1900","0.0",",,7,","0.0",",,7,","49",",,7","30",",,7"
"USC00053005","FORT COLLINS, CO US","40.57629","-105.08575","1525.2","2023-12-09","2.01",",,7","0.00",",,7,1900","0.0",",,7,","0.0",",,7,","42",",,7","28",",,7"
"USC00053005","FORT COLLINS, CO US","40.57629","-105.08575","1525.2","2023-12-10","2.01",",,7","0.00",",,7,1900","0.0",",,7,","0.0",",,7,","53",",,7","18",",,7"
"USC00053005","FORT COLLINS, CO US","40.57629","-105.08575","1525.2","2023-12-11","2.91",",,7","0.00","T,,7,1900","0.0","T,,7,","0.0",",,7,","49",",,7","27",",,7"
"USC00053005","FORT COLLINS, CO US","40.57629","-105.08575","1525.2","2023-12-12","2.01",",,7","0.01",",,7,1900","0.0","T,,7,","0.0",",,7,","40",",,7","30",",,7"
"USC00053005","FORT COLLINS, CO US","40.57629","-105.08575","1525.2","2023-12-13","2.01",",,7","0.00",",,7,1900","0.0",",,7,","0.0",",,7,","36",",,7","28",",,7"
"USC00053005","FORT COLLINS, CO US","40.57629","-105.08575","1525.2","2023-12-14","0.00",",,7","0.00","T,,7,1900","0.0","T,,7,","0.0",",,7,","36",",,7","30",",,7"
"USC00053005","FORT COLLINS, CO US","40.57629","-105.08575","1525.2","2023-12-15","0.00",",,7","0.00","T,,7,1900","0.0","T,,7,","0.0",",,7,","54",",,7","20",",,7"
"USC00053005","FORT COLLINS, CO US","40.57629","-105.08575","1525.2","2023-12-16","0.00",",,7","0.00",",,7,1900","0.0",",,7,","0.0",",,7,","57",",,7","22",",,7"
"USC00053005","FORT COLLINS, CO US","40.57629","-105.08575","1525.2","2023-12-17","2.01",",,7","0.00",",,7,1900","0.0",",,7,","0.0",",,7,","62",",,7","22",",,7"
"USC00053005","FORT COLLINS, CO US","40.57629","-105.08575","1525.2","2023-12-18","0.89",",,7","0.00",",,7,1900","0.0",",,7,","0.0",",,7,","51",",,7","20",",,7"
"USC00053005","FORT COLLINS, CO US","40.57629","-105.08575","1525.2","2023-12-19","0.89",",,7","0.00",",,7,1900","0.0",",,7,","0.0",",,7,","62",",,7","21",",,7"
"USC00053005","FORT COLLINS, CO US","40.57629","-105.08575","1525.2","2023-12-20","0.00",",,7","0.00",",,7,1900","0.0",",,7,","0.0",",,7,","55",",,7","32",",,7"
"USC00053005","FORT COLLINS, CO US","40.57629","-105.08575","1525.2","2023-12-21","0.00",",,7","0.00",",,7,1900","0.0",",,7,","0.0",",,7,","62",",,7","30",",,7"
"USC00053005","FORT COLLINS, CO US","40.57629","-105.08575","1525.2","2023-12-22","0.89",",,7","0.00",",,7,1900","0.0",",,7,","0.0",",,7,","56",",,7","23",",,7"
"USC00053005","FORT COLLINS, CO US","40.57629","-105.08575","1525.2","2023-12-23","6.04",",,7","0.00","T,,7,1900","0.0",",,7,","0.0",",,7,","55",",,7","29",",,7"
"USC00053005","FORT COLLINS, CO US","40.57629","-105.08575","1525.2","2023-12-24","6.93",",,7","0.13",",,7,1900","0.0","T,,7,","0.0",",,7,","41",",,7","26",",,7"
"USC00053005","FORT COLLINS, CO US","40.57629","-105.08575","1525.2","2023-12-25","6.93",",,7","0.00",",,7,1900","0.0",",,7,","0.0",",,7,","35",",,7","15",",,7"
"USC00053005","FORT COLLINS, CO US","40.57629","-105.08575","1525.2","2023-12-26","8.95",",,7","0.00",",,7,1900","0.0",",,7,","0.0",",,7,","42",",,7","30",",,7"
"USC00053005","FORT COLLINS, CO US","40.57629","-105.08575","1525.2","2023-12-27","0.89",",,7","0.00",",,7,1900","0.0",",,7,","0.0",",,7,","49",",,7","33",",,7"
"USC00053005","FORT COLLINS, CO US","40.57629","-105.08575","1525.2","2023-12-28","0.00",",,7","0.00",",,7,1900","0.0",",,7,","0.0",",,7,","51",",,7","18",",,7"
"USC00053005","FORT COLLINS, CO US","40.57629","-105.08575","1525.2","2023-12-29","0.89",",,7","0.00",",,7,1900","0.0",",,7,","0.0",",,7,","56",",,7","16",",,7"
"USC00053005","FORT COLLINS, CO US","40.57629","-105.08575","1525.2","2023-12-30","0.00",",,7","0.00",",,7,1900","0.0",",,7,","0.0",",,7,","57",",,7","19",",,7"
"USC00053005","FORT COLLINS, CO US","40.57629","-105.08575","1525.2","2023-12-31","0.00",",,7","0.00",",,7,1900","0.0",",,7,","0.0",",,7,","45",",,7","21",",,7"
"USC00053005","FORT COLLINS, CO US","40.57629","-105.08575","1525.2","2024-01-01","2.91",",,7","0.00",",,7,1900","0.0",",,7,","0.0",",,7,","55",",,7","16",",,7"
"USC00053005","FORT COLLINS, CO US","40.57629","-105.08575","1525.2","2024-01-02","0.89",",,7","0.00",",,7,1900","0.0",",,7,","0.0",",,7,","47",",,7","18",",,7"
"USC00053005","FORT COLLINS, CO US","40.57629","-105.08575","1525.2","2024-01-03","0.00",",,7","0.00",",,7,1900","0.0",",,7,","0.0",",,7,","46",",,7","16",",,7"
"USC00053005","FORT COLLINS, CO US","40.57629","-105.08575","1525.2","2024-01-04","0.00",",,7","0.00",",,7,1900","0.0",",,7,","0.0",",,7,","33",",,7","23",",,7"
"USC00053005","FORT COLLINS, CO US","40.57629","-105.08575","1525.2","2024-01-05","2.01",",,7","0.00",",,7,1900","0.0",",,7,","0.0",",,7,","45",",,7","18",",,7"
"USC00053005","FORT COLLINS, CO US","40.57629","-105.08575","1525.2","2024-01-06","4.03",",,7","0.00",",,7,1900","0.0",",,7,","0.0",",,7,","42",",,7","17",",,7"
"USC00053005","FORT COLLINS, CO US","40.57629","-105.08575","1525.2","2024-01-07","2.01",",,7","0.00",",,7,1900","0.0",",,7,","0.0",",,7,","41",",,7","22",",,7"
"USC00053005","FORT COLLINS, CO US","40.57629","-105.08575","1525.2","2024-01-08","2.01",",,7","0.00","T,,7,1900","0.0","T,,7,","0.0",",,7,","32",",,7","20",",,7"
"USC00053005","FORT COLLINS, CO US","40.57629","-105.08575","1525.2","2024-01-09","6.04",",,7","0.00",",,7,1900","0.0",",,7,","0.0",",,7,","42",",,7","9",",,7"
"USC00053005","FORT COLLINS, CO US","40.57629","-105.08575","1525.2","2024-01-10","6.04",",,7","0.00",",,7,1900","0.0",",,7,","0.0",",,7,","41",",,7","30",",,7"
"USC00053005","FORT COLLINS, CO US","40.57629","-105.08575","1525.2","2024-01-11","2.91",",,7","0.00",",,7,1900","0.0",",,7,","0.0",",,7,","31",",,7","13",",,7"
"USC00053005","FORT COLLINS, CO US","40.57629","-105.08575","1525.2","2024-01-12","2.91",",,7","0.00",",,7,1900","0.0",",,7,","0.0",",,7,","37",",,7","3",",,7"
"USC00053005","FORT COLLINS, CO US","40.57629","-105.08575","1525.2","2024-01-13","4.03",",,7","0.14",",,7,1900","1.8",",,7,","2.0",",,7,","11",",,7","-11",",,7"
"USC00053005","FORT COLLINS, CO US","40.57629","-105.08575","1525.2","2024-01-14","2.91",",,7","0.01",",,7,1900","0.1",",,7,","2.0",",,7,","7",",,7","-5",",,7"
"USC00053005","FORT COLLINS, CO US","40.57629","-105.08575","1525.2","2024-01-15","0.00",",,7","0.07",",,7,1900","1.1",",,7,","3.0",",,7,","3",",,7","-9",",,7"
"USC00053005","FORT COLLINS, CO US","40.57629","-105.08575","1525.2","2024-01-16","2.01",",,7","0.00",",,7,1900","0.0",",,7,","3.0",",,7,","26",",,7","-17",",,7"
"USC00053005","FORT COLLINS, CO US","40.57629","-105.08575","1525.2","2024-01-17","2.01",",,7","0.00",",,7,1900","0.0",",,7,","2.0",",,7,","44",",,7","8",",,7"
"USC00053005","FORT COLLINS, CO US","40.57629","-105.08575","1525.2","2024-01-18","2.91",",,7","0.00",",,7,1900","0.0",",,7,","2.0",",,7,","50",",,7","12",",,7"
"USC00053005","FORT COLLINS, CO US","40.57629","-105.08575","1525.2","2024-01-19","0.00",",,7","0.00","T,,7,1900","0.0","T,,7,","1.0",",,7,","31",",,7","5",",,7"
"USC00053005","FORT COLLINS, CO US","40.57629","-105.08575","1525.2","2024-01-20","0.00",",,7","0.00",",,7,1900","0.0",",,7,","1.0",",,7,","33",",,7","14",",,7"
"USC00053005","FORT COLLINS, CO US","40.57629","-105.08575","1525.2","2024-01-21","0.00",",,7","0.00",",,7,1900","0.0",",,7,","1.0",",,7,","46",",,7","21",",,7"
"USC00053005","FORT COLLINS, CO US","40.57629","-105.08575","1525.2","2024-01-22","0.00",",,7","0.00",",,7,1900","0.0",",,7,","0.0","T,,7,","53",",,7","27",",,7"
"USC00053005","FORT COLLINS, CO US","40.57629","-105.08575","1525.2","2024-01-23","2.01",",,7","0.00",",,7,1900","0.0",",,7,","0.0",",,7,","51",",,7","23",",,7"
"USC00053005","FORT COLLINS, CO US","40.57629","-105.08575","1525.2","2024-01-24","0.89",",,7","0.00",",,7,1900","0.0",",,7,","0.0",",,7,","52",",,7","24",",,7"
"USC00053005","FORT COLLINS, CO US","40.57629","-105.08575","1525.2","2024-01-25","0.89",",,7","0.00",",,7,1900","0.0",",,7,","0.0",",,7,","50",",,7","21",",,7"
"USC00053005","FORT COLLINS, CO US","40.57629","-105.08575","1525.2","2024-01-26","2.01",",,7","0.00",",,7,1900","0.0",",,7,","0.0",",,7,","49",",,7","31",",,7"
"USC00053005","FORT COLLINS, CO US","40.57629","-105.08575","1525.2","2024-01-27","0.89",",,7","0.00",",,7,1900","0.0",",,7,","0.0",",,7,","52",",,7","18",",,7"
"USC00053005","FORT COLLINS, CO US","40.57629","-105.08575","1525.2","2024-01-28","0.00",",,7","0.00",",,7,1900","0.0",",,7,","0.0",",,7,","62",",,7","22",",,7"
"USC00053005","FORT COLLINS, CO US","40.57629","-105.08575","1525.2","2024-01-29","2.01",",,7","0.00",",,7,1900","0.0",",,7,","0.0",",,7,","64",",,7","25",",,7"
"USC00053005","FORT COLLINS, CO US","40.57629","-105.08575","1525.2","2024-01-30","0.00",",,7","0.00",",,7,1900","0.0",",,7,","0.0",",,7,","61",",,7","25",",,7"
"USC00053005","FORT COLLINS, CO US","40.57629","-105.08575","1525.2","2024-01-31","0.89",",,7","0.00",",,7,1900","0.0",",,7,","0.0",",,7,","63",",,7","22",",,7"
"USC00053005","FORT COLLINS, CO US","40.57629","-105.08575","1525.2","2024-02-01","0.00",",,7","0.00",",,7,1900","0.0",",,7,","0.0",",,7,","64",",,7","31",",,7"
"USC00053005","FORT COLLINS, CO US","40.57629","-105.08575","1525.2","2024-02-02","2.01",",,7","0.00",",,7,1900","0.0",",,7,","0.0",",,7,","51",",,7","29",",,7"
"USC00053005","FORT COLLINS, CO US","40.57629","-105.08575","1525.2","2024-02-03","0.89",",,7","1.63",",,7,1900","1.0",",,7,","1.0",",,7,","46",",,7","33",",,7"
"USC00053005","FORT COLLINS, CO US","40.57629","-105.08575","1525.2","2024-02-04","0.00",",,7","0.00",",,7,1900","0.0",",,7,","0.0","T,,7,","42",",,7","22",",,7"
"USC00053005","FORT COLLINS, CO US","40.57629","-105.08575","1525.2","2024-02-05","2.91",",,7","0.00",",,7,1900","0.0",",,7,","0.0",",,7,","53",",,7","21",",,7"
"USC00053005","FORT COLLINS, CO US","40.57629","-105.08575","1525.2","2024-02-06","0.89",",,7","0.00",",,7,1900","0.0",",,7,","0.0",",,7,","54",",,7","25",",,7"
"USC00053005","FORT COLLINS, CO US","40.57629","-105.08575","1525.2","2024-02-07","0.89",",,7","0.00","T,,7,1900","0.0",",,7,","0.0",",,7,","49",",,7","26",",,7"
"USC00053005","FORT COLLINS, CO US","40.57629","-105.08575","1525.2","2024-02-08","0.89",",,7","0.00",",,7,1900","0.0",",,7,","0.0",",,7,","52",",,7","32",",,7"
"USC00053005","FORT COLLINS, CO US","40.57629","-105.08575","1525.2","2024-02-09","2.01",",,7","0.00",",,7,1900","0.0",",,7,","0.0",",,7,","44",",,7","24",",,7"
"USC00053005","FORT COLLINS, CO US","40.57629","-105.08575","1525.2","2024-02-10","2.01",",,7","0.15",",,7,1900","1.9",",,7,","1.0",",,7,","36",",,7","23",",,7"
"USC00053005","FORT COLLINS, CO US","40.57629","-105.08575","1525.2","2024-02-11","0.89",",,7","0.00","T,,7,1900","0.1",",,7,","0.0","T,,7,","39",",,7","17",",,7"
"USC00053005","FORT COLLINS, CO US","40.57629","-105.08575","1525.2","2024-02-12","0.89",",,7","0.00",",,7,1900","0.0",",,7,","0.0",",,7,","49",",,7","20",",,7"
"USC00053005","FORT COLLINS, CO US","40.57629","-105.08575","1525.2","2024-02-13","0.89",",,7","0.00",",,7,1900","0.0",",,7,","0.0",",,7,","48",",,7","27",",,7"
"USC00053005","FORT COLLINS, CO US","40.57629","-105.08575","1525.2","2024-02-14","8.05",",,7","0.00",",,7,1900","0.0",",,7,","0.0",",,7,","54",",,7","22",",,7"
"USC00053005","FORT COLLINS, CO US","40.57629","-105.08575","1525.2","2024-02-15","4.92",",,7","0.00","T,,7,1900","0.0",",,7,","0.0",",,7,","45",",,7","26",",,7"
"USC00053005","FORT COLLINS, CO US","40.57629","-105.08575","1525.2","2024-02-16","2.01",",,7","0.11",",,7,1900","2.5",",,7,","2.0",",,7,","36",",,7","12",",,7"
"USC00053005","FORT COLLINS, CO US","40.57629","-105.08575","1525.2","2024-02-17","0.00",",,7","0.01",",,7,1900","0.4",",,7,","0.0","T,,7,","36",",,7","5",",,7"
"USC00053005","FORT COLLINS, CO US","40.57629","-105.08575","1525.2","2024-02-18","2.91",",,7","0.00",",,7,1900","0.0",",,7,","0.0","T,,7,","47",",,7","12",",,7"
"USC00053005","FORT COLLINS, CO US","40.57629","-105.08575","1525.2","2024-02-19","0.00",",,7","0.00",",,7,1900","0.0",",,7,","0.0",",,7,","55",",,7","29",",,7"
"USC00053005","FORT COLLINS, CO US","40.57629","-105.08575","1525.2","2024-02-20","4.03",",,7","0.00",",,7,1900","0.0",",,7,","0.0",",,7,","66",",,7","27",",,7"
"USC00053005","FORT COLLINS, CO US","40.57629","-105.08575","1525.2","2024-02-21","2.01",",,7","0.00",",,7,1900","0.0",",,7,","0.0",",,7,","51",",,7","30",",,7"
"USC00053005","FORT COLLINS, CO US","40.57629","-105.08575","1525.2","2024-02-22","2.01",",,7","0.10",",,7,1900","0.0","T,,7,","0.0",",,7,","50",",,7","34",",,7"
"USC00053005","FORT COLLINS, CO US","40.57629","-105.08575","1525.2","2024-02-23","2.01",",,7","0.00",",,7,1900","0.0",",,7,","0.0",",,7,","55",",,7","27",",,7"
"USC00053005","FORT COLLINS, CO US","40.57629","-105.08575","1525.2","2024-02-24","14.09",",,7","0.00",",,7,1900","0.0",",,7,","0.0",",,7,","61",",,7","21",",,7"
"USC00053005","FORT COLLINS, CO US","40.57629","-105.08575","1525.2","2024-02-25","4.03",",,7","0.00",",,7,1900","0.0",",,7,","0.0",",,7,","65",",,7","37",",,7"
"USC00053005","FORT COLLINS, CO US","40.57629","-105.08575","1525.2","2024-02-26","6.04",",,7","0.00",",,7,1900","0.0",",,7,","0.0",",,7,","65",",,7","45",",,7"
"USC00053005","FORT COLLINS, CO US","40.57629","-105.08575","1525.2","2024-02-27","4.92",",,7","0.03",",,7,1900","0.0",",,7,","0.0",",,7,","54",",,7","27",",,7"
"USC00053005","FORT COLLINS, CO US","40.57629","-105.08575","1525.2","2024-02-28","2.01",",,7","0.00",",,7,1900","0.0",",,7,","0.0",",,7,","52",",,7","14",",,7"
"USC00053005","FORT COLLINS, CO US","40.57629","-105.08575","1525.2","2024-02-29","2.91",",,7","0.00",",,7,1900","0.0",",,7,","0.0",",,7,","63",",,7","23",",,7"
"USC00053005","FORT COLLINS, CO US","40.57629","-105.08575","1525.2","2024-03-01","2.91",",,7","0.00",",,7,1900","0.0",",,7,","0.0",",,7,","65",",,7","29",",,7"
"USC00053005","FORT COLLINS, CO US","40.57629","-105.08575","1525.2","2024-03-02","2.01",",,7","0.00",",,7,1900","0.0",",,7,","0.0",",,7,","69",",,7","30",",,7"
"USC00053005","FORT COLLINS, CO US","40.57629","-105.08575","1525.2","2024-03-03","10.07",",,7","0.01",",,7,1900","0.0",",,7,","0.0",",,7,","58",",,7","33",",,7"
"USC00053005","FORT COLLINS, CO US","40.57629","-105.08575","1525.2","2024-03-04","2.91",",,7","0.00","T,,7,1900","0.0",",,7,","0.0",",,7,","45",",,7","25",",,7"
"USC00053005","FORT COLLINS, CO US","40.57629","-105.08575","1525.2","2024-03-05","0.89",",,7","0.00","T,,7,1900","0.0",",,7,","0.0",",,7,","48",",,7","23",",,7"
"USC00053005","FORT COLLINS, CO US","40.57629","-105.08575","1525.2","2024-03-06","0.89",",,7","0.00",",,7,1900","0.0",",,7,","0.0",",,7,","60",",,7","21",",,7"
"USC00053005","FORT COLLINS, CO US","40.57629","-105.08575","1525.2","2024-03-07","4.03",",,7","0.02",",,7,1900","0.0","T,,7,","0.0","T,,7,","48",",,7","33",",,7"
"USC00053005","FORT COLLINS, CO US","40.57629","-105.08575","1525.2","2024-03-08","2.01",",,7","0.15",",,7,1900","1.2",",,7,","0.0","T,,7,","39",",,7","25",",,7"
"USC00053005","FORT COLLINS, CO US","40.57629","-105.08575","1525.2","2024-03-09","0.89",",,7","0.00",",,7,1900","0.0",",,7,","0.0",",,7,","55",",,7","16",",,7"
"USC00053005","FORT COLLINS, CO US","40.57629","-105.08575","1525.2","2024-03-10","0.00",",,7","0.00",",,7,1900","0.0",",,7,","0.0",",,7,","64",",,7","23",",,7"
"USC00053005","FORT COLLINS, CO US","40.57629","-105.08575","1525.2","2024-03-11","0.89",",,7","0.00",",,7,1900","0.0",",,7,","0.0",",,7,","56",",,7","26",",,7"
"USC00053005","FORT COLLINS, CO US","40.57629","-105.08575","1525.2","2024-03-12","2.01",",,7","0.00",",,7,1900","0.0",",,7,","0.0",",,7,","61",",,7","29",",,7"
"USC00053005","FORT COLLINS, CO US","40.57629","-105.08575","1525.2","2024-03-13","4.03",",,7","0.04",",,7,1900","0.0",",,7,","0.0",",,7,","55",",,7","37",",,7"
"USC00053005","FORT COLLINS, CO US","40.57629","-105.08575","1525.2","2024-03-14","0.89",",,7","0.93",",,7,1900","3.1",",,7,","3.0",",,7,","43",",,7","33",",,7"
"USC00053005","FORT COLLINS, CO US","40.57629","-105.08575","1525.2","2024-03-15","0.89",",,7","0.50",",,7,1900","3.5",",,7,","4.0",",,7,","40",",,7","31",",,7"
"USC00053005","FORT COLLINS, CO US","40.57629","-105.08575","1525.2","2024-03-16","2.01",",,7","0.00",",,7,1900","0.0",",,7,","1.0",",,7,","50",",,7","25",",,7"
"USC00053005","FORT COLLINS, CO US","40.57629","-105.08575","1525.2","2024-03-17","2.01",",,7","0.00",",,7,1900","0.0",",,7,","0.0","T,,7,","48",",,7","34",",,7"
"USC00053005","FORT COLLINS, CO US","40.57629","-105.08575","1525.2","2024-03-18","0.89",",,7","0.00",",,7,1900","0.0",",,7,","0.0",",,7,","62",",,7","28",",,7"
"USC00053005","FORT COLLINS, CO US","40.57629","-105.08575","1525.2","2024-03-19","2.01",",,7","0.00",",,7,1900","0.0",",,7,","0.0",",,7,","65",",,7","31",",,7"
"USC00053005","FORT COLLINS, CO US","40.57629","-105.08575","1525.2","2024-03-20","0.89",",,7","0.00",",,7,1900","0.0",",,7,","0.0",",,7,","58",",,7","35",",,7"
"USC00053005","FORT COLLINS, CO US","40.57629","-105.08575","1525.2","2024-03-21","6.04",",,7","0.00",",,7,1900","0.0",",,7,","0.0",",,7,","69",",,7","30",",,7"
"USC00053005","FORT COLLINS, CO US","40.57629","-105.08575","1525.2","2024-03-22","2.01",",,7","0.00","T,,7,1900","0.0",",,7,","0.0",",,7,","61",",,7","36",",,7"
"USC00053005","FORT COLLINS, CO US","40.57629","-105.08575","1525.2","2024-03-23","0.89",",,7","0.00",",,7,1900","0.0",",,7,","0.0",",,7,","59",",,7","31",",,7"
"USC00053005","FORT COLLINS, CO US","40.57629","-105.08575","1525.2","2024-03-24","6.04",",,7","0.09",",,7,1900","1.0",",,7,","1.0",",,7,","59",",,7","29",",,7"
"USC00053005","FORT COLLINS, CO US","40.57629","-105.08575","1525.2","2024-03-25","0.89",",,7","0.08",",,7,1900","0.2",",,7,","0.0","T,,7,","39",",,7","20",",,7"
"USC00053005","FORT COLLINS, CO US","40.57629","-105.08575","1525.2","2024-03-26","0.00",",,7","0.00",",,7,1900","0.0",",,7,","0.0",",,7,","44",",,7","18",",,7"
"USC00053005","FORT COLLINS, CO US","40.57629","-105.08575","1525.2","2024-03-27","2.01",",,7","0.00",",,7,1900","0.0",",,7,","0.0",",,7,","55",",,7","27",",,7"
"USC00053005","FORT COLLINS, CO US","40.57629","-105.08575","1525.2","2024-03-28","6.04",",,7","0.00",",,7,1900","0.0",",,7,1900","0.0",",,7,1900","64",",,7","29",",,7"
"USC00053005","FORT COLLINS, CO US","40.57629","-105.08575","1525.2","2024-03-29","0.00",",,7","0.11",",,7,1900","0.0",",,7,1900","0.0",",,7,1900","54",",,7","38",",,7"
"USC00053005","FORT COLLINS, CO US","40.57629","-105.08575","1525.2","2024-03-30","2.91",",,7","0.01",",,7,1900","0.0",",,7,1900","0.0",",,7,1900","58",",,7","38",",,7"
"USC00053005","FORT COLLINS, CO US","40.57629","-105.08575","1525.2","2024-03-31","6.93",",,7","0.00","T,,7,1900","0.0",",,7,1900","0.0",",,7,1900","57",",,7","35",",,7"
"USC00053005","FORT COLLINS, CO US","40.57629","-105.08575","1525.2","2024-04-01","2.91",",,7","0.04",",,7,1900","0.0",",,7,1900","0.0",",,7,1900","55",",,7","39",",,7"
"USC00053005","FORT COLLINS, CO US","40.57629","-105.08575","1525.2","2024-04-02","2.01",",,7","0.00",",,7,1900","0.0",",,7,1900","0.0",",,7,1900","63",",,7","35",",,7"
"USC00053005","FORT COLLINS, CO US","40.57629","-105.08575","1525.2","2024-04-03","2.01",",,7","0.00",",,7,1900","0.0",",,7,1900","0.0",",,7,1900","73",",,7","35",",,7"
"USC00053005","FORT COLLINS, CO US","40.57629","-105.08575","1525.2","2024-04-04","0.00",",,7","0.00",",,7,1900","0.0",",,7,1900","0.0",",,7,1900","73",",,7","33",",,7"
"USC00053005","FORT COLLINS, CO US","40.57629","-105.08575","1525.2","2024-04-05","8.95",",,7","0.00",",,7,1900","0.0",",,7,1900","0.0",",,7,1900","75",",,7","42",",,7"
"USC00053005","FORT COLLINS, CO US","40.57629","-105.08575","1525.2","2024-04-06","14.09",",,7","0.00","T,,7,1900","0.0",",,7,1900","0.0",",,7,1900","68",",,7","42",",,7"
"USC00053005","FORT COLLINS, CO US","40.57629","-105.08575","1525.2","2024-04-07","8.05",",,7","0.00",",,7,1900","0.0",",,7,1900","0.0",",,7,1900","56",",,7","39",",,7"
"USC00053005","FORT COLLINS, CO US","40.57629","-105.08575","1525.2","2024-04-08","4.03",",,7","0.00",",,7,1900","0.0",",,7,1900","0.0",",,7,1900","57",",,7","35",",,7"
"USC00053005","FORT COLLINS, CO US","40.57629","-105.08575","1525.2","2024-04-09","2.91",",,7","0.00",",,7,1900","0.0",",,7,1900","0.0",",,7,1900","60",",,7","27",",,7"
"USC00053005","FORT COLLINS, CO US","40.57629","-105.08575","1525.2","2024-04-10","0.89",",,7","0.01",",,7,1900","0.0",",,7,1900","0.0",",,7,1900","58",",,7","40",",,7"
"USC00053005","FORT COLLINS, CO US","40.57629","-105.08575","1525.2","2024-04-11","6.93",",,7","0.00","T,,7,1900","0.0",",,7,1900","0.0",",,7,1900","61",",,7","32",",,7"
"USC00053005","FORT COLLINS, CO US","40.57629","-105.08575","1525.2","2024-04-12","4.92",",,7","0.00",",,7,1900","0.0",",,7,1900","0.0",",,7,1900","76",",,7","33",",,7"
"USC00053005","FORT COLLINS, CO US","40.57629","-105.08575","1525.2","2024-04-13","2.01",",,7","0.00","T,,7,1900","0.0",",,7,1900","0.0",",,7,1900","78",",,7","46",",,7"
"USC00053005","FORT COLLINS, CO US","40.57629","-105.08575","1525.2","2024-04-14","4.92",",,7","0.00",",,7,1900","0.0",",,7,1900","0.0",",,7,1900","80",",,7","39",",,7"
"USC00053005","FORT COLLINS, CO US","40.57629","-105.08575","1525.2","2024-04-15","8.95",",,7","0.00",",,7,1900","0.0",",,7,1900","0.0",",,7,1900","76",",,7","41",",,7"
"USC00053005","FORT COLLINS, CO US","40.57629","-105.08575","1525.2","2024-04-16","8.05",",,7","0.07",",,7,1900","0.0",",,7,1900","0.0",",,7,1900","68",",,7","46",",,7"
"USC00053005","FORT COLLINS, CO US","40.57629","-105.08575","1525.2","2024-04-17","6.04",",,7","0.00","T,,7,1900","0.0",",,7,1900","0.0",",,7,1900","71",",,7","45",",,7"
"USC00053005","FORT COLLINS, CO US","40.57629","-105.08575","1525.2","2024-04-18","0.89",",,7","0.25",",,7,1900","1.7",",,7,1900","0.0","T,,7,1900","47",",,7","32",",,7"
"USC00053005","FORT COLLINS, CO US","40.57629","-105.08575","1525.2","2024-04-19","0.89",",,7","0.18",",,7,1900","0.0","T,,7,1900","0.0","T,,7,1900","36",",,7","32",",,7"
"USC00053005","FORT COLLINS, CO US","40.57629","-105.08575","1525.2","2024-04-20","2.91",",,7","0.15",",,7,1900","2.2",",,7,1900","0.0","T,,7,1900","36",",,7","30",",,7"
"USC00053005","FORT COLLINS, CO US","40.57629","-105.08575","1525.2","2024-04-21","2.01",",,7","0.00","T,,7,1900","0.0","T,,7,1900","0.0",",,7,1900","61",",,7","26",",,7"
"USC00053005","FORT COLLINS, CO US","40.57629","-105.08575","1525.2","2024-04-22","0.89",",,7","0.00",",,7,1900","0.0",",,7,1900","0.0",",,7,1900","77",",,7","29",",,7"
"USC00053005","FORT COLLINS, CO US","40.57629","-105.08575","1525.2","2024-04-23","2.91",",,7","0.00","T,,7,1900","0.0",",,7,1900","0.0",",,7,1900","67",",,7","41",",,7"
"USC00053005","FORT COLLINS, CO US","40.57629","-105.08575","1525.2","2024-04-24","0.00",",,7","0.00","T,,7,1900","0.0",",,7,1900","0.0",",,7,1900","73",",,7","40",",,7"
"USC00053005","FORT COLLINS, CO US","40.57629","-105.08575","1525.2","2024-04-25","6.93",",,7","0.00","T,,7,1900","0.0",",,7,1900","0.0",",,7,1900","70",",,7","51",",,7"
"USC00053005","FORT COLLINS, CO US","40.57629","-105.08575","1525.2","2024-04-26","6.04",",,7","0.09",",,7,1900","0.0",",,7,1900","0.0",",,7,1900","70",",,7","51",",,7"
"USC00053005","FORT COLLINS, CO US","40.57629","-105.08575","1525.2","2024-04-27","2.01",",,7","1.11",",,7,1900","0.0",",,7,1900","0.0",",,7,1900","53",",,7","41",",,7"
"USC00053005","FORT COLLINS, CO US","40.57629","-105.08575","1525.2","2024-04-28","4.03",",,7","0.05",",,7,1900","0.0",",,7,1900","0.0",",,7,1900","65",",,7","38",",,7"
"USC00053005","FORT COLLINS, CO US","40.57629","-105.08575","1525.2","2024-04-29","2.91",",,7","0.00",",,7,1900","0.0",",,7,1900","0.0",",,7,1900","66",",,7","36",",,7"
"USC00053005","FORT COLLINS, CO US","40.57629","-105.08575","1525.2","2024-04-30","2.91",",,7","0.00",",,7,1900","0.0",",,7,1900","0.0",",,7,1900","74",",,7","44",",,7"
"USC00053005","FORT COLLINS, CO US","40.57629","-105.08575","1525.2","2024-05-01","2.01",",,7","0.01",",,7,1900","0.0",",,7,1900","0.0",",,7,1900","65",",,7","44",",,7"
"USC00053005","FORT COLLINS, CO US","40.57629","-105.08575","1525.2","2024-05-02","6.04",",,7","0.00","T,,7,1900","0.0",",,7,1900","0.0",",,7,1900","63",",,7","39",",,7"
"USC00053005","FORT COLLINS, CO US","40.57629","-105.08575","1525.2","2024-05-03","6.04",",,7","0.00","T,,7,1900","0.0",",,7,1900","0.0",",,7,1900","67",",,7","40",",,7"
"USC00053005","FORT COLLINS, CO US","40.57629","-105.08575","1525.2","2024-05-04","0.89",",,7","0.00","T,,7,1900","0.0",",,7,1900","0.0",",,7,1900","64",",,7","37",",,7"
"USC00053005","FORT COLLINS, CO US","40.57629","-105.08575","1525.2","2024-05-05","4.03",",,7","0.00",",,7,1900","0.0",",,7,1900","0.0",",,7,1900","74",",,7","39",",,7"
"USC00053005","FORT COLLINS, CO US","40.57629","-105.08575","1525.2","2024-05-06","2.91",",,7","0.00","T,,7,1900","0.0",",,7,1900","0.0",",,7,1900","71",",,7","48",",,7"
"USC00053005","FORT COLLINS, CO US","40.57629","-105.08575","1525.2","2024-05-07","6.93",",,7","0.00",",,7,1900","0.0",",,7,1900","0.0",",,7,1900","61",",,7","45",",,7"
"USC00053005","FORT COLLINS, CO US","40.57629","-105.08575","1525.2","2024-05-08","2.91",",,7","0.00","T,,7,1900","0.0",",,7,1900","0.0",",,7,1900","58",",,7","34",",,7"
"USC00053005","FORT COLLINS, CO US","40.57629","-105.08575","1525.2","2024-05-09","4.03",",,7","0.18",",,7,1900","0.0",",,7,1900","0.0",",,7,1900","56",",,7","39",",,7"
"USC00053005","FORT COLLINS, CO US","40.57629","-105.08575","1525.2","2024-05-10","6.04",",,7","0.00","T,,7,1900","0.0",",,7,1900","0.0",",,7,1900","61",",,7","44",",,7"
"USC00053005","FORT COLLINS, CO US","40.57629","-105.08575","1525.2","2024-05-11","0.00",",,7","0.00",",,7,1900","0.0",",,7,1900","0.0",",,7,1900","68",",,7","36",",,7"
"USC00053005","FORT COLLINS, CO US","40.57629","-105.08575","1525.2","2024-05-12","2.91",",,7","0.04",",,7,1900","0.0",",,7,1900","0.0",",,7,1900","73",",,7","48",",,7"
"USC00053005","FORT COLLINS, CO US","40.57629","-105.08575","1525.2","2024-05-13","6.93",",,7","0.00","T,,7,1900","0.0",",,7,1900","0.0",",,7,1900","76",",,7","41",",,7"
"USC00053005","FORT COLLINS, CO US","40.57629","-105.08575","1525.2","2024-05-14","6.93",",,7","0.00",",,7,1900","0.0",",,7,1900","0.0",",,7,1900","79",",,7","52",",,7"
"USC00053005","FORT COLLINS, CO US","40.57629","-105.08575","1525.2","2024-05-15","0.89",",,7","0.09",",,7,1900","0.0",",,7,1900","0.0",",,7,1900","68",",,7","47",",,7"
"USC00053005","FORT COLLINS, CO US","40.57629","-105.08575","1525.2","2024-05-16","2.01",",,7","0.02",",,7,1900","0.0",",,7,1900","0.0",",,7,1900","76",",,7","42",",,7"
"USC00053005","FORT COLLINS, CO US","40.57629","-105.08575","1525.2","2024-05-17","6.04",",,7","0.00",",,7,1900","0.0",",,7,1900","0.0",",,7,1900","84",",,7","47",",,7"
"USC00053005","FORT COLLINS, CO US","40.57629","-105.08575","1525.2","2024-05-18","6.93",",,7","0.00",",,7,1900","0.0",",,7,1900","0.0",",,7,1900","76",",,7","48",",,7"
"USC00053005","FORT COLLINS, CO US","40.57629","-105.08575","1525.2","2024-05-19","2.91",",,7","0.00","T,,7,1900","0.0",",,7,1900","0.0",",,7,1900","80",",,7","54",",,7"
"USC00053005","FORT COLLINS, CO US","40.57629","-105.08575","1525.2","2024-05-20","6.04",",,7","0.00","T,,7,1900","0.0",",,7,1900","0.0",",,7,1900","68",",,7","48",",,7"
"USC00053005","FORT COLLINS, CO US","40.57629","-105.08575","1525.2","2024-05-21","2.91",",,7","0.27",",,7,1900","0.0",",,7,1900","0.0",",,7,1900","62",",,7","43",",,7"
"USC00053005","FORT COLLINS, CO US","40.57629","-105.08575","1525.2","2024-05-22","2.01",",,7","0.00",",,7,1900","0.0",",,7,1900","0.0",",,7,1900","72",",,7","36",",,7"
"USC00053005","FORT COLLINS, CO US","40.57629","-105.08575","1525.2","2024-05-23","6.93",",,7","0.00",",,7,1900","0.0",",,7,1900","0.0",",,7,1900","79",",,7","40",",,7"
"USC00053005","FORT COLLINS, CO US","40.57629","-105.08575","1525.2","2024-05-24","4.92",",,7","0.00",",,7,1900","0.0",",,7,1900","0.0",",,7,1900","70",",,7","39",",,7"
"USC00053005","FORT COLLINS, CO US","40.57629","-105.08575","1525.2","2024-05-25","8.95",",,7","0.00","T,,7,1900","0.0",",,7,1900","0.0",",,7,1900","72",",,7","46",",,7"
"USC00053005","FORT COLLINS, CO US","40.57629","-105.08575","1525.2","2024-05-26","6.04",",,7","0.00","T,,7,1900","0.0",",,7,1900","0.0",",,7,1900","74",",,7","48",",,7"
"USC00053005","FORT COLLINS, CO US","40.57629","-105.08575","1525.2","2024-05-27","0.89",",,7","0.00",",,7,1900","0.0",",,7,1900","0.0",",,7,1900","79",",,7","49",",,7"
"USC00053005","FORT COLLINS, CO US","40.57629","-105.08575","1525.2","2024-05-28","2.91",",,7","0.02",",,7,1900","0.0",",,7,1900","0.0",",,7,1900","81",",,7","46",",,7"
"USC00053005","FORT COLLINS, CO US","40.57629","-105.08575","1525.2","2024-05-29","0.00",",,7","0.01",",,7,1900","0.0",",,7,1900","0.0",",,7,1900","80",",,7","50",",,7"
"USC00053005","FORT COLLINS, CO US","40.57629","-105.08575","1525.2","2024-05-30","2.01",",,7","0.04",",,7,1900","0.0",",,7,1900","0.0",",,7,1900","81",",,7","54",",,7"
"USC00053005","FORT COLLINS, CO US","40.57629","-105.08575","1525.2","2024-05-31","4.03",",,7","0.00",",,7,1900","0.0",",,7,1900","0.0",",,7,1900","72",",,7","50",",,7"
"USC00053005","FORT COLLINS, CO US","40.57629","-105.08575","1525.2","2024-06-01","0.00",",,7","0.00","T,,7,1900","0.0",",,7,1900","0.0",",,7,1900","84",",,7","49",",,7"
"USC00053005","FORT COLLINS, CO US","40.57629","-105.08575","1525.2","2024-06-02","2.01",",,7","0.00","T,,7,1900","0.0",",,7,1900","0.0",",,7,1900","82",",,7","52",",,7"
"USC00053005","FORT COLLINS, CO US","40.57629","-105.08575","1525.2","2024-06-03","2.01",",,7","0.00",",,7,1900","0.0",",,7,1900","0.0",",,7,1900","86",",,7","51",",,7"
"USC00053005","FORT COLLINS, CO US","40.57629","-105.08575","1525.2","2024-06-04","2.91",",,7","0.00",",,7,1900","0.0",",,7,1900","0.0",",,7,1900","83",",,7","59",",,7"
"USC00053005","FORT COLLINS, CO US","40.57629","-105.08575","1525.2","2024-06-05","4.92",",,7","0.00",",,7,1900","0.0",",,7,1900","0.0",",,7,1900","90",",,7","53",",,7"
"USC00053005","FORT COLLINS, CO US","40.57629","-105.08575","1525.2","2024-06-06","4.92",",,7","0.00",",,7,1900","0.0",",,7,1900","0.0",",,7,1900","89",",,7","58",",,7"
"USC00053005","FORT COLLINS, CO US","40.57629","-105.08575","1525.2","2024-06-07","8.05",",,7","0.00","T,,7,1900","0.0",",,7,1900","0.0",",,7,1900","94",",,7","56",",,7"
"USC00053005","FORT COLLINS, CO US","40.57629","-105.08575","1525.2","2024-06-08","0.89",",,7","0.05",",,7,1900","0.0",",,7,1900","0.0",",,7,1900","80",",,7","61",",,7"
"USC00053005","FORT COLLINS, CO US","40.57629","-105.08575","1525.2","2024-06-09","4.92",",,7","0.00","T,,7,1900","0.0",",,7,1900","0.0",",,7,1900","73",",,7","53",",,7"
"USC00053005","FORT COLLINS, CO US","40.57629","-105.08575","1525.2","2024-06-10","4.03",",,7","0.03",",,7,1900","0.0",",,7,1900","0.0",",,7,1900","85",",,7","61",",,7"
"USC00053005","FORT COLLINS, CO US","40.57629","-105.08575","1525.2","2024-06-11","2.91",",,7","0.00",",,7,1900","0.0",",,7,1900","0.0",",,7,1900","86",",,7","57",",,7"
"USC00053005","FORT COLLINS, CO US","40.57629","-105.08575","1525.2","2024-06-12","0.00",",,7","0.00","T,,7,1900","0.0",",,7,1900","0.0",",,7,1900","97",",,7","57",",,7"
"USC00053005","FORT COLLINS, CO US","40.57629","-105.08575","1525.2","2024-06-13","4.92",",,7","0.00",",,7,1900","0.0",",,7,1900","0.0",",,7,1900","93",",,7","59",",,7"
"USC00053005","FORT COLLINS, CO US","40.57629","-105.08575","1525.2","2024-06-14","2.01",",,7","0.08",",,7,1900","0.0",",,7,1900","0.0",",,7,1900","82",",,7","64",",,7"
"USC00053005","FORT COLLINS, CO US","40.57629","-105.08575","1525.2","2024-06-15","0.89",",,7","0.00",",,7,1900","0.0",",,7,1900","0.0",",,7,1900","90",",,7","57",",,7"
"USC00053005","FORT COLLINS, CO US","40.57629","-105.08575","1525.2","2024-06-16","2.01",",,7","0.00",",,7,1900","0.0",",,7,1900","0.0",",,7,1900","84",",,7","56",",,7"
"USC00053005","FORT COLLINS, CO US","40.57629","-105.08575","1525.2","2024-06-17","0.00",",,7","0.00",",,7,1900","0.0",",,7,1900","0.0",",,7,1900","86",",,7","57",",,7"
"USC00053005","FORT COLLINS, CO US","40.57629","-105.08575","1525.2","2024-06-18","4.03",",,7","0.00",",,7,1900","0.0",",,7,1900","0.0",",,7,1900","84",",,7","58",",,7"
"USC00053005","FORT COLLINS, CO US","40.57629","-105.08575","1525.2","2024-06-19","4.92",",,7","0.00","T,,7,1900","0.0",",,7,1900","0.0",",,7,1900","72",",,7","46",",,7"
"USC00053005","FORT COLLINS, CO US","40.57629","-105.08575","1525.2","2024-06-20","2.91",",,7","0.00","T,,7,1900","0.0",",,7,1900","0.0",",,7,1900","88",",,7","56",",,7"
"USC00053005","FORT COLLINS, CO US","40.57629","-105.08575","1525.2","2024-06-21","2.01",",,7","0.00","T,,7,1900","0.0",",,7,1900","0.0",",,7,1900","85",",,7","61",",,7"
"USC00053005","FORT COLLINS, CO US","40.57629","-105.08575","1525.2","2024-06-22","2.01",",,7","0.01",",,7,1900","0.0",",,7,1900","0.0",",,7,1900","89",",,7","55",",,7"
"USC00053005","FORT COLLINS, CO US","40.57629","-105.08575","1525.2","2024-06-23","2.01",",,7","0.00","T,,7,1900","0.0",",,7,1900","0.0",",,7,1900","96",",,7","54",",,7"
"USC00053005","FORT COLLINS, CO US","40.57629","-105.08575","1525.2","2024-06-24","0.89",",,7","0.02",",,7,1900","0.0",",,7,1900","0.0",",,7,1900","93",",,7","58",",,7"
"USC00053005","FORT COLLINS, CO US","40.57629","-105.08575","1525.2","2024-06-25","0.89",",,7","0.00",",,7,1900","0.0",",,7,1900","0.0",",,7,1900","99",",,7","57",",,7"
"USC00053005","FORT COLLINS, CO US","40.57629","-105.08575","1525.2","2024-06-26","6.04",",,7","0.00","T,,7,1900","0.0",",,7,1900","0.0",",,7,1900","88",",,7","61",",,7"
"USC00053005","FORT COLLINS, CO US","40.57629","-105.08575","1525.2","2024-06-27","0.00",",,7","0.01",",,7,1900","0.0",",,7,1900","0.0",",,7,1900","90",",,7","63",",,7"
"USC00053005","FORT COLLINS, CO US","40.57629","-105.08575","1525.2","2024-06-28","2.91",",,7","0.00","T,,7,1900","0.0",",,7,1900","0.0",",,7,1900","91",",,7","63",",,7"
"USC00053005","FORT COLLINS, CO US","40.57629","-105.08575","1525.2","2024-06-29","6.93",",,7","0.00","T,,7,1900","0.0",",,7,1900","0.0",",,7,1900","82",",,7","55",",,7"
"USC00053005","FORT COLLINS, CO US","40.57629","-105.08575","1525.2","2024-06-30","6.04",",,7","0.14",",,7,1900","0.0",",,7,1900","0.0",",,7,1900","88",",,7","58",",,7"
"USC00053005","FORT COLLINS, CO US","40.57629","-105.08575","1525.2","2024-07-01","2.01",",,7","0.02",",,7,1900","0.0",",,7,1900","0.0",",,7,1900","82",",,7","63",",,7"
"USC00053005","FORT COLLINS, CO US","40.57629","-105.08575","1525.2","2024-07-02","0.89",",,7","0.00","T,,7,1900","0.0",",,7,1900","0.0",",,7,1900","86",",,7","61",",,7"
"USC00053005","FORT COLLINS, CO US","40.57629","-105.08575","1525.2","2024-07-03","0.89",",,7","0.00",",,7,1900","0.0",",,7,1900","0.0",",,7,1900","90",",,7","54",",,7"
"USC00053005","FORT COLLINS, CO US","40.57629","-105.08575","1525.2","2024-07-04","0.89",",,7","0.00",",,7,1900","0.0",",,7,1900","0.0",",,7,1900","82",",,7","52",",,7"
"USC00053005","FORT COLLINS, CO US","40.57629","-105.08575","1525.2","2024-07-05","6.04",",,7","0.00",",,7,1900","0.0",",,7,1900","0.0",",,7,1900","82",",,7","54",",,7"
"USC00053005","FORT COLLINS, CO US","40.57629","-105.08575","1525.2","2024-07-06","0.89",",,7","0.00","T,,7,1900","0.0",",,7,1900","0.0",",,7,1900","87",",,7","51",",,7"
"USC00053005","FORT COLLINS, CO US","40.57629","-105.08575","1525.2","2024-07-07","0.00",",,7","0.05",",,7,1900","0.0",",,7,1900","0.0",",,7,1900","83",",,7","55",",,7"
"USC00053005","FORT COLLINS, CO US","40.57629","-105.08575","1525.2","2024-07-08","4.92",",,7","0.00",",,7,1900","0.0",",,7,1900","0.0",",,7,1900","82",",,7","51",",,7"
"USC00053005","FORT COLLINS, CO US","40.57629","-105.08575","1525.2","2024-07-09","0.89",",,7","0.00","T,,7,1900","0.0",",,7,1900","0.0",",,7,1900","89",",,7","52",",,7"
"USC00053005","FORT COLLINS, CO US","40.57629","-105.08575","1525.2","2024-07-10","2.01",",,7","0.00",",,7,1900","0.0",",,7,1900","0.0",",,7,1900","92",",,7","56",",,7"
"USC00053005","FORT COLLINS, CO US","40.57629","-105.08575","1525.2","2024-07-11","0.89",",,7","0.00",",,7,1900","0.0",",,7,1900","0.0",",,7,1900","97",",,7","58",",,7"
"USC00053005","FORT COLLINS, CO US","40.57629","-105.08575","1525.2","2024-07-12","0.00",",,7","0.00",",,7,1900","0.0",",,7,1900","0.0",",,7,1900","102",",,7","59",",,7"
"USC00053005","FORT COLLINS, CO US","40.57629","-105.08575","1525.2","2024-07-13","0.89",",,7","0.00",",,7,1900","0.0",",,7,1900","0.0",",,7,1900","96",",,7","60",",,7"
"USC00053005","FORT COLLINS, CO US","40.57629","-105.08575","1525.2","2024-07-14","6.04",",,7","0.04",",,7,1900","0.0",",,7,1900","0.0",",,7,1900","99",",,7","62",",,7"
"USC00053005","FORT COLLINS, CO US","40.57629","-105.08575","1525.2","2024-07-15","4.03",",,7","0.01",",,7,1900","0.0",",,7,1900","0.0",",,7,1900","96",",,7","64",",,7"
"USC00053005","FORT COLLINS, CO US","40.57629","-105.08575","1525.2","2024-07-16","0.00",",,7","0.00","T,,7,1900","0.0",",,7,1900","0.0",",,7,1900","89",",,7","58",",,7"
"USC00053005","FORT COLLINS, CO US","40.57629","-105.08575","1525.2","2024-07-17","6.04",",,7","0.00",",,7,1900","0.0",",,7,1900","0.0",",,7,1900","88",",,7","61",",,7"
"USC00053005","FORT COLLINS, CO US","40.57629","-105.08575","1525.2","2024-07-18","0.00",",,7","0.00","T,,7,1900","0.0",",,7,1900","0.0",",,7,1900","85",",,7","57",",,7"
"USC00053005","FORT COLLINS, CO US","40.57629","-105.08575","1525.2","2024-07-19","2.01",",,7","0.06",",,7,1900","0.0",",,7,1900","0.0",",,7,1900","89",",,7","58",",,7"
"USC00053005","FORT COLLINS, CO US","40.57629","-105.08575","1525.2","2024-07-20","4.92",",,7","0.36",",,7,1900","0.0",",,7,1900","0.0",",,7,1900","85",",,7","58",",,7"
"USC00053005","FORT COLLINS, CO US","40.57629","-105.08575","1525.2","2024-07-21","4.92",",,7","0.01",",,7,1900","0.0",",,7,1900","0.0",",,7,1900","80",",,7","58",",,7"
"USC00053005","FORT COLLINS, CO US","40.57629","-105.08575","1525.2","2024-07-22","0.00",",,7","0.00","T,,7,1900","0.0",",,7,1900","0.0",",,7,1900","85",",,7","53",",,7"
"USC00053005","FORT COLLINS, CO US","40.57629","-105.08575","1525.2","2024-07-23","0.89",",,7","0.00",",,7,1900","0.0",",,7,1900","0.0",",,7,1900","90",",,7","55",",,7"
"USC00053005","FORT COLLINS, CO US","40.57629","-105.08575","1525.2","2024-07-24","2.01",",,7","0.00",",,7,1900","0.0",",,7,1900","0.0",",,7,1900","93",",,7","57",",,7"
"USC00053005","FORT COLLINS, CO US","40.57629","-105.08575","1525.2","2024-07-25","6.04",",,7","0.00",",,7,1900","0.0",",,7,1900","0.0",",,7,1900","96",",,7","58",",,7"
"USC00053005","FORT COLLINS, CO US","40.57629","-105.08575","1525.2","2024-07-26","2.01",",,7","0.00","T,,7,1900","0.0",",,7,1900","0.0",",,7,1900","93",",,7","64",",,7"
"USC00053005","FORT COLLINS, CO US","40.57629","-105.08575","1525.2","2024-07-27","6.04",",,7","0.02",",,7,1900","0.0",",,7,1900","0.0",",,7,1900","90",",,7","59",",,7"
"USC00053005","FORT COLLINS, CO US","40.57629","-105.08575","1525.2","2024-07-28","4.92",",,7","0.05",",,7,1900","0.0",",,7,1900","0.0",",,7,1900","94",",,7","58",",,7"
"USC00053005","FORT COLLINS, CO US","40.57629","-105.08575","1525.2","2024-07-29","0.89",",,7","0.00",",,7,1900","0.0",",,7,1900","0.0",",,7,1900","95",",,7","55",",,7"
"USC00053005","FORT COLLINS, CO US","40.57629","-105.08575","1525.2","2024-07-30","0.89",",,7","0.00",",,7,1900","0.0",",,7,1900","0.0",",,7,1900","94",",,7","55",",,7"
"USC00053005","FORT COLLINS, CO US","40.57629","-105.08575","1525.2","2024-07-31","2.91",",,7","0.00",",,7,1900","0.0",",,7,1900","0.0",",,7,1900","94",",,7","66",",,7"
"USC00053005","FORT COLLINS, CO US","40.57629","-105.08575","1525.2","2024-08-01","0.00",",,7","0.00",",,7,1900","0.0",",,7,1900","0.0",",,7,1900","96",",,7","59",",,7"
"USC00053005","FORT COLLINS, CO US","40.57629","-105.08575","1525.2","2024-08-02","6.93",",,7","0.00","T,,7,1900","0.0",",,7,1900","0.0",",,7,1900","97",",,7","63",",,7"
"USC00053005","FORT COLLINS, CO US","40.57629","-105.08575","1525.2","2024-08-03","2.91",",,7","0.00",",,7,1900","0.0",",,7,1900","0.0",",,7,1900","94",",,7","59",",,7"
"USC00053005","FORT COLLINS, CO US","40.57629","-105.08575","1525.2","2024-08-04","4.03",",,7","0.00","T,,7,1900","0.0",",,7,1900","0.0",",,7,1900","94",",,7","60",",,7"
"USC00053005","FORT COLLINS, CO US","40.57629","-105.08575","1525.2","2024-08-05","12.97",",,7","0.00","T,,7,1900","0.0",",,7,1900","0.0",",,7,1900","92",",,7","63",",,7"
"USC00053005","FORT COLLINS, CO US","40.57629","-105.08575","1525.2","2024-08-06","2.91",",,7","0.00",",,7,1900","0.0",",,7,1900","0.0",",,7,1900","92",",,7","61",",,7"
"USC00053005","FORT COLLINS, CO US","40.57629","-105.08575","1525.2","2024-08-07","4.03",",,7","0.14",",,7,1900","0.0",",,7,1900","0.0",",,7,1900","90",",,7","62",",,7"
"USC00053005","FORT COLLINS, CO US","40.57629","-105.08575","1525.2","2024-08-08","4.92",",,7","0.25",",,7,1900","0.0",",,7,1900","0.0",",,7,1900","70",",,7","58",",,7"
"USC00053005","FORT COLLINS, CO US","40.57629","-105.08575","1525.2","2024-08-09","2.01",",,7","0.31",",,7,1900","0.0",",,7,1900","0.0",",,7,1900","65",",,7","56",",,7"
"USC00053005","FORT COLLINS, CO US","40.57629","-105.08575","1525.2","2024-08-10","4.03",",,7","0.26",",,7,1900","0.0",",,7,1900","0.0",",,7,1900","72",",,7","55",",,7"
"USC00053005","FORT COLLINS, CO US","40.57629","-105.08575","1525.2","2024-08-11","6.04",",,7","0.00","T,,7,1900","0.0",",,7,1900","0.0",",,7,1900","90",",,7","57",",,7"
"USC00053005","FORT COLLINS, CO US","40.57629","-105.08575","1525.2","2024-08-12","0.89",",,7","0.00","T,,7,1900","0.0",",,7,1900","0.0",",,7,1900","84",",,7","60",",,7"
"USC00053005","FORT COLLINS, CO US","40.57629","-105.08575","1525.2","2024-08-13","0.89",",,7","0.90",",,7,1900","0.0",",,7,1900","0.0",",,7,1900","86",",,7","59",",,7"
"USC00053005","FORT COLLINS, CO US","40.57629","-105.08575","1525.2","2024-08-14","2.01",",,7","0.03",",,7,1900","0.0",",,7,1900","0.0",",,7,1900","86",",,7","58",",,7"
"USC00053005","FORT COLLINS, CO US","40.57629","-105.08575","1525.2","2024-08-15","0.89",",,7","0.00","T,,7,1900","0.0",",,7,1900","0.0",",,7,1900","85",",,7","52",",,7"
"USC00053005","FORT COLLINS, CO US","40.57629","-105.08575","1525.2","2024-08-16","0.00",",,7","0.02",",,7,1900","0.0",",,7,1900","0.0",",,7,1900","89",",,7","57",",,7"
"USC00053005","FORT COLLINS, CO US","40.57629","-105.08575","1525.2","2024-08-17","6.04",",,7","0.00","T,,7,1900","0.0",",,7,1900","0.0",",,7,1900","95",",,7","55",",,7"
"USC00053005","FORT COLLINS, CO US","40.57629","-105.08575","1525.2","2024-08-18","2.01",",,7","0.00",",,7,1900","0.0",",,7,1900","0.0",",,7,1900","92",",,7","62",",,7"
"USC00053005","FORT COLLINS, CO US","40.57629","-105.08575","1525.2","2024-08-19","6.93",",,7","0.00","T,,7,1900","0.0",",,7,1900","0.0",",,7,1900","89",",,7","65",",,7"
"USC00053005","FORT COLLINS, CO US","40.57629","-105.08575","1525.2","2024-08-20","2.91",",,7","0.04",",,7,1900","0.0",",,7,1900","0.0",",,7,1900","93",",,7","58",",,7"
"USC00053005","FORT COLLINS, CO US","40.57629","-105.08575","1525.2","2024-08-21","8.05",",,7","0.00",",,7,1900","0.0",",,7,1900","0.0",",,7,1900","92",",,7","61",",,7"
"USC00053005","FORT COLLINS, CO US","40.57629","-105.08575","1525.2","2024-08-22","2.91",",,7","0.00","T,,7,1900","0.0",",,7,1900","0.0",",,7,1900","84",",,7","62",",,7"
"USC00053005","FORT COLLINS, CO US","40.57629","-105.08575","1525.2","2024-08-23","0.89",",,7","0.01",",,7,1900","0.0",",,7,1900","0.0",",,7,1900","86",",,7","58",",,7"
"USC00053005","FORT COLLINS, CO US","40.57629","-105.08575","1525.2","2024-08-24","0.89",",,7","0.00","T,,7,1900","0.0",",,7,1900","0.0",",,7,1900","91",",,7","59",",,7"
"USC00053005","FORT COLLINS, CO US","40.57629","-105.08575","1525.2","2024-08-25","0.89",",,7","0.00","T,,7,1900","0.0",",,7,1900","0.0",",,7,1900","90",",,7","63",",,7"
"USC00053005","FORT COLLINS, CO US","40.57629","-105.08575","1525.2","2024-08-26","0.89",",,7","0.05",",,7,1900","0.0",",,7,1900","0.0",",,7,1900","83",",,7","58",",,7"
"USC00053005","FORT COLLINS, CO US","40.57629","-105.08575","1525.2","2024-08-27","0.00",",,7","0.00",",,7,1900","0.0",",,7,1900","0.0",",,7,1900","84",",,7","52",",,7"
"USC00053005","FORT COLLINS, CO US","40.57629","-105.08575","1525.2","2024-08-28","2.01",",,7","0.00",",,7,1900","0.0",",,7,1900","0.0",",,7,1900","92",",,7","54",",,7"
"USC00053005","FORT COLLINS, CO US","40.57629","-105.08575","1525.2","2024-08-29","4.03",",,7","0.00","T,,7,1900","0.0",",,7,1900","0.0",",,7,1900","84",",,7","56",",,7"
"USC00053005","FORT COLLINS, CO US","40.57629","-105.08575","1525.2","2024-08-30","0.00",",,7","0.00",",,7,1900","0.0",",,7,1900","0.0",",,7,1900","86",",,7","50",",,7"
"USC00053005","FORT COLLINS, CO US","40.57629","-105.08575","1525.2","2024-08-31","2.01",",,7","0.00",",,7,1900","0.0",",,7,1900","0.0",",,7,1900","91",",,7","49",",,7"
"USC00053005","FORT COLLINS, CO US","40.57629","-105.08575","1525.2","2024-09-01","0.89",",,7","0.00",",,7,1900","0.0",",,7,1900","0.0",",,7,1900","87",",,7","52",",,7"
"USC00053005","FORT COLLINS, CO US","40.57629","-105.08575","1525.2","2024-09-02","0.00",",,7","0.00",",,7,1900","0.0",",,7,1900","0.0",",,7,1900","87",",,7","51",",,7"
"USC00053005","FORT COLLINS, CO US","40.57629","-105.08575","1525.2","2024-09-03","0.89",",,7","0.00","T,,7,1900","0.0",",,7,1900","0.0",",,7,1900","92",",,7","52",",,7"
"USC00053005","FORT COLLINS, CO US","40.57629","-105.08575","1525.2","2024-09-04","4.03",",,7","0.15",",,7,1900","0.0",",,7,1900","0.0",",,7,1900","84",",,7","60",",,7"
"USC00053005","FORT COLLINS, CO US","40.57629","-105.08575","1525.2","2024-09-05","0.89",",,7","0.00","T,,7,1900","0.0",",,7,1900","0.0",",,7,1900","78",",,7","55",",,7"
"USC00053005","FORT COLLINS, CO US","40.57629","-105.08575","1525.2","2024-09-06","0.00",",,7","0.00",",,7,1900","0.0",",,7,1900","0.0",",,7,1900","82",",,7","48",",,7"
"USC00053005","FORT COLLINS, CO US","40.57629","-105.08575","1525.2","2024-09-07","0.89",",,7","0.00",",,7,1900","0.0",",,7,1900","0.0",",,7,1900","86",",,7","49",",,7"
"USC00053005","FORT COLLINS, CO US","40.57629","-105.08575","1525.2","2024-09-08","0.00",",,7","0.00","T,,7,1900","0.0",",,7,1900","0.0",",,7,1900","87",",,7","50",",,7"
"USC00053005","FORT COLLINS, CO US","40.57629","-105.08575","1525.2","2024-09-09","0.00",",,7","0.01",",,7,1900","0.0",",,7,1900","0.0",",,7,1900","89",",,7","52",",,7"
"USC00053005","FORT COLLINS, CO US","40.57629","-105.08575","1525.2","2024-09-10","0.00",",,7","0.02",",,7,1900","0.0",",,7,1900","0.0",",,7,1900","89",",,7","54",",,7"
"USC00053005","FORT COLLINS, CO US","40.57629","-105.08575","1525.2","2024-09-11","2.01",",,7","0.01",",,7,1900","0.0",",,7,1900","0.0",",,7,1900","85",",,7","55",",,7"
"USC00053005","FORT COLLINS, CO US","40.57629","-105.08575","1525.2","2024-09-12","6.04",",,7","0.00",",,7,1900","0.0",",,7,1900","0.0",",,7,1900","89",",,7","50",",,7"
"USC00053005","FORT COLLINS, CO US","40.57629","-105.08575","1525.2","2024-09-13","0.00",",,7","0.00",",,7,1900","0.0",",,7,1900","0.0",",,7,1900","79",",,7","52",",,7"
"USC00053005","FORT COLLINS, CO US","40.57629","-105.08575","1525.2","2024-09-14","0.00",",,7","0.00",",,7,1900","0.0",",,7,1900","0.0",",,7,1900","86",",,7","49",",,7"
"USC00053005","FORT COLLINS, CO US","40.57629","-105.08575","1525.2","2024-09-15","2.01",",,7","0.00","T,,7,1900","0.0",",,7,1900","0.0",",,7,1900","88",",,7","50",",,7"
"USC00053005","FORT COLLINS, CO US","40.57629","-105.08575","1525.2","2024-09-16","0.00",",,7","0.00",",,7,1900","0.0",",,7,1900","0.0",",,7,1900","83",",,7","50",",,7"
"USC00053005","FORT COLLINS, CO US","40.57629","-105.08575","1525.2","2024-09-17","4.03",",,7","0.07",",,7,1900","0.0",",,7,1900","0.0",",,7,1900","80",",,7","51",",,7"
"USC00053005","FORT COLLINS, CO US","40.57629","-105.08575","1525.2","2024-09-18","0.89",",,7","0.00",",,7,1900","0.0",",,7,1900","0.0",",,7,1900","81",",,7","46",",,7"
"USC00053005","FORT COLLINS, CO US","40.57629","-105.08575","1525.2","2024-09-19","0.00",",,7","0.00",",,7,1900","0.0",",,7,1900","0.0",",,7,1900","81",",,7","45",",,7"
"USC00053005","FORT COLLINS, CO US","40.57629","-105.08575","1525.2","2024-09-20","0.00",",,7","0.00",",,7,1900","0.0",",,7,1900","0.0",",,7,1900","82",",,7","49",",,7"
"USC00053005","FORT COLLINS, CO US","40.57629","-105.08575","1525.2","2024-09-21","6.04",",,7","0.00","T,,7,1900","0.0",",,7,1900","0.0",",,7,1900","73",",,7","58",",,7"
"USC00053005","FORT COLLINS, CO US","40.57629","-105.08575","1525.2","2024-09-22","2.01",",,7","0.27",",,7,1900","0.0",",,7,1900","0.0",",,7,1900","65",",,7","47",",,7"
"USC00053005","FORT COLLINS, CO US","40.57629","-105.08575","1525.2","2024-09-23","0.00",",,7","0.00",",,7,1900","0.0",",,7,1900","0.0",",,7,1900","82",",,7","40",",,7"
"USC00053005","FORT COLLINS, CO US","40.57629","-105.08575","1525.2","2024-09-24","0.00",",,7","0.00",",,7,1900","0.0",",,7,1900","0.0",",,7,1900","79",",,7","45",",,7"
"USC00053005","FORT COLLINS, CO US","40.57629","-105.08575","1525.2","2024-09-25","0.00",",,7","0.00",",,7,1900","0.0",",,7,1900","0.0",",,7,1900","84",",,7","47",",,7"
"USC00053005","FORT COLLINS, CO US","40.57629","-105.08575","1525.2","2024-09-26","0.89",",,7","0.00",",,7,1900","0.0",",,7,1900","0.0",",,7,1900","90",",,7","49",",,7"
"USC00053005","FORT COLLINS, CO US","40.57629","-105.08575","1525.2","2024-09-27","0.00",",,7","0.00",",,7,1900","0.0",",,7,1900","0.0",",,7,1900","86",",,7","56",",,7"
"USC00053005","FORT COLLINS, CO US","40.57629","-105.08575","1525.2","2024-09-28","0.00",",,7","0.00",",,7,1900","0.0",",,7,1900","0.0",",,7,1900","87",",,7","51",",,7"
"USC00053005","FORT COLLINS, CO US","40.57629","-105.08575","1525.2","2024-09-29","0.00",",,7","0.00",",,7,1900","0.0",",,7,1900","0.0",",,7,1900","88",",,7","50",",,7"
"USC00053005","FORT COLLINS, CO US","40.57629","-105.08575","1525.2","2024-09-30","2.01",",,7","0.00",",,7,1900","0.0",",,7,1900","0.0",",,7,1900","76",",,7","54",",,7"
"USC00053005","FORT COLLINS, CO US","40.57629","-105.08575","1525.2","2024-10-01","0.00",",,7","0.00",",,7,1900","0.0",",,7,1900","0.0",",,7,1900","70",",,7","37",",,7"
"USC00053005","FORT COLLINS, CO US","40.57629","-105.08575","1525.2","2024-10-02","0.00",",,7","0.00",",,7,1900","0.0",",,7,1900","0.0",",,7,1900","88",",,7","42",",,7"
"USC00053005","FORT COLLINS, CO US","40.57629","-105.08575","1525.2","2024-10-03","2.01",",,7","0.00",",,7,1900","0.0",",,7,1900","0.0",",,7,1900","72",",,7","45",",,7"
"USC00053005","FORT COLLINS, CO US","40.57629","-105.08575","1525.2","2024-10-04","0.00",",,7","0.00",",,7,1900","0.0",",,7,1900","0.0",",,7,1900","76",",,7","39",",,7"
"USC00053005","FORT COLLINS, CO US","40.57629","-105.08575","1525.2","2024-10-05","2.91",",,7","0.00",",,7,1900","0.0",",,7,1900","0.0",",,7,1900","87",",,7","44",",,7"
"USC00053005","FORT COLLINS, CO US","40.57629","-105.08575","1525.2","2024-10-06","0.89",",,7","0.00",",,7,1900","0.0",",,7,1900","0.0",",,7,1900","74",",,7","40",",,7"
"USC00053005","FORT COLLINS, CO US","40.57629","-105.08575","1525.2","2024-10-07","2.01",",,7","0.00",",,7,1900","0.0",",,7,1900","0.0",",,7,1900","82",",,7","41",",,7"
"USC00053005","FORT COLLINS, CO US","40.57629","-105.08575","1525.2","2024-10-08","2.91",",,7","0.00",",,7,1900","0.0",",,7,1900","0.0",",,7,1900","80",",,7","40",",,7"
"USC00053005","FORT COLLINS, CO US","40.57629","-105.08575","1525.2","2024-10-09","0.00",",,7","0.00",",,7,1900","0.0",",,7,1900","0.0",",,7,1900","81",",,7","41",",,7"
"USC00053005","FORT COLLINS, CO US","40.57629","-105.08575","1525.2","2024-10-10","0.00",",,7","0.00",",,7,1900","0.0",",,7,1900","0.0",",,7,1900","87",",,7","42",",,7"
"USC00053005","FORT COLLINS, CO US","40.57629","-105.08575","1525.2","2024-10-11","0.00",",,7","0.00",",,7,1900","0.0",",,7,1900","0.0",",,7,1900","70",",,7","47",",,7"
"USC00053005","FORT COLLINS, CO US","40.57629","-105.08575","1525.2","2024-10-12","0.89",",,7","0.00",",,7,1900","0.0",",,7,1900","0.0",",,7,1900","80",",,7","42",",,7"
"USC00053005","FORT COLLINS, CO US","40.57629","-105.08575","1525.2","2024-10-13","0.89",",,7","0.00",",,7,1900","0.0",",,7,1900","0.0",",,7,1900","68",",,7","42",",,7"
"USC00053005","FORT COLLINS, CO US","40.57629","-105.08575","1525.2","2024-10-14","2.01",",,7","0.00",",,7,1900","0.0",",,7,1900","0.0",",,7,1900","82",",,7","36",",,7"
"USC00053005","FORT COLLINS, CO US","40.57629","-105.08575","1525.2","2024-10-15","4.03",",,7","0.00",",,7,1900","0.0",",,7,1900","0.0",",,7,1900","68",",,7","42",",,7"
"USC00053005","FORT COLLINS, CO US","40.57629","-105.08575","1525.2","2024-10-16","0.89",",,7","0.00","T,,7,1900","0.0",",,7,1900","0.0",",,7,1900","75",",,7","36",",,7"
"USC00053005","FORT COLLINS, CO US","40.57629","-105.08575","1525.2","2024-10-17","0.00",",,7","0.00","T,,7,1900","0.0",",,7,1900","0.0",",,7,1900","71",",,7","46",",,7"
"USC00053005","FORT COLLINS, CO US","40.57629","-105.08575","1525.2","2024-10-18","2.01",",,7","0.00","T,,7,1900","0.0",",,7,1900","0.0",",,7,1900","56",",,7","45",",,7"
"USC00053005","FORT COLLINS, CO US","40.57629","-105.08575","1525.2","2024-10-19","0.89",",,7","0.00","T,,7,1900","0.0",",,7,1900","0.0",",,7,1900","58",",,7","42",",,7"
"USC00053005","FORT COLLINS, CO US","40.57629","-105.08575","1525.2","2024-10-20","0.00",",,7","0.00",",,7,1900","0.0",",,7,1900","0.0",",,7,1900","72",",,7","41",",,7"
"USC00053005","FORT COLLINS, CO US","40.57629","-105.08575","1525.2","2024-10-21","0.00",",,7","0.00","T,,7,1900","0.0",",,7,1900","0.0",",,7,1900","72",",,7","48",",,7"
"USC00053005","FORT COLLINS, CO US","40.57629","-105.08575","1525.2","2024-10-22","0.00",",,7","0.00",",,7,1900","0.0",",,7,1900","0.0",",,7,1900","76",",,7","42",",,7"
"USC00053005","FORT COLLINS, CO US","40.57629","-105.08575","1525.2","2024-10-23","0.00",",,7","0.00",",,7,1900","0.0",",,7,1900","0.0",",,7,1900","70",",,7","37",",,7"
"USC00053005","FORT COLLINS, CO US","40.57629","-105.08575","1525.2","2024-10-24","4.92",",,7","0.00","T,,7,1900","0.0",",,7,1900","0.0",",,7,1900","66",",,7","36",",,7"
"USC00053005","FORT COLLINS, CO US","40.57629","-105.08575","1525.2","2024-10-25","0.00",",,7","0.00",",,7,1900","0.0",",,7,1900","0.0",",,7,1900","64",",,7","30",",,7"
"USC00053005","FORT COLLINS, CO US","40.57629","-105.08575","1525.2","2024-10-26","0.00",",,7","0.00",",,7,1900","0.0",",,7,1900","0.0",",,7,1900","71",",,7","30",",,7"
"USC00053005","FORT COLLINS, CO US","40.57629","-105.08575","1525.2","2024-10-27","0.00",",,7","0.00",",,7,1900","0.0",",,7,1900","0.0",",,7,1900","70",",,7","32",",,7"
"USC00053005","FORT COLLINS, CO US","40.57629","-105.08575","1525.2","2024-10-28","0.89",",,7","0.00",",,7,1900","0.0",",,7,1900","0.0",",,7,1900","73",",,7","44",",,7"
"USC00053005","FORT COLLINS, CO US","40.57629","-105.08575","1525.2","2024-10-29","2.01",",,7","0.02",",,7,1900","0.0",",,7,1900","0.0",",,7,1900","56",",,7","40",",,7"
"USC00053005","FORT COLLINS, CO US","40.57629","-105.08575","1525.2","2024-10-30","2.91",",,7","0.26",",,7,1900","0.1",",,7,1900","0.0","T,,7,1900","46",",,7","34",",,7"
"USC00053005","FORT COLLINS, CO US","40.57629","-105.08575","1525.2","2024-10-31","2.01",",,7","0.03",",,7,1900","0.0","T,,7,1900","0.0",",,7,1900","52",",,7","30",",,7"
"USC00053005","FORT COLLINS, CO US","40.57629","-105.08575","1525.2","2024-11-01","0.89",",,7","0.00",",,7,1900","0.0",",,7,1900","0.0",",,7,1900","56",",,7","27",",,7"
"USC00053005","FORT COLLINS, CO US","40.57629","-105.08575","1525.2","2024-11-02","2.01",",,7","0.00",",,7,1900","0.0",",,7,1900","0.0",",,7,1900","58",",,7","28",",,7"
"USC00053005","FORT COLLINS, CO US","40.57629","-105.08575","1525.2","2024-11-03","2.91",",,7","0.00","T,,7,1900","0.0",",,7,1900","0.0",",,7,1900","58",",,7","36",",,7"
"USC00053005","FORT COLLINS, CO US","40.57629","-105.08575","1525.2","2024-11-04","0.00",",,7","0.00","T,,7,1900","0.0",",,7,1900","0.0",",,7,1900","47",",,7","36",",,7"
"USC00053005","FORT COLLINS, CO US","40.57629","-105.08575","1525.2","2024-11-05","4.03",",,7","0.00","T,,7,1900","0.0","T,,7,1900","0.0",",,7,1900","51",",,7","26",",,7"
"USC00053005","FORT COLLINS, CO US","40.57629","-105.08575","1525.2","2024-11-06","2.01",",,7","0.00","T,,7,1900","0.0","T,,7,1900","0.0",",,7,1900","42",",,7","30",",,7"
"USC00053005","FORT COLLINS, CO US","40.57629","-105.08575","1525.2","2024-11-07","0.89",",,7","0.00",",,7,1900","0.0",",,7,1900","0.0",",,7,1900","39",",,7","20",",,7"
"USC00053005","FORT COLLINS, CO US","40.57629","-105.08575","1525.2","2024-11-08","2.91",",,7","0.53",",,7,1900","0.8",",,7,1900","1.0",",,7,1900","37",",,7","31",",,7"
"USC00053005","FORT COLLINS, CO US","40.57629","-105.08575","1525.2","2024-11-09","2.91",",,7","0.32",",,7,1900","0.7",",,7,1900","0.0",",,7,1900","46",",,7","32",",,7"
"USC00053005","FORT COLLINS, CO US","40.57629","-105.08575","1525.2","2024-11-10","0.89",",,7","0.00","T,,7,1900","0.0",",,7,1900","0.0",",,7,1900","68",",,7","27",",,7"
"USC00053005","FORT COLLINS, CO US","40.57629","-105.08575","1525.2","2024-11-11","0.00",",,7","0.00",",,7,1900","0.0",",,7,1900","0.0",",,7,1900","61",",,7","28",",,7"
"USC00053005","FORT COLLINS, CO US","40.57629","-105.08575","1525.2","2024-11-12","12.97",",,7","0.00",",,7,1900","0.0",",,7,1900","0.0",",,7,1900","61",",,7","26",",,7"
"USC00053005","FORT COLLINS, CO US","40.57629","-105.08575","1525.2","2024-11-13","4.92",",,7","0.00",",,7,1900","0.0",",,7,1900","0.0",",,7,1900","52",",,7","36",",,7"
"USC00053005","FORT COLLINS, CO US","40.57629","-105.08575","1525.2","2024-11-14","2.01",",,7","0.00",",,7,1900","0.0",",,7,1900","0.0",",,7,1900","62",",,7","25",",,7"
"USC00053005","FORT COLLINS, CO US","40.57629","-105.08575","1525.2","2024-11-15","0.00",",,7","0.00",",,7,1900","0.0",",,7,1900","0.0",",,7,1900","54",",,7","27",",,7"
"USC00053005","FORT COLLINS, CO US","40.57629","-105.08575","1525.2","2024-11-16","2.01",",,7","0.00",",,7,1900","0.0",",,7,1900","0.0",",,7,1900","57",",,7","24",",,7"
"USC00053005","FORT COLLINS, CO US","40.57629","-105.08575","1525.2","2024-11-17","0.89",",,7","0.00",",,7,1900","0.0",",,7,1900","0.0",",,7,1900","52",",,7","23",",,7"
"USC00053005","FORT COLLINS, CO US","40.57629","-105.08575","1525.2","2024-11-18","8.05",",,7","0.00",",,7,1900","0.0",",,7,1900","0.0",",,7,1900","60",",,7","22",",,7"
"USC00053005","FORT COLLINS, CO US","40.57629","-105.08575","1525.2","2024-11-19","0.00",",,7","0.00",",,7,1900","0.0",",,7,1900","0.0",",,7,1900","50",",,7","27",",,7"
"USC00053005","FORT COLLINS, CO US","40.57629","-105.08575","1525.2","2024-11-20","0.00",",,7","0.00",",,7,1900","0.0",",,7,1900","0.0",",,7,1900","48",",,7","18",",,7"
"USC00053005","FORT COLLINS, CO US","40.57629","-105.08575","1525.2","2024-11-21","0.00",",,7","0.00",",,7,1900","0.0",",,7,1900","0.0",",,7,1900","56",",,7","22",",,7"
"USC00053005","FORT COLLINS, CO US","40.57629","-105.08575","1525.2","2024-11-22","0.00",",,7","0.00",",,7,1900","0.0",",,7,1900","0.0",",,7,1900","63",",,7","28",",,7"
"USC00053005","FORT COLLINS, CO US","40.57629","-105.08575","1525.2","2024-11-23","0.89",",,7","0.00",",,7,1900","0.0",",,7,1900","0.0",",,7,1900","57",",,7","30",",,7"
"USC00053005","FORT COLLINS, CO US","40.57629","-105.08575","1525.2","2024-11-24","0.89",",,7","0.00",",,7,1900","0.0",",,7,1900","0.0",",,7,1900","57",",,7","34",",,7"
"USC00053005","FORT COLLINS, CO US","40.57629","-105.08575","1525.2","2024-11-25","0.00",",,7","0.00",",,7,1900","0.0",",,7,1900","0.0",",,7,1900","47",",,7","26",",,7"
"USC00053005","FORT COLLINS, CO US","40.57629","-105.08575","1525.2","2024-11-26","0.00",",,7","0.00",",,7,1900","0.0",",,7,1900","0.0",",,7,1900","48",",,7","26",",,7"
"USC00053005","FORT COLLINS, CO US","40.57629","-105.08575","1525.2","2024-11-27","0.00",",,7","0.23",",,7,1900","0.1",",,7,1900","0.0",",,7,1900","43",",,7","30",",,7"
"USC00053005","FORT COLLINS, CO US","40.57629","-105.08575","1525.2","2024-11-28","2.01",",,7","0.00",",,7,1900","0.0",",,7,1900","0.0",",,7,1900","42",",,7","17",",,7"
"USC00053005","FORT COLLINS, CO US","40.57629","-105.08575","1525.2","2024-11-29","2.01",",,7","0.00",",,7,1900","0.0",",,7,1900","0.0",",,7,1900","44",",,7","15",",,7"
"USC00053005","FORT COLLINS, CO US","40.57629","-105.08575","1525.2","2024-11-30","0.00",",,7","0.00",",,7,1900","0.0",",,7,1900","0.0",",,7,1900","48",",,7","26",",,7"
"USC00053005","FORT COLLINS, CO US","40.57629","-105.08575","1525.2","2024-12-01","0.89",",,7","0.00",",,7,1900","0.0",",,7,1900","0.0",",,7,1900","51",",,7","21",",,7"
"USC00053005","FORT COLLINS, CO US","40.57629","-105.08575","1525.2","2024-12-02","0.89",",,7","0.00",",,7,1900","0.0",",,7,1900","0.0",",,7,1900","51",",,7","19",",,7"
"USC00053005","FORT COLLINS, CO US","40.57629","-105.08575","1525.2","2024-12-03","0.89",",,7","0.00",",,7,1900","0.0",",,7,1900","0.0",",,7,1900","64",",,7","22",",,7"
"USC00053005","FORT COLLINS, CO US","40.57629","-105.08575","1525.2","2024-12-04","0.00",",,7","0.00",",,7,1900","0.0",",,7,1900","0.0",",,7,1900","59",",,7","24",",,7"
"USC00053005","FORT COLLINS, CO US","40.57629","-105.08575","1525.2","2024-12-05","0.89",",,7","0.00",",,7,1900","0.0",",,7,1900","0.0",",,7,1900","53",",,7","21",",,7"
"USC00053005","FORT COLLINS, CO US","40.57629","-105.08575","1525.2","2024-12-06","0.00",",,7","0.00",",,7,1900","0.0",",,7,1900","0.0",",,7,1900","58",",,7","21",",,7"
"USC00053005","FORT COLLINS, CO US","40.57629","-105.08575","1525.2","2024-12-07","0.00",",,7","0.00",",,7,1900","0.0",",,7,1900","0.0",",,7,1900","58",",,7","20",",,7"
"USC00053005","FORT COLLINS, CO US","40.57629","-105.08575","1525.2","2024-12-08","8.05",",,7","0.00",",,7,1900","0.0",",,7,1900","0.0",",,7,1900","58",",,7","25",",,7"
"USC00053005","FORT COLLINS, CO US","40.57629","-105.08575","1525.2","2024-12-09","0.89",",,7","0.00",",,7,1900","0.0",",,7,1900","0.0",",,7,1900","49",",,7","28",",,7"
"USC00053005","FORT COLLINS, CO US","40.57629","-105.08575","1525.2","2024-12-10","4.92",",,7","0.00",",,7,1900","0.0",",,7,1900","0.0",",,7,1900","41",",,7","15",",,7"
"USC00053005","FORT COLLINS, CO US","40.57629","-105.08575","1525.2","2024-12-11","0.00",",,7","0.00",",,7,1900","0.0",",,7,1900","0.0",",,7,1900","46",",,7","18",",,7"
"USC00053005","FORT COLLINS, CO US","40.57629","-105.08575","1525.2","2024-12-12","2.01",",,7","0.00",",,7,1900","0.0",",,7,1900","0.0",",,7,1900","52",",,7","22",",,7"
"USC00053005","FORT COLLINS, CO US","40.57629","-105.08575","1525.2","2024-12-13","2.01",",,7","0.00",",,7,1900","0.0",",,7,1900","0.0",",,7,1900","52",",,7","24",",,7"
"USC00053005","FORT COLLINS, CO US","40.57629","-105.08575","1525.2","2024-12-14","0.89",",,7","0.00",",,7,1900","0.0",",,7,1900","0.0",",,7,1900","53",",,7","21",",,7"
"USC00053005","FORT COLLINS, CO US","40.57629","-105.08575","1525.2","2024-12-15","6.04",",,7","0.00",",,7,1900","0.0",",,7,1900","0.0",",,7,1900","54",",,7","29",",,7"
"USC00053005","FORT COLLINS, CO US","40.57629","-105.08575","1525.2","2024-12-16","0.00",",,7","0.00",",,7,1900","0.0",",,7,1900","0.0",",,7,1900","44",",,7","26",",,7"
"USC00053005","FORT COLLINS, CO US","40.57629","-105.08575","1525.2","2024-12-17","2.01",",,7","0.00","T,,7,1900","0.0","T,,7,1900","0.0",",,7,1900","52",",,7","23",",,7"
"USC00053005","FORT COLLINS, CO US","40.57629","-105.08575","1525.2","2024-12-18","2.91",",,7","0.00",",,7,1900","0.0",",,7,1900","0.0",",,7,1900","44",",,7","19",",,7"
"USC00053005","FORT COLLINS, CO US","40.57629","-105.08575","1525.2","2024-12-19","4.03",",,7","0.00",",,7,1900","0.0",",,7,1900","0.0",",,7,1900","63",",,7","30",",,7"
"USC00053005","FORT COLLINS, CO US","40.57629","-105.08575","1525.2","2024-12-20","2.91",",,7","0.00",",,7,1900","0.0",",,7,1900","0.0",",,7,1900","66",",,7","19",",,7"
"USC00053005","FORT COLLINS, CO US","40.57629","-105.08575","1525.2","2024-12-21","2.01",",,7","0.00",",,7,1900","0.0",",,7,1900","0.0",",,7,1900","62",",,7","24",",,7"
"USC00053005","FORT COLLINS, CO US","40.57629","-105.08575","1525.2","2024-12-22","0.00",",,7","0.00",",,7,1900","0.0",",,7,1900","0.0",",,7,1900","49",",,7","33",",,7"
"USC00053005","FORT COLLINS, CO US","40.57629","-105.08575","1525.2","2024-12-23","2.01",",,7","0.00","T,,7,1900","0.0",",,7,1900","0.0",",,7,1900","53",",,7","30",",,7"
"USC00053005","FORT COLLINS, CO US","40.57629","-105.08575","1525.2","2024-12-24","0.00",",,7","0.00",",,7,1900","0.0",",,7,1900","0.0",",,7,1900","52",",,7","25",",,7"
"USC00053005","FORT COLLINS, CO US","40.57629","-105.08575","1525.2","2024-12-25","0.89",",,7","0.00","T,,7,1900","0.0",",,7,1900","0.0",",,7,1900","54",",,7","30",",,7"
"USC00053005","FORT COLLINS, CO US","40.57629","-105.08575","1525.2","2024-12-26","0.00",",,7","0.00",",,7,1900","0.0",",,7,1900","0.0",",,7,1900","44",",,7","25",",,7"
"USC00053005","FORT COLLINS, CO US","40.57629","-105.08575","1525.2","2024-12-27","0.00",",,7","0.00",",,7,1900","0.0",",,7,1900","0.0",",,7,1900","47",",,7","29",",,7"
"USC00053005","FORT COLLINS, CO US","40.57629","-105.08575","1525.2","2024-12-28","0.89",",,7","0.00",",,7,1900","0.0",",,7,1900","0.0",",,7,1900","50",",,7","25",",,7"
"USC00053005","FORT COLLINS, CO US","40.57629","-105.08575","1525.2","2024-12-29","2.91",",,7","0.00",",,7,1900","0.0",",,7,1900","0.0",",,7,1900","50",",,7","30",",,7"
"USC00053005","FORT COLLINS, CO US","40.57629","-105.08575","1525.2","2024-12-30","4.92",",,7","0.00",",,7,1900","0.0",",,7,1900","0.0",",,7,1900","51",",,7","33",",,7"
"USC00053005","FORT COLLINS, CO US","40.57629","-105.08575","1525.2","2024-12-31","0.00",",,7","0.00",",,7,1900","0.0",",,7,1900","0.0",",,7,1900","37",",,7","20",",,7"
"USC00053005","FORT COLLINS, CO US","40.57629","-105.08575","1525.2","2025-01-01","0.00",",,7","0.00",",,7,1900","0.0",",,7,1900","0.0",",,7,1900","31",",,7","10",",,7"
"USC00053005","FORT COLLINS, CO US","40.57629","-105.08575","1525.2","2025-01-02","8.05",",,7","0.00",",,7,1900","0.0",",,7,1900","0.0",",,7,1900","51",",,7","21",",,7"
"USC00053005","FORT COLLINS, CO US","40.57629","-105.08575","1525.2","2025-01-03","2.91",",,7","0.00",",,7,1900","0.0",",,7,1900","0.0",",,7,1900","49",",,7","24",",,7"
"USC00053005","FORT COLLINS, CO US","40.57629","-105.08575","1525.2","2025-01-04","4.03",",,7","0.00","T,,7,1900","0.0","T,,7,1900","0.0","T,,7,1900","39",",,7","22",",,7"
"USC00053005","FORT COLLINS, CO US","40.57629","-105.08575","1525.2","2025-01-05","2.01",",,7","0.00","T,,7,1900","0.0","T,,7,1900","0.0",",,7,1900","26",",,7","15",",,7"
"USC00053005","FORT COLLINS, CO US","40.57629","-105.08575","1525.2","2025-01-06","2.91",",,7","0.00","T,,7,1900","0.0","T,,7,1900","0.0","T,,7,1900","38",",,7","13",",,7"
"USC00053005","FORT COLLINS, CO US","40.57629","-105.08575","1525.2","2025-01-07","2.01",",,7","0.11",",,7,1900","2.1",",,7,1900","2.0",",,7,1900","30",",,7","16",",,7"
"USC00053005","FORT COLLINS, CO US","40.57629","-105.08575","1525.2","2025-01-08","0.89",",,7","0.00","T,,7,1900","0.0","T,,7,1900","1.0",",,7,1900","38",",,7","-2",",,7"
"USC00053005","FORT COLLINS, CO US","40.57629","-105.08575","1525.2","2025-01-09","2.01",",,7","0.00",",,7,1900","0.0",",,7,1900","0.0","T,,7,1900","38",",,7","25",",,7"
"USC00053005","FORT COLLINS, CO US","40.57629","-105.08575","1525.2","2025-01-10","0.00",",,7","0.00",",,7,1900","0.0",",,7,1900","0.0","T,,7,1900","39",",,7","9",",,7"
"USC00053005","FORT COLLINS, CO US","40.57629","-105.08575","1525.2","2025-01-11","10.07",",,7","0.00",",,7,1900","0.0",",,7,1900","0.0","T,,7,1900","45",",,7","27",",,7"
"USC00053005","FORT COLLINS, CO US","40.57629","-105.08575","1525.2","2025-01-12","0.89",",,7","0.00",",,7,1900","0.0",",,7,1900","0.0","T,,7,1900","41",",,7","22",",,7"
"USC00053005","FORT COLLINS, CO US","40.57629","-105.08575","1525.2","2025-01-13","2.91",",,7","0.00",",,7,1900","0.0",",,7,1900","0.0",",,7,1900","39",",,7","10",",,7"
"USC00053005","FORT COLLINS, CO US","40.57629","-105.08575","1525.2","2025-01-14","0.00",",,7","0.00",",,7,1900","0.0",",,7,1900","0.0",",,7,1900","41",",,7","11",",,7"
"USC00053005","FORT COLLINS, CO US","40.57629","-105.08575","1525.2","2025-01-15","0.89",",,7","0.00",",,7,1900","0.0",",,7,1900","0.0",",,7,1900","50",",,7","12",",,7"
"USC00053005","FORT COLLINS, CO US","40.57629","-105.08575","1525.2","2025-01-16","0.89",",,7","0.00",",,7,1900","0.0",",,7,1900","0.0",",,7,1900","57",",,7","16",",,7"
"USC00053005","FORT COLLINS, CO US","40.57629","-105.08575","1525.2","2025-01-17","0.89",",,7","0.00","T,,7,1900","0.0","T,,7,1900","0.0","T,,7,1900","53",",,7","20",",,7"
"USC00053005","FORT COLLINS, CO US","40.57629","-105.08575","1525.2","2025-01-18","4.03",",,7","0.24",",,7,1900","3.6",",,7,1900","2.0",",,7,1900","25",",,7","9",",,7"
"USC00053005","FORT COLLINS, CO US","40.57629","-105.08575","1525.2","2025-01-19","2.01",",,7","0.04",",,7,1900","0.4",",,7,1900","3.0",",,7,1900","19",",,7","-8",",,7"
"USC00053005","FORT COLLINS, CO US","40.57629","-105.08575","1525.2","2025-01-20","2.91",",,7","0.09",",,7,1900","1.2",",,7,1900","4.0",",,7,1900","15",",,7","-1",",,7"
"USC00053005","FORT COLLINS, CO US","40.57629","-105.08575","1525.2","2025-01-21","12.08",",,7","0.00",",,7,1900","0.0",",,7,1900","4.0",",,7,1900","38",",,7","-11",",,7"
"USC00053005","FORT COLLINS, CO US","40.57629","-105.08575","1525.2","2025-01-22","6.93",",,7","0.00",",,7,1900","0.0",",,7,1900","2.0",",,7,1900","38",",,7","24",",,7"
"USC00053005","FORT COLLINS, CO US","40.57629","-105.08575","1525.2","2025-01-23","4.92",",,7","0.00",",,7,1900","0.0",",,7,1900","2.0",",,7,1900","32",",,7","17",",,7"
"USC00053005","FORT COLLINS, CO US","40.57629","-105.08575","1525.2","2025-01-24","4.92",",,7","0.00",",,7,1900","0.0",",,7,1900","0.0",",,7,1900","44",",,7","14",",,7"
"USC00053005","FORT COLLINS, CO US","40.57629","-105.08575","1525.2","2025-01-25","2.01",",,7","0.25",",,7,1900","5.8",",,7,1900","6.0",",,7,1900","35",",,7","17",",,7"
"USC00053005","FORT COLLINS, CO US","40.57629","-105.08575","1525.2","2025-01-26","0.00",",,7","0.01",",,7,1900","0.1",",,7,1900","3.0",",,7,1900","28",",,7","15",",,7"
"USC00053005","FORT COLLINS, CO US","40.57629","-105.08575","1525.2","2025-01-27","0.89",",,7","0.00",",,7,1900","0.0",",,7,1900","3.0",",,7,1900","48",",,7","3",",,7"
"USC00053005","FORT COLLINS, CO US","40.57629","-105.08575","1525.2","2025-01-28","0.00",",,7","0.00",",,7,1900","0.0",",,7,1900","2.0",",,7,1900","55",",,7","11",",,7"
"USC00053005","FORT COLLINS, CO US","40.57629","-105.08575","1525.2","2025-01-29","0.89",",,7","0.00",",,7,1900","0.0",",,7,1900","2.0",",,7,1900","47",",,7","16",",,7"
"USC00053005","FORT COLLINS, CO US","40.57629","-105.08575","1525.2","2025-01-30","2.01",",,7","0.00",",,7,1900","0.0",",,7,1900","0.0","T,,7,1900","53",",,7","22",",,7"
"USC00053005","FORT COLLINS, CO US","40.57629","-105.08575","1525.2","2025-01-31","0.00",",,7","0.00",",,7,1900","0.0",",,7,1900","0.0","T,,7,1900","56",",,7","17",",,7"
"USC00053005","FORT COLLINS, CO US","40.57629","-105.08575","1525.2","2025-02-01","0.89",",,7","0.00",",,7,1900","0.0",",,7,1900","0.0","T,,7,1900","60",",,7","28",",,7"
"USC00053005","FORT COLLINS, CO US","40.57629","-105.08575","1525.2","2025-02-02","8.05",",,7","0.00",",,7,1900","0.0",",,7,1900","0.0","T,,7,1900","68",",,7","29",",,7"
"USC00053005","FORT COLLINS, CO US","40.57629","-105.08575","1525.2","2025-02-03","6.04",",,7","0.00",",,7,1900","0.0",",,7,1900","0.0",",,7,1900","71",",,7","30",",,7"
"USC00053005","FORT COLLINS, CO US","40.57629","-105.08575","1525.2","2025-02-04","0.89",",,7","0.00",",,7,1900","0.0",",,7,1900","0.0",",,7,1900","33",",,7","16",",,7"
"USC00053005","FORT COLLINS, CO US","40.57629","-105.08575","1525.2","2025-02-05","6.93",",,7","0.00",",,7,1900","0.0",",,7,1900","0.0",",,7,1900","64",",,7","16",",,7"
"USC00053005","FORT COLLINS, CO US","40.57629","-105.08575","1525.2","2025-02-06","0.00",",,7","0.00",",,7,1900","0.0",",,7,1900","0.0",",,7,1900","56",",,7","25",",,7"
"USC00053005","FORT COLLINS, CO US","40.57629","-105.08575","1525.2","2025-02-07","6.04",",,7","0.00",",,7,1900","0.0",",,7,1900","0.0",",,7,1900","66",",,7","19",",,7"
"USC00053005","FORT COLLINS, CO US","40.57629","-105.08575","1525.2","2025-02-08","4.92",",,7","0.00",",,7,1900","0.0",",,7,1900","0.0",",,7,1900","57",",,7","21",",,7"
"USC00053005","FORT COLLINS, CO US","40.57629","-105.08575","1525.2","2025-02-09","6.04",",,7","0.04",",,7,1900","0.8",",,7,1900","0.0",",,7,1900","40",",,7","20",",,7"
"USC00053005","FORT COLLINS, CO US","40.57629","-105.08575","1525.2","2025-02-10","6.04",",,7","0.00",",,7,1900","0.0",",,7,1900","0.0",",,7,1900","41",",,7","16",",,7"
"USC00053005","FORT COLLINS, CO US","40.57629","-105.08575","1525.2","2025-02-11","4.03",",,7","0.02",",,7,1900","0.7",",,7,1900","1.0",",,7,1900","18",",,7","5",",,7"
"USC00053005","FORT COLLINS, CO US","40.57629","-105.08575","1525.2","2025-02-12","6.04",",,7","0.11",",,7,1900","1.5",",,7,1900","2.0",",,7,1900","13",",,7","5",",,7"
"USC00053005","FORT COLLINS, CO US","40.57629","-105.08575","1525.2","2025-02-13","2.91",",,7","0.00",",,7,1900","0.0",",,7,1900","1.0",",,7,1900","31",",,7","-5",",,7"
"USC00053005","FORT COLLINS, CO US","40.57629","-105.08575","1525.2","2025-02-14","6.04",",,7","0.00",",,7,1900","0.0",",,7,1900","0.0","T,,7,1900","48",",,7","17",",,7"
"USC00053005","FORT COLLINS, CO US","40.57629","-105.08575","1525.2","2025-02-15","4.92",",,7","0.19",",,7,1900","2.5",",,7,1900","2.0",",,7,1900","41",",,7","19",",,7"
"USC00053005","FORT COLLINS, CO US","40.57629","-105.08575","1525.2","2025-02-16","2.01",",,7","0.00","T,,7,1900","0.0","T,,7,1900","1.0",",,7,1900","33",",,7","3",",,7"
"USC00053005","FORT COLLINS, CO US","40.57629","-105.08575","1525.2","2025-02-17","6.93",",,7","0.00","T,,7,1900","0.1",",,7,1900","1.0",",,7,1900","29",",,7","17",",,7"
"USC00053005","FORT COLLINS, CO US","40.57629","-105.08575","1525.2","2025-02-18","4.92",",,7","0.00","T,,7,1900","0.4",",,7,1900","1.0",",,7,1900","18",",,7","4",",,7"
"USC00053005","FORT COLLINS, CO US","40.57629","-105.08575","1525.2","2025-02-19","4.03",",,7","0.03",",,7,1900","1.0",",,7,1900","1.0",",,7,1900","17",",,7","-2",",,7"
"USC00053005","FORT COLLINS, CO US","40.57629","-105.08575","1525.2","2025-02-20","0.89",",,7","0.00","T,,7,1900","0.0","T,,7,1900","0.0","T,,7,1900","30",",,7","6",",,7"
"USC00053005","FORT COLLINS, CO US","40.57629","-105.08575","1525.2","2025-02-21","2.01",",,7","0.00","T,,7,1900","0.0","T,,7,1900","0.0","T,,7,1900","47",",,7","19",",,7"
"USC00053005","FORT COLLINS, CO US","40.57629","-105.08575","1525.2","2025-02-22","2.01",",,7","0.00",",,7,1900","0.0",",,7,1900","0.0",",,7,1900","55",",,7","17",",,7"
"USC00053005","FORT COLLINS, CO US","40.57629","-105.08575","1525.2","2025-02-23","2.91",",,7","0.00",",,7,1900","0.0",",,7,1900","0.0",",,7,1900","69",",,7","25",",,7"
"USC00053005","FORT COLLINS, CO US","40.57629","-105.08575","1525.2","2025-02-24","2.91",",,7","0.00",",,7,1900","0.0",",,7,1900","0.0",",,7,1900","66",",,7","40",",,7"
"USC00053005","FORT COLLINS, CO US","40.57629","-105.08575","1525.2","2025-02-25","10.07",",,7","0.00",",,7,1900","0.0",",,7,1900","0.0",",,7,1900","68",",,7","33",",,7"
"USC00053005","FORT COLLINS, CO US","40.57629","-105.08575","1525.2","2025-02-26","2.91",",,7","0.00",",,7,1900","0.0",",,7,1900","0.0",",,7,1900","51",",,7","27",",,7"
"USC00053005","FORT COLLINS, CO US","40.57629","-105.08575","1525.2","2025-02-27","0.89",",,7","0.00",",,7,1900","0.0",",,7,1900","0.0",",,7,1900","64",",,7","21",",,7"
"USC00053005","FORT COLLINS, CO US","40.57629","-105.08575","1525.2","2025-02-28","0.00",",,7","0.00",",,7,1900","0.0",",,7,1900","0.0",",,7,1900","68",",,7","30",",,7"
"USC00053005","FORT COLLINS, CO US","40.57629","-105.08575","1525.2","2025-03-01","0.89",",,7","0.00",",,7,1900","0.0",",,7,1900","0.0",",,7,1900","64",",,7","24",",,7"
"USC00053005","FORT COLLINS, CO US","40.57629","-105.08575","1525.2","2025-03-02","0.00",",,7","0.00",",,7,1900","0.0",",,7,1900","0.0",",,7,1900","68",",,7","25",",,7"
"USC00053005","FORT COLLINS, CO US","40.57629","-105.08575","1525.2","2025-03-03","4.92",",,7","0.00","T,,7,1900","0.0",",,7,1900","0.0",",,7,1900","66",",,7","32",",,7"
"USC00053005","FORT COLLINS, CO US","40.57629","-105.08575","1525.2","2025-03-04","6.04",",,7","0.00",",,7,1900","0.0",",,7,1900","0.0",",,7,1900","49",",,7","35",",,7"
"USC00053005","FORT COLLINS, CO US","40.57629","-105.08575","1525.2","2025-03-05","6.93",",,7","0.00",",,7,1900","0.0",",,7,1900","0.0",",,7,1900","54",",,7","22",",,7"
"USC00053005","FORT COLLINS, CO US","40.57629","-105.08575","1525.2","2025-03-06","4.03",",,7","0.04",",,7,1900","0.0",",,7,1900","0.0",",,7,1900","49",",,7","34",",,7"
"USC00053005","FORT COLLINS, CO US","40.57629","-105.08575","1525.2","2025-03-07","4.03",",,7","0.01",",,7,1900","0.1",",,7,1900","0.0",",,7,1900","42",",,7","25",",,7"
"USC00053005","FORT COLLINS, CO US","40.57629","-105.08575","1525.2","2025-03-08","2.01",",,7","0.00",",,7,1900","0.0",",,7,1900","0.0",",,7,1900","54",",,7","20",",,7"
"USC00053005","FORT COLLINS, CO US","40.57629","-105.08575","1525.2","2025-03-09","0.89",",,7","0.00",",,7,1900","0.0",",,7,1900","0.0",",,7,1900","70",",,7","23",",,7"
"USC00053005","FORT COLLINS, CO US","40.57629","-105.08575","1525.2","2025-03-10","0.89",",,7","0.00",",,7,1900","0.0",",,7,1900","0.0",",,7,1900","72",",,7","31",",,7"
"USC00053005","FORT COLLINS, CO US","40.57629","-105.08575","1525.2","2025-03-11","0.89",",,7","0.00",",,7,1900","0.0",",,7,1900","0.0",",,7,1900","64",",,7","34",",,7"
"USC00053005","FORT COLLINS, CO US","40.57629","-105.08575","1525.2","2025-03-12","4.03",",,7","0.00",",,7,1900","0.0",",,7,1900","0.0",",,7,1900","66",",,7","35",",,7"
"USC00053005","FORT COLLINS, CO US","40.57629","-105.08575","1525.2","2025-03-13","2.01",",,7","0.00",",,7,1900","0.0",",,7,1900","0.0",",,7,1900","69",",,7","32",",,7"
"USC00053005","FORT COLLINS, CO US","40.57629","-105.08575","1525.2","2025-03-14","8.95",",,7","0.01",",,7,1900","0.0","T,,7,1900","0.0",",,7,1900","60",",,7","38",",,7"
"USC00053005","FORT COLLINS, CO US","40.57629","-105.08575","1525.2","2025-03-15","2.91",",,7","0.00",",,7,1900","0.0",",,7,1900","0.0",",,7,1900","48",",,7","29",",,7"
"USC00053005","FORT COLLINS, CO US","40.57629","-105.08575","1525.2","2025-03-16","6.04",",,7","0.00",",,7,1900","0.0",",,7,1900","0.0",",,7,1900","62",",,7","25",",,7"
"USC00053005","FORT COLLINS, CO US","40.57629","-105.08575","1525.2","2025-03-17","4.92",",,7","0.00",",,7,1900","0.0",",,7,1900","0.0",",,7,1900","70",",,7","36",",,7"
"USC00053005","FORT COLLINS, CO US","40.57629","-105.08575","1525.2","2025-03-18","10.07",",,7","0.00",",,7,1900","0.0",",,7,1900","0.0",",,7,1900","66",",,7","36",",,7"
"USC00053005","FORT COLLINS, CO US","40.57629","-105.08575","1525.2","2025-03-19","2.01",",,7","0.00","T,,7,1900","0.0","T,,7,1900","0.0",",,7,1900","47",",,7","30",",,7"
"USC00053005","FORT COLLINS, CO US","40.57629","-105.08575","1525.2","2025-03-20","2.91",",,7","0.00",",,7,1900","0.0",",,7,1900","0.0",",,7,1900","57",",,7","19",",,7"
"USC00053005","FORT COLLINS, CO US","40.57629","-105.08575","1525.2","2025-03-21","4.92",",,7","0.00",",,7,1900","0.0",",,7,1900","0.0",",,7,1900","57",",,7","31",",,7"
"USC00053005","FORT COLLINS, CO US","40.57629","-105.08575","1525.2","2025-03-22","8.05",",,7","0.00",",,7,1900","0.0",",,7,1900","0.0",",,7,1900","61",",,7","33",",,7"
"USC00053005","FORT COLLINS, CO US","40.57629","-105.08575","1525.2","2025-03-23","4.92",",,7","0.00",",,7,1900","0.0",",,7,1900","0.0",",,7,1900","63",",,7","31",",,7"
"USC00053005","FORT COLLINS, CO US","40.57629","-105.08575","1525.2","2025-03-24","4.03",",,7","0.00",",,7,1900","0.0",",,7,1900","0.0",",,7,1900","72",",,7","43",",,7"
"USC00053005","FORT COLLINS, CO US","40.57629","-105.08575","1525.2","2025-03-25","0.00",",,7","0.00",",,7,1900","0.0",",,7,1900","0.0",",,7,1900","73",",,7","48",",,7"
"USC00053005","FORT COLLINS, CO US","40.57629","-105.08575","1525.2","2025-03-26","0.00",",,7","0.00",",,7,1900","0.0",",,7,1900","0.0",",,7,1900","75",",,7","35",",,7"
"USC00053005","FORT COLLINS, CO US","40.57629","-105.08575","1525.2","2025-03-27","2.01",",,7","0.00",",,7,1900","0.0",",,7,1900","0.0",",,7,1900","78",",,7","38",",,7"
"USC00053005","FORT COLLINS, CO US","40.57629","-105.08575","1525.2","2025-03-28","6.04",",,7","0.00","T,,7,1900","0.0",",,7,1900","0.0",",,7,1900","78",",,7","45",",,7"
"USC00053005","FORT COLLINS, CO US","40.57629","-105.08575","1525.2","2025-03-29","4.92",",,7","0.84",",,7,1900","0.0",",,7,1900","0.0",",,7,1900","61",",,7","40",",,7"
"USC00053005","FORT COLLINS, CO US","40.57629","-105.08575","1525.2","2025-03-30","2.91",",,7","0.29",",,7,1900","0.0",",,7,1900","0.0",",,7,1900","45",",,7","34",",,7"
"USC00053005","FORT COLLINS, CO US","40.57629","-105.08575","1525.2","2025-03-31","2.01",",,7","0.00",",,7,1900","0.0",",,7,1900","0.0",",,7,1900","55",",,7","37",",,7"
"USC00053005","FORT COLLINS, CO US","40.57629","-105.08575","1525.2","2025-04-01","2.01",",,7","0.00","T,,7,1900","0.0",",,7,1900","0.0",",,7,1900","53",",,7","34",",,7"
"USC00053005","FORT COLLINS, CO US","40.57629","-105.08575","1525.2","2025-04-02","2.91",",,7","0.00",",,7,1900","0.0",",,7,1900","0.0",",,7,1900","50",",,7","34",",,7"
"USC00053005","FORT COLLINS, CO US","40.57629","-105.08575","1525.2","2025-04-03","6.04",",,7","0.03",",,7,1900","0.0","T,,7,1900","0.0",",,7,1900","45",",,7","27",",,7"
"USC00053005","FORT COLLINS, CO US","40.57629","-105.08575","1525.2","2025-04-04","2.01",",,7","0.04",",,7,1900","0.4",",,7,1900","0.0",",,7,1900","37",",,7","30",",,7"
"USC00053005","FORT COLLINS, CO US","40.57629","-105.08575","1525.2","2025-04-05","4.92",",,7","0.06",",,7,1900","0.2",",,7,1900","0.0",",,7,1900","47",",,7","28",",,7"
"USC00053005","FORT COLLINS, CO US","40.57629","-105.08575","1525.2","2025-04-06","2.01",",,7","0.00",",,7,1900","0.0",",,7,1900","0.0",",,7,1900","63",",,7","23",",,7"
"USC00053005","FORT COLLINS, CO US","40.57629","-105.08575","1525.2","2025-04-07","4.03",",,7","0.00",",,7,1900","0.0",",,7,1900","0.0",",,7,1900","68",",,7","29",",,7"
"USC00053005","FORT COLLINS, CO US","40.57629","-105.08575","1525.2","2025-04-08","4.03",",,7","0.00",",,7,1900","0.0",",,7,1900","0.0",",,7,1900","75",",,7","40",",,7"
"USC00053005","FORT COLLINS, CO US","40.57629","-105.08575","1525.2","2025-04-09","4.92",",,7","0.00",",,7,1900","0.0",",,7,1900","0.0",",,7,1900","72",",,7","42",",,7"
"USC00053005","FORT COLLINS, CO US","40.57629","-105.08575","1525.2","2025-04-10","2.91",",,7","0.00",",,7,1900","0.0",",,7,1900","0.0",",,7,1900","69",",,7","35",",,7"
"USC00053005","FORT COLLINS, CO US","40.57629","-105.08575","1525.2","2025-04-11","4.03",",,7","0.00",",,7,1900","0.0",",,7,1900","0.0",",,7,1900","81",",,7","35",",,7"
"USC00053005","FORT COLLINS, CO US","40.57629","-105.08575","1525.2","2025-04-12","333.08",",X,7","0.00",",,7,1900","0.0",",,7,1900","0.0",",,7,1900","88",",,7","44",",,7"
"USC00053005","FORT COLLINS, CO US","40.57629","-105.08575","1525.2","2025-04-13","2.01",",,7","0.03",",,7,1900","0.0",",,7,1900","0.0",",,7,1900","74",",,7","47",",,7"
"USC00053005","FORT COLLINS, CO US","40.57629","-105.08575","1525.2","2025-04-14","4.92",",,7","0.03",",,7,1900","0.0",",,7,1900","0.0",",,7,1900","58",",,7","36",",,7"
"USC00053005","FORT COLLINS, CO US","40.57629","-105.08575","1525.2","2025-04-15","2.01",",,7","0.00",",,7,1900","0.0",",,7,1900","0.0",",,7,1900","70",",,7","31",",,7"
"USC00053005","FORT COLLINS, CO US","40.57629","-105.08575","1525.2","2025-04-16","2.91",",,7","0.00",",,7,1900","0.0",",,7,1900","0.0",",,7,1900","78",",,7","39",",,7"
"USC00053005","FORT COLLINS, CO US","40.57629","-105.08575","1525.2","2025-04-17","6.04",",,7","0.01",",,7,1900","0.0","T,,7,1900","0.0",",,7,1900","66",",,7","34",",,7"
"USC00053005","FORT COLLINS, CO US","40.57629","-105.08575","1525.2","2025-04-18","2.01",",,7","0.31",",,7,1900","2.6",",,7,1900","0.0","T,,7,1900","35",",,7","28",",,7"
"USC00053005","FORT COLLINS, CO US","40.57629","-105.08575","1525.2","2025-04-19","2.91",",,7","0.03",",,7,1900","0.4",",,7,1900","0.0",",,7,1900","50",",,7","30",",,7"
"USC00053005","FORT COLLINS, CO US","40.57629","-105.08575","1525.2","2025-04-20","2.91",",,7","0.00",",,7,1900","0.0",",,7,1900","0.0",",,7,1900","66",",,7","27",",,7"
"USC00053005","FORT COLLINS, CO US","40.57629","-105.08575","1525.2","2025-04-21","0.00",",,7","0.00",",,7,1900","0.0",",,7,1900","0.0",",,7,1900","72",",,7","34",",,7"
"USC00053005","FORT COLLINS, CO US","40.57629","-105.08575","1525.2","2025-04-22","0.89",",,7","0.00","T,,7,1900","0.0",",,7,1900","0.0",",,7,1900","71",",,7","36",",,7"
"USC00053005","FORT COLLINS, CO US","40.57629","-105.08575","1525.2","2025-04-23","2.91",",,7","0.00","T,,7,1900","0.0",",,7,1900","0.0",",,7,1900","64",",,7","42",",,7"
"USC00053005","FORT COLLINS, CO US","40.57629","-105.08575","1525.2","2025-04-24","4.03",",,7","0.00","T,,7,1900","0.0",",,7,1900","0.0",",,7,1900","64",",,7","45",",,7"
"USC00053005","FORT COLLINS, CO US","40.57629","-105.08575","1525.2","2025-04-25","4.92",",,7","0.05",",,7,1900","0.0",",,7,1900","0.0",",,7,1900","52",",,7","39",",,7"
"USC00053005","FORT COLLINS, CO US","40.57629","-105.08575","1525.2","2025-04-26","0.89",",,7","0.09",",,7,1900","0.0",",,7,1900","0.0",",,7,1900","70",",,7","39",",,7"
"USC00053005","FORT COLLINS, CO US","40.57629","-105.08575","1525.2","2025-04-27","10.07",",,7","0.00","T,,7,1900","0.0",",,7,1900","0.0",",,7,1900","79",",,7","44",",,7"
"USC00053005","FORT COLLINS, CO US","40.57629","-105.08575","1525.2","2025-04-28","8.05",",,7","0.00","T,,7,1900","0.0",",,7,1900","0.0",",,7,1900","68",",,7","48",",,7"
"USC00053005","FORT COLLINS, CO US","40.57629","-105.08575","1525.2","2025-04-29","8.05",",,7","0.00","T,,7,1900","0.0",",,7,1900","0.0",",,7,1900","66",",,7","37",",,7"
"USC00053005","FORT COLLINS, CO US","40.57629","-105.08575","1525.2","2025-04-30","0.89",",,7","0.22",",,7,1900","0.0",",,7,1900","0.0",",,7,1900","70",",,7","37",",,7"
"USC00053005","FORT COLLINS, CO US","40.57629","-105.08575","1525.2","2025-05-01","4.03",",,7","0.02",",,7,1900","0.0",",,7,1900","0.0",",,7,1900","63",",,7","41",",,7"
"USC00053005","FORT COLLINS, CO US","40.57629","-105.08575","1525.2","2025-05-02","4.03",",,7","0.00","T,,7,1900","0.0",",,7,1900","0.0",",,7,1900","70",",,7","34",",,7"
"USC00053005","FORT COLLINS, CO US","40.57629","-105.08575","1525.2","2025-05-03","2.91",",,7","0.00",",,7,1900","0.0",",,7,1900","0.0",",,7,1900","78",",,7","36",",,7"
"USC00053005","FORT COLLINS, CO US","40.57629","-105.08575","1525.2","2025-05-04","12.97",",,7","0.00","T,,7,1900","0.0",",,7,1900","0.0",",,7,1900","76",",,7","42",",,7"
"USC00053005","FORT COLLINS, CO US","40.57629","-105.08575","1525.2","2025-05-05","4.92",",,7","0.06",",,7,1900","0.0",",,7,1900","0.0",",,7,1900","70",",,7","42",",,7"
"USC00053005","FORT COLLINS, CO US","40.57629","-105.08575","1525.2","2025-05-06","2.01",",,7","0.77",",,7,1900","0.0",",,7,1900","0.0",",,7,1900","51",",,7","45",",,7"
"USC00053005","FORT COLLINS, CO US","40.57629","-105.08575","1525.2","2025-05-07",,,"0.38",",,7,1900","0.0",",,7,1900","0.0",",,7,1900","58",",,7","44",",,7"
"USC00053005","FORT COLLINS, CO US","40.57629","-105.08575","1525.2","2025-05-08","2.91",",,7","0.00",",,7,1900","0.0",",,7,1900","0.0",",,7,1900","68",",,7","39",",,7"
"USC00053005","FORT COLLINS, CO US","40.57629","-105.08575","1525.2","2025-05-09","0.89",",,7","0.00",",,7,1900","0.0",",,7,1900","0.0",",,7,1900","75",",,7","43",",,7"
"USC00053005","FORT COLLINS, CO US","40.57629","-105.08575","1525.2","2025-05-10","4.03",",,7","0.00",",,7,1900","0.0",",,7,1900","0.0",",,7,1900","78",",,7","44",",,7"
"USC00053005","FORT COLLINS, CO US","40.57629","-105.08575","1525.2","2025-05-11","6.04",",,7","0.00",",,7,1900","0.0",",,7,1900","0.0",",,7,1900","84",",,7","46",",,7"
"USC00053005","FORT COLLINS, CO US","40.57629","-105.08575","1525.2","2025-05-12","2.91",",,7","0.00",",,7,1900","0.0",",,7,1900","0.0",",,7,1900","86",",,7","51",",,7"
"USC00053005","FORT COLLINS, CO US","40.57629","-105.08575","1525.2","2025-05-13","2.01",",,7","0.00",",,7,1900","0.0",",,7,1900","0.0",",,7,1900","86",",,7","49",",,7"
"USC00053005","FORT COLLINS, CO US","40.57629","-105.08575","1525.2","2025-05-14","4.92",",,7","0.30",",,7,1900","0.0",",,7,1900","0.0",",,7,1900","75",",,7","44",",,7"
"USC00053005","FORT COLLINS, CO US","40.57629","-105.08575","1525.2","2025-05-15","2.91",",,7","0.00",",,7,1900","0.0",",,7,1900","0.0",",,7,1900","67",",,7","43",",,7"
"USC00053005","FORT COLLINS, CO US","40.57629","-105.08575","1525.2","2025-05-16","4.03",",,7","0.00",",,7,1900","0.0",",,7,1900","0.0",",,7,1900","71",",,7","46",",,7"
"USC00053005","FORT COLLINS, CO US","40.57629","-105.08575","1525.2","2025-05-17","2.91",",,7","0.00","T,,7,1900","0.0",",,7,1900","0.0",",,7,1900","69",",,7","47",",,7"
"USC00053005","FORT COLLINS, CO US","40.57629","-105.08575","1525.2","2025-05-18","2.01",",,7","0.08",",,7,1900","0.0",",,7,1900","0.0",",,7,1900","65",",,7","49",",,7"
"USC00053005","FORT COLLINS, CO US","40.57629","-105.08575","1525.2","2025-05-19","4.03",",,7","0.00","T,,7,1900","0.0",",,7,1900","0.0",",,7,1900","67",",,7","45",",,7"
"USC00053005","FORT COLLINS, CO US","40.57629","-105.08575","1525.2","2025-05-20","4.03",",,7","0.00","T,,7,1900","0.0",",,7,1900","0.0",",,7,1900","70",",,7","41",",,7"
"USC00053005","FORT COLLINS, CO US","40.57629","-105.08575","1525.2","2025-05-21","0.89",",,7","0.00","T,,7,1900","0.0",",,7,1900","0.0",",,7,1900","76",",,7","50",",,7"
"USC00053005","FORT COLLINS, CO US","40.57629","-105.08575","1525.2","2025-05-22","2.91",",,7","0.00",",,7,1900","0.0",",,7,1900","0.0",",,7,1900","76",",,7","39",",,7"
"USC00053005","FORT COLLINS, CO US","40.57629","-105.08575","1525.2","2025-05-23","10.96",",,7","0.00",",,7,1900","0.0",",,7,1900","0.0",",,7,1900","83",",,7","49",",,7"
"USC00053005","FORT COLLINS, CO US","40.57629","-105.08575","1525.2","2025-05-24","4.03",",,7","0.07",",,7,1900","0.0",",,7,1900","0.0",",,7,1900","73",",,7","52",",,7"
"USC00053005","FORT COLLINS, CO US","40.57629","-105.08575","1525.2","2025-05-25","4.03",",,7","0.17",",,7,1900","0.0",",,7,1900","0.0",",,7,1900","56",",,7","49",",,7"
"USC00053005","FORT COLLINS, CO US","40.57629","-105.08575","1525.2","2025-05-26","4.03",",,7","0.18",",,7,1900","0.0",",,7,1900","0.0",",,7,1900","67",",,7","50",",,7"
"USC00053005","FORT COLLINS, CO US","40.57629","-105.08575","1525.2","2025-05-27","2.01",",,7","0.11",",,7,1900","0.0",",,7,1900","0.0",",,7,1900","65",",,7","48",",,7"
"USC00053005","FORT COLLINS, CO US","40.57629","-105.08575","1525.2","2025-05-28","2.01",",,7","0.21",",,7,1900","0.0",",,7,1900","0.0",",,7,1900","68",",,7","48",",,7"
"USC00053005","FORT COLLINS, CO US","40.57629","-105.08575","1525.2","2025-05-29","6.04",",,7","0.13",",,7,1900","0.0",",,7,1900","0.0",",,7,1900","69",",,7","50",",,7"
"USC00053005","FORT COLLINS, CO US","40.57629","-105.08575","1525.2","2025-05-30","2.01",",,7","0.06",",,7,1900","0.0",",,7,1900","0.0",",,7,1900","85",",,7","46",",,7"
"USC00053005","FORT COLLINS, CO US","40.57629","-105.08575","1525.2","2025-05-31","2.01",",,7","0.01",",,7,1900","0.0",",,7,1900","0.0",",,7,1900","80",",,7","56",",,7"
"USC00053005","FORT COLLINS, CO US","40.57629","-105.08575","1525.2","2025-06-01","0.89",",,7","0.00","T,,7,1900","0.0",",,7,1900","0.0",",,7,1900","85",",,7","53",",,7"
"USC00053005","FORT COLLINS, CO US","40.57629","-105.08575","1525.2","2025-06-02","10.07",",,7","0.00",",,7,1900","0.0",",,7,1900","0.0",",,7,1900","81",",,7","52",",,7"
"USC00053005","FORT COLLINS, CO US","40.57629","-105.08575","1525.2","2025-06-03","2.91",",,7","0.27",",,7,1900","0.0",",,7,1900","0.0",",,7,1900","64",",,7","47",",,7"
"USC00053005","FORT COLLINS, CO US","40.57629","-105.08575","1525.2","2025-06-04","2.91",",,7","0.25",",,7,1900","0.0",",,7,1900","0.0",",,7,1900","71",",,7","52",",,7"
"USC00053005","FORT COLLINS, CO US","40.57629","-105.08575","1525.2","2025-06-05","0.89",",,7","0.33",",,7,1900","0.0",",,7,1900","0.0",",,7,1900","69",",,7","53",",,7"
"USC00053005","FORT COLLINS, CO US","40.57629","-105.08575","1525.2","2025-06-06","4.03",",,7","0.14",",,7,1900","0.0",",,7,1900","0.0",",,7,1900","63",",,7","53",",,7"
"USC00053005","FORT COLLINS, CO US","40.57629","-105.08575","1525.2","2025-06-07","2.91",",,7","0.00",",,7,1900","0.0",",,7,1900","0.0",",,7,1900","86",",,7","42",",,7"
"USC00053005","FORT COLLINS, CO US","40.57629","-105.08575","1525.2","2025-06-08","4.92",",,7","0.00","T,,7,1900","0.0",",,7,1900","0.0",",,7,1900","78",",,7","53",",,7"
"USC00053005","FORT COLLINS, CO US","40.57629","-105.08575","1525.2","2025-06-09","6.04",",,7","0.00",",,7,1900","0.0",",,7,1900","0.0",",,7,1900","83",",,7","46",",,7"
"USC00053005","FORT COLLINS, CO US","40.57629","-105.08575","1525.2","2025-06-10","2.01",",,7","0.00","T,,7,1900","0.0",",,7,1900","0.0",",,7,1900","90",",,7","49",",,7"
"USC00053005","FORT COLLINS, CO US","40.57629","-105.08575","1525.2","2025-06-11","0.89",",,7","0.00","T,,7,1900","0.0",",,7,1900","0.0",",,7,1900","86",",,7","59",",,7"
"USC00053005","FORT COLLINS, CO US","40.57629","-105.08575","1525.2","2025-06-12","4.03",",,7","0.06",",,7,1900","0.0",",,7,1900","0.0",",,7,1900","82",",,7","57",",,7"
"USC00053005","FORT COLLINS, CO US","40.57629","-105.08575","1525.2","2025-06-13","2.01",",,7","0.03",",,7,1900","0.0",",,7,1900","0.0",",,7,1900","86",",,7","54",",,7"
"USC00053005","FORT COLLINS, CO US","40.57629","-105.08575","1525.2","2025-06-14","8.05",",,7","0.03",",,7,1900","0.0",",,7,1900","0.0",",,7,1900","89",",,7","57",",,7"
"USC00053005","FORT COLLINS, CO US","40.57629","-105.08575","1525.2","2025-06-15","2.91",",,7","0.00",",,7,1900","0.0",",,7,1900","0.0",",,7,1900","91",",,7","56",",,7"
"USC00053005","FORT COLLINS, CO US","40.57629","-105.08575","1525.2","2025-06-16","2.91",",,7","0.00","T,,7,1900","0.0",",,7,1900","0.0",",,7,1900","91",",,7","55",",,7"
"USC00053005","FORT COLLINS, CO US","40.57629","-105.08575","1525.2","2025-06-17","2.91",",,7","0.40",",,7,1900","0.0",",,7,1900","0.0",",,7,1900","78",",,7","55",",,7"
"USC00053005","FORT COLLINS, CO US","40.57629","-105.08575","1525.2","2025-06-18","4.92",",,7","0.00",",,7,1900","0.0",",,7,1900","0.0",",,7,1900","81",",,7","47",",,7"
"USC00053005","FORT COLLINS, CO US","40.57629","-105.08575","1525.2","2025-06-19","2.01",",,7","0.00",",,7,1900","0.0",",,7,1900","0.0",",,7,1900","93",",,7","52",",,7"
"USC00053005","FORT COLLINS, CO US","40.57629","-105.08575","1525.2","2025-06-20","2.91",",,7","0.00",",,7,1900","0.0",",,7,1900","0.0",",,7,1900","98",",,7","55",",,7"
"USC00053005","FORT COLLINS, CO US","40.57629","-105.08575","1525.2","2025-06-21","0.89",",,7","0.00",",,7,1900","0.0",",,7,1900","0.0",",,7,1900","95",",,7","65",",,7"
"USC00053005","FORT COLLINS, CO US","40.57629","-105.08575","1525.2","2025-06-22","4.03",",,7","0.00",",,7,1900","0.0",",,7,1900","0.0",",,7,1900","89",",,7","59",",,7"
"USC00053005","FORT COLLINS, CO US","40.57629","-105.08575","1525.2","2025-06-23","0.00",",,7","0.00",",,7,1900","0.0",",,7,1900","0.0",",,7,1900","73",",,7","56",",,7"
"USC00053005","FORT COLLINS, CO US","40.57629","-105.08575","1525.2","2025-06-24","2.91",",,7","0.00","T,,7,1900","0.0",",,7,1900","0.0",",,7,1900","78",",,7","59",",,7"
"USC00053005","FORT COLLINS, CO US","40.57629","-105.08575","1525.2","2025-06-25","2.91",",,7","0.25",",,7,1900","0.0",",,7,1900","0.0",",,7,1900","83",",,7","61",",,7"
"USC00053005","FORT COLLINS, CO US","40.57629","-105.08575","1525.2","2025-06-26","4.03",",,7","0.00","T,,7,1900","0.0",",,7,1900","0.0",",,7,1900","86",",,7","52",",,7"
"USC00053005","FORT COLLINS, CO US","40.57629","-105.08575","1525.2","2025-06-27","0.89",",,7","0.00","T,,7,1900","0.0",",,7,1900","0.0",",,7,1900","92",",,7","55",",,7"
"USC00053005","FORT COLLINS, CO US","40.57629","-105.08575","1525.2","2025-06-28","2.01",",,7","0.00",",,7,1900","0.0",",,7,1900","0.0",",,7,1900","96",",,7","55",",,7"
"USC00053005","FORT COLLINS, CO US","40.57629","-105.08575","1525.2","2025-06-29","4.03",",,7","0.00","T,,7,1900","0.0",",,7,1900","0.0",",,7,1900","86",",,7","57",",,7"
"USC00053005","FORT COLLINS, CO US","40.57629","-105.08575","1525.2","2025-06-30","2.91",",,7","0.00",",,7,1900","0.0",",,7,1900","0.0",",,7,1900","80",",,7","61",",,7"
"USC00053005","FORT COLLINS, CO US","40.57629","-105.08575","1525.2","2025-07-01","8.05",",,7","0.00","T,,7,1900","0.0",",,7,1900","0.0",",,7,1900","90",",,7","58",",,7"
"USC00053005","FORT COLLINS, CO US","40.57629","-105.08575","1525.2","2025-07-02","6.93",",,7","0.00",",,7,1900","0.0",",,7,1900","0.0",",,7,1900","93",",,7","55",",,7"
"USC00053005","FORT COLLINS, CO US","40.57629","-105.08575","1525.2","2025-07-03","0.89",",,7","0.00",",,7,1900","0.0",",,7,1900","0.0",",,7,1900","93",",,7","57",",,7"
"USC00053005","FORT COLLINS, CO US","40.57629","-105.08575","1525.2","2025-07-04","2.01",",,7","0.10",",,7,1900","0.0",",,7,1900","0.0",",,7,1900","87",",,7","66",",,7"
"USC00053005","FORT COLLINS, CO US","40.57629","-105.08575","1525.2","2025-07-05","0.89",",,7","0.04",",,7,1900","0.0",",,7,1900","0.0",",,7,1900","89",",,7","62",",,7"
"USC00053005","FORT COLLINS, CO US","40.57629","-105.08575","1525.2","2025-07-06","6.04",",,7","0.00","T,,7,1900","0.0",",,7,1900","0.0",",,7,1900","90",",,7","58",",,7"
"USC00053005","FORT COLLINS, CO US","40.57629","-105.08575","1525.2","2025-07-07","6.93",",,7","0.00","T,,7,1900","0.0",",,7,1900","0.0",",,7,1900","94",",,7","59",",,7"
"USC00053005","FORT COLLINS, CO US","40.57629","-105.08575","1525.2","2025-07-08","2.91",",,7","0.00",",,7,1900","0.0",",,7,1900","0.0",",,7,1900","94",",,7","55",",,7"
"USC00053005","FORT COLLINS, CO US","40.57629","-105.08575","1525.2","2025-07-09","0.00",",,7","0.00",",,7,1900","0.0",",,7,1900","0.0",",,7,1900","100",",,7","55",",,7"
"USC00053005","FORT COLLINS, CO US","40.57629","-105.08575","1525.2","2025-07-10","4.03",",,7","0.00","T,,7,1900","0.0",",,7,1900","0.0",",,7,1900","95",",,7","74",",,7"
"USC00053005","FORT COLLINS, CO US","40.57629","-105.08575","1525.2","2025-07-11","2.91",",,7","0.01",",,7,1900","0.0",",,7,1900","0.0",",,7,1900","86",",,7","56",",,7"
"USC00053005","FORT COLLINS, CO US","40.57629","-105.08575","1525.2","2025-07-12","4.03",",,7","0.02",",,7,1900","0.0",",,7,1900","0.0",",,7,1900","82",",,7","59",",,7"
"USC00053005","FORT COLLINS, CO US","40.57629","-105.08575","1525.2","2025-07-13","106.03",",,7","0.00",",,7,1900","0.0",",,7,1900","0.0",",,7,1900","91",",,7","59",",,7"
"USC00053005","FORT COLLINS, CO US","40.57629","-105.08575","1525.2","2025-07-14","10.07",",,7","0.00","T,,7,1900","0.0",",,7,1900","0.0",",,7,1900","93",",,7","64",",,7"
"USC00053005","FORT COLLINS, CO US","40.57629","-105.08575","1525.2","2025-07-15","2.91",",,7","0.00","T,,7,1900","0.0",",,7,1900","0.0",",,7,1900","96",",,7","58",",,7"
"USC00053005","FORT COLLINS, CO US","40.57629","-105.08575","1525.2","2025-07-16","6.93",",,7","0.04",",,7,1900","0.0",",,7,1900","0.0",",,7,1900","80",",,7","63",",,7"
"USC00053005","FORT COLLINS, CO US","40.57629","-105.08575","1525.2","2025-07-17","2.91",",,7","0.03",",,7,1900","0.0",",,7,1900","0.0",",,7,1900","83",",,7","59",",,7"
"USC00053005","FORT COLLINS, CO US","40.57629","-105.08575","1525.2","2025-07-18","6.04",",,7","0.03",",,7,1900","0.0",",,7,1900","0.0",",,7,1900","90",",,7","57",",,7"
"USC00053005","FORT COLLINS, CO US","40.57629","-105.08575","1525.2","2025-07-19","2.01",",,7","0.00",",,7,1900","0.0",",,7,1900","0.0",",,7,1900","90",",,7","59",",,7"
"USC00053005","FORT COLLINS, CO US","40.57629","-105.08575","1525.2","2025-07-20","2.91",",,7","0.00",",,7,1900","0.0",",,7,1900","0.0",",,7,1900","93",",,7","60",",,7"
"USC00053005","FORT COLLINS, CO US","40.57629","-105.08575","1525.2","2025-07-21","0.00",",,7","0.00",",,7,1900","0.0",",,7,1900","0.0",",,7,1900","97",",,7","57",",,7"
"USC00053005","FORT COLLINS, CO US","40.57629","-105.08575","1525.2","2025-07-22","4.03",",,7","0.28",",,7,1900","0.0",",,7,1900","0.0",",,7,1900","94",",,7","65",",,7"
"USC00053005","FORT COLLINS, CO US","40.57629","-105.08575","1525.2","2025-07-23","2.01",",,7","0.18",",,7,1900","0.0",",,7,1900","0.0",",,7,1900","84",",,7","61",",,7"
"USC00053005","FORT COLLINS, CO US","40.57629","-105.08575","1525.2","2025-07-24","4.92",",,7","0.01",",,7,1900","0.0",",,7,1900","0.0",",,7,1900","83",",,7","59",",,7"
"USC00053005","FORT COLLINS, CO US","40.57629","-105.08575","1525.2","2025-07-25","0.00",",,7","0.00",",,7,1900","0.0",",,7,1900","0.0",",,7,1900","89",",,7","58",",,7"
"USC00053005","FORT COLLINS, CO US","40.57629","-105.08575","1525.2","2025-07-26","0.00",",,7","0.00",",,7,1900","0.0",",,7,1900","0.0",",,7,1900","94",",,7","56",",,7"
"USC00053005","FORT COLLINS, CO US","40.57629","-105.08575","1525.2","2025-07-27","0.00",",,7","0.00",",,7,1900","0.0",",,7,1900","0.0",",,7,1900","96",",,7","55",",,7"
"USC00053005","FORT COLLINS, CO US","40.57629","-105.08575","1525.2","2025-07-28","2.91",",,7","0.00",",,7,1900","0.0",",,7,1900","0.0",",,7,1900","99",",,7","60",",,7"
"USC00053005","FORT COLLINS, CO US","40.57629","-105.08575","1525.2","2025-07-29","4.92",",,7","0.00","T,,7,1900","0.0",",,7,1900","0.0",",,7,1900","87",",,7","67",",,7"
"USC00053005","FORT COLLINS, CO US","40.57629","-105.08575","1525.2","2025-07-30","2.91",",,7","0.10",",,7,1900","0.0",",,7,1900","0.0",",,7,1900","78",",,7","59",",,7"
"USC00053005","FORT COLLINS, CO US","40.57629","-105.08575","1525.2","2025-07-31","2.91",",,7","0.00","T,,7,1900","0.0",",,7,1900","0.0",",,7,1900","84",",,7","60",",,7"
"USC00053005","FORT COLLINS, CO US","40.57629","-105.08575","1525.2","2025-08-01","8.95",",,7","0.00","T,,7,1900","0.0",",,7,1900","0.0",",,7,1900","81",",,7","55",",,7"
"USC00053005","FORT COLLINS, CO US","40.57629","-105.08575","1525.2","2025-08-02","4.03",",,7","0.00","T,,7,1900","0.0",",,7,1900","0.0",",,7,1900","87",",,7","52",",,7"
"USC00053005","FORT COLLINS, CO US","40.57629","-105.08575","1525.2","2025-08-03","2.01",",,7","0.10",",,7,1900","0.0",",,7,1900","0.0",",,7,1900","87",",,7","51",",,7"
"USC00053005","FORT COLLINS, CO US","40.57629","-105.08575","1525.2","2025-08-04","4.92",",,7","0.00",",,7,1900","0.0",",,7,1900","0.0",",,7,1900","92",",,7","54",",,7"
"USC00053005","FORT COLLINS, CO US","40.57629","-105.08575","1525.2","2025-08-05","2.01",",,7","0.00",",,7,1900","0.0",",,7,1900","0.0",",,7,1900","96",",,7","60",",,7"
"USC00053005","FORT COLLINS, CO US","40.57629","-105.08575","1525.2","2025-08-06","0.89",",,7","0.00",",,7,1900","0.0",",,7,1900","0.0",",,7,1900","92",",,7","59",",,7"
"USC00053005","FORT COLLINS, CO US","40.57629","-105.08575","1525.2","2025-08-07","2.01",",,7","0.00",",,7,1900","0.0",",,7,1900","0.0",",,7,1900","96",",,7","61",",,7"
"USC00053005","FORT COLLINS, CO US","40.57629","-105.08575","1525.2","2025-08-08","2.91",",,7","0.00",",,7,1900","0.0",",,7,1900","0.0",",,7,1900","92",",,7","61",",,7"
"USC00053005","FORT COLLINS, CO US","40.57629","-105.08575","1525.2","2025-08-09","4.92",",,7","0.00",",,7,1900","0.0",",,7,1900","0.0",",,7,1900","86",",,7","60",",,7"
"USC00053005","FORT COLLINS, CO US","40.57629","-105.08575","1525.2","2025-08-10","335.99",",X,7","0.18",",,7,1900","0.0",",,7,1900","0.0",",,7,1900","77",",,7","57",",,7"
"USC00053005","FORT COLLINS, CO US","40.57629","-105.08575","1525.2","2025-08-11","2.91",",,7","0.02",",,7,1900","0.0",",,7,1900","0.0",",,7,1900","85",",,7","52",",,7"
"USC00053005","FORT COLLINS, CO US","40.57629","-105.08575","1525.2","2025-08-12","4.03",",,7","0.00",",,7,1900","0.0",",,7,1900","0.0",",,7,1900","86",",,7","57",",,7"
"USC00053005","FORT COLLINS, CO US","40.57629","-105.08575","1525.2","2025-08-13","0.89",",,7","0.00","T,,7,1900","0.0",",,7,1900","0.0",",,7,1900","98",",,7","55",",,7"
"USC00053005","FORT COLLINS, CO US","40.57629","-105.08575","1525.2","2025-08-14","2.91",",,7","0.00","T,,7,1900","0.0",",,7,1900","0.0",",,7,1900","97",",,7","57",",,7"
"USC00053005","FORT COLLINS, CO US","40.57629","-105.08575","1525.2","2025-08-15","2.01",",,7","0.00",",,7,1900","0.0",",,7,1900","0.0",",,7,1900","94",",,7","59",",,7"
"USC00053005","FORT COLLINS, CO US","40.57629","-105.08575","1525.2","2025-08-16","0.89",",,7","0.00","T,,7,1900","0.0",",,7,1900","0.0",",,7,1900","89",",,7","63",",,7"
"USC00053005","FORT COLLINS, CO US","40.57629","-105.08575","1525.2","2025-08-17","0.00",",,7","0.02",",,7,1900","0.0",",,7,1900","0.0",",,7,1900","90",",,7","59",",,7"
"USC00053005","FORT COLLINS, CO US","40.57629","-105.08575","1525.2","2025-08-18","10.07",",,7","0.00",",,7,1900","0.0",",,7,1900","0.0",",,7,1900","91",",,7","59",",,7"
"USC00053005","FORT COLLINS, CO US","40.57629","-105.08575","1525.2","2025-08-19","4.03",",,7","0.00",",,7,1900","0.0",",,7,1900","0.0",",,7,1900","91",",,7","57",",,7"
"USC00053005","FORT COLLINS, CO US","40.57629","-105.08575","1525.2","2025-08-20","4.03",",,7","0.00",",,7,1900","0.0",",,7,1900","0.0",",,7,1900","93",",,7","58",",,7"
"USC00053005","FORT COLLINS, CO US","40.57629","-105.08575","1525.2","2025-08-21","8.05",",,7","0.00","T,,7,1900","0.0",",,7,1900","0.0",",,7,1900","95",",,7","58",",,7"
"USC00053005","FORT COLLINS, CO US","40.57629","-105.08575","1525.2","2025-08-22","4.03",",,7","0.03",",,7,1900","0.0",",,7,1900","0.0",",,7,1900","77",",,7","63",",,7"
"USC00053005","FORT COLLINS, CO US","40.57629","-105.08575","1525.2","2025-08-23","2.91",",,7","0.00","T,,7,1900","0.0",",,7,1900","0.0",",,7,1900","82",",,7","64",",,7"
"USC00053005","FORT COLLINS, CO US","40.57629","-105.08575","1525.2","2025-08-24","2.01",",,7","0.01",",,7,1900","0.0",",,7,1900","0.0",",,7,1900","77",",,7","58",",,7"
"USC00053005","FORT COLLINS, CO US","40.57629","-105.08575","1525.2","2025-08-25","2.91",",,7","0.17",",,7,1900","0.0",",,7,1900","0.0",",,7,1900","70",",,7","59",",,7"
"USC00053005","FORT COLLINS, CO US","40.57629","-105.08575","1525.2","2025-08-26","2.01",",,7","0.08",",,7,1900","0.0",",,7,1900","0.0",",,7,1900","74",",,7","54",",,7"
"USC00053005","FORT COLLINS, CO US","40.57629","-105.08575","1525.2","2025-08-27","0.89",",,7","0.05",",,7,1900","0.0",",,7,1900","0.0",",,7,1900","78",",,7","61",",,7"
"USC00053005","FORT COLLINS, CO US","40.57629","-105.08575","1525.2","2025-08-28","0.89",",,7","0.51",",,7,1900","0.0",",,7,1900","0.0",",,7,1900","79",",,7","55",",,7"
"USC00053005","FORT COLLINS, CO US","40.57629","-105.08575","1525.2","2025-08-29","2.91",",,7","0.00","T,,7,1900","0.0",",,7,1900","0.0",",,7,1900","80",",,7","54",",,7"
"USC00053005","FORT COLLINS, CO US","40.57629","-105.08575","1525.2","2025-08-30","2.01",",,7","0.51",",,7,1900","0.0",",,7,1900","0.0",",,7,1900","79",",,7","58",",,7"
"USC00053005","FORT COLLINS, CO US","40.57629","-105.08575","1525.2","2025-08-31","0.00",",,7","0.01",",,7,1900","0.0",",,7,1900","0.0",",,7,1900","84",",,7","49",",,7"
"USC00053005","FORT COLLINS, CO US","40.57629","-105.08575","1525.2","2025-09-01","2.91",",,7","0.00",",,7,1900","0.0",",,7,1900","0.0",",,7,1900","86",",,7","53",",,7"
"USC00053005","FORT COLLINS, CO US","40.57629","-105.08575","1525.2","2025-09-02","0.00",",,7","0.00","T,,7,1900","0.0",",,7,1900","0.0",",,7,1900","88",",,7","50",",,7"
"USC00053005","FORT COLLINS, CO US","40.57629","-105.08575","1525.2","2025-09-03","4.03",",,7","0.00",",,7,1900","0.0",",,7,1900","0.0",",,7,1900","90",",,7","50",",,7"
"USC00053005","FORT COLLINS, CO US","40.57629","-105.08575","1525.2","2025-09-04","2.01",",,7","0.03",",,7,1900","0.0",",,7,1900","0.0",",,7,1900","88",",,7","53",",,7"
"USC00053005","FORT COLLINS, CO US","40.57629","-105.08575","1525.2","2025-09-05","2.01",",,7","0.00","T,,7,1900","0.0",",,7,1900","0.0",",,7,1900","70",",,7","54",",,7"
"USC00053005","FORT COLLINS, CO US","40.57629","-105.08575","1525.2","2025-09-06","0.89",",,7","0.00",",,7,1900","0.0",",,7,1900","0.0",",,7,1900","77",",,7","43",",,7"
"USC00053005","FORT COLLINS, CO US","40.57629","-105.08575","1525.2","2025-09-07","0.00",",,7","0.04",",,7,1900","0.0",",,7,1900","0.0",",,7,1900","82",",,7","55",",,7"
"USC00053005","FORT COLLINS, CO US","40.57629","-105.08575","1525.2","2025-09-08","2.01",",,7","0.02",",,7,1900","0.0",",,7,1900","0.0",",,7,1900","87",",,7","51",",,7"
"USC00053005","FORT COLLINS, CO US","40.57629","-105.08575","1525.2","2025-09-09","0.00",",,7","0.01",",,7,1900","0.0",",,7,1900","0.0",",,7,1900","85",",,7","50",",,7"
"USC00053005","FORT COLLINS, CO US","40.57629","-105.08575","1525.2","2025-09-10","0.89",",,7","0.00",",,7,1900","0.0",",,7,1900","0.0",",,7,1900","90",",,7","50",",,7"
"USC00053005","FORT COLLINS, CO US","40.57629","-105.08575","1525.2","2025-09-11","0.89",",,7","0.00",",,7,1900","0.0",",,7,1900","0.0",",,7,1900","86",",,7","61",",,7"
"USC00053005","FORT COLLINS, CO US","40.57629","-105.08575","1525.2","2025-09-12","0.89",",,7","0.00",",,7,1900","0.0",",,7,1900","0.0",",,7,1900","80",",,7","55",",,7"
"USC00053005","FORT COLLINS, CO US","40.57629","-105.08575","1525.2","2025-09-13","2.01",",,7","0.03",",,7,1900","0.0",",,7,1900","0.0",",,7,1900","75",",,7","53",",,7"
"USC00053005","FORT COLLINS, CO US","40.57629","-105.08575","1525.2","2025-09-14","2.91",",,7","0.01",",,7,1900","0.0",",,7,1900","0.0",",,7,1900","73",",,7","53",",,7"
"USC00053005","FORT COLLINS, CO US","40.57629","-105.08575","1525.2","2025-09-15","0.89",",,7","0.00",",,7,1900","0.0",",,7,1900","0.0",",,7,1900","84",",,7","46",",,7"
"USC00053005","FORT COLLINS, CO US","40.57629","-105.08575","1525.2","2025-09-16","0.89",",,7","0.57",",,7,1900","0.0",",,7,1900","0.0",",,7,1900","80",",,7","53",",,7"
"USC00053005","FORT COLLINS, CO US","40.57629","-105.08575","1525.2","2025-09-17","2.91",",,7","0.16",",,7,1900","0.0",",,7,1900","0.0",",,7,1900","65",",,7","46",",,7"
"USC00053005","FORT COLLINS, CO US","40.57629","-105.08575","1525.2","2025-09-18","2.01",",,7","0.00",",,7,1900","0.0",",,7,1900","0.0",",,7,1900","74",",,7","45",",,7"
"USC00053005","FORT COLLINS, CO US","40.57629","-105.08575","1525.2","2025-09-19","2.91",",,7","0.00",",,7,1900","0.0",",,7,1900","0.0",",,7,1900","79",",,7","45",",,7"
"USC00053005","FORT COLLINS, CO US","40.57629","-105.08575","1525.2","2025-09-20","0.89",",,7","0.01",",,7,1900","0.0",",,7,1900","0.0",",,7,1900","79",",,7","55",",,7"
"USC00053005","FORT COLLINS, CO US","40.57629","-105.08575","1525.2","2025-09-21","2.01",",,7","0.00","T,,7,1900","0.0",",,7,1900","0.0",",,7,1900","82",",,7","49",",,7"
"USC00053005","FORT COLLINS, CO US","40.57629","-105.08575","1525.2","2025-09-22","2.01",",,7","0.23",",,7,1900","0.0",",,7,1900","0.0",",,7,1900","78",",,7","53",",,7"
"USC00053005","FORT COLLINS, CO US","40.57629","-105.08575","1525.2","2025-09-23","0.89",",,7","1.22",",,7,1900","0.0",",,7,1900","0.0",",,7,1900","56",",,7","50",",,7"
"USC00053005","FORT COLLINS, CO US","40.57629","-105.08575","1525.2","2025-09-24","0.00",",,7","0.00",",,7,1900","0.0",",,7,1900","0.0",",,7,1900","70",",,7","43",",,7"
"USC00053005","FORT COLLINS, CO US","40.57629","-105.08575","1525.2","2025-09-25","2.01",",,7","0.00",",,7,1900","0.0",",,7,1900","0.0",",,7,1900","79",",,7","41",",,7"
"USC00053005","FORT COLLINS, CO US","40.57629","-105.08575","1525.2","2025-09-26","0.00",",,7","0.00",",,7,1900","0.0",",,7,1900","0.0",",,7,1900","86",",,7","43",",,7"
"USC00053005","FORT COLLINS, CO US","40.57629","-105.08575","1525.2","2025-09-27","0.00",",,7","0.00",",,7,1900","0.0",",,7,1900","0.0",",,7,1900","78",",,7","48",",,7"
"USC00053005","FORT COLLINS, CO US","40.57629","-105.08575","1525.2","2025-09-28","0.00",",,7","0.00",",,7,1900","0.0",",,7,1900","0.0",",,7,1900","80",",,7","50",",,7"
"USC00053005","FORT COLLINS, CO US","40.57629","-105.08575","1525.2","2025-09-29","2.01",",,7","0.00","T,,7,1900","0.0",",,7,1900","0.0",",,7,1900","79",",,7","51",",,7"
"USC00053005","FORT COLLINS, CO US","40.57629","-105.08575","1525.2","2025-09-30","0.89",",,7","0.00","T,,7,1900","0.0",",,7,1900","0.0",",,7,1900","80",",,7","47",",,7"
"USC00053005","FORT COLLINS, CO US","40.57629","-105.08575","1525.2","2025-10-01","0.00",",,7","0.00",",,7,1900","0.0",",,7,1900","0.0",",,7,1900","80",",,7","49",",,7"
"USC00053005","FORT COLLINS, CO US","40.57629","-105.08575","1525.2","2025-10-02","0.89",",,7","0.00",",,7,1900","0.0",",,7,1900","0.0",",,7,1900","80",",,7","46",",,7"
"USC00053005","FORT COLLINS, CO US","40.57629","-105.08575","1525.2","2025-10-03","0.89",",,7","0.00",",,7,1900","0.0",",,7,1900","0.0",",,7,1900","84",",,7","46",",,7"
"USC00053005","FORT COLLINS, CO US","40.57629","-105.08575","1525.2","2025-10-04","2.01",",,7","0.02",",,7,1900","0.0",",,7,1900","0.0",",,7,1900","80",",,7","56",",,7"
"USC00053005","FORT COLLINS, CO US","40.57629","-105.08575","1525.2","2025-10-05","0.89",",,7","0.14",",,7,1900","0.0",",,7,1900","0.0",",,7,1900","65",",,7","42",",,7"
"USC00053005","FORT COLLINS, CO US","40.57629","-105.08575","1525.2","2025-10-06","2.91",",,7","0.29",",,7,1900","0.0",",,7,1900","0.0",",,7,1900","52",",,7","43",",,7"
"USC00053005","FORT COLLINS, CO US","40.57629","-105.08575","1525.2","2025-10-07","2.91",",,7","0.00",",,7,1900","0.0",",,7,1900","0.0",",,7,1900","57",",,7","41",",,7"
"USC00053005","FORT COLLINS, CO US","40.57629","-105.08575","1525.2","2025-10-08","0.00",",,7","0.00",",,7,1900","0.0",",,7,1900","0.0",",,7,1900","72",",,7","36",",,7"
"USC00053005","FORT COLLINS, CO US","40.57629","-105.08575","1525.2","2025-10-09","0.00",",,7","0.00","T,,7,1900","0.0",",,7,1900","0.0",",,7,1900","83",",,7","40",",,7"
"USC00053005","FORT COLLINS, CO US","40.57629","-105.08575","1525.2","2025-10-10","2.01",",,7","0.02",",,7,1900","0.0",",,7,1900","0.0",",,7,1900","65",",,7","47",",,7"
"USC00053005","FORT COLLINS, CO US","40.57629","-105.08575","1525.2","2025-10-11","0.00",",,7","0.00","T,,7,1900","0.0",",,7,1900","0.0",",,7,1900","66",",,7","49",",,7"
"USC00053005","FORT COLLINS, CO US","40.57629","-105.08575","1525.2","2025-10-12","2.01",",,7","0.00",",,7,1900","0.0",",,7,1900","0.0",",,7,1900","69",",,7","48",",,7"
"USC00053005","FORT COLLINS, CO US","40.57629","-105.08575","1525.2","2025-10-13","0.00",",,7","0.00",",,7,1900","0.0",",,7,1900","0.0",",,7,1900","59",",,7","36",",,7"
"USC00053005","FORT COLLINS, CO US","40.57629","-105.08575","1525.2","2025-10-14","2.01",",,7","0.00","T,,7,1900","0.0",",,7,1900","0.0",",,7,1900","70",",,7","43",",,7"
"USC00053005","FORT COLLINS, CO US","40.57629","-105.08575","1525.2","2025-10-15","0.89",",,7","0.00","T,,7,1900","0.0",",,7,1900","0.0",",,7,1900","74",",,7","45",",,7"
"USC00053005","FORT COLLINS, CO US","40.57629","-105.08575","1525.2","2025-10-16","8.95",",,7","0.01",",,7,1900","0.0",",,7,1900","0.0",",,7,1900","71",",,7","49",",,7"
"USC00053005","FORT COLLINS, CO US","40.57629","-105.08575","1525.2","2025-10-17","0.00",",,7","0.00",",,7,1900","0.0",",,7,1900","0.0",",,7,1900","67",",,7","35",",,7"
"USC00053005","FORT COLLINS, CO US","40.57629","-105.08575","1525.2","2025-10-18","4.03",",,7","0.00",",,7,1900","0.0",",,7,1900","0.0",",,7,1900","62",",,7","41",",,7"
"USC00053005","FORT COLLINS, CO US","40.57629","-105.08575","1525.2","2025-10-19","0.89",",,7","0.00",",,7,1900","0.0",",,7,1900","0.0",",,7,1900","71",",,7","29",",,7"
"USC00053005","FORT COLLINS, CO US","40.57629","-105.08575","1525.2","2025-10-20","4.03",",,7","0.00",",,7,1900","0.0",",,7,1900","0.0",",,7,1900","66",",,7","45",",,7"
"USC00053005","FORT COLLINS, CO US","40.57629","-105.08575","1525.2","2025-10-21","0.00",",,7","0.00",",,7,1900","0.0",",,7,1900","0.0",",,7,1900","69",",,7","29",",,7"
"USC00053005","FORT COLLINS, CO US","40.57629","-105.08575","1525.2","2025-10-22","0.00",",,7","0.00",",,7,1900","0.0",",,7,1900","0.0",",,7,1900","69",",,7","31",",,7"
"USC00053005","FORT COLLINS, CO US","40.57629","-105.08575","1525.2","2025-10-23","2.01",",,7","0.00",",,7,1900","0.0",",,7,1900","0.0",",,7,1900","69",",,7","37",",,7"
"USC00053005","FORT COLLINS, CO US","40.57629","-105.08575","1525.2","2025-10-24","0.00",",,7","0.00",",,7,1900","0.0",",,7,1900","0.0",",,7,1900","68",",,7","43",",,7"
"USC00053005","FORT COLLINS, CO US","40.57629","-105.08575","1525.2","2025-10-25","0.00",",,7","0.00",",,7,1900","0.0",",,7,1900","0.0",",,7,1900","72",",,7","32",",,7"
"USC00053005","FORT COLLINS, CO US","40.57629","-105.08575","1525.2","2025-10-26","0.89",",,7","0.00",",,7,1900","0.0",",,7,1900","0.0",",,7,1900","60",",,7","39",",,7"
"USC00053005","FORT COLLINS, CO US","40.57629","-105.08575","1525.2","2025-10-27","6.04",",,7","0.02",",,7,1900","0.0",",,7,1900","0.0",",,7,1900","60",",,7","39",",,7"
"USC00053005","FORT COLLINS, CO US","40.57629","-105.08575","1525.2","2025-10-28","2.91",",,7","0.00",",,7,1900","0.0",",,7,1900","0.0",",,7,1900","51",",,7","32",",,7"
"USC00053005","FORT COLLINS, CO US","40.57629","-105.08575","1525.2","2025-10-29","0.00",",,7","0.00",",,7,1900","0.0",",,7,1900","0.0",",,7,1900","57",",,7","20",",,7"
"USC00053005","FORT COLLINS, CO US","40.57629","-105.08575","1525.2","2025-10-30","0.00",",,7","0.00",",,7,1900","0.0",",,7,1900","0.0",",,7,1900","54",",,7","32",",,7"
"USC00053005","FORT COLLINS, CO US","40.57629","-105.08575","1525.2","2025-10-31","2.01",",,7","0.00",",,7,1900","0.0",",,7,1900","0.0",",,7,1900","54",",,7","29",",,7"
"USC00053005","FORT COLLINS, CO US","40.57629","-105.08575","1525.2","2025-11-01","0.89",",,7","0.00",",,7,1900","0.0",",,7,1900","0.0",",,7,1900","62",",,7","24",",,7"
"USC00053005","FORT COLLINS, CO US","40.57629","-105.08575","1525.2","2025-11-02","2.01",",,7","0.00",",,7,1900","0.0",",,7,1900","0.0",",,7,1900","79",",,7","32",",,7"
"USC00053005","FORT COLLINS, CO US","40.57629","-105.08575","1525.2","2025-11-03","0.89",",,7","0.00",",,7,1900","0.0",",,7,1900","0.0",",,7,1900","56",",,7","29",",,7"
"USC00053005","FORT COLLINS, CO US","40.57629","-105.08575","1525.2","2025-11-04","0.89",",,7","0.00",",,7,1900","0.0",",,7,1900","0.0",",,7,1900","75",",,7","29",",,7"
"USC00053005","FORT COLLINS, CO US","40.57629","-105.08575","1525.2","2025-11-05","0.89",",,7","0.00",",,7,1900","0.0",",,7,1900","0.0",",,7,1900","64",",,7","34",",,7"
"USC00053005","FORT COLLINS, CO US","40.57629","-105.08575","1525.2","2025-11-06","8.05",",,7","0.00",",,7,1900","0.0",",,7,1900","0.0",",,7,1900","66",",,7","35",",,7"
"USC00053005","FORT COLLINS, CO US","40.57629","-105.08575","1525.2","2025-11-07","4.92",",,7","0.00","T,,7,1900","0.0",",,7,1900","0.0",",,7,1900","56",",,7","31",",,7"
"USC00053005","FORT COLLINS, CO US","40.57629","-105.08575","1525.2","2025-11-08","4.03",",,7","0.00","T,,7,1900","0.0",",,7,1900","0.0",",,7,1900","57",",,7","36",",,7"
"USC00053005","FORT COLLINS, CO US","40.57629","-105.08575","1525.2","2025-11-09","2.01",",,7","0.00",",,7,1900","0.0",",,7,1900","0.0",",,7,1900","52",",,7","20",",,7"
"USC00053005","FORT COLLINS, CO US","40.57629","-105.08575","1525.2","2025-11-10","0.89",",,7","0.00",",,7,1900","0.0",",,7,1900","0.0",",,7,1900","65",",,7","27",",,7"
"USC00053005","FORT COLLINS, CO US","40.57629","-105.08575","1525.2","2025-11-11","2.01",",,7","0.00",",,7,1900","0.0",",,7,1900","0.0",",,7,1900","76",",,7","47",",,7"
"USC00053005","FORT COLLINS, CO US","40.57629","-105.08575","1525.2","2025-11-12","0.00",",,7","0.00",",,7,1900","0.0",",,7,1900","0.0",",,7,1900","62",",,7","34",",,7"
"USC00053005","FORT COLLINS, CO US","40.57629","-105.08575","1525.2","2025-11-13","0.89",",,7","0.00",",,7,1900","0.0",",,7,1900","0.0",",,7,1900","75",",,7","38",",,7"
"USC00053005","FORT COLLINS, CO US","40.57629","-105.08575","1525.2","2025-11-14","0.89",",,7","0.00",",,7,1900","0.0",",,7,1900","0.0",",,7,1900","75",",,7","35",",,7"
"USC00053005","FORT COLLINS, CO US","40.57629","-105.08575","1525.2","2025-11-15","2.01",",,7","0.00",",,7,1900","0.0",",,7,1900","0.0",",,7,1900","66",",,7","45",",,7"
"USC00053005","FORT COLLINS, CO US","40.57629","-105.08575","1525.2","2025-11-16","0.00",",,7","0.00",",,7,1900","0.0",",,7,1900","0.0",",,7,1900","70",",,7","32",",,7"
"USC00053005","FORT COLLINS, CO US","40.57629","-105.08575","1525.2","2025-11-17","6.93",",,7","0.00",",,7,1900","0.0",",,7,1900","0.0",",,7,1900","60",",,7","46",",,7"
"USC00053005","FORT COLLINS, CO US","40.57629","-105.08575","1525.2","2025-11-18","0.00",",,7","0.00",",,7,1900","0.0",",,7,1900","0.0",",,7,1900","62",",,7","42",",,7"
"USC00053005","FORT COLLINS, CO US","40.57629","-105.08575","1525.2","2025-11-19","2.01",",,7","0.00",",,7,1900","0.0",",,7,1900","0.0",",,7,1900","66",",,7","33",",,7"
"USC00053005","FORT COLLINS, CO US","40.57629","-105.08575","1525.2","2025-11-20","2.91",",,7","0.00",",,7,1900","0.0",",,7,1900","0.0",",,7,1900","52",",,7","37",",,7"
"USC00053005","FORT COLLINS, CO US","40.57629","-105.08575","1525.2","2025-11-21","0.89",",,7","0.02",",,7,1900","0.0",",,7,1900","0.0",",,7,1900","48",",,7","40",",,7"
"USC00053005","FORT COLLINS, CO US","40.57629","-105.08575","1525.2","2025-11-22","2.01",",,7","0.00",",,7,1900","0.0",",,7,1900","0.0",",,7,1900","57",",,7","28",",,7"
"USC00053005","FORT COLLINS, CO US","40.57629","-105.08575","1525.2","2025-11-23","2.91",",,7","0.00",",,7,1900","0.0",",,7,1900","0.0",",,7,1900","61",",,7","30",",,7"
"USC00053005","FORT COLLINS, CO US","40.57629","-105.08575","1525.2","2025-11-24","0.00",",,7","0.00",",,7,1900","0.0",",,7,1900","0.0",",,7,1900","60",",,7","30",",,7"
"USC00053005","FORT COLLINS, CO US","40.57629","-105.08575","1525.2","2025-11-25","4.03",",,7","0.00",",,7,1900","0.0",",,7,1900","0.0",",,7,1900","48",",,7","32",",,7"
"USC00053005","FORT COLLINS, CO US","40.57629","-105.08575","1525.2","2025-11-26","0.00",",,7","0.00",",,7,1900","0.0",",,7,1900","0.0",",,7,1900","40",",,7","20",",,7"
"USC00053005","FORT COLLINS, CO US","40.57629","-105.08575","1525.2","2025-11-27","0.89",",,7","0.00",",,7,1900","0.0",",,7,1900","0.0",",,7,1900","47",",,7","20",",,7"
"USC00053005","FORT COLLINS, CO US","40.57629","-105.08575","1525.2","2025-11-28","12.08",",,7","0.01",",,7,1900","0.0",",,7,1900","0.0",",,7,1900","56",",,7","21",",,7"
"USC00053005","FORT COLLINS, CO US","40.57629","-105.08575","1525.2","2025-11-29","6.04",",,7","0.03",",,7,1900","0.0","T,,7,1900","0.0","T,,7,1900","45",",,7","20",",,7"
"USC00053005","FORT COLLINS, CO US","40.57629","-105.08575","1525.2","2025-11-30","0.89",",,7","0.01",",,7,1900","0.1",",,7,1900","0.0","T,,7,1900","24",",,7","11",",,7"
"USC00053005","FORT COLLINS, CO US","40.57629","-105.08575","1525.2","2025-12-01","2.91",",,7","0.00","T,,7,1900","0.0","T,,7,1900","0.0",",,7,1900","43",",,7","11",",,7"
"USC00053005","FORT COLLINS, CO US","40.57629","-105.08575","1525.2","2025-12-02","4.03",",,7","0.00",",,7,1900","0.0",",,7,1900","0.0",",,7,1900","49",",,7","20",",,7"
"USC00053005","FORT COLLINS, CO US","40.57629","-105.08575","1525.2","2025-12-03","2.91",",,7","0.46",",,7,1900","6.8",",,7,1900","6.0",",,7,1900","40",",,7","25",",,7"
"USC00053005","FORT COLLINS, CO US","40.57629","-105.08575","1525.2","2025-12-04","2.91",",,7","0.00",",,7,1900","0.0",",,7,1900","4.0",",,7,1900","38",",,7","8",",,7"
"USC00053005","FORT COLLINS, CO US","40.57629","-105.08575","1525.2","2025-12-05","4.03",",,7","0.00",",,7,1900","0.0",",,7,1900","4.0",",,7,1900","40",",,7","24",",,7"
"USC00053005","FORT COLLINS, CO US","40.57629","-105.08575","1525.2","2025-12-06","0.89",",,7","0.00","T,,7,1900","0.0","T,,7,1900","1.0",",,7,1900","50",",,7","22",",,7"
"USC00053005","FORT COLLINS, CO US","40.57629","-105.08575","1525.2","2025-12-07","0.89",",,7","0.00",",,7,1900","0.0",",,7,1900","0.0","T,,7,1900","50",",,7","28",",,7"
"USC00053005","FORT COLLINS, CO US","40.57629","-105.08575","1525.2","2025-12-08","2.01",",,7","0.00",",,7,1900","0.0",",,7,1900","0.0","T,,7,1900","54",",,7","26",",,7"
"USC00053005","FORT COLLINS, CO US","40.57629","-105.08575","1525.2","2025-12-09","6.04",",,7","0.00",",,7,1900","0.0",",,7,1900","0.0",",,7,1900","64",",,7","38",",,7"
"USC00053005","FORT COLLINS, CO US","40.57629","-105.08575","1525.2","2025-12-10","8.05",",,7","0.00",",,7,1900","0.0",",,7,1900","0.0",",,7,1900","60",",,7","35",",,7"
"USC00053005","FORT COLLINS, CO US","40.57629","-105.08575","1525.2","2025-12-11","8.95",",,7","0.00",",,7,1900","0.0",",,7,1900","0.0",",,7,1900","69",",,7","41",",,7"
"USC00053005","FORT COLLINS, CO US","40.57629","-105.08575","1525.2","2025-12-12","4.03",",,7","0.00",",,7,1900","0.0",",,7,1900","0.0",",,7,1900","63",",,7","34",",,7"
"USC00053005","FORT COLLINS, CO US","40.57629","-105.08575","1525.2","2025-12-13","4.92",",,7","0.00",",,7,1900","0.0",",,7,1900","0.0",",,7,1900","61",",,7","27",",,7"
"USC00053005","FORT COLLINS, CO US","40.57629","-105.08575","1525.2","2025-12-14","0.89",",,7","0.00",",,7,1900","0.0",",,7,1900","0.0",",,7,1900","60",",,7","23",",,7"
"USC00053005","FORT COLLINS, CO US","40.57629","-105.08575","1525.2","2025-12-15","0.89",",,7","0.00",",,7,1900","0.0",",,7,1900","0.0",",,7,1900","66",",,7","23",",,7"
"USC00053005","FORT COLLINS, CO US","40.57629","-105.08575","1525.2","2025-12-16","0.89",",,7","0.00",",,7,1900","0.0",",,7,1900","0.0",",,7,1900","68",",,7","27",",,7"
"USC00053005","FORT COLLINS, CO US","40.57629","-105.08575","1525.2","2025-12-17","4.92",",,7","0.02",",,7,1900","0.0",",,7,1900","0.0",",,7,1900","68",",,7","31",",,7"
"USC00053005","FORT COLLINS, CO US","40.57629","-105.08575","1525.2","2025-12-18","2.01",",,7","0.00","T,,7,1900","0.0",",,7,1900","0.0",",,7,1900","49",",,7","33",",,7"
"USC00053005","FORT COLLINS, CO US","40.57629","-105.08575","1525.2","2025-12-19","0.89",",,7","0.00",",,7,1900","0.0",",,7,1900","0.0",",,7,1900","71",",,7","26",",,7"
"USC00053005","FORT COLLINS, CO US","40.57629","-105.08575","1525.2","2025-12-20","4.03",",,7","0.01",",,7,1900","0.0","T,,7,1900","0.0",",,7,1900","64",",,7","31",",,7"
"USC00053005","FORT COLLINS, CO US","40.57629","-105.08575","1525.2","2025-12-21","0.89",",,7","0.00",",,7,1900","0.0",",,7,1900","0.0",",,7,1900","58",",,7","29",",,7"
"USC00053005","FORT COLLINS, CO US","40.57629","-105.08575","1525.2","2025-12-22","2.01",",,7","0.00",",,7,1900","0.0",",,7,1900","0.0",",,7,1900","75",",,7","33",",,7"
"USC00053005","FORT COLLINS, CO US","40.57629","-105.08575","1525.2","2025-12-23","2.01",",,7","0.00",",,7,1900","0.0",",,7,1900","0.0",",,7,1900","60",",,7","34",",,7"
"USC00053005","FORT COLLINS, CO US","40.57629","-105.08575","1525.2","2025-12-24","0.00",",,7","0.00",",,7,1900","0.0",",,7,1900","0.0",",,7,1900","66",",,7","36",",,7"
"USC00053005","FORT COLLINS, CO US","40.57629","-105.08575","1525.2","2025-12-25","2.01",",,7","0.00",",,7,1900","0.0",",,7,1900","0.0",",,7,1900","72",",,7","35",",,7"
"USC00053005","FORT COLLINS, CO US","40.57629","-105.08575","1525.2","2025-12-26","4.92",",,7","0.00",",,7,1900","0.0",",,7,1900","0.0",",,7,1900","62",",,7","32",",,7"
"USC00053005","FORT COLLINS, CO US","40.57629","-105.08575","1525.2","2025-12-27","8.05",",,7","0.00",",,7,1900","0.0",",,7,1900","0.0",",,7,1900","56",",,7","35",",,7"
"USC00053005","FORT COLLINS, CO US","40.57629","-105.08575","1525.2","2025-12-28","4.03",",,7","0.00",",,7,1900","0.0",",,7,1900","0.0",",,7,1900","48",",,7","19",",,7"
"USC00053005","FORT COLLINS, CO US","40.57629","-105.08575","1525.2","2025-12-29","0.00",",,7","0.00",",,7,1900","0.0",",,7,1900","0.0",",,7,1900","43",",,7","14",",,7"
"USC00053005","FORT COLLINS, CO US","40.57629","-105.08575","1525.2","2025-12-30","0.00",",,7","0.00",",,7,1900","0.0",",,7,1900","0.0",",,7,1900","54",",,7","18",",,7"
"USC00053005","FORT COLLINS, CO US","40.57629","-105.08575","1525.2","2025-12-31","0.00",",,7","0.00",",,7,1900","0.0",",,7,1900","0.0",",,7,1900","63",",,7","21",",,7"
"USC00053005","FORT COLLINS, CO US","40.57629","-105.08575","1525.2","2026-01-01","0.89",",,7","0.00",",,7,1900","0.0",",,7,1900","0.0",",,7,1900","60",",,7","29",",,7"
"USC00053005","FORT COLLINS, CO US","40.57629","-105.08575","1525.2","2026-01-02","2.01",",,7","0.00",",,7,1900","0.0",",,7,1900","0.0",",,7,1900","62",",,7","31",",,7"
"USC00053005","FORT COLLINS, CO US","40.57629","-105.08575","1525.2","2026-01-03","0.89",",,7","0.00",",,7,1900","0.0",",,7,1900","0.0",",,7,1900","60",",,7","28",",,7"
"USC00053005","FORT COLLINS, CO US","40.57629","-105.08575","1525.2","2026-01-04","0.89",",,7","0.00",",,7,1900","0.0",",,7,1900","0.0",",,7,1900","63",",,7","32",",,7"
"USC00053005","FORT COLLINS, CO US","40.57629","-105.08575","1525.2","2026-01-05","2.91",",,7","0.00",",,7,1900","0.0",",,7,1900","0.0",",,7,1900","62",",,7","30",",,7"
"USC00053005","FORT COLLINS, CO US","40.57629","-105.08575","1525.2","2026-01-06","2.91",",,7","0.00",",,7,1900","0.0",",,7,1900","0.0",",,7,1900","59",",,7","39",",,7"
"USC00053005","FORT COLLINS, CO US","40.57629","-105.08575","1525.2","2026-01-07","2.91",",,7","0.00",",,7,1900","0.0",",,7,1900","0.0",",,7,1900","59",",,7","23",",,7"
"USC00053005","FORT COLLINS, CO US","40.57629","-105.08575","1525.2","2026-01-08","4.03",",,7","0.07",",,7,1900","0.7",",,7,1900","0.0","T,,7,1900","47",",,7","31",",,7"
"USC00053005","FORT COLLINS, CO US","40.57629","-105.08575","1525.2","2026-01-09","2.91",",,7","0.00",",,7,1900","0.0",",,7,1900","0.0","T,,7,1900","37",",,7","24",",,7"
"USC00053005","FORT COLLINS, CO US","40.57629","-105.08575","1525.2","2026-01-10","0.89",",,7","0.00",",,7,1900","0.0",",,7,1900","0.0",",,7,1900","50",",,7","13",",,7"
"USC00053005","FORT COLLINS, CO US","40.57629","-105.08575","1525.2","2026-01-11","0.00",",,7","0.00",",,7,1900","0.0",",,7,1900","0.0",",,7,1900","57",",,7","23",",,7"
"USC00053005","FORT COLLINS, CO US","40.57629","-105.08575","1525.2","2026-01-12","0.89",",,7","0.00",",,7,1900","0.0",",,7,1900","0.0",",,7,1900","61",",,7","24",",,7"
"USC00053005","FORT COLLINS, CO US","40.57629","-105.08575","1525.2","2026-01-13","2.91",",,7","0.00",",,7,1900","0.0",",,7,1900","0.0",",,7,1900","64",",,7","32",",,7"
"USC00053005","FORT COLLINS, CO US","40.57629","-105.08575","1525.2","2026-01-14","0.00",",,7","0.00","T,,7,1900","0.0",",,7,1900","0.0",",,7,1900","62",",,7","36",",,7"
"USC00053005","FORT COLLINS, CO US","40.57629","-105.08575","1525.2","2026-01-15","4.92",",,7","0.00",",,7,1900","0.0",",,7,1900","0.0",",,7,1900","62",",,7","25",",,7"
"USC00053005","FORT COLLINS, CO US","40.57629","-105.08575","1525.2","2026-01-16","8.95",",,7","0.00",",,7,1900","0.0",",,7,1900","0.0",",,7,1900","52",",,7","27",",,7"
"USC00053005","FORT COLLINS, CO US","40.57629","-105.08575","1525.2","2026-01-17","4.92",",,7","0.00","T,,7,1900","0.0","T,,7,1900","0.0",",,7,1900","46",",,7","21",",,7"
"USC00053005","FORT COLLINS, CO US","40.57629","-105.08575","1525.2","2026-01-18","2.91",",,7","0.00",",,7,1900","0.0",",,7,1900","0.0",",,7,1900","56",",,7","21",",,7"
"USC00053005","FORT COLLINS, CO US","40.57629","-105.08575","1525.2","2026-01-19","2.01",",,7","0.10",",,7,1900","1.5",",,7,1900","0.0","T,,7,1900","37",",,7","20",",,7"
"USC00053005","FORT COLLINS, CO US","40.57629","-105.08575","1525.2","2026-01-20","10.07",",,7","0.00",",,7,1900","0.0",",,7,1900","0.0",",,7,1900","48",",,7","15",",,7"
"USC00053005","FORT COLLINS, CO US","40.57629","-105.08575","1525.2","2026-01-21","2.01",",,7","0.00",",,7,1900","0.0",",,7,1900","0.0",",,7,1900","47",",,7","16",",,7"
"USC00053005","FORT COLLINS, CO US","40.57629","-105.08575","1525.2","2026-01-22","2.91",",,7","0.00",",,7,1900","0.0",",,7,1900","0.0",",,7,1900","37",",,7","12",",,7"
"USC00053005","FORT COLLINS, CO US","40.57629","-105.08575","1525.2","2026-01-23","2.91",",,7","0.00","T,,7,1900","0.2",",,7,1900","0.0","T,,7,1900","33",",,7","6",",,7"
"USC00053005","FORT COLLINS, CO US","40.57629","-105.08575","1525.2","2026-01-24","0.89",",,7","0.07",",,7,1900","1.3",",,7,1900","1.0",",,7,1900","20",",,7","1",",,7"
"USC00053005","FORT COLLINS, CO US","40.57629","-105.08575","1525.2","2026-01-25","4.92",",,7","0.10",",,7,1900","1.5",",,7,1900","2.0",",,7,1900","18",",,7","7",",,7"
"USC00053005","FORT COLLINS, CO US","40.57629","-105.08575","1525.2","2026-01-26","0.89",",,7","0.00","T,,7,1900","0.0","T,,7,1900","2.0",",,7,1900","48",",,7","-9",",,7"
"USC00053005","FORT COLLINS, CO US","40.57629","-105.08575","1525.2","2026-01-27","0.89",",,7","0.00",",,7,1900","0.0",",,7,1900","0.0","T,,7,1900","51",",,7","19",",,7"
"USC00053005","FORT COLLINS, CO US","40.57629","-105.08575","1525.2","2026-01-28","4.92",",,7","0.00",",,7,1900","0.0",",,7,1900","0.0","T,,7,1900","40",",,7","17",",,7"
"USC00053005","FORT COLLINS, CO US","40.57629","-105.08575","1525.2","2026-01-29","2.91",",,7","0.00",",,7,1900","0.0",",,7,1900","0.0","T,,7,1900","50",",,7","28",",,7"
"USC00053005","FORT COLLINS, CO US","40.57629","-105.08575","1525.2","2026-01-30","4.92",",,7","0.00",",,7,1900","0.0",",,7,1900","0.0","T,,7,1900","51",",,7","19",",,7"
"USC00053005","FORT COLLINS, CO US","40.57629","-105.08575","1525.2","2026-01-31","0.89",",,7","0.00","T,,7,1900","0.0","T,,7,1900","0.0",",,7,1900","61",",,7","24",",,7"
"USC00053005","FORT COLLINS, CO US","40.57629","-105.08575","1525.2","2026-02-01","0.89",",,7","0.00",",,7,1900","0.0",",,7,1900","0.0",",,7,1900","60",",,7","22",",,7"
"USC00053005","FORT COLLINS, CO US","40.57629","-105.08575","1525.2","2026-02-02","2.01",",,7","0.00",",,7,1900","0.0",",,7,1900","0.0",",,7,1900","59",",,7","28",",,7"
"USC00053005","FORT COLLINS, CO US","40.57629","-105.08575","1525.2","2026-02-03","4.03",",,7","0.00",",,7,1900","0.0",",,7,1900","0.0",",,7,1900","49",",,7","23",",,7"
"USC00053005","FORT COLLINS, CO US","40.57629","-105.08575","1525.2","2026-02-04","0.89",",,7","0.00",",,7,1900","0.0",",,7,1900","0.0",",,7,1900","54",",,7","21",",,7"
"USC00053005","FORT COLLINS, CO US","40.57629","-105.08575","1525.2","2026-02-05","2.01",",,7","0.00",",,7,1900","0.0",",,7,1900","0.0",",,7,1900","70",",,7","26",",,7"
"USC00053005","FORT COLLINS, CO US","40.57629","-105.08575","1525.2","2026-02-06","2.01",",,7","0.00",",,7,1900","0.0",",,7,1900","0.0",",,7,1900","64",",,7","27",",,7"
"USC00053005","FORT COLLINS, CO US","40.57629","-105.08575","1525.2","2026-02-07","4.03",",,7","0.00",",,7,1900","0.0",",,7,1900","0.0",",,7,1900","68",",,7","31",",,7"
"USC00053005","FORT COLLINS, CO US","40.57629","-105.08575","1525.2","2026-02-08","0.89",",,7","0.00",",,7,1900","0.0",",,7,1900","0.0",",,7,1900","68",",,7","32",",,7"
"USC00053005","FORT COLLINS, CO US","40.57629","-105.08575","1525.2","2026-02-09","0.89",",,7","0.00",",,7,1900","0.0",",,7,1900","0.0",",,7,1900","69",",,7","33",",,7"
"USC00053005","FORT COLLINS, CO US","40.57629","-105.08575","1525.2","2026-02-10","0.00",",,7","0.00","T,,7,1900","0.0","T,,7,1900","0.0",",,7,1900","60",",,7","34",",,7"
"USC00053005","FORT COLLINS, CO US","40.57629","-105.08575","1525.2","2026-02-11","2.01",",,7","0.00",",,7,1900","0.0",",,7,1900","0.0",",,7,1900","58",",,7","23",",,7"
"USC00053005","FORT COLLINS, CO US","40.57629","-105.08575","1525.2","2026-02-12","6.04",",,7","0.00","T,,7,1900","0.0",",,7,1900","0.0",",,7,1900","57",",,7","28",",,7"
"USC00053005","FORT COLLINS, CO US","40.57629","-105.08575","1525.2","2026-02-13","2.91",",,7","0.00","T,,7,1900","0.0",",,7,1900","0.0",",,7,1900","56",",,7","29",",,7"
"USC00053005","FORT COLLINS, CO US","40.57629","-105.08575","1525.2","2026-02-14","0.00",",,7","0.00","T,,7,1900","0.0",",,7,1900","0.0",",,7,1900","62",",,7","29",",,7"
"USC00053005","FORT COLLINS, CO US","40.57629","-105.08575","1525.2","2026-02-15","2.01",",,7","0.00",",,7,1900","0.0",",,7,1900","0.0",",,7,1900","65",",,7","26",",,7"
"USC00053005","FORT COLLINS, CO US","40.57629","-105.08575","1525.2","2026-02-16","0.00",",,7","0.00",",,7,1900","0.0",",,7,1900","0.0",",,7,1900","65",",,7","30",",,7"
"USC00053005","FORT COLLINS, CO US","40.57629","-105.08575","1525.2","2026-02-17","8.05",",,7","0.00","T,,7,1900","0.0","T,,7,1900","0.0",",,7,1900","55",",,7","29",",,7"
"USC00053005","FORT COLLINS, CO US","40.57629","-105.08575","1525.2","2026-02-18","2.91",",,7","0.00","T,,7,1900","0.0","T,,7,1900","0.0",",,7,1900","55",",,7","23",",,7"
"USC00053005","FORT COLLINS, CO US","40.57629","-105.08575","1525.2","2026-02-19","4.03",",,7","0.00","T,,7,1900","0.0","T,,7,1900","0.0",",,7,1900","44",",,7","21",",,7"
"USC00053005","FORT COLLINS, CO US","40.57629","-105.08575","1525.2","2026-02-20","2.91",",,7","0.00","T,,7,1900","0.0","T,,7,1900","0.0","T,,7,1900","31",",,7","11",",,7"
"USC00053005","FORT COLLINS, CO US","40.57629","-105.08575","1525.2","2026-02-21","4.92",",,7","0.00","T,,7,1900","0.0","T,,7,1900","0.0",",,7,1900","46",",,7","10",",,7"
"USC00053005","FORT COLLINS, CO US","40.57629","-105.08575","1525.2","2026-02-22","0.89",",,7","0.00",",,7,1900","0.0",",,7,1900","0.0",",,7,1900","48",",,7","13",",,7"
"USC00053005","FORT COLLINS, CO US","40.57629","-105.08575","1525.2","2026-02-23","4.03",",,7","0.00",",,7,1900","0.0",",,7,1900","0.0",",,7,1900","68",",,7","20",",,7"
"USC00053005","FORT COLLINS, CO US","40.57629","-105.08575","1525.2","2026-02-24","10.07",",,7","0.00",",,7,1900","0.0",",,7,1900","0.0",",,7,1900","70",",,7","35",",,7"
"USC00053005","FORT COLLINS, CO US","40.57629","-105.08575","1525.2","2026-02-25","2.01",",,7","0.00",",,7,1900","0.0",",,7,1900","0.0",",,7,1900","67",",,7","35",",,7"
"USC00053005","FORT COLLINS, CO US","40.57629","-105.08575","1525.2","2026-02-26","2.91",",,7","0.00",",,7,1900","0.0",",,7,1900","0.0",",,7,1900","68",",,7","46",",,7"
"USC00053005","FORT COLLINS, CO US","40.57629","-105.08575","1525.2","2026-02-27","4.03",",,7","0.00",",,7,1900","0.0",",,7,1900","0.0",",,7,1900","69",",,7","35",",,7"
"USC00053005","FORT COLLINS, CO US","40.57629","-105.08575","1525.2","2026-02-28","4.03",",,7","0.00",",,7,1900","0.0",",,7,1900","0.0",",,7,1900","68",",,7","38",",,7"
"USC00053005","FORT COLLINS, CO US","40.57629","-105.08575","1525.2","2026-03-01","0.89",",,7","0.00","T,,7,1900","0.0",",,7,1900","0.0",",,7,1900","63",",,7","35",",,7"
"USC00053005","FORT COLLINS, CO US","40.57629","-105.08575","1525.2","2026-03-02","6.04",",,7","0.00",",,7,1900","0.0",",,7,1900","0.0",",,7,1900","71",",,7","37",",,7"
"USC00053005","FORT COLLINS, CO US","40.57629","-105.08575","1525.2","2026-03-03","2.01",",,7","0.01",",,7,1900","0.0",",,7,1900","0.0",",,7,1900","60",",,7","38",",,7"
"USC00053005","FORT COLLINS, CO US","40.57629","-105.08575","1525.2","2026-03-04","0.89",",,7","0.00",",,7,1900","0.0",",,7,1900","0.0",",,7,1900","63",",,7","26",",,7"
"USC00053005","FORT COLLINS, CO US","40.57629","-105.08575","1525.2","2026-03-05","6.04",",,7","0.00",",,7,1900","0.0",",,7,1900","0.0",",,7,1900","67",",,7","32",",,7"
"USC00053005","FORT COLLINS, CO US","40.57629","-105.08575","1525.2","2026-03-06","4.92",",,7","0.47",",,7,1900","3.6",",,7,1900","2.0",",,7,1900","54",",,7","32",",,7"
"USC00053005","FORT COLLINS, CO US","40.57629","-105.08575","1525.2","2026-03-07","0.89",",,7","0.00","T,,7,1900","0.0","T,,7,1900","0.0",",,7,1900","56",",,7","20",",,7"
"USC00053005","FORT COLLINS, CO US","40.57629","-105.08575","1525.2","2026-03-08","6.93",",,7","0.00",",,7,1900","0.0",",,7,1900","0.0",",,7,1900","74",",,7","28",",,7"
"USC00053005","FORT COLLINS, CO US","40.57629","-105.08575","1525.2","2026-03-09","2.01",",,7","0.00",",,7,1900","0.0",",,7,1900","0.0",",,7,1900","74",",,7","41",",,7"
"USC00053005","FORT COLLINS, CO US","40.57629","-105.08575","1525.2","2026-03-10","4.92",",,7","0.00",",,7,1900","0.0",",,7,1900","0.0",",,7,1900","64",",,7","35",",,7"
"USC00053005","FORT COLLINS, CO US","40.57629","-105.08575","1525.2","2026-03-11","2.01",",,7","0.06",",,7,1900","0.0","T,,7,1900","0.0",",,7,1900","50",",,7","29",",,7"
"USC00053005","FORT COLLINS, CO US","40.57629","-105.08575","1525.2","2026-03-12","12.08",",,7","0.00",",,7,1900","0.0",",,7,1900","0.0",",,7,1900","69",",,7","30",",,7"
"USC00053005","FORT COLLINS, CO US","40.57629","-105.08575","1525.2","2026-03-13","6.04",",,7","0.00",",,7,1900","0.0",",,7,1900","0.0",",,7,1900","70",",,7","52",",,7"
"USC00053005","FORT COLLINS, CO US","40.57629","-105.08575","1525.2","2026-03-14","8.05",",,7","0.00",",,7,1900","0.0",",,7,1900","0.0",",,7,1900","74",",,7","44",",,7"
"USC00053005","FORT COLLINS, CO US","40.57629","-105.08575","1525.2","2026-03-15","6.93",",,7","0.01",",,7,1900","0.1",",,7,1900","0.0",",,7,1900","57",",,7","25",",,7"
"USC00053005","FORT COLLINS, CO US","40.57629","-105.08575","1525.2","2026-03-16","4.03",",,7","0.00",",,7,1900","0.0",",,7,1900","0.0",",,7,1900","50",",,7","18",",,7"
"USC00053005","FORT COLLINS, CO US","40.57629","-105.08575","1525.2","2026-03-17","2.01",",,7","0.00",",,7,1900","0.0",",,7,1900","0.0",",,7,1900","75",",,7","32",",,7"
"USC00053005","FORT COLLINS, CO US","40.57629","-105.08575","1525.2","2026-03-18","0.89",",,7","0.00",",,7,1900","0.0",",,7,1900","0.0",",,7,1900","85",",,7","43",",,7"
"USC00053005","FORT COLLINS, CO US","40.57629","-105.08575","1525.2","2026-03-19","2.01",",,7","0.00",",,7,1900","0.0",",,7,1900","0.0",",,7,1900","87",",,7","42",",,7"
"USC00053005","FORT COLLINS, CO US","40.57629","-105.08575","1525.2","2026-03-20","2.91",",,7","0.00",",,7,1900","0.0",",,7,1900","0.0",",,7,1900","89",",,7","43",",,7"
"USC00053005","FORT COLLINS, CO US","40.57629","-105.08575","1525.2","2026-03-21","2.01",",,7","0.00",",,7,1900","0.0",",,7,1900","0.0",",,7,1900","91",",,7","42",",,7"
"USC00053005","FORT COLLINS, CO US","40.57629","-105.08575","1525.2","2026-03-22","8.05",",,7","0.00",",,7,1900","0.0",",,7,1900","0.0",",,7,1900","76",",,7","40",",,7"
"USC00053005","FORT COLLINS, CO US","40.57629","-105.08575","1525.2","2026-03-23","4.03",",,7","0.00",",,7,1900","0.0",",,7,1900","0.0",",,7,1900","73",",,7","40",",,7"
"USC00053005","FORT COLLINS, CO US","40.57629","-105.08575","1525.2","2026-03-24","2.01",",,7","0.00",",,7,1900","0.0",",,7,1900","0.0",",,7,1900","83",",,7","44",",,7"
"USC00053005","FORT COLLINS, CO US","40.57629","-105.08575","1525.2","2026-03-25","2.91",",,7","0.00",",,7,1900","0.0",",,7,1900","0.0",",,7,1900","90",",,7","50",",,7"
"USC00053005","FORT COLLINS, CO US","40.57629","-105.08575","1525.2","2026-03-26","6.04",",,7","0.00","T,,7,1900","0.0",",,7,1900","0.0",",,7,1900","76",",,7","52",",,7"
"USC00053005","FORT COLLINS, CO US","40.57629","-105.08575","1525.2","2026-03-27","0.00",",,7","0.00",",,7,1900","0.0",",,7,1900","0.0",",,7,1900","55",",,7","40",",,7"
"USC00053005","FORT COLLINS, CO US","40.57629","-105.08575","1525.2","2026-03-28","4.03",",,7","0.00",",,7,1900","0.0",",,7,1900","0.0",",,7,1900","70",",,7","31",",,7"
"USC00053005","FORT COLLINS, CO US","40.57629","-105.08575","1525.2","2026-03-29","2.91",",,7","0.00",",,7,1900","0.0",",,7,1900","0.0",",,7,1900","83",",,7","50",",,7"
"USC00053005","FORT COLLINS, CO US","40.57629","-105.08575","1525.2","2026-03-30","2.91",",,7","0.00",",,7,1900","0.0",",,7,1900","0.0",",,7,1900","82",",,7","51",",,7"
"USC00053005","FORT COLLINS, CO US","40.57629","-105.08575","1525.2","2026-03-31","6.04",",,7","0.00",",,7,1900","0.0",",,7,1900","0.0",",,7,1900","72",",,7","41",",,7"
