date,y_true,q10,q50,q90,evaluation_fold,lower,upper,alpha_t,method,tmax_f,precipitation_in,prior_day_tmax_f,prior_day_precipitation_in,raw_qr_width,aci_width,aci_one_sided_correction,lower_qr_spread,upper_qr_spread,spread_asymmetry,covered,lower_miss,upper_miss,temperature_group,prior_day_wet,predicted_demand_group,uncertainty_group,season
2023-01-01,12.68,13.127110447887755,13.998906871626575,14.728589266326765,1.0,12.445074816490507,15.410624897724013,0.14,Two-sided ACI,40,0.0,48.0,0.0,1.6014788184390092,2.9655500812335056,0.6820356313972482,0.8717964237388198,0.7296823947001894,-0.14211402903863046,True,False,False,20–40%,Dry prior day,20–40%,Remaining 90%,Winter
2023-01-02,13.33,12.048543232735703,13.711981051776906,15.580247585901054,1.0,11.366507601338457,16.262283217298304,0.144,Two-sided ACI,35,0.14,40.0,0.0,3.5317043531653507,4.895775615959847,0.6820356313972482,1.663437819041203,1.8682665341241478,0.20482871508294487,True,False,False,Coolest 20%,Dry prior day,Lowest 20%,Remaining 90%,Winter
2023-01-03,14.08,12.399835312053211,13.146411277216377,13.46275047629516,1.0,11.727617174328111,14.13496861402026,0.148,Two-sided ACI,30,0.01,35.0,0.14,1.0629151642419483,2.407351439692148,0.6722181377250998,0.7465759651631654,0.31633919907878294,-0.43023676608438244,True,False,False,Coolest 20%,Wet prior day,Lowest 20%,Remaining 90%,Winter
2023-01-04,13.92,14.32474423670923,14.35154480398558,15.089904152081264,1.0,13.707494713004392,15.707153675786104,0.152,Two-sided ACI,35,0.0,30.0,0.01,0.765159915372033,1.9996589627817123,0.6172495237048397,0.02680056727635005,0.7383593480956829,0.7115587808193329,True,False,False,Coolest 20%,Wet prior day,20–40%,Remaining 90%,Winter
2023-01-05,15.98,13.923584549447654,14.080632393046486,14.874583566509331,1.0,13.347704934092224,15.450463181864762,0.156,Two-sided ACI,33,0.0,35.0,0.0,0.9509990170616778,2.102758247772538,0.5758796153554302,0.15704784359883206,0.7939511734628457,0.6369033298640137,False,False,True,Coolest 20%,Dry prior day,20–40%,Remaining 90%,Winter
2023-01-06,14.44,14.949403633652384,15.325748643008904,16.30128249577338,1.0,14.267368002255136,16.983318127170627,0.14,Two-sided ACI,48,0.0,33.0,0.0,1.3518788621209943,2.7159501249154907,0.6820356313972482,0.3763450093565197,0.9755338527644746,0.5991888434079549,True,False,False,Coolest 20%,Dry prior day,40–60%,Remaining 90%,Winter
2023-01-07,14.65,14.599951326435058,15.310432376244346,16.01581555617938,1.0,13.91791569503781,16.697851187576628,0.144,Two-sided ACI,43,0.0,48.0,0.0,1.4158642297443222,2.7799354925388187,0.6820356313972482,0.7104810498092888,0.7053831799350334,-0.005097869874255423,True,False,False,20–40%,Dry prior day,40–60%,Remaining 90%,Winter
2023-01-08,14.33,13.92194877372664,14.240481188551788,14.915768119234992,1.0,13.24973063600154,15.587986256960091,0.148,Two-sided ACI,45,0.0,43.0,0.0,0.993819345508351,2.3382556209585506,0.6722181377250998,0.3185324148251478,0.6752869306832032,0.3567545158580554,True,False,False,Coolest 20%,Dry prior day,20–40%,Remaining 90%,Winter
2023-01-09,14.04,14.567442428842504,14.831652534283952,16.194550743201063,1.0,13.950192905137666,16.8118002669059,0.152,Two-sided ACI,50,0.0,45.0,0.0,1.6271083143585585,2.861607361768236,0.6172495237048388,0.26421010544144785,1.3628982089171107,1.0986881034756628,True,False,False,Coolest 20%,Dry prior day,40–60%,Remaining 90%,Winter
2023-01-10,14.32,13.342536804258662,14.086375254717955,15.196928095370737,1.0,12.725287280553824,15.814177619075576,0.156,Two-sided ACI,59,0.0,50.0,0.0,1.8543912911120746,3.088890338521752,0.6172495237048388,0.7438384504592932,1.1105528406527814,0.36671439019348817,True,False,False,20–40%,Dry prior day,20–40%,Remaining 90%,Winter
2023-01-11,13.96,13.619091760635698,14.260902610817675,15.330443134540952,1.0,13.043212145280268,15.90632274989638,0.1600000000000001,Two-sided ACI,46,0.08,59.0,0.0,1.711351373905254,2.8631106046161126,0.5758796153554293,0.6418108501819777,1.0695405237232762,0.42772967354129854,True,False,False,40–60%,Dry prior day,20–40%,Remaining 90%,Winter
2023-01-12,14.13,13.219510846711197,14.2891605792715,14.644446914026291,1.0,12.662821917764203,15.201135842973285,0.1640000000000001,Two-sided ACI,44,0.0,46.0,0.08,1.4249360673150946,2.5383139252090814,0.5566889289469934,1.069649732560304,0.35528633475479054,-0.7143633978055135,True,False,False,Coolest 20%,Wet prior day,20–40%,Remaining 90%,Winter
2023-01-13,14.35,14.564573961630124,14.40370986477973,14.98527487017622,1.0,14.05517032797774,15.494678503828606,0.1680000000000001,Two-sided ACI,50,0.0,44.0,0.0,0.4207009085460953,1.4395081758508663,0.5094036336523855,-0.1608640968503945,0.5815650053964898,0.7424291022468843,True,False,False,Coolest 20%,Dry prior day,20–40%,Remaining 90%,Winter
2023-01-14,14.23,14.106571737851954,14.645260666066603,14.896831380945414,1.0,13.59716810419957,15.4062350145978,0.1720000000000001,Two-sided ACI,56,0.0,50.0,0.0,0.7902596430934601,1.809066910398231,0.5094036336523855,0.5386889282146488,0.25157071487881133,-0.2871182133358374,True,False,False,20–40%,Dry prior day,20–40%,Remaining 90%,Winter
2023-01-15,13.8,13.44558170769719,14.426289763929883,14.50227506364078,1.0,12.941381556283414,15.006475215054556,0.1760000000000001,Two-sided ACI,47,0.0,56.0,0.0,1.0566933559435903,2.0650936587711417,0.5042001514137757,0.9807080562326931,0.07598529971089718,-0.9047227565217959,True,False,False,20–40%,Dry prior day,20–40%,Remaining 90%,Winter
2023-01-16,14.35,12.570122943135832,14.142530282636836,15.778563308069604,1.0,12.123012495248076,16.22567375595736,0.1800000000000001,Two-sided ACI,46,0.0,47.0,0.0,3.2084403649337716,4.102661260709283,0.44711044788775567,1.5724073395010034,1.6360330254327682,0.06362568593176476,True,False,False,Coolest 20%,Dry prior day,20–40%,Remaining 90%,Winter
2023-01-17,14.69,13.159095307883302,14.161144231654813,14.26659223111788,1.0,12.711984859995546,14.713702679005635,0.1840000000000001,Two-sided ACI,39,0.01,46.0,0.0,1.107496923234578,2.0017178190100893,0.44711044788775567,1.0020489237715111,0.10544799946306682,-0.8966009243084443,True,False,False,Coolest 20%,Dry prior day,20–40%,Remaining 90%,Winter
2023-01-18,14.29,14.201239141778837,14.4588501306247,14.940521612954743,1.0,13.760760967766252,15.380999786967326,0.1880000000000001,Two-sided ACI,35,0.47,39.0,0.01,0.7392824711759065,1.6202388192010737,0.4404781740125836,0.25761098884586353,0.481671482330043,0.22406049348417945,True,False,False,Coolest 20%,Wet prior day,20–40%,Remaining 90%,Winter
2023-01-19,14.66,13.380069786292378,14.184455892442138,14.543583408220606,1.0,12.940689850072754,14.982963344440227,0.1920000000000001,Two-sided ACI,35,0.0,35.0,0.47,1.163513621928228,2.042273494367473,0.43937993621962246,0.8043861061497601,0.3591275157784679,-0.44525859037129223,True,False,False,Coolest 20%,Wet prior day,20–40%,Remaining 90%,Winter
2023-01-20,14.07,14.679054394495,15.121271212906525,15.640714822506178,1.0,14.255646625612885,16.064122591388298,0.1960000000000001,Two-sided ACI,36,0.0,35.0,0.0,0.9616604280111787,1.808475965775413,0.4234077688821172,0.4422168184115254,0.5194436095996533,0.07722679118812792,False,True,False,Coolest 20%,Dry prior day,40–60%,Remaining 90%,Winter
2023-01-21,14.11,13.295604334113635,14.235662205810586,14.562328992734212,1.0,12.84849388622588,15.009439440621968,0.1800000000000001,Two-sided ACI,35,0.0,36.0,0.0,1.2667246586205767,2.160945554396088,0.44711044788775567,0.9400578716969505,0.32666678692362616,-0.6133910847733244,True,False,False,Coolest 20%,Dry prior day,20–40%,Remaining 90%,Winter
2023-01-22,14.43,13.194874950196729,14.069827175508973,14.490989036952362,1.0,12.747764502308971,14.938099484840118,0.1840000000000001,Two-sided ACI,39,0.0,35.0,0.0,1.296114086755633,2.1903349825311462,0.44711044788775656,0.8749522253122439,0.4211618614433892,-0.45379036386885474,True,False,False,Coolest 20%,Dry prior day,20–40%,Remaining 90%,Winter
2023-01-23,14.31,14.0157449954965,14.78647152064832,15.700440913971644,1.0,13.575266821483918,16.140919087984226,0.1880000000000001,Two-sided ACI,34,0.01,39.0,0.0,1.6846959184751444,2.565652266500308,0.4404781740125818,0.7707265251518205,0.9139693933233239,0.14324286817150345,True,False,False,Coolest 20%,Dry prior day,40–60%,Remaining 90%,Winter
2023-01-24,14.57,13.380950255250866,14.121596513011182,14.460146860349592,1.0,12.941570319031245,14.899526796569216,0.1920000000000001,Two-sided ACI,39,0.0,34.0,0.01,1.0791966050987263,1.9579564775379712,0.43937993621962246,0.7406462577603161,0.33855034733841016,-0.40209591042190596,True,False,False,Coolest 20%,Wet prior day,20–40%,Remaining 90%,Winter
2023-01-25,14.16,14.371972997585498,14.635066574933964,15.254161564414911,1.0,13.95196568091356,15.674168881086848,0.1960000000000001,Two-sided ACI,37,0.0,39.0,0.0,0.8821885668294129,1.722203200173288,0.4200073166719376,0.2630935773484655,0.6190949894809474,0.35600141213248193,True,False,False,Coolest 20%,Dry prior day,20–40%,Remaining 90%,Winter
2023-01-26,14.35,12.947452120658262,14.338594365958537,14.7230802061124,1.0,12.527444803986326,15.143087522784338,0.2000000000000001,Two-sided ACI,42,0.0,37.0,0.0,1.7756280854541373,2.6156427187980125,0.4200073166719376,1.3911422453002746,0.38448584015386267,-1.006656405146412,True,False,False,Coolest 20%,Dry prior day,20–40%,Remaining 90%,Winter
2023-01-27,14.46,13.353059450723425,14.27046598019852,14.93980161237612,1.0,13.031859678006745,15.2610013850928,0.2040000000000001,Two-sided ACI,40,0.0,42.0,0.0,1.5867421616526958,2.2291417070860557,0.32119977271668,0.9174065294750946,0.6693356321776012,-0.24807089729749343,True,False,False,Coolest 20%,Dry prior day,20–40%,Remaining 90%,Winter
2023-01-28,14.24,13.354557366127947,14.490853874364456,14.500815561229286,1.0,13.03380874029294,14.821564187064295,0.2080000000000001,Two-sided ACI,34,0.02,40.0,0.0,1.146258195101339,1.7877554467713548,0.32074862583500785,1.1362965082365086,0.009961686864830455,-1.1263348213716782,True,False,False,Coolest 20%,Dry prior day,20–40%,Remaining 90%,Winter
2023-01-29,14.65,13.331545926752986,14.16899723716754,14.118385498618055,1.0,13.010797300917975,14.439134124453066,0.2120000000000001,Two-sided ACI,17,0.02,34.0,0.02,0.7868395718650696,1.4283368235350906,0.3207486258350105,0.8374513104145542,-0.05061173854948464,-0.8880630489640389,False,False,True,Coolest 20%,Wet prior day,20–40%,Remaining 90%,Winter
2023-01-30,14.61,14.34804621993106,15.040016405243366,15.841712394216971,1.0,13.928038903259123,16.26171971088891,0.1960000000000001,Two-sided ACI,7,0.03,17.0,0.02,1.4936661742859112,2.333680807629788,0.42000731667193847,0.6919701853123055,0.8016959889736057,0.10972580366130025,True,False,False,Coolest 20%,Wet prior day,40–60%,Remaining 90%,Winter
2023-01-31,14.84,13.47577064732764,14.455133455252811,14.593634275721689,1.0,13.055763330655704,15.013641592393626,0.2000000000000001,Two-sided ACI,25,0.0,7.0,0.03,1.1178636283940495,1.9578782617379211,0.4200073166719358,0.9793628079251722,0.13850082046887735,-0.8408619874562948,True,False,False,Coolest 20%,Wet prior day,20–40%,Remaining 90%,Winter
2023-02-01,14.91,14.271796865247593,14.928295757843404,16.022026082448402,1.0,13.867052628538362,16.426770319157633,0.2040000000000001,Two-sided ACI,43,0.0,25.0,0.0,1.7502292172008094,2.559717690619271,0.4047442367092309,0.6564988925958115,1.0937303246049979,0.43723143200918635,True,False,False,Coolest 20%,Dry prior day,40–60%,Remaining 90%,Winter
2023-02-02,14.48,13.68616040904206,14.810713963753024,15.587368283464295,1.0,13.36496063632538,15.908568056180975,0.2080000000000001,Two-sided ACI,44,0.0,43.0,0.0,1.9012078744222354,2.5436074198555954,0.32119977271668,1.124553554710964,0.7766543197112714,-0.34789923499969255,True,False,False,Coolest 20%,Dry prior day,40–60%,Remaining 90%,Winter
2023-02-03,14.31,14.010238011088866,14.829680935511552,15.689567948613965,1.0,13.689038238372186,16.010767721330645,0.2120000000000001,Two-sided ACI,55,0.0,44.0,0.0,1.6793299375250985,2.3217294829584585,0.32119977271668,0.8194429244226864,0.8598870131024121,0.04044408867972571,True,False,False,Coolest 20%,Dry prior day,40–60%,Remaining 90%,Winter
2023-02-04,14.07,13.462887887875686,14.35557300782664,15.284264957492807,1.0,13.162145499811093,15.585007345557402,0.2160000000000001,Two-sided ACI,56,0.0,55.0,0.0,1.821377069617121,2.4228618457463096,0.3007423880645943,0.8926851199509542,0.9286919496661667,0.03600682971521252,True,False,False,20–40%,Dry prior day,20–40%,Remaining 90%,Winter
2023-02-05,14.47,13.400185913961254,14.395634974665269,15.212445260582095,1.0,13.118102923617323,15.494528250926027,0.2200000000000001,Two-sided ACI,48,0.0,56.0,0.0,1.8122593466208414,2.376425327308704,0.28208299034393125,0.995449060704015,0.8168102859168265,-0.17863877478718848,True,False,False,20–40%,Dry prior day,20–40%,Remaining 90%,Winter
2023-02-06,14.16,14.186578129412172,14.846687405557777,16.072978388271885,1.0,13.94021240513386,16.319344112550198,0.2240000000000001,Two-sided ACI,48,0.0,48.0,0.0,1.8864002588597124,2.379131707416338,0.24636572427831283,0.6601092761456044,1.226290982714108,0.5661817065685035,True,False,False,20–40%,Dry prior day,40–60%,Remaining 90%,Winter
2023-02-07,14.21,13.529107056899411,14.351908201992975,15.003187827273214,1.0,13.282741332621102,15.249553551551523,0.2280000000000001,Two-sided ACI,47,0.0,48.0,0.0,1.4740807703738028,1.9668122189304214,0.24636572427830927,0.822801145093564,0.6512796252802389,-0.17152151981332509,True,False,False,20–40%,Dry prior day,20–40%,Remaining 90%,Winter
2023-02-08,14.16,14.059166490220232,14.349592440786004,15.237816909247504,1.0,13.84056733828543,15.456416061182304,0.2320000000000001,Two-sided ACI,51,0.0,47.0,0.0,1.1786504190272726,1.6158487228968745,0.21859915193480095,0.2904259505657727,0.8882244684614999,0.5977985178957272,True,False,False,Coolest 20%,Dry prior day,20–40%,Remaining 90%,Winter
2023-02-09,14.42,13.308599566850187,14.055830833167374,14.75514905597204,1.0,13.09662656926469,14.96712205355754,0.2360000000000001,Two-sided ACI,36,0.0,51.0,0.0,1.4465494891218533,1.8704954842928512,0.21197299758549892,0.7472312663171863,0.699318222804667,-0.04791304351251924,True,False,False,20–40%,Dry prior day,20–40%,Remaining 90%,Winter
2023-02-10,14.18,13.977747615519188,14.363992104685256,14.999449054026917,1.0,13.772210024624584,15.20498664492152,0.2400000000000001,Two-sided ACI,45,0.0,36.0,0.0,1.021701438507728,1.432776620296936,0.205537590894604,0.38624448916606724,0.6354569493416609,0.24921246017559362,True,False,False,Coolest 20%,Dry prior day,20–40%,Remaining 90%,Winter
2023-02-11,13.98,14.046465060241225,14.18820779161678,14.499643170688415,1.0,13.896485784560191,14.649622446369444,0.2440000000000001,Two-sided ACI,59,0.0,45.0,0.0,0.45317811044719036,0.7531366618092523,0.14997927568103098,0.1417427313755546,0.31143537907163577,0.16969264769608117,True,False,False,Coolest 20%,Dry prior day,20–40%,Remaining 90%,Winter
2023-02-12,13.96,13.865876237257488,14.27333418001292,14.896346264344404,1.0,13.732093782886128,15.030128718715764,0.2480000000000001,Two-sided ACI,50,0.0,59.0,0.0,1.0304700270869152,1.2980349358296355,0.13378245437136016,0.4074579427554319,0.6230120843314833,0.21555414157605135,True,False,False,40–60%,Dry prior day,20–40%,Remaining 90%,Winter
2023-02-13,14.03,13.989089609103294,14.536339212699724,15.450426981216085,1.0,13.875445788889284,15.564070801430091,0.2520000000000001,Two-sided ACI,56,0.0,50.0,0.0,1.4613373721127907,1.6886250125408075,0.11364382021400843,0.5472496035964305,0.9140877685163602,0.3668381649199297,True,False,False,20–40%,Dry prior day,20–40%,Remaining 90%,Winter
2023-02-14,13.83,13.849735952294452,13.982353123413144,14.479295932273912,1.0,13.736092132080442,14.592939752487922,0.2560000000000001,Two-sided ACI,51,0.0,56.0,0.0,0.6295599799794598,0.8568476204074802,0.1136438202140102,0.1326171711186923,0.49694280886076747,0.36432563774207516,True,False,False,20–40%,Dry prior day,20–40%,Remaining 90%,Winter
2023-02-15,13.83,13.507456828763802,13.991753824037549,14.771979210441676,1.0,13.397603689113394,14.881832350092084,0.2600000000000002,Two-sided ACI,30,0.08,51.0,0.0,1.2645223816778746,1.4842286609786903,0.10985313965040788,0.4842969952737466,0.780225386404128,0.2959283911303814,True,False,False,20–40%,Dry prior day,20–40%,Remaining 90%,Winter
2023-02-16,14.23,13.349691954174688,13.823414983439594,13.795556190954612,1.0,13.261982629014444,13.883265516114855,0.2640000000000002,Two-sided ACI,33,0.0,30.0,0.08,0.44586423677992393,0.6212828871004117,0.08770932516024388,0.4737230292649066,-0.027858792484982686,-0.5015818217498893,False,False,True,Coolest 20%,Wet prior day,Lowest 20%,Remaining 90%,Winter
2023-02-17,14.14,14.285224636091325,14.212178158845996,15.00803500042744,1.0,14.151442181719966,15.1418174547988,0.2480000000000001,Two-sided ACI,53,0.0,33.0,0.0,0.7228103643361159,0.9903752730788327,0.13378245437135838,-0.0730464772453292,0.7958568415814451,0.8689033188267743,False,True,False,Coolest 20%,Dry prior day,20–40%,Remaining 90%,Winter
2023-02-18,13.94,13.559824421221045,13.904126820210603,14.642089314408164,1.0,13.35428683032644,14.84762690530277,0.2320000000000001,Two-sided ACI,46,0.0,53.0,0.0,1.0822648931871193,1.493340074976329,0.20553759089460488,0.3443023989895586,0.7379624941975607,0.39366009520800205,True,False,False,20–40%,Dry prior day,20–40%,Remaining 90%,Winter
2023-02-19,13.81,12.979603198639303,14.159301730872368,14.174054755652069,1.0,12.829623922958271,14.3240340313331,0.2360000000000001,Two-sided ACI,50,0.0,46.0,0.0,1.1944515570127656,1.4944101083748293,0.14997927568103187,1.1796985322330649,0.014753024779700752,-1.1649455074533641,True,False,False,Coolest 20%,Dry prior day,20–40%,Remaining 90%,Winter
2023-02-20,13.77,12.703644970908456,14.065098434051936,15.868822193158753,1.0,12.553665695227426,16.018801468839783,0.2400000000000001,Two-sided ACI,55,0.0,50.0,0.0,3.1651772222502963,3.4651357736123565,0.1499792756810301,1.36145346314348,1.8037237591068163,0.4422702959633362,True,False,False,20–40%,Dry prior day,20–40%,Remaining 90%,Winter
2023-02-21,14.11,12.644666724120938,13.76292843463963,13.885550271382588,1.0,12.51088426974958,14.019332725753946,0.2440000000000001,Two-sided ACI,58,0.0,55.0,0.0,1.2408835472616495,1.5084484560043663,0.13378245437135838,1.1182617105186914,0.12262183674295812,-0.9956398737757333,False,False,True,20–40%,Dry prior day,Lowest 20%,Remaining 90%,Winter
2023-02-22,13.97,13.893431562405304,14.088006431502665,14.937402445537163,1.0,13.723043816422685,15.107790191519785,0.2280000000000001,Two-sided ACI,45,0.33,58.0,0.0,1.043970883131859,1.3847463750970999,0.1703877459826204,0.19457486909736055,0.8493960140344985,0.6548211449371379,True,False,False,20–40%,Dry prior day,20–40%,Remaining 90%,Winter
2023-02-23,13.98,13.410353360360851,13.900180936883077,14.229602743443522,1.0,13.26037408467982,14.379582019124552,0.2320000000000001,Two-sided ACI,8,0.0,45.0,0.33,0.8192493830826706,1.1192079344447325,0.14997927568103098,0.4898275765222255,0.32942180656044506,-0.16040576996178046,True,False,False,Coolest 20%,Wet prior day,20–40%,Remaining 90%,Winter
2023-02-24,14.31,14.058355479637717,14.523696552265733,15.0640710260375,1.0,13.91313084354639,15.209295662128824,0.2360000000000001,Two-sided ACI,43,0.0,8.0,0.0,1.0057155463997827,1.296164818582433,0.1452246360913252,0.46534107262801605,0.5403744737717666,0.07503340114375057,True,False,False,Coolest 20%,Dry prior day,20–40%,Remaining 90%,Winter
2023-02-25,13.6,13.440036811267673,14.008675578940654,14.731764019599158,1.0,13.294812175176348,14.876988655690482,0.2400000000000001,Two-sided ACI,54,0.0,43.0,0.0,1.2917272083314852,1.5821764805141338,0.1452246360913243,0.5686387676729812,0.7230884406585041,0.15444967298552292,True,False,False,Coolest 20%,Dry prior day,20–40%,Remaining 90%,Winter
2023-02-26,13.61,13.207858825637633,13.912235797548266,14.513109377854583,1.0,13.091442233858238,14.629525969633978,0.2440000000000001,Two-sided ACI,54,0.0,54.0,0.0,1.3052505522169504,1.5380837357757393,0.11641659177939445,0.7043769719106336,0.6008735803063168,-0.10350339160431687,True,False,False,20–40%,Dry prior day,20–40%,Remaining 90%,Winter
2023-02-27,14.3,13.608727084507615,14.019375869558676,15.034098538402162,1.0,13.495083264293603,15.147742358616172,0.2480000000000001,Two-sided ACI,55,0.0,54.0,0.0,1.425371453894547,1.6526590943225692,0.1136438202140111,0.4106487850510607,1.0147226688434863,0.6040738837924255,True,False,False,20–40%,Dry prior day,20–40%,Remaining 90%,Winter
2023-02-28,14.3,13.767474821454304,13.94934719036582,14.310284904381245,1.0,13.657621681803896,14.420138044031653,0.2520000000000001,Two-sided ACI,48,0.0,55.0,0.0,0.5428100829269411,0.7625163622277569,0.10985313965040788,0.1818723689115167,0.3609377140154244,0.1790653451039077,True,False,False,20–40%,Dry prior day,20–40%,Remaining 90%,Winter
2023-03-01,14.2,13.28361764787659,14.05743670703741,15.279600007736487,1.0,13.17376450822618,15.389453147386895,0.2560000000000001,Two-sided ACI,34,0.08,48.0,0.0,1.995982359859898,2.2156886391607156,0.10985313965040877,0.7738190591608216,1.2221633006990764,0.4483442415382548,True,False,False,20–40%,Dry prior day,20–40%,Remaining 90%,Spring
2023-03-02,14.03,12.349251361909172,13.900603516251454,14.561587952264231,1.0,12.261542036748928,14.649297277424475,0.2600000000000002,Two-sided ACI,46,0.0,34.0,0.08,2.2123365903550596,2.3877552406755473,0.08770932516024388,1.5513521543422826,0.660984436012777,-0.8903677183295056,True,False,False,Coolest 20%,Wet prior day,20–40%,Remaining 90%,Spring
2023-03-03,14.04,13.220714937200864,14.08154631028313,15.496396957261997,1.0,13.14941147153729,15.56770042292557,0.2640000000000002,Two-sided ACI,49,0.0,46.0,0.0,2.275682020061133,2.4182889513882806,0.07130346566357382,0.8608313730822665,1.4148506469788664,0.5540192738965999,True,False,False,Coolest 20%,Dry prior day,20–40%,Remaining 90%,Spring
2023-03-04,13.38,12.394053172348109,13.585190223869636,14.477132536977331,1.0,12.322749706684531,14.548436002640909,0.2680000000000002,Two-sided ACI,38,0.0,49.0,0.0,2.0830793646292225,2.2256862959563772,0.07130346566357737,1.1911370515215278,0.8919423131076947,-0.29919473841383315,True,False,False,20–40%,Dry prior day,Lowest 20%,Remaining 90%,Spring
2023-03-05,13.39,12.703701649798216,13.634952957360944,14.171324810154225,1.0,12.655038031890138,14.2199884280623,0.2720000000000002,Two-sided ACI,54,0.0,38.0,0.0,1.467623160356009,1.5649503961721614,0.04866361790807616,0.9312513075627287,0.5363718527932804,-0.3948794547694483,True,False,False,Coolest 20%,Dry prior day,Lowest 20%,Remaining 90%,Spring
2023-03-06,14.23,13.0429599946291,13.83764985527737,15.34650539786877,1.0,13.016289725694008,15.373175666803863,0.2760000000000002,Two-sided ACI,42,0.0,54.0,0.0,2.303545403239669,2.356885941109855,0.026670268935093056,0.7946898606482691,1.5088555425913999,0.7141656819431308,True,False,False,20–40%,Dry prior day,Lowest 20%,Remaining 90%,Spring
2023-03-07,14.13,12.983432009820245,13.87975364010794,14.383465017997503,1.0,12.956853880408072,14.410043147409676,0.2800000000000002,Two-sided ACI,35,0.02,42.0,0.0,1.4000330081772585,1.4531892670016031,0.026578129412172302,0.8963216302876962,0.5037113778895623,-0.39261025239813385,True,False,False,Coolest 20%,Dry prior day,Lowest 20%,Remaining 90%,Spring
2023-03-08,14.14,13.087376008276289,13.96681837156636,14.8347409089901,1.0,13.060797878864117,14.861319038402272,0.2840000000000002,Two-sided ACI,36,0.0,35.0,0.02,1.7473649007138103,1.800521159538155,0.026578129412172302,0.879442363290071,0.8679225374237394,-0.011519825866331601,True,False,False,Coolest 20%,Wet prior day,20–40%,Remaining 90%,Spring
2023-03-09,14.43,13.119550024986156,14.032045229661671,14.767367124202051,1.0,13.099814072691704,14.787103076496503,0.2880000000000002,Two-sided ACI,54,0.0,36.0,0.0,1.6478170992158958,1.6872890038047998,0.01973595229445202,0.9124952046755155,0.7353218945403803,-0.17717331013513515,True,False,False,Coolest 20%,Dry prior day,20–40%,Remaining 90%,Spring
2023-03-10,13.79,13.695190636259497,14.370841167743848,15.40403981689158,1.0,13.70547554064074,15.393754912510335,0.2920000000000002,Two-sided ACI,50,0.0,54.0,0.0,1.7088491806320825,1.688279371869596,-0.010284904381243187,0.6756505314843508,1.0331986491477316,0.3575481176633808,True,False,False,20–40%,Dry prior day,20–40%,Remaining 90%,Spring
2023-03-11,14.43,12.6446251591664,13.816705016695412,14.361685544321697,1.0,12.654910063547645,14.35140063994045,0.2960000000000002,Two-sided ACI,59,0.0,50.0,0.0,1.7170603851552961,1.6964905763928062,-0.010284904381244964,1.1720798575290114,0.5449805276262847,-0.6270993299027268,False,False,True,20–40%,Dry prior day,Lowest 20%,Remaining 90%,Spring
2023-03-12,11.46,13.168756454963257,13.97445624777154,14.69549146632166,1.0,13.142178325551082,14.722069595733831,0.2800000000000002,Two-sided ACI,46,0.0,59.0,0.0,1.5267350113584026,1.579891270182749,0.02657812941217319,0.8056997928082836,0.721035218550119,-0.08466457425816465,False,True,False,40–60%,Dry prior day,20–40%,Remaining 90%,Spring
2023-03-13,13.31,12.168321726971351,13.51406967008542,14.953966495723982,1.0,12.100007271293048,15.022280951402289,0.2640000000000002,Two-sided ACI,51,0.0,46.0,0.0,2.785644768752631,2.9222736801092406,0.06831445567830485,1.345747943114068,1.439896825638563,0.09414888252449494,True,False,False,Coolest 20%,Dry prior day,Lowest 20%,Remaining 90%,Spring
2023-03-14,13.06,11.941535994414217,12.759475360054305,14.144554609099853,1.0,11.873221538735912,14.212869064778156,0.2680000000000002,Two-sided ACI,64,0.0,51.0,0.0,2.203018614685636,2.339647526042244,0.06831445567830396,0.817939365640088,1.385079249045548,0.56713988340546,True,False,False,20–40%,Dry prior day,Lowest 20%,Remaining 90%,Spring
2023-03-15,13.3,12.295892448306022,13.608023981247836,14.698911498634722,1.0,12.247228830397944,14.7475751165428,0.2720000000000002,Two-sided ACI,72,0.0,64.0,0.0,2.4030190503287,2.5003462861448558,0.04866361790807794,1.3121315329418142,1.0908875173868857,-0.22124401555492845,True,False,False,40–60%,Dry prior day,Lowest 20%,Remaining 90%,Spring
2023-03-16,12.77,12.141218750092824,13.39023495629467,14.425336029928706,1.0,12.114548481157732,14.4520062988638,0.2760000000000002,Two-sided ACI,52,0.0,72.0,0.0,2.2841172798358826,2.3374578177060688,0.026670268935093056,1.249016206201846,1.0351010736340367,-0.21391513256780925,True,False,False,60–80%,Dry prior day,Lowest 20%,Remaining 90%,Spring
2023-03-17,13.06,12.58414154038822,13.466042347551497,14.282560807833171,1.0,12.557563410976048,14.309138937245343,0.2800000000000002,Two-sided ACI,46,0.0,52.0,0.0,1.698419267444951,1.7515755262692956,0.026578129412172302,0.8819008071632766,0.8165184602816744,-0.06538234688160216,True,False,False,20–40%,Dry prior day,Lowest 20%,Remaining 90%,Spring
2023-03-18,12.98,12.843700783127062,13.419191775973982,13.946049137162689,1.0,12.82396483083261,13.96578508945714,0.2840000000000002,Two-sided ACI,49,0.0,46.0,0.0,1.1023483540356267,1.1418202586245307,0.01973595229445202,0.5754909928469196,0.5268573611887071,-0.04863363165821255,True,False,False,Coolest 20%,Dry prior day,Lowest 20%,Remaining 90%,Spring
2023-03-19,13.89,11.964960355153334,12.843677334812927,13.666184425996512,1.0,11.975245259534578,13.655899521615268,0.2880000000000002,Two-sided ACI,57,0.0,49.0,0.0,1.7012240708431783,1.6806542620806901,-0.010284904381244075,0.8787169796595933,0.822507091183585,-0.056209888476008274,False,False,True,20–40%,Dry prior day,Lowest 20%,Remaining 90%,Spring
2023-03-20,13.96,13.471338502232978,14.298512230253747,15.710310369870797,1.0,13.444760372820806,15.736888499282967,0.2720000000000002,Two-sided ACI,56,0.0,57.0,0.0,2.2389718676378187,2.2921281264621616,0.026578129412171414,0.8271737280207692,1.4117981396170496,0.5846244115962804,True,False,False,20–40%,Dry prior day,20–40%,Remaining 90%,Spring
2023-03-21,13.67,12.821403802701989,13.831234303351383,14.63817351323818,1.0,12.806666345018431,14.652910970921734,0.2760000000000002,Two-sided ACI,59,0.0,56.0,0.0,1.8167697105361906,1.846244625903303,0.014737457683556165,1.0098305006493948,0.8069392098867958,-0.20289129076259904,True,False,False,20–40%,Dry prior day,Lowest 20%,Remaining 90%,Spring
2023-03-22,13.8,13.281364797318918,13.94506273255023,14.92901317288868,1.0,13.322275188215624,14.888102781991975,0.2800000000000002,Two-sided ACI,49,0.16,59.0,0.0,1.6476483755697622,1.5658275937763513,-0.04091039089670545,0.6636979352313119,0.9839504403384502,0.3202525051071383,True,False,False,40–60%,Dry prior day,20–40%,Remaining 90%,Spring
2023-03-23,13.94,12.405826862837324,13.270902063951834,13.73543178739246,1.0,12.446737253734028,13.694521396495754,0.2840000000000002,Two-sided ACI,52,0.0,49.0,0.16,1.3296049245551362,1.2477841427617253,-0.04091039089670545,0.8650752011145091,0.46452972344062715,-0.40054547767388193,False,False,True,20–40%,Wet prior day,Lowest 20%,Remaining 90%,Spring
2023-03-24,13.54,13.68086718077581,14.346379187630676,15.299842966473824,1.0,13.654289051363635,15.326421095885998,0.2680000000000002,Two-sided ACI,53,0.0,52.0,0.0,1.618975785698014,1.6721320445223622,0.02657812941217408,0.6655120068548666,0.9534637788431475,0.2879517719882809,False,True,False,20–40%,Dry prior day,20–40%,Remaining 90%,Spring
2023-03-25,13.23,12.876299328576447,13.875302868426845,14.604426354902994,1.0,12.809834268335225,14.670891415144215,0.2520000000000001,Two-sided ACI,44,0.37,53.0,0.0,1.728127026326547,1.8610571468089905,0.06646506024122179,0.9990035398503974,0.7291234864761496,-0.2698800533742478,True,False,False,20–40%,Dry prior day,Lowest 20%,Remaining 90%,Spring
2023-03-26,13.65,12.824881602682536,12.847876338857034,13.366595519668795,1.0,12.758416542441312,13.43306057991002,0.2560000000000001,Two-sided ACI,42,0.0,44.0,0.37,0.541713916986259,0.6746440374687079,0.06646506024122445,0.022994736174497987,0.518719180811761,0.49572444463726306,False,False,True,Coolest 20%,Wet prior day,Lowest 20%,Remaining 90%,Spring
2023-03-27,13.27,14.198355717837014,14.75387890728302,15.939301372769028,1.0,14.114041981860511,16.02361510874553,0.2400000000000001,Two-sided ACI,38,0.52,42.0,0.0,1.7409456549320144,1.9095731268850198,0.08431373597650271,0.5555231894460064,1.185422465486008,0.6298992760400015,False,True,False,Coolest 20%,Dry prior day,40–60%,Remaining 90%,Spring
2023-03-28,13.46,13.197908385378197,13.150586134426314,13.667125668265903,1.0,13.084264565164183,13.780769488479914,0.2240000000000001,Two-sided ACI,42,0.0,38.0,0.52,0.4692172828877066,0.6965049233157306,0.11364382021401198,-0.047322250951882694,0.5165395338395893,0.563861784791472,True,False,False,Coolest 20%,Wet prior day,Lowest 20%,Remaining 90%,Spring
2023-03-29,13.5,13.727777932809442,14.124067525682918,15.31557788804003,1.0,13.614134112595432,15.42922170825404,0.2280000000000001,Two-sided ACI,41,0.0,42.0,0.0,1.5877999552305884,1.8150875956586088,0.1136438202140102,0.396289592873476,1.1915103623571124,0.7952207694836364,False,True,False,Coolest 20%,Dry prior day,20–40%,Remaining 90%,Spring
2023-03-30,13.93,12.599113009532928,13.658877019148246,14.371874428499847,1.0,12.458245828757118,14.51274160927566,0.2120000000000001,Two-sided ACI,61,0.0,41.0,0.0,1.772761418966919,2.0544957805185415,0.14086718077581128,1.0597640096153178,0.7129974093516012,-0.34676660026371664,True,False,False,Coolest 20%,Dry prior day,Lowest 20%,Remaining 90%,Spring
2023-03-31,13.82,13.529534732307528,14.096091736156277,15.273685187486477,1.0,13.39575227793617,15.407467641857831,0.2160000000000001,Two-sided ACI,50,0.0,61.0,0.0,1.7441504551789482,2.0117153639216614,0.1337824543713566,0.5665570038487484,1.1775934513301998,0.6110364474814514,True,False,False,40–60%,Dry prior day,20–40%,Remaining 90%,Spring
2023-04-01,13.93,12.771983877793913,13.751178897334674,14.193980445443028,2.0,12.655567286014518,14.310397037222424,0.2200000000000001,Two-sided ACI,62,0.0,50.0,0.0,1.4219965676491153,1.654829751207906,0.11641659177939534,0.9791950195407608,0.4428015481083545,-0.5363934714324063,True,False,False,20–40%,Dry prior day,Lowest 20%,Remaining 90%,Spring
2023-04-02,14.48,13.077614781325224,14.184178447984973,14.967901898318155,2.0,12.963970961111212,15.081545718532167,0.2240000000000001,Two-sided ACI,69,0.0,62.0,0.0,1.8902871169929316,2.1175747574209556,0.11364382021401198,1.1065636666597491,0.7837234503331825,-0.3228402163265667,True,False,False,40–60%,Dry prior day,20–40%,Remaining 90%,Spring
2023-04-03,14.37,13.386488329027102,14.692119389278483,15.77487839715841,2.0,13.272844508813092,15.88852221737242,0.2280000000000001,Two-sided ACI,54,0.0,69.0,0.0,2.388390068131308,2.6156777085593284,0.1136438202140102,1.3056310602513808,1.0827590078799272,-0.22287205237145358,True,False,False,40–60%,Dry prior day,20–40%,Remaining 90%,Spring
2023-04-04,14.58,13.241129914199602,14.341717850653817,15.03736301086329,2.0,13.131276774549194,15.147216150513698,0.2320000000000001,Two-sided ACI,42,0.34,54.0,0.0,1.7962330966636877,2.0159393759645035,0.10985313965040788,1.1005879364542146,0.6956451602094731,-0.4049427762447415,True,False,False,20–40%,Dry prior day,20–40%,Remaining 90%,Spring
2023-04-05,14.67,13.44069347544988,14.296927377722508,14.9352098441615,2.0,13.352984150289636,15.022919169321744,0.2360000000000001,Two-sided ACI,41,0.0,42.0,0.34,1.4945163687116203,1.669935019032108,0.08770932516024388,0.8562339022726277,0.6382824664389926,-0.2179514358336352,True,False,False,Coolest 20%,Wet prior day,20–40%,Remaining 90%,Spring
2023-04-06,14.83,13.6846533424401,14.764097517425547,15.426852179998718,2.0,13.596944017279856,15.514561505158962,0.2400000000000001,Two-sided ACI,51,0.0,41.0,0.0,1.7421988375586182,1.917617487879106,0.08770932516024388,1.079444174985447,0.6627546625731711,-0.41668951241227603,True,False,False,Coolest 20%,Dry prior day,40–60%,Remaining 90%,Spring
2023-04-07,14.77,13.87872882473603,14.851647317895544,15.747487554535176,2.0,13.794415088759528,15.83180129051168,0.2440000000000001,Two-sided ACI,66,0.0,51.0,0.0,1.868758729799147,2.0373862017521507,0.08431373597650182,0.972918493159515,0.8958402366396321,-0.07707825651988287,True,False,False,20–40%,Dry prior day,40–60%,Remaining 90%,Spring
2023-04-08,13.9,13.672787423376995,14.649935753983655,15.43861525032584,2.0,13.606322363135773,15.50508031056706,0.2480000000000001,Two-sided ACI,66,0.0,66.0,0.0,1.7658278269488452,1.898757947431287,0.0664650602412209,0.97714833060666,0.7886794963421853,-0.1884688342644747,True,False,False,40–60%,Dry prior day,20–40%,Remaining 90%,Spring
2023-04-09,14.8,13.388589613318096,14.396020746937076,15.28873983562432,2.0,13.339925995410017,15.337403453532398,0.2520000000000001,Two-sided ACI,70,0.0,66.0,0.0,1.9001502223062232,1.9974774581223809,0.04866361790807883,1.0074311336189794,0.8927190886872438,-0.11471204493173559,True,False,False,40–60%,Dry prior day,20–40%,Remaining 90%,Spring
2023-04-10,15.1,14.123944016743849,14.99880900964908,16.20072650158758,2.0,14.07528039883577,16.249390119495658,0.2560000000000001,Two-sided ACI,75,0.0,70.0,0.0,2.076782484843733,2.174109720659887,0.04866361790807705,0.8748649929052306,1.2019174919385023,0.3270524990332717,True,False,False,40–60%,Dry prior day,40–60%,Remaining 90%,Spring
2023-04-11,15.61,13.933566279449735,15.038631424971708,15.945029288497118,2.0,13.90689601051464,15.971699557432212,0.2600000000000002,Two-sided ACI,86,0.0,75.0,0.0,2.0114630090473824,2.064803546917572,0.026670268935094832,1.1050651455219729,0.9063978635254095,-0.19866728199656336,True,False,False,60–80%,Dry prior day,40–60%,Remaining 90%,Spring
2023-04-12,15.56,14.377818619230927,15.506448090184726,16.488108730834227,2.0,14.351240489818757,16.5146868602464,0.2640000000000002,Two-sided ACI,85,0.0,86.0,0.0,2.1102901116033,2.1634463704276428,0.026578129412171414,1.1286294709537987,0.9816606406495012,-0.14696883030429753,True,False,False,Warmest 20%,Dry prior day,40–60%,Remaining 90%,Spring
2023-04-13,15.33,14.093101529467257,15.518131086997675,16.455725322246035,2.0,14.066523400055084,16.482303451658208,0.2680000000000002,Two-sided ACI,77,0.0,85.0,0.0,2.3626237927787788,2.4157800516031234,0.026578129412172302,1.4250295575304186,0.9375942352483602,-0.48743532228205844,True,False,False,Warmest 20%,Dry prior day,40–60%,Remaining 90%,Spring
2023-04-14,14.49,14.366882845529686,15.343188760856377,16.455665613210876,2.0,14.347146893235234,16.47540156550533,0.2720000000000002,Two-sided ACI,68,0.12,77.0,0.0,2.08878276768119,2.1282546722700957,0.019735952294452908,0.9763059153266909,1.112476852354499,0.13617093702780814,True,False,False,60–80%,Dry prior day,40–60%,Remaining 90%,Spring
2023-04-15,13.42,13.004232678127638,14.134924503917446,15.01500632062257,2.0,12.989495220444082,15.029743778306123,0.2760000000000002,Two-sided ACI,53,0.12,68.0,0.12,2.0107736424949323,2.040248557862041,0.014737457683554389,1.1306918257898086,0.8800818167051236,-0.250610009084685,True,False,False,40–60%,Wet prior day,20–40%,Remaining 90%,Spring
2023-04-16,15.84,13.052929924833837,14.054935300946797,15.096528376597654,2.0,13.06321482921508,15.08624347221641,0.2800000000000002,Two-sided ACI,62,0.0,53.0,0.12,2.043598451763817,2.0230286430013305,-0.010284904381243187,1.00200537611296,1.041593075650857,0.03958769953789698,False,False,True,20–40%,Wet prior day,20–40%,Remaining 90%,Spring
2023-04-17,15.86,14.929051298972611,15.604203629577505,17.214869357485803,2.0,14.90238103003752,17.241539626420895,0.2640000000000002,Two-sided ACI,74,0.0,62.0,0.0,2.2858180585131915,2.339158596383376,0.026670268935092167,0.6751523306048934,1.610665727908298,0.9355133973034047,True,False,False,40–60%,Dry prior day,40–60%,Remaining 90%,Spring
2023-04-18,15.43,14.886816995037002,15.865652375480677,17.080180261551256,2.0,14.860146726101908,17.106850530486348,0.2680000000000002,Two-sided ACI,77,0.0,74.0,0.0,2.193363266514254,2.24670380438444,0.026670268935093056,0.9788353804436749,1.214527886070579,0.23569250562690414,True,False,False,60–80%,Dry prior day,40–60%,Remaining 90%,Spring
2023-04-19,15.64,14.969346083389151,15.770377941631525,17.12637316643962,2.0,14.94276795397698,17.152951295851793,0.2720000000000002,Two-sided ACI,63,0.0,77.0,0.0,2.157027083050469,2.210183341874812,0.026578129412171414,0.8010318582423732,1.3559952248080958,0.5549633665657225,True,False,False,60–80%,Dry prior day,40–60%,Remaining 90%,Spring
2023-04-20,14.6,14.76209960282155,15.791439795849154,16.76423148097702,2.0,14.742363650527098,16.78396743327147,0.2760000000000002,Two-sided ACI,50,0.0,63.0,0.0,2.0021318781554704,2.0416037827443727,0.01973595229445113,1.029340193027604,0.9727916851278664,-0.05654850789973764,False,True,False,40–60%,Dry prior day,40–60%,Remaining 90%,Spring
2023-04-21,14.59,14.28950845349888,15.186445386577688,16.77391088635621,2.0,14.223043393257656,16.840375946597433,0.2600000000000002,Two-sided ACI,47,0.0,50.0,0.0,2.484402432857328,2.617332553339777,0.06646506024122445,0.8969369330788073,1.5874654997785207,0.6905285666997134,True,False,False,20–40%,Dry prior day,40–60%,Remaining 90%,Spring
2023-04-22,13.14,13.377162025592456,14.290202874892124,15.719162967597828,2.0,13.328498407684378,15.767826585505906,0.2640000000000002,Two-sided ACI,39,0.08,47.0,0.0,2.342000942005372,2.439328177821528,0.04866361790807794,0.9130408492996676,1.4289600927057045,0.5159192434060369,False,True,False,Coolest 20%,Dry prior day,20–40%,Remaining 90%,Spring
2023-04-23,14.1,13.415894290673162,14.33743979044533,15.609563563815806,2.0,13.328184965512918,15.69727288897605,0.2480000000000001,Two-sided ACI,57,0.0,39.0,0.08,2.1936692731426444,2.369087923463132,0.08770932516024388,0.9215454997721686,1.2721237733704758,0.3505782735983072,True,False,False,Coolest 20%,Wet prior day,20–40%,Remaining 90%,Spring
2023-04-24,15.83,14.31153584881525,14.870675343724304,16.896412912657564,2.0,14.227222112838747,16.980726648634068,0.2520000000000001,Two-sided ACI,66,0.0,57.0,0.0,2.5848770638423133,2.7535045357953205,0.0843137359765036,0.5591394949090542,2.025737568933259,1.4665980740242048,True,False,False,20–40%,Dry prior day,40–60%,Remaining 90%,Spring
2023-04-25,14.77,14.776782136000886,15.53653229155369,16.778855981919435,2.0,14.692468400024383,16.863169717895936,0.2560000000000001,Two-sided ACI,59,0.12,66.0,0.0,2.0020738459185488,2.1707013178715524,0.08431373597650182,0.7597501555528048,1.242323690365744,0.4825735348129392,True,False,False,40–60%,Dry prior day,40–60%,Remaining 90%,Spring
2023-04-26,15.0,14.51269620882518,15.583537110126208,16.643276381745117,2.0,14.444381753146876,16.711590837423422,0.2600000000000002,Two-sided ACI,59,0.39,59.0,0.12,2.130580172919938,2.267209084276546,0.06831445567830396,1.070840901301029,1.0597392716189091,-0.011101629682119807,True,False,False,40–60%,Wet prior day,40–60%,Remaining 90%,Spring
2023-04-27,15.34,13.494895041071754,14.71886038994766,15.769315022776311,2.0,13.428429980830533,15.835780083017534,0.2640000000000002,Two-sided ACI,71,0.09,59.0,0.39,2.2744199817045576,2.407350102187001,0.06646506024122179,1.2239653488759057,1.050454632828652,-0.17351071604725377,True,False,False,40–60%,Wet prior day,40–60%,Remaining 90%,Spring
2023-04-28,15.02,14.8116134626821,15.600169876353933,16.666325779743467,2.0,14.762949844774022,16.714989397651543,0.2680000000000002,Two-sided ACI,62,0.01,71.0,0.09,1.8547123170613666,1.9520395528775207,0.04866361790807705,0.7885564136718326,1.066155903389534,0.27759948971770143,True,False,False,40–60%,Wet prior day,40–60%,Remaining 90%,Spring
2023-04-29,15.27,14.06738620320944,14.92878824593005,16.086715238436664,2.0,14.040715934274347,16.11338550737176,0.2720000000000002,Two-sided ACI,76,0.0,62.0,0.01,2.0193290352272246,2.0726695730974125,0.026670268935093944,0.861402042720611,1.1579269925066136,0.2965249497860025,True,False,False,40–60%,Wet prior day,40–60%,Remaining 90%,Spring
2023-04-30,15.99,14.893073429149592,15.803846538830872,17.16349559415839,2.0,14.87333747685514,17.183231546452845,0.2760000000000002,Two-sided ACI,68,0.0,76.0,0.0,2.2704221650087995,2.3098940695977053,0.019735952294452908,0.9107731096812799,1.3596490553275196,0.44887594564623967,True,False,False,60–80%,Dry prior day,40–60%,Remaining 90%,Spring
2023-05-01,17.56,15.524903288044966,17.012069690909215,18.87986272916385,2.0,15.51812115204408,18.88664486516474,0.2800000000000002,Two-sided ACI,71,0.0,68.0,0.0,3.3549594411188846,3.368523713120661,0.006782136000888173,1.4871664028642488,1.8677930382546357,0.3806266353903869,True,False,False,40–60%,Dry prior day,40–60%,Remaining 90%,Spring
2023-05-02,17.92,15.693970657881373,17.29778276437858,19.12101443711084,2.0,15.687188521880486,19.127796573111727,0.2840000000000002,Two-sided ACI,71,0.0,71.0,0.0,3.427043779229468,3.4406080512312407,0.006782136000886396,1.6038121064972088,1.823231672732259,0.2194195662350502,True,False,False,40–60%,Dry prior day,40–60%,Remaining 90%,Spring
2023-05-03,19.97,16.461078885274674,18.30321192514319,20.268511611620696,2.0,16.471363789655918,20.25822670723945,0.2880000000000002,Two-sided ACI,82,0.0,71.0,0.0,3.807432726346022,3.7868629175835338,-0.010284904381244075,1.8421330398685178,1.965299686477504,0.12316664660898624,True,False,False,40–60%,Dry prior day,60–80%,Remaining 90%,Spring
2023-05-04,18.69,17.072527779832313,19.097730865686827,21.30775246884491,2.0,17.11343817072902,21.266842077948205,0.2920000000000002,Two-sided ACI,76,0.0,82.0,0.0,4.235224689012597,4.153403907219186,-0.04091039089670545,2.025203085854514,2.210021603158083,0.1848185173035688,True,False,False,60–80%,Dry prior day,60–80%,Remaining 90%,Spring
2023-05-05,20.01,16.89755734912827,19.156725816698437,21.437385645096423,2.0,16.947606022693215,21.38733697153148,0.2960000000000002,Two-sided ACI,72,0.02,76.0,0.0,4.539828295968153,4.439730948838264,-0.05004867356494458,2.2591684675701664,2.2806598283979866,0.021491360827820216,True,False,False,60–80%,Dry prior day,60–80%,Remaining 90%,Spring
2023-05-06,20.04,16.832163844879922,18.603841738384855,20.53416729604069,2.0,16.908732282474617,20.457598858446,0.3000000000000002,Two-sided ACI,74,0.0,72.0,0.02,3.702003451160767,3.5488665759713847,-0.07656843759469112,1.7716778935049327,1.9303255576558342,0.1586476641509016,True,False,False,60–80%,Wet prior day,60–80%,Remaining 90%,Spring
2023-05-07,20.19,17.971192303431963,20.07737686941992,21.925012620548184,2.0,18.05751540332181,21.83868952065833,0.3040000000000002,Two-sided ACI,68,0.0,74.0,0.0,3.9538203171162216,3.7811741173365228,-0.08632309988984943,2.106184565987956,1.8476357511282657,-0.25854881485969017,True,False,False,60–80%,Dry prior day,60–80%,Remaining 90%,Spring
2023-05-08,23.44,18.564714658420904,20.80911231324911,23.145359709078857,2.0,18.653475516642068,23.056598850857693,0.3080000000000002,Two-sided ACI,75,0.0,68.0,0.0,4.580645050657953,4.403123334215625,-0.08876085822116409,2.244397654828205,2.336247395829748,0.09184974100154264,False,False,True,40–60%,Dry prior day,60–80%,Remaining 90%,Spring
2023-05-09,22.47,19.769505204513123,21.930530664530185,23.89280969824852,2.0,19.830494241465487,23.83182066129616,0.2920000000000002,Two-sided ACI,79,0.0,75.0,0.0,4.123304493735397,4.001326419830672,-0.06098903695236224,2.1610254600170613,1.9622790337183353,-0.19874642629872596,True,False,False,60–80%,Dry prior day,60–80%,Remaining 90%,Spring
2023-05-10,19.44,20.755496811772275,23.155081615670348,25.10247370060448,2.0,20.81648584872464,25.041484663652117,0.2960000000000002,Two-sided ACI,71,0.23,79.0,0.0,4.346976888832206,4.224998814927478,-0.06098903695236402,2.3995848038980725,1.9473920849341333,-0.4521927189639392,False,True,False,60–80%,Dry prior day,60–80%,Remaining 90%,Spring
2023-05-11,17.17,17.049323901420365,19.87974528654157,22.180281842214384,2.0,17.05960880580161,22.16999693783314,0.2800000000000002,Two-sided ACI,56,0.91,71.0,0.23,5.130957940794019,5.110388132031531,-0.010284904381244075,2.8304213851212054,2.3005365556728137,-0.5298848294483918,True,False,False,40–60%,Wet prior day,60–80%,Widest 10%,Spring
2023-05-12,17.35,14.14019794297478,17.02255205474544,19.696761650965097,2.0,14.181108333871483,19.655851260068392,0.2840000000000002,Two-sided ACI,65,0.86,56.0,0.91,5.556563707990318,5.4747429261969085,-0.04091039089670456,2.8823541117706597,2.674209596219658,-0.20814451555100177,True,False,False,20–40%,Wet prior day,40–60%,Widest 10%,Spring
2023-05-13,16.66,13.600211654824149,16.40803041018187,18.378358829390084,2.0,13.65026032838909,18.328310155825143,0.2880000000000002,Two-sided ACI,66,0.0,65.0,0.86,4.778147174565936,4.678049827436054,-0.050048673564941026,2.8078187553577205,1.970328419208215,-0.8374903361495054,True,False,False,40–60%,Wet prior day,40–60%,Remaining 90%,Spring
2023-05-14,15.52,16.085143566908123,18.385622021001517,20.38876446917321,2.0,16.146132603860487,20.327775432220854,0.2920000000000002,Two-sided ACI,61,0.73,66.0,0.0,4.303620902265088,4.181642828360367,-0.060989036952360465,2.300478454093394,2.003142448171694,-0.29733600592170006,False,True,False,40–60%,Dry prior day,60–80%,Remaining 90%,Spring
2023-05-15,17.38,14.00260884070236,17.052300553071497,20.08315434287631,2.0,13.995826704701477,20.089936478877195,0.2760000000000002,Two-sided ACI,61,0.09,61.0,0.73,6.080545502173949,6.094109774175719,0.00678213600088462,3.049691712369137,3.0308537898048122,-0.018837922564324927,True,False,False,40–60%,Wet prior day,40–60%,Widest 10%,Spring
2023-05-16,17.34,17.04770772659502,18.48962952399334,20.425269642800195,2.0,17.057992630976266,20.41498473841895,0.2800000000000002,Two-sided ACI,80,0.0,61.0,0.09,3.377561916205174,3.356992107442686,-0.010284904381244075,1.4419217973983187,1.9356401188068553,0.49371832140853655,True,False,False,40–60%,Wet prior day,60–80%,Remaining 90%,Spring
2023-05-17,18.93,17.55469890085819,19.027263767575956,21.263840089295613,2.0,17.564983805239436,21.25355518491437,0.2840000000000002,Two-sided ACI,79,0.0,80.0,0.0,3.709141188437421,3.688571379674933,-0.010284904381244075,1.4725648667177644,2.2365763217196566,0.7640114550018922,True,False,False,60–80%,Dry prior day,60–80%,Remaining 90%,Spring
2023-05-18,17.89,17.283437742846186,18.994457664424832,21.07113978132274,2.0,17.32434813374289,21.030229390426037,0.2880000000000002,Two-sided ACI,69,0.23,79.0,0.0,3.787702038476553,3.7058812566831456,-0.040910390896703674,1.7110199215786466,2.0766821168979064,0.3656621953192598,True,False,False,60–80%,Dry prior day,60–80%,Remaining 90%,Spring
2023-05-19,17.6,16.70347586873553,18.734249072588007,20.959453649618748,2.0,16.753524542300475,20.909404976053807,0.2920000000000002,Two-sided ACI,59,0.2,69.0,0.23,4.255977780883217,4.155880433753332,-0.0500486735649428,2.030773203852476,2.225204577030741,0.19443137317826498,True,False,False,40–60%,Wet prior day,60–80%,Remaining 90%,Spring
2023-05-20,16.54,16.125191947431023,17.84599267597579,19.616168702850175,2.0,16.186180984383384,19.555179665897818,0.2960000000000002,Two-sided ACI,70,0.01,59.0,0.2,3.490976755419151,3.3689986815144337,-0.06098903695235869,1.7208007285447664,1.7701760268743847,0.04937529832961829,True,False,False,40–60%,Wet prior day,60–80%,Remaining 90%,Spring
2023-05-21,18.04,15.973616707854625,17.664063852412813,20.0274569237534,2.0,16.05018514544932,19.950888486158703,0.3000000000000002,Two-sided ACI,80,0.0,70.0,0.01,4.053840215898777,3.9007033407093843,-0.07656843759469645,1.6904471445581883,2.363393071340589,0.6729459267824005,True,False,False,40–60%,Wet prior day,60–80%,Remaining 90%,Spring
2023-05-22,21.29,17.46555643790621,19.464865170436617,22.300806830256597,2.0,17.551879537796054,22.214483730366744,0.3040000000000002,Two-sided ACI,76,0.0,80.0,0.0,4.835250392350389,4.66260419257069,-0.08632309988984943,1.9993087325304089,2.83594165981998,0.8366329272895712,True,False,False,60–80%,Dry prior day,60–80%,Remaining 90%,Spring
2023-05-23,21.68,18.25773792037388,20.63244299252096,22.91238450967733,2.0,18.34649877859504,22.823623651456167,0.3080000000000002,Two-sided ACI,77,0.0,76.0,0.0,4.65464658930345,4.4771248728611255,-0.08876085822116231,2.37470507214708,2.27994151715637,-0.09476355499070976,True,False,False,60–80%,Dry prior day,60–80%,Remaining 90%,Spring
2023-05-24,21.97,19.874841988487923,22.224240162548224,24.53801582702723,2.0,19.963602846709087,24.449254968806063,0.3120000000000002,Two-sided ACI,75,0.01,77.0,0.0,4.663173838539308,4.485652122096976,-0.08876085822116586,2.349398174060301,2.3137756644790066,-0.03562250958129454,True,False,False,60–80%,Dry prior day,60–80%,Remaining 90%,Spring
2023-05-25,21.86,19.166716627822595,21.56458485250618,24.26523794627276,2.0,19.260840390565107,24.17111418353025,0.3160000000000002,Two-sided ACI,77,0.0,75.0,0.01,5.098521318450164,4.9102737929651425,-0.09412376274251066,2.3978682246835845,2.7006530937665794,0.30278486908299485,True,False,False,60–80%,Wet prior day,60–80%,Remaining 90%,Spring
2023-05-26,22.37,19.745079195431845,21.94741308469647,24.8538897784826,2.0,19.83988855917235,24.75908041474209,0.3200000000000002,Two-sided ACI,72,0.0,77.0,0.0,5.108810583050754,4.919191855569739,-0.09480936374050764,2.202333889264626,2.9064766937861286,0.7041428045215028,True,False,False,60–80%,Dry prior day,60–80%,Remaining 90%,Spring
2023-05-27,20.84,18.943458518272195,21.244935150593964,23.92823717510412,2.0,19.038267882012697,23.833427811363613,0.3240000000000002,Two-sided ACI,76,0.03,72.0,0.0,4.984778656831924,4.795159929350916,-0.09480936374050408,2.3014766323217692,2.683302024510155,0.38182539218838585,True,False,False,60–80%,Dry prior day,60–80%,Remaining 90%,Spring
2023-05-28,19.02,17.93658917328616,20.527324708469635,22.68960556940727,2.0,18.037422683065927,22.5887720596275,0.3280000000000002,Two-sided ACI,77,0.01,76.0,0.03,4.753016396121112,4.551349376561575,-0.10083350977976835,2.5907355351834767,2.162280860937635,-0.4284546742458417,True,False,False,60–80%,Wet prior day,60–80%,Remaining 90%,Spring
2023-05-29,21.61,17.749774262159686,20.57879034297168,24.1659707059926,2.0,17.87289141663,24.04285355152228,0.3320000000000002,Two-sided ACI,82,0.0,77.0,0.01,6.416196443832913,6.16996213489228,-0.12311715447031624,2.829016080811993,3.58718036302092,0.7581642822089272,True,False,False,60–80%,Wet prior day,60–80%,Widest 10%,Spring
2023-05-30,23.17,19.0275954164812,21.51105497429186,23.63038366670157,2.0,19.151023678629244,23.506955404553523,0.3360000000000002,Two-sided ACI,80,0.0,82.0,0.0,4.602788250220367,4.355931725924279,-0.12342826214804425,2.483459557810658,2.1193286924097094,-0.3641308654009485,True,False,False,60–80%,Dry prior day,60–80%,Remaining 90%,Spring
2023-05-31,24.35,21.463360187716784,23.62661825322351,25.737408097085773,2.0,21.599659404589723,25.601108880212838,0.3400000000000002,Two-sided ACI,78,0.0,80.0,0.0,4.2740479093689885,4.001449475623115,-0.13629921687293667,2.1632580655067244,2.110789843862264,-0.0524682216444603,True,False,False,60–80%,Dry prior day,60–80%,Remaining 90%,Spring
2023-06-01,22.03,24.131253387803437,25.954931419302437,26.24898257789073,2.0,24.29121657653576,26.0890193891584,0.3440000000000002,Two-sided ACI,74,0.41,78.0,0.0,2.1177291900872923,1.7978028126226384,-0.15996318873232696,1.823678031499,0.29405115858829234,-1.5296268729107076,False,True,False,60–80%,Dry prior day,60–80%,Remaining 90%,Summer
2023-06-02,19.68,22.354770251230317,24.496974287888648,25.01463378319237,2.0,22.47544634980995,24.89395768461273,0.3280000000000002,Two-sided ACI,71,0.12,74.0,0.41,2.6598635319620527,2.41851133480278,-0.12067609857963646,2.142204036658331,0.5176594953037217,-1.6245445413546094,False,True,False,60–80%,Wet prior day,60–80%,Remaining 90%,Summer
2023-06-03,17.95,20.86685987197073,22.204390149857986,23.066220511828952,2.0,20.95562073019189,22.977459653607788,0.3120000000000002,Two-sided ACI,66,0.12,71.0,0.12,2.1993606398582237,2.021838923415899,-0.08876085822116231,1.3375302778872573,0.8618303619709664,-0.4756999159162909,False,True,False,40–60%,Wet prior day,60–80%,Remaining 90%,Summer
2023-06-04,16.8,18.35742922692332,20.05233825225176,21.490180988619716,2.0,18.398339617820024,21.449270597723007,0.2960000000000002,Two-sided ACI,63,1.98,66.0,0.12,3.1327517616963974,3.050930979902983,-0.04091039089670723,1.6949090253284425,1.437842736367955,-0.25706628896048755,False,True,False,40–60%,Wet prior day,60–80%,Remaining 90%,Summer
2023-06-05,19.17,13.67965233871124,17.60293831115104,19.034461359938184,2.0,13.659916386416787,19.05419731223264,0.2800000000000002,Two-sided ACI,71,0.12,63.0,1.98,5.354809021226945,5.394280925815851,0.019735952294452908,3.9232859724397997,1.4315230487871453,-2.4917629236526544,False,False,True,40–60%,Wet prior day,60–80%,Widest 10%,Summer
2023-06-06,18.09,20.881593211622683,22.535912651869666,22.488668507388663,2.0,20.815128151381455,22.555133567629888,0.2640000000000002,Two-sided ACI,76,0.0,71.0,0.12,1.6070752957659806,1.740005416248433,0.06646506024122623,1.654319440246983,-0.04724414448100234,-1.7015635847279853,False,True,False,40–60%,Wet prior day,60–80%,Remaining 90%,Summer
2023-06-07,19.57,21.227366115292483,22.8694397340502,23.737543952136008,2.0,21.093583660921126,23.871326406507364,0.2480000000000001,Two-sided ACI,78,0.0,76.0,0.0,2.510177836843525,2.777742745586238,0.1337824543713566,1.642073618757717,0.8681042180858078,-0.7739694006719091,False,True,False,60–80%,Dry prior day,60–80%,Remaining 90%,Summer
2023-06-08,20.02,21.10884854877724,22.40190217181484,23.365081973109607,2.0,20.94674894595569,23.52718157593116,0.2320000000000001,Two-sided ACI,80,0.0,78.0,0.0,2.2562334243323683,2.580432629975469,0.16209960282155045,1.2930536230376006,0.9631798012947677,-0.329873821742833,False,True,False,60–80%,Dry prior day,60–80%,Remaining 90%,Summer
2023-06-09,20.81,21.52707969405257,22.79639246125337,23.554559080563106,2.0,21.31510669646708,23.766532078148604,0.2160000000000001,Two-sided ACI,81,0.11,80.0,0.0,2.027479386510535,2.451425381681524,0.21197299758549448,1.2693127672007982,0.7581666193097369,-0.5111461478910613,False,True,False,60–80%,Dry prior day,60–80%,Remaining 90%,Summer
2023-06-10,18.72,20.62173258972987,22.092621768984365,22.70666596727575,2.0,20.393954656920428,22.934443900085192,0.2000000000000001,Two-sided ACI,76,0.0,81.0,0.11,2.0849333775458803,2.540489243164764,0.2277779328094418,1.4708891792544954,0.6140441982913849,-0.8568449809631105,False,True,False,60–80%,Wet prior day,60–80%,Remaining 90%,Summer
2023-06-11,18.01,20.977345109922783,21.907263326828108,22.70079742366231,2.0,20.68270481900164,22.995437714583453,0.1840000000000001,Two-sided ACI,69,0.98,76.0,0.0,1.723452313739525,2.3127328955818136,0.2946402909211443,0.9299182169053246,0.7935340968342004,-0.13638412007112422,False,True,False,60–80%,Dry prior day,60–80%,Remaining 90%,Summer
2023-06-12,18.52,17.573672947524866,19.658119849993664,20.905198870085474,2.0,17.150265178642748,21.328606638967592,0.1680000000000001,Two-sided ACI,64,0.2,69.0,0.98,3.3315259225606084,4.1783414603248445,0.42340776888211806,2.084446902468798,1.2470790200918103,-0.8373678823769879,True,False,False,40–60%,Wet prior day,60–80%,Remaining 90%,Summer
2023-06-13,17.73,19.63740542370673,20.84959840632235,20.92198805309886,2.0,19.213997654824617,21.34539582198098,0.1720000000000001,Two-sided ACI,69,0.21,64.0,0.2,1.2845826293921299,2.1313981671563624,0.4234077688821163,1.212192982615619,0.07238964677651083,-1.1398033358391082,False,True,False,40–60%,Wet prior day,60–80%,Remaining 90%,Summer
2023-06-14,18.74,19.591214213559955,21.11627377978634,21.70463634529396,2.0,19.081810579907568,22.214039978946342,0.156,Two-sided ACI,77,0.0,69.0,0.21,2.113422131734005,3.132229399038774,0.5094036336523846,1.5250595662263855,0.5883625655076195,-0.936697000718766,False,True,False,40–60%,Wet prior day,60–80%,Remaining 90%,Summer
2023-06-15,18.05,20.381182987150297,21.572863543557244,22.163898261729702,2.0,19.816039420242173,22.72904182863783,0.14,Two-sided ACI,78,0.05,77.0,0.0,1.782715274579406,2.9130024083956556,0.5651435669081248,1.191680556406947,0.5910347181724589,-0.6006458382344881,False,True,False,60–80%,Dry prior day,60–80%,Remaining 90%,Summer
2023-06-16,17.62,20.114710830414257,21.193932982162856,22.02655637869177,2.0,19.39763113636168,22.743636072744348,0.124,Two-sided ACI,65,0.73,78.0,0.05,1.9118455482775119,3.3460049363826663,0.7170796940525772,1.0792221517485991,0.8326233965289127,-0.24659875521968644,False,True,False,60–80%,Wet prior day,60–80%,Remaining 90%,Summer
2023-06-17,16.89,17.79234860874257,18.87018561588276,18.855788913147965,2.0,16.941134395182615,19.70700312670792,0.108,Two-sided ACI,73,0.44,65.0,0.73,1.0634403044053933,2.7658687315253054,0.8512142135599561,1.0778370071401895,-0.014396702734796207,-1.0922337098749857,False,True,False,40–60%,Wet prior day,60–80%,Remaining 90%,Summer
2023-06-18,17.03,17.954851134253914,19.21672274244703,19.20114062229692,2.0,16.900235805409192,20.255755951141644,0.092,Two-sided ACI,84,0.0,73.0,0.44,1.2462894880430042,3.355520145732452,1.054615328844724,1.2618716081931147,-0.015582120150110512,-1.2774537283432252,True,False,False,60–80%,Wet prior day,60–80%,Remaining 90%,Summer
2023-06-19,20.96,18.867148875168592,20.5629623712996,22.229572248535455,2.0,17.938793157331578,23.157927966372476,0.096,Two-sided ACI,88,0.0,84.0,0.0,3.3624233733668625,5.219134809040899,0.9283557178370181,1.6958134961310094,1.666609877235853,-0.029203618895156325,True,False,False,Warmest 20%,Dry prior day,60–80%,Widest 10%,Summer
2023-06-20,20.52,20.050100572781588,21.920130926421805,22.491987925214115,2.0,19.121744854944573,23.42034364305113,0.1,Two-sided ACI,84,0.0,88.0,0.0,2.441887352432527,4.298598788106556,0.9283557178370145,1.8700303536402174,0.5718569987923097,-1.2981733548479077,True,False,False,Warmest 20%,Dry prior day,60–80%,Remaining 90%,Summer
2023-06-21,21.87,22.078803867441287,23.46731425195801,23.9249456461142,2.0,21.15395273318737,24.84979678036811,0.104,Two-sided ACI,82,0.0,84.0,0.0,1.8461417786729122,3.6958440471807386,0.9248511342539132,1.3885103845167208,0.45763139415619136,-0.9308789903605295,True,False,False,Warmest 20%,Dry prior day,60–80%,Remaining 90%,Summer
2023-06-22,20.41,22.09768035836284,23.667298860720894,24.770993910906483,2.0,21.19533174962027,25.67334251964905,0.108,Two-sided ACI,77,0.02,82.0,0.0,2.673313552543643,4.4780107700287815,0.9023486087425692,1.569618502358054,1.103695050185589,-0.4659234521724649,False,True,False,60–80%,Dry prior day,60–80%,Remaining 90%,Summer
2023-06-23,23.48,21.542304476346946,23.48174631848553,24.733636086787,2.0,20.453455927569703,25.82248463556424,0.092,Two-sided ACI,81,0.0,77.0,0.02,3.1913316104400558,5.369028707994538,1.088848548777241,1.939441842138585,1.2518897683014707,-0.6875520738371144,True,False,False,60–80%,Wet prior day,60–80%,Widest 10%,Summer
2023-06-24,23.34,22.57414960797772,23.985606361237128,25.200628990238226,2.0,21.645793890140705,26.12898470807524,0.096,Two-sided ACI,84,0.0,81.0,0.0,2.6264793822605057,4.483190817934535,0.9283557178370145,1.411456753259408,1.2150226290010977,-0.1964341242583103,True,False,False,60–80%,Dry prior day,60–80%,Remaining 90%,Summer
2023-06-25,23.69,22.88888140660717,24.78048340731173,25.59316899575289,2.0,21.960525688770154,26.52152471358991,0.1,Two-sided ACI,79,0.0,84.0,0.0,2.7042875891457214,4.560999024819754,0.9283557178370163,1.8916020007045624,0.812685588441159,-1.0789164122634034,True,False,False,Warmest 20%,Dry prior day,60–80%,Remaining 90%,Summer
2023-06-26,27.95,24.988953951561754,26.46684342906832,27.529705339221174,2.0,24.086605342819183,28.432053947963745,0.104,Two-sided ACI,85,0.0,79.0,0.0,2.5407513876594194,4.345448605144561,0.902348608742571,1.4778894775065652,1.0628619101528543,-0.41502756735371094,True,False,False,60–80%,Dry prior day,60–80%,Remaining 90%,Summer
2023-06-27,27.44,26.286562343961844,28.040511687774224,28.82820828079486,2.0,25.435348130401888,29.679422494354817,0.1080000000000001,Two-sided ACI,93,0.0,85.0,0.0,2.5416459368330173,4.2440743639529295,0.8512142135599561,1.7539493438123799,0.7876965930206374,-0.9662527507917424,True,False,False,Warmest 20%,Dry prior day,Highest 20%,Remaining 90%,Summer
2023-06-28,30.27,27.39107422443211,29.913224113794733,30.70986596431026,2.0,26.647602601029764,31.453337587712607,0.1120000000000001,Two-sided ACI,85,0.0,93.0,0.0,3.318791739878151,4.805734986682843,0.7434716234023462,2.5221498893626233,0.7966418505155275,-1.7255080388470958,True,False,False,Warmest 20%,Dry prior day,Highest 20%,Remaining 90%,Summer
2023-06-29,28.94,27.45296128378445,30.18386001819303,31.549515921979044,2.0,26.709489660382104,32.29298754538139,0.1160000000000001,Two-sided ACI,83,0.0,85.0,0.0,4.096554638194593,5.583497884999289,0.743471623402348,2.73089873440858,1.3656559037860134,-1.3652428306225666,True,False,False,Warmest 20%,Dry prior day,Highest 20%,Widest 10%,Summer
2023-06-30,27.38,28.392037177041185,31.048971901589145,32.03375043439332,2.0,27.674957482988606,32.7508301284459,0.1200000000000001,Two-sided ACI,72,0.11,83.0,0.0,3.6417132573521336,5.0758726454572916,0.717079694052579,2.656934724547959,0.9847785328041745,-1.6721561917437846,False,True,False,60–80%,Dry prior day,Highest 20%,Widest 10%,Summer
2023-07-01,26.61,25.101592568833127,28.28074744749491,29.735080520267516,3.0,24.176741434579213,30.659931654521426,0.1040000000000001,Two-sided ACI,86,0.0,72.0,0.11,4.63348795143439,6.4831902199422125,0.9248511342539114,3.179154878661784,1.4543330727726058,-1.724821805889178,True,False,False,60–80%,Wet prior day,Highest 20%,Widest 10%,Summer
2023-07-02,25.9,24.886171520445245,27.812437718093967,29.52709293541139,3.0,23.983822911702678,30.42944154415396,0.1080000000000001,Two-sided ACI,90,0.0,86.0,0.0,4.640921414966144,6.445618632451282,0.9023486087425692,2.9262661976487223,1.7146552173174214,-1.2116109803313009,True,False,False,Warmest 20%,Dry prior day,Highest 20%,Widest 10%,Summer
2023-07-03,29.6,24.579515828391784,28.68178362184971,30.51469818282189,3.0,23.728301614831828,31.365912396381844,0.1120000000000001,Two-sided ACI,91,0.02,90.0,0.0,5.935182354430104,7.637610781550016,0.8512142135599561,4.102267793457926,1.8329145609721778,-2.2693532324857486,True,False,False,Warmest 20%,Dry prior day,Highest 20%,Widest 10%,Summer
2023-07-04,24.94,25.381405823588757,29.23050306050821,30.97843296570941,3.0,24.5301916100288,31.829647179269365,0.1160000000000001,Two-sided ACI,83,0.34,91.0,0.02,5.597027142120652,7.299455569240564,0.8512142135599561,3.8490972369194516,1.7479299052012003,-2.1011673317182513,True,False,False,Warmest 20%,Wet prior day,Highest 20%,Widest 10%,Summer
2023-07-05,22.58,24.747660348493813,29.026116131047907,30.490815714624038,3.0,24.03058065444124,31.20789540867661,0.1200000000000001,Two-sided ACI,62,0.24,83.0,0.34,5.743155366130225,7.177314754235368,0.7170796940525719,4.278455782554094,1.464699583576131,-2.8137561989779627,False,True,False,60–80%,Wet prior day,Highest 20%,Widest 10%,Summer
2023-07-06,21.59,22.249271951738653,25.33726402368444,26.944147403452703,3.0,21.32442081748474,27.868998537706617,0.1040000000000001,Two-sided ACI,71,0.25,62.0,0.24,4.694875451714051,6.544577720221877,0.9248511342539132,3.087992071945788,1.606883379768263,-1.481108692177525,True,False,False,40–60%,Wet prior day,60–80%,Widest 10%,Summer
2023-07-07,23.18,20.80676023048708,23.826323574870088,26.226019966661774,3.0,19.90441162174451,27.128368575404345,0.1080000000000001,Two-sided ACI,76,0.19,71.0,0.25,5.419259736174695,7.223956953659833,0.9023486087425692,3.019563344383009,2.399696391791686,-0.6198669525913232,True,False,False,40–60%,Wet prior day,60–80%,Widest 10%,Summer
2023-07-08,21.45,21.199304202072778,24.00230589881626,25.555703491430755,3.0,20.34808998851282,26.40691770499071,0.1120000000000001,Two-sided ACI,77,0.01,76.0,0.19,4.356399289357977,6.058827716477889,0.8512142135599561,2.8030016967434825,1.5533975926144947,-1.2496041041289878,True,False,False,60–80%,Wet prior day,60–80%,Widest 10%,Summer
2023-07-09,22.46,21.03711126883629,23.925097202379604,25.655536962820555,3.0,20.18589705527633,26.50675117638051,0.1160000000000001,Two-sided ACI,80,0.43,77.0,0.01,4.618425693984264,6.32085412110418,0.8512142135599579,2.8879859335433125,1.7304397604409516,-1.1575461731023609,True,False,False,60–80%,Wet prior day,60–80%,Widest 10%,Summer
2023-07-10,26.14,22.76504240385339,25.41838749152987,27.79230365565874,3.0,22.021570780451043,28.535775279061085,0.1200000000000001,Two-sided ACI,92,0.0,80.0,0.43,5.027261251805349,6.514204498610042,0.7434716234023462,2.653345087676481,2.373916164128868,-0.27942892354761284,True,False,False,60–80%,Wet prior day,60–80%,Widest 10%,Summer
2023-07-11,28.12,24.742227310684243,26.880698369424728,28.19242898094337,3.0,24.025147616631667,28.909508674995944,0.1240000000000001,Two-sided ACI,94,0.0,92.0,0.0,3.4502016702591263,4.884361058364277,0.7170796940525754,2.1384710587404854,1.311730611518641,-0.8267404472218445,True,False,False,Warmest 20%,Dry prior day,Highest 20%,Remaining 90%,Summer
2023-07-12,30.56,25.7064159887163,28.94254397732911,30.66759039733229,3.0,24.98933629466373,31.38467009138487,0.1280000000000001,Two-sided ACI,91,0.0,94.0,0.0,4.961174408615989,6.39533379672114,0.7170796940525754,3.2361279886128074,1.7250464200031814,-1.511081568609626,True,False,False,Warmest 20%,Dry prior day,Highest 20%,Widest 10%,Summer
2023-07-13,30.3,26.34479373211603,30.04839863796541,32.06120677412987,3.0,25.68552178037738,32.720478725868524,0.1320000000000001,Two-sided ACI,92,0.0,91.0,0.0,5.716413042013841,7.034956945491146,0.6592719517386527,3.703604905849378,2.0128081361644625,-1.6907967696849155,True,False,False,Warmest 20%,Dry prior day,Highest 20%,Widest 10%,Summer
2023-07-14,31.84,27.264384499894987,30.886426288445755,33.312365505508446,3.0,26.655330105399987,33.92141990000344,0.1360000000000001,Two-sided ACI,82,0.0,92.0,0.0,6.047981005613458,7.266089794603456,0.6090543944949989,3.622041788550767,2.425939217062691,-1.1961025714880762,True,False,False,Warmest 20%,Dry prior day,Highest 20%,Widest 10%,Summer
2023-07-15,30.36,26.8316572818849,30.64563070810904,32.820251353368164,3.0,26.266513714976774,33.38539492027628,0.1400000000000001,Two-sided ACI,83,0.01,82.0,0.0,5.988594071483263,7.118881205299509,0.5651435669081231,3.8139734262241376,2.1746206452591252,-1.6393527809650124,True,False,False,60–80%,Dry prior day,Highest 20%,Widest 10%,Summer
2023-07-16,29.97,26.354721685450507,30.221786218194808,32.51457181775926,3.0,25.789578118542384,33.07971538466738,0.1440000000000001,Two-sided ACI,88,0.0,83.0,0.01,6.159850132308755,7.290137266124997,0.5651435669081213,3.867064532744301,2.2927855995644535,-1.5742789331798477,True,False,False,60–80%,Wet prior day,Highest 20%,Widest 10%,Summer
2023-07-17,34.1,28.50045495307908,31.95914084148678,34.07499390799275,3.0,27.968840451697133,34.606608409374694,0.1480000000000001,Two-sided ACI,94,0.0,88.0,0.0,5.57453895491367,6.637767957677561,0.5316145013819451,3.4586858884077003,2.11585306650597,-1.3428328219017303,True,False,False,Warmest 20%,Dry prior day,Highest 20%,Widest 10%,Summer
2023-07-18,31.19,30.388135761328883,33.175311498070755,34.20955449829245,3.0,29.94672993774013,34.6509603218812,0.1520000000000001,Two-sided ACI,95,0.0,94.0,0.0,3.8214187369635653,4.70423038414107,0.44140582358875236,2.7871757367418724,1.034243000221693,-1.7529327365201794,True,False,False,Warmest 20%,Dry prior day,Highest 20%,Remaining 90%,Summer
2023-07-19,31.69,30.44332024752793,33.49151606420517,34.307163195234416,3.0,30.00191442393918,34.74856901882317,0.1560000000000001,Two-sided ACI,85,0.01,95.0,0.0,3.8638429477064875,4.746654594883989,0.4414058235887506,3.048195816677243,0.8156471310292446,-2.2325486856479984,True,False,False,Warmest 20%,Dry prior day,Highest 20%,Remaining 90%,Summer
2023-07-20,26.56,29.08939348820612,31.669670447838907,32.47297347142289,3.0,28.66909882742729,32.89326813220171,0.1600000000000001,Two-sided ACI,79,0.82,85.0,0.01,3.3835799832167694,4.224169304774421,0.4202946607788256,2.580276959632787,0.8033030235839824,-1.7769739360488046,False,True,False,Warmest 20%,Wet prior day,Highest 20%,Remaining 90%,Summer
2023-07-21,26.09,25.36343342298538,28.71941800971717,30.140639422168405,3.0,24.798289856077258,30.70578298907653,0.1440000000000001,Two-sided ACI,82,0.01,79.0,0.82,4.777205999183025,5.907493132999271,0.5651435669081231,3.3559845867317897,1.421221412451235,-1.9347631742805547,True,False,False,60–80%,Wet prior day,Highest 20%,Widest 10%,Summer
2023-07-22,27.63,24.310638454072446,26.941377282909063,28.437483852688107,3.0,23.7790239526905,28.96909835407005,0.1480000000000002,Two-sided ACI,89,0.0,82.0,0.01,4.126845398615661,5.1900744013795475,0.5316145013819433,2.6307388288366162,1.4961065697790445,-1.1346322590575717,True,False,False,60–80%,Wet prior day,Highest 20%,Widest 10%,Summer
2023-07-23,28.88,25.454519694249207,27.827243858654075,29.269801032587395,3.0,25.01311387066045,29.711206856176148,0.1520000000000002,Two-sided ACI,98,0.0,89.0,0.0,3.8152813383381883,4.6980929855156965,0.44140582358875413,2.372724164404868,1.44255717393332,-0.9301669904715482,True,False,False,Warmest 20%,Dry prior day,Highest 20%,Remaining 90%,Summer
2023-07-24,31.83,28.41410338996662,31.11672418212612,32.82422093514146,3.0,27.972697566377867,33.265626758730214,0.1560000000000002,Two-sided ACI,96,0.17,98.0,0.0,4.410117545174842,5.2929291923523465,0.44140582358875236,2.7026207921595002,1.7074967530153415,-0.9951240391441587,True,False,False,Warmest 20%,Dry prior day,Highest 20%,Widest 10%,Summer
2023-07-25,29.81,28.782658541233147,31.408840603782487,32.36643843172371,3.0,28.34821473218776,32.8008822407691,0.1600000000000002,Two-sided ACI,98,0.0,96.0,0.17,3.583779890490561,4.452667508581339,0.4344438090453888,2.62618206254934,0.9575978279412212,-1.6685842346081188,True,False,False,Warmest 20%,Wet prior day,Highest 20%,Remaining 90%,Summer
2023-07-26,30.93,29.792924094192003,32.920924937754805,34.161256544719464,3.0,29.372629433413177,34.581551205498286,0.1640000000000002,Two-sided ACI,90,0.0,98.0,0.0,4.368332450527461,5.208921772085109,0.4202946607788238,3.128000843562802,1.2403316069646593,-1.8876692365981427,True,False,False,Warmest 20%,Dry prior day,Highest 20%,Widest 10%,Summer
2023-07-27,28.21,27.74007136567562,30.69229228540549,32.47414337127269,3.0,27.44543107475448,32.76878366219383,0.1680000000000002,Two-sided ACI,92,0.11,90.0,0.0,4.734072005597067,5.323352587439352,0.2946402909211425,2.952220919729868,1.7818510858671992,-1.1703698338626687,True,False,False,Warmest 20%,Dry prior day,Highest 20%,Widest 10%,Summer
2023-07-28,27.28,25.5490758781586,28.93336108999103,31.103738035195043,3.0,25.25443558723745,31.398378326116188,0.1720000000000002,Two-sided ACI,87,0.13,92.0,0.11,5.554662157036443,6.143942738878739,0.29464029092114785,3.384285211832431,2.170376945204012,-1.2139082666284189,True,False,False,Warmest 20%,Wet prior day,Highest 20%,Widest 10%,Summer
2023-07-29,26.37,24.751619781285605,27.826787417100626,29.20376874955188,3.0,24.50525405700729,29.45013447383019,0.1760000000000002,Two-sided ACI,82,0.0,87.0,0.13,4.452148968266275,4.944880416822901,0.24636572427831283,3.0751676358150206,1.3769813324512548,-1.6981863033637659,True,False,False,Warmest 20%,Wet prior day,Highest 20%,Remaining 90%,Summer
2023-07-30,27.64,25.20846121186049,28.07024593160696,29.51253347359309,3.0,24.97129918626804,29.74969549918555,0.1800000000000002,Two-sided ACI,88,0.0,82.0,0.0,4.3040722617326,4.778396312917508,0.23716202559245403,2.861784719746467,1.4422875419861327,-1.4194971777603342,True,False,False,60–80%,Dry prior day,Highest 20%,Remaining 90%,Summer
2023-07-31,28.7,27.326567561568417,30.3532122209728,32.4085502133138,3.0,27.098789628758976,32.63632814612325,0.1840000000000002,Two-sided ACI,88,1.21,88.0,0.0,5.081982651745385,5.537538517364272,0.22777793280944358,3.0266446594043828,2.055337992341002,-0.9713066670633808,True,False,False,Warmest 20%,Dry prior day,Highest 20%,Widest 10%,Summer
2023-08-01,22.75,24.82978919885724,27.541676203964567,29.145879994919568,3.0,24.60533947023983,29.37032972353698,0.1880000000000002,Two-sided ACI,83,2.45,88.0,1.21,4.316090796062326,4.7649902532971495,0.22444972861741164,2.711887005107325,1.604203790955001,-1.107683214152324,False,True,False,Warmest 20%,Wet prior day,Highest 20%,Remaining 90%,Summer
2023-08-02,23.26,19.588132566196624,23.790288076220328,25.65718844732768,3.0,19.29349227527548,25.951828738248825,0.1720000000000002,Two-sided ACI,86,0.0,83.0,2.45,6.069055881131057,6.658336462973345,0.2946402909211443,4.2021555100237045,1.8669003711073522,-2.3352551389163523,True,False,False,60–80%,Wet prior day,60–80%,Widest 10%,Summer
2023-08-03,20.83,22.170876029492756,24.46609590458868,26.210135054128404,3.0,21.88747154916155,26.493539534459607,0.1760000000000002,Two-sided ACI,82,1.38,86.0,0.0,4.039259024635648,4.606067985298058,0.283404480331205,2.295219875095924,1.7440391495397236,-0.5511807255562005,False,True,False,Warmest 20%,Dry prior day,60–80%,Remaining 90%,Summer
2023-08-04,22.6,18.10644750498581,20.25314343725981,22.82755354639561,3.0,17.665041681397057,23.26895936998436,0.1600000000000002,Two-sided ACI,87,0.33,82.0,1.38,4.721106041409801,5.603917688587302,0.4414058235887506,2.1466959322739996,2.574410109135801,0.4277141768618016,True,False,False,60–80%,Wet prior day,60–80%,Widest 10%,Summer
2023-08-05,22.19,20.379677555384653,22.553039176368056,23.90286869142964,3.0,19.945233746339262,24.33731250047503,0.1640000000000002,Two-sided ACI,80,0.07,87.0,0.33,3.5231911360449857,4.392078754135767,0.4344438090453906,2.1733616209834032,1.3498295150615824,-0.8235321059218208,True,False,False,Warmest 20%,Wet prior day,60–80%,Remaining 90%,Summer
2023-08-06,22.63,22.33455873495714,24.22445533276085,25.640110581818504,3.0,21.91426407417832,26.06040524259733,0.1680000000000002,Two-sided ACI,72,0.03,80.0,0.07,3.3055518468613627,4.14614116841901,0.4202946607788238,1.889896597803709,1.4156552490576537,-0.4742413487460553,True,False,False,60–80%,Wet prior day,60–80%,Remaining 90%,Summer
2023-08-07,24.34,24.608241368141968,25.991610059824133,28.15858184436841,3.0,24.187946707363142,28.578876505147235,0.1720000000000002,Two-sided ACI,77,0.0,72.0,0.03,3.5503404762264417,4.390929797784093,0.4202946607788256,1.3833686916821648,2.166971784544277,0.783603092862112,True,False,False,60–80%,Wet prior day,60–80%,Remaining 90%,Summer
2023-08-08,22.58,24.568626938990477,25.073448912898005,26.831623373417443,3.0,24.27398664806933,27.126263664338587,0.1760000000000002,Two-sided ACI,81,0.01,77.0,0.0,2.2629964344269666,2.852277016269259,0.2946402909211461,0.5048219739075286,1.758174460519438,1.2533524866119095,False,True,False,60–80%,Dry prior day,60–80%,Remaining 90%,Summer
2023-08-09,24.93,23.241405675829725,24.63941343553655,25.99358137721781,3.0,22.6762621089216,26.55872494412593,0.1600000000000002,Two-sided ACI,83,0.09,81.0,0.01,2.7521757013880865,3.8824628352043327,0.5651435669081231,1.3980077597068252,1.3541679416812613,-0.043839818025563915,True,False,False,60–80%,Wet prior day,60–80%,Remaining 90%,Summer
2023-08-10,24.97,23.0503195920692,24.242633335734556,26.04128608054201,3.0,22.60891376848045,26.482691904130764,0.1640000000000002,Two-sided ACI,86,0.0,83.0,0.09,2.990966488472811,3.8737781356503156,0.44140582358875236,1.1923137436653555,1.7986527448074554,0.6063390011420999,True,False,False,60–80%,Wet prior day,60–80%,Remaining 90%,Summer
2023-08-11,27.54,24.7988682813144,26.10903387142741,27.753020028759835,3.0,24.36442447226901,28.187463837805225,0.1680000000000002,Two-sided ACI,92,0.0,86.0,0.0,2.954151747445433,3.8230393655362143,0.4344438090453906,1.3101655901130087,1.6439861573324244,0.33382056721941566,True,False,False,Warmest 20%,Dry prior day,60–80%,Remaining 90%,Summer
2023-08-12,26.52,25.30516336406869,26.980598599096037,28.370442557323432,3.0,24.8707195550233,28.80488636636882,0.1720000000000002,Two-sided ACI,85,0.0,92.0,0.0,3.0652791932547423,3.93416681134552,0.4344438090453888,1.6754352350273471,1.3898439582273951,-0.285591276799952,True,False,False,Warmest 20%,Dry prior day,Highest 20%,Remaining 90%,Summer
2023-08-13,25.22,25.48045851643801,27.96216774307177,29.43101089491995,3.0,25.06016385565918,29.851305555698776,0.1760000000000002,Two-sided ACI,76,0.0,85.0,0.0,3.950552378481941,4.791141700039596,0.4202946607788274,2.481709226633761,1.46884315184818,-1.012866074785581,True,False,False,Warmest 20%,Dry prior day,Highest 20%,Remaining 90%,Summer
2023-08-14,28.83,25.76284901178546,28.121506123518177,29.99288044391557,3.0,25.468208720864315,30.28752073483672,0.1800000000000002,Two-sided ACI,78,0.0,76.0,0.0,4.230031432130112,4.819312013972404,0.2946402909211461,2.358657111732718,1.8713743203973934,-0.4872827913353248,True,False,False,60–80%,Dry prior day,Highest 20%,Remaining 90%,Summer
2023-08-15,27.94,26.00820716420493,27.41613433255172,28.94031571886281,3.0,25.713566873283785,29.23495600978395,0.1840000000000002,Two-sided ACI,90,0.0,78.0,0.0,2.93210855465788,3.521389136500165,0.2946402909211425,1.4079271683467915,1.5241813863110885,0.11625421796429691,True,False,False,60–80%,Dry prior day,Highest 20%,Remaining 90%,Summer
2023-08-16,30.78,27.00693288372368,28.97396421190165,30.424836394926707,3.0,26.73869151558171,30.69307776306868,0.1880000000000002,Two-sided ACI,98,0.0,90.0,0.0,3.4179035112030256,3.954386247486969,0.26824136814197175,1.967031328177967,1.4508721830250586,-0.5161591451529084,False,False,True,Warmest 20%,Dry prior day,Highest 20%,Remaining 90%,Summer
2023-08-17,29.98,27.57283309040546,29.405364134320948,30.434680995027986,3.0,27.152538429626635,30.854975655806808,0.1720000000000002,Two-sided ACI,90,0.0,98.0,0.0,2.8618479046225254,3.702437226180173,0.4202946607788238,1.8325310439154876,1.0293168607070378,-0.8032141832084498,True,False,False,Warmest 20%,Dry prior day,Highest 20%,Remaining 90%,Summer
2023-08-18,31.48,28.76933126147724,30.92771477955245,32.00297049109223,3.0,28.414167656403947,32.35813409616552,0.1760000000000002,Two-sided ACI,91,0.0,90.0,0.0,3.2336392296149867,3.9439664397615743,0.3551636050732938,2.1583835180752082,1.0752557115397785,-1.0831278065354297,True,False,False,Warmest 20%,Dry prior day,Highest 20%,Remaining 90%,Summer
2023-08-19,29.04,28.78605906387756,31.004131881183117,31.781992020548685,3.0,28.49141877295641,32.07663231146983,0.1800000000000002,Two-sided ACI,92,0.0,91.0,0.0,2.995932956671126,3.5852135385134183,0.2946402909211461,2.2180728173055577,0.7778601393655684,-1.4402126779399893,True,False,False,Warmest 20%,Dry prior day,Highest 20%,Remaining 90%,Summer
2023-08-20,28.99,27.14267698006864,29.9141867943391,31.074126254562827,3.0,26.84803668914749,31.36876654548397,0.1840000000000002,Two-sided ACI,87,0.0,92.0,0.0,3.931449274494188,4.52072985633648,0.2946402909211461,2.771509814270459,1.159939460223729,-1.61157035404673,True,False,False,Warmest 20%,Dry prior day,Highest 20%,Remaining 90%,Summer
2023-08-21,31.96,28.40213205692916,30.681961643872896,32.198497618222284,3.0,28.11872757659796,32.48190209855349,0.1880000000000002,Two-sided ACI,96,0.0,87.0,0.0,3.796365561293122,4.363174521955532,0.283404480331205,2.279829586943734,1.516535974349388,-0.7632936125943459,True,False,False,Warmest 20%,Dry prior day,Highest 20%,Remaining 90%,Summer
2023-08-22,30.93,28.937872786333664,30.784608941009928,31.662984612137265,3.0,28.669631418191692,31.931225980279237,0.1920000000000002,Two-sided ACI,94,0.0,96.0,0.0,2.7251118258036016,3.261594562087545,0.26824136814197175,1.8467361546762646,0.8783756711273369,-0.9683604835489277,True,False,False,Warmest 20%,Dry prior day,Highest 20%,Remaining 90%,Summer
2023-08-23,32.08,30.049473684692916,32.43418205028305,33.24931689144038,3.0,29.789015168254902,33.50977540787839,0.1960000000000002,Two-sided ACI,92,0.0,94.0,0.0,3.199843206747463,3.720760239623484,0.26045851643801043,2.384708365590132,0.8151348411573309,-1.5695735244328013,True,False,False,Warmest 20%,Dry prior day,Highest 20%,Remaining 90%,Summer
2023-08-24,29.64,29.56192493457533,32.04422358230611,32.8656880817997,3.0,29.301466418137323,33.12614659823771,0.2000000000000002,Two-sided ACI,92,0.0,92.0,0.0,3.303763147224373,3.824680180100387,0.2604585164380069,2.4822986477307794,0.8214644994935938,-1.6608341482371856,True,False,False,Warmest 20%,Dry prior day,Highest 20%,Remaining 90%,Summer
2023-08-25,26.8,28.923991890211678,31.71871024838113,32.93884594864248,3.0,28.68682986461922,33.176007974234935,0.2040000000000002,Two-sided ACI,80,0.84,92.0,0.0,4.014854058430803,4.489178109615715,0.2371620255924558,2.794718358169451,1.220135700261352,-1.574582657908099,False,True,False,Warmest 20%,Dry prior day,Highest 20%,Remaining 90%,Summer
2023-08-26,22.19,23.497463626561316,26.55913815284171,27.921167483479877,3.0,23.20282333564017,28.215807774401014,0.1880000000000002,Two-sided ACI,76,0.02,80.0,0.84,4.423703856918561,5.012984438760846,0.2946402909211425,3.0616745262803953,1.3620293306381654,-1.6996451956422298,False,True,False,60–80%,Wet prior day,60–80%,Widest 10%,Summer
2023-08-27,21.92,21.522924497968617,24.7590770925728,26.530031859501197,3.0,20.95778093106049,27.09517542640932,0.1720000000000002,Two-sided ACI,83,0.19,76.0,0.02,5.007107361532579,6.137394495348829,0.5651435669081248,3.2361525946041816,1.7709547669283978,-1.4651978276757838,True,False,False,60–80%,Wet prior day,60–80%,Widest 10%,Summer
2023-08-28,23.62,21.65841504432917,24.413044399143452,27.001118857502256,3.0,21.21700922074042,27.442524681091008,0.1760000000000002,Two-sided ACI,79,0.21,83.0,0.19,5.342703813173085,6.225515460350589,0.44140582358875236,2.7546293548142806,2.588074458358804,-0.1665548964554766,True,False,False,Warmest 20%,Wet prior day,60–80%,Widest 10%,Summer
2023-08-29,23.17,21.744962070669235,24.21665950763975,25.68867253059088,3.0,21.32466740989041,26.108967191369704,0.1800000000000002,Two-sided ACI,81,0.0,79.0,0.21,3.9437104599216433,4.7842997814792945,0.4202946607788256,2.4716974369705156,1.4720130229511277,-0.9996844140193879,True,False,False,60–80%,Wet prior day,60–80%,Remaining 90%,Summer
2023-08-30,25.63,24.01750633053983,26.43457005006762,27.756956836251103,3.0,23.597211669761005,28.17725149702993,0.1840000000000002,Two-sided ACI,91,0.0,81.0,0.0,3.7394505057112717,4.580039827268923,0.4202946607788256,2.417063719527789,1.3223867861834826,-1.0946769333443065,True,False,False,60–80%,Dry prior day,60–80%,Remaining 90%,Summer
2023-08-31,25.59,24.70564915040764,26.44173930173656,27.3989583310752,3.0,24.350485545334344,27.75412193614849,0.1880000000000002,Two-sided ACI,93,0.0,91.0,0.0,2.6933091806675584,3.403636390814146,0.3551636050732938,1.73609015132892,0.9572190293386384,-0.7788711219902815,True,False,False,Warmest 20%,Dry prior day,60–80%,Remaining 90%,Summer
2023-09-01,29.1,24.642641687324783,26.952011406286548,28.57993643884956,3.0,24.34800139640364,28.874576729770705,0.1920000000000002,Two-sided ACI,94,0.0,93.0,0.0,3.937294751524778,4.526575333367067,0.2946402909211443,2.309369718961765,1.627925032563013,-0.681444686398752,False,False,True,Warmest 20%,Dry prior day,Highest 20%,Remaining 90%,Fall
2023-09-02,26.16,24.57055114608019,26.92658437265493,28.197604578205304,3.0,24.05048758492975,28.717668139355744,0.1760000000000002,Two-sided ACI,91,0.0,94.0,0.0,3.6270534321251127,4.667180554425993,0.5200635611504403,2.3560332265747377,1.271020205550375,-1.0850130210243627,True,False,False,Warmest 20%,Dry prior day,Highest 20%,Remaining 90%,Fall
2023-09-03,24.25,22.43246160691912,26.272935082961563,27.77454140228948,3.0,21.991055783330367,28.215947225878228,0.1800000000000002,Two-sided ACI,87,0.02,91.0,0.0,5.34207979537036,6.224891442547861,0.4414058235887506,3.840473476042444,1.5016063193279159,-2.338867156714528,True,False,False,Warmest 20%,Dry prior day,60–80%,Widest 10%,Fall
2023-09-04,26.51,21.330964911534387,25.305194901557517,28.24484875354765,3.0,20.889559087945635,28.68625457713641,0.1840000000000002,Two-sided ACI,83,0.11,87.0,0.02,6.913883842013263,7.796695489190775,0.4414058235887559,3.9742299900231295,2.9396538519901334,-1.034576138032996,True,False,False,Warmest 20%,Wet prior day,60–80%,Widest 10%,Fall
2023-09-05,25.87,22.1064467249836,25.264093212018224,26.61557155498321,3.0,21.686152064204773,27.03586621576204,0.1880000000000002,Two-sided ACI,78,0.0,83.0,0.11,4.50912482999961,5.349714151557269,0.42029466077882915,3.1576464870346257,1.3514783429649846,-1.806168144069641,True,False,False,Warmest 20%,Wet prior day,60–80%,Widest 10%,Fall
2023-09-06,30.2,24.315546929278582,27.13698994052117,28.278571452444183,3.0,23.96038332420529,28.63373505751748,0.1920000000000002,Two-sided ACI,84,0.0,78.0,0.0,3.9630245231656005,4.673351733312192,0.3551636050732956,2.821443011242586,1.1415815119230146,-1.6798614993195713,False,False,True,60–80%,Dry prior day,Highest 20%,Remaining 90%,Fall
2023-09-07,26.67,25.94176166159153,28.589715666389864,29.734132054781316,3.0,25.37661809468341,30.29927562168944,0.1760000000000002,Two-sided ACI,90,0.0,84.0,0.0,3.7923703931897847,4.922657527006031,0.5651435669081231,2.6479540047983328,1.144416388391452,-1.5035376164068808,True,False,False,Warmest 20%,Dry prior day,Highest 20%,Remaining 90%,Fall
2023-09-08,30.07,26.232195083091597,29.03702602542858,30.42617573363432,3.0,25.712131521941156,30.94623929478476,0.1800000000000002,Two-sided ACI,86,0.0,90.0,0.0,4.1939806505427235,5.234107772843604,0.5200635611504403,2.8048309423369844,1.3891497082057391,-1.4156812341312452,True,False,False,Warmest 20%,Dry prior day,Highest 20%,Widest 10%,Fall
2023-09-09,27.01,26.32127954007832,28.122487214280085,28.970779717975653,3.0,25.87987371648957,29.412185541564405,0.1840000000000002,Two-sided ACI,87,0.0,86.0,0.0,2.649500177897334,3.532311825074835,0.4414058235887506,1.8012076742017662,0.8482925036955677,-0.9529151705061985,True,False,False,Warmest 20%,Dry prior day,Highest 20%,Remaining 90%,Fall
2023-09-10,23.03,24.22952777780022,26.76802624331622,28.280538056713624,3.0,23.8092331170214,28.70083271749245,0.1880000000000002,Two-sided ACI,75,0.2,87.0,0.0,4.051010278913402,4.89159960047105,0.4202946607788238,2.5384984655159997,1.5125118133974027,-1.025986652118597,False,True,False,Warmest 20%,Dry prior day,60–80%,Remaining 90%,Fall
2023-09-11,24.51,21.53874640509791,24.15277937507512,26.66154245910866,3.0,20.879474453359254,27.320814410847312,0.1720000000000002,Two-sided ACI,71,0.01,75.0,0.2,5.122796054010749,6.441339957488058,0.6592719517386545,2.6140329699772096,2.5087630840335393,-0.10526988594367026,True,False,False,60–80%,Wet prior day,60–80%,Widest 10%,Fall
2023-09-12,24.24,21.21393335731012,23.34379508338973,24.650243622413495,3.0,20.648789790401995,25.21538718932162,0.1760000000000002,Two-sided ACI,76,0.0,71.0,0.01,3.4363102651033763,4.566597398919626,0.5651435669081248,2.1298617260796107,1.3064485390237657,-0.823413187055845,True,False,False,40–60%,Wet prior day,60–80%,Remaining 90%,Fall
2023-09-13,25.61,23.59520151548337,25.982783899488336,27.248569716843843,3.0,23.07513795433293,27.768633277994283,0.1800000000000002,Two-sided ACI,80,0.0,76.0,0.0,3.653368201360472,4.693495323661352,0.5200635611504403,2.387582384004965,1.265785817355507,-1.1217965666494578,True,False,False,60–80%,Dry prior day,60–80%,Remaining 90%,Fall
2023-09-14,22.9,22.921010688045538,25.11157570344038,26.45232034187319,3.0,22.400947126895097,26.97238390302363,0.1840000000000002,Two-sided ACI,72,0.31,80.0,0.0,3.531309653827652,4.571436776128532,0.5200635611504403,2.190565015394842,1.3407446384328097,-0.8498203769620325,True,False,False,60–80%,Dry prior day,60–80%,Remaining 90%,Fall
2023-09-15,22.96,22.534361093072302,25.341389075486468,26.84233258164993,3.0,22.09295526948355,27.283738405238683,0.1880000000000002,Two-sided ACI,71,0.0,72.0,0.31,4.307971488577628,5.190783135755133,0.44140582358875236,2.8070279824141657,1.5009435061634626,-1.3060844762507031,True,False,False,60–80%,Wet prior day,60–80%,Widest 10%,Fall
2023-09-16,22.41,22.42336031895237,24.108566907880476,24.870982917675185,3.0,22.003065658173544,25.29127757845401,0.1920000000000002,Two-sided ACI,79,0.0,71.0,0.0,2.447622598722816,3.2882119202804674,0.4202946607788256,1.6852065889281072,0.762416009794709,-0.9227905791333981,True,False,False,40–60%,Dry prior day,60–80%,Remaining 90%,Fall
2023-09-17,23.47,21.001095702988565,22.526239284251915,23.741344299160893,3.0,20.64593209791527,24.096507904234187,0.1960000000000002,Two-sided ACI,83,0.0,79.0,0.0,2.7402485961723286,3.4505758063189162,0.3551636050732938,1.5251435812633503,1.2151050149089784,-0.3100385663543719,True,False,False,60–80%,Dry prior day,60–80%,Remaining 90%,Fall
2023-09-18,26.18,22.604367569972283,24.327351254480963,25.88648029550381,3.0,22.24920396489899,26.241643900577102,0.2000000000000002,Two-sided ACI,85,0.0,83.0,0.0,3.282112725531526,3.9924399356781137,0.3551636050732938,1.7229836845086801,1.559129041022846,-0.16385464348583412,True,False,False,Warmest 20%,Dry prior day,60–80%,Remaining 90%,Fall
2023-09-19,24.34,23.76646388884592,25.40953145069987,26.11914482934841,3.0,23.47182359792477,26.41378512026956,0.2040000000000002,Two-sided ACI,79,0.01,85.0,0.0,2.3526809405024913,2.941961522344787,0.29464029092114785,1.6430675618539503,0.709613378648541,-0.9334541832054093,True,False,False,Warmest 20%,Dry prior day,60–80%,Remaining 90%,Fall
2023-09-20,25.91,23.852430031207557,26.31891275902933,27.182218558309746,3.0,23.558910326711363,27.475738262805933,0.2080000000000002,Two-sided ACI,77,0.01,79.0,0.01,3.3297885271021883,3.9168279360945704,0.293519704496191,2.4664827278217736,0.8633057992804147,-1.6031769285413588,True,False,False,60–80%,Wet prior day,60–80%,Remaining 90%,Fall
2023-09-21,24.73,23.25514871832474,25.24939827380525,26.26121902665391,3.0,22.96162901382855,26.554738731150103,0.2120000000000002,Two-sided ACI,81,0.0,77.0,0.01,3.0060703083291713,3.5931097173215534,0.293519704496191,1.9942495554805113,1.01182075284866,-0.9824288026318513,True,False,False,60–80%,Wet prior day,60–80%,Remaining 90%,Fall
2023-09-22,27.11,23.242427987244085,25.82230778899088,27.01457131567197,3.0,22.95902350691288,27.29797579600317,0.2160000000000002,Two-sided ACI,80,0.0,81.0,0.0,3.772143328427884,4.338952289090287,0.28340448033120147,2.579879801746795,1.1922635266810886,-1.3876162750657066,True,False,False,60–80%,Dry prior day,60–80%,Remaining 90%,Fall
2023-09-23,25.21,23.03400313150601,25.325584218111885,26.36109403156304,3.0,22.77354461506801,26.62155254800105,0.2200000000000002,Two-sided ACI,75,0.0,80.0,0.0,3.32709090005703,3.84800793293304,0.2604585164380051,2.2915810866058735,1.0355098134511564,-1.256071273154717,True,False,False,60–80%,Dry prior day,60–80%,Remaining 90%,Fall
2023-09-24,24.38,22.998495181376907,25.10030306401151,26.107995846617545,3.0,22.770717248567465,26.335773779426987,0.2240000000000002,Two-sided ACI,77,0.0,75.0,0.0,3.1095006652406383,3.565056530859522,0.2277779328094418,2.1018078826346027,1.0076927826060356,-1.0941151000285672,True,False,False,60–80%,Dry prior day,60–80%,Remaining 90%,Fall
2023-09-25,27.39,23.544052592513363,25.302798038010383,26.93999141148284,3.0,23.31627465970392,27.16776934429228,0.2280000000000002,Two-sided ACI,83,0.0,77.0,0.0,3.3959388189694764,3.85149468458836,0.2277779328094418,1.75874544549702,1.6371933734724564,-0.12155207202456353,False,False,True,60–80%,Dry prior day,60–80%,Remaining 90%,Fall
2023-09-26,25.5,23.80359494180309,25.37452159385421,26.600643066595683,3.0,23.5100752373069,26.894162771091874,0.2120000000000002,Two-sided ACI,81,0.0,83.0,0.0,2.7970481247925925,3.3840875337849745,0.293519704496191,1.5709266520511207,1.2261214727414718,-0.34480517930964893,True,False,False,Warmest 20%,Dry prior day,60–80%,Remaining 90%,Fall
2023-09-27,26.39,24.11203680734998,26.270035935467416,27.56796234488373,3.0,23.84379543920801,27.8362037130257,0.2160000000000002,Two-sided ACI,84,0.0,81.0,0.0,3.455925537533748,3.9924082738176914,0.26824136814197175,2.157999128117435,1.2979264094163128,-0.8600727187011223,True,False,False,60–80%,Dry prior day,60–80%,Remaining 90%,Fall
2023-09-28,25.83,23.45587775830065,25.15230448048453,26.20280693180268,3.0,23.195419241862645,26.463265448240683,0.2200000000000002,Two-sided ACI,85,0.0,84.0,0.0,2.7469291735020285,3.2678462063780387,0.2604585164380051,1.6964267221838796,1.050502451318149,-0.6459242708657307,True,False,False,Warmest 20%,Dry prior day,60–80%,Remaining 90%,Fall
2023-09-29,26.3,24.65616837634324,26.331130053155164,27.228581244737427,3.0,24.419006350750784,27.46574327032988,0.2240000000000002,Two-sided ACI,79,0.0,85.0,0.0,2.5724128683941885,3.0467369195790965,0.23716202559245403,1.6749616768119253,0.8974511915822632,-0.7775104852296622,True,False,False,Warmest 20%,Dry prior day,60–80%,Remaining 90%,Fall
2023-09-30,24.24,23.74507055117696,25.376414765720945,26.043085981068707,3.0,23.507908525584504,26.28024800666116,0.2280000000000002,Two-sided ACI,83,0.0,79.0,0.0,2.2980154298917483,2.7723394810766564,0.23716202559245403,1.6313442145439865,0.6666712153477619,-0.9646729991962246,True,False,False,60–80%,Dry prior day,60–80%,Remaining 90%,Fall
2023-10-01,23.85,21.60449999389941,22.765383621116733,23.61509152839944,4.0,21.395696126458123,23.82389539584072,0.2320000000000002,Two-sided ACI,85,0.0,83.0,0.0,2.01059153450003,2.4281992693825956,0.20880386744128288,1.1608836272173235,0.8497079072827063,-0.31117571993461723,False,False,True,Warmest 20%,Dry prior day,60–80%,Remaining 90%,Fall
2023-10-02,24.6,22.25443357777089,23.59864197293789,25.12777862068237,4.0,21.98619220962892,25.39601998882434,0.2160000000000002,Two-sided ACI,81,0.07,85.0,0.0,2.873345042911481,3.4098277791954175,0.2682413681419682,1.3442083951670014,1.5291366477444797,0.18492825257747825,True,False,False,Warmest 20%,Dry prior day,60–80%,Remaining 90%,Fall
2023-10-03,21.52,21.20241737657905,22.07607754983824,22.63581718228871,4.0,20.94195886014104,22.89627569872672,0.2200000000000002,Two-sided ACI,69,0.09,81.0,0.07,1.4333998057096622,1.9543168385856795,0.26045851643800866,0.8736601732591893,0.5597396324504729,-0.31392054080871645,True,False,False,60–80%,Wet prior day,60–80%,Remaining 90%,Fall
2023-10-04,22.28,20.389313623142854,21.697957718147105,22.662081147970888,4.0,20.1521515975504,22.89924317356334,0.2240000000000002,Two-sided ACI,70,0.0,69.0,0.09,2.2727675248280335,2.7470915760129415,0.23716202559245403,1.3086440950042508,0.9641234298237826,-0.3445206651804682,True,False,False,40–60%,Wet prior day,60–80%,Remaining 90%,Fall
2023-10-05,21.2,20.204392500380468,20.885221624575607,21.789419748714558,4.0,19.96723047478801,22.02658177430701,0.2280000000000002,Two-sided ACI,67,0.0,70.0,0.0,1.5850272483340895,2.059351299519001,0.2371620255924558,0.6808291241951387,0.9041981241389507,0.22336899994381199,True,False,False,40–60%,Dry prior day,60–80%,Remaining 90%,Fall
2023-10-06,20.13,20.512037425168057,21.596707418862128,22.510192160144413,4.0,20.27712895356749,22.74510063174498,0.2320000000000002,Two-sided ACI,57,0.0,67.0,0.0,1.9981547349763567,2.467971678177488,0.2349084716005656,1.084669993694071,0.9134847412822857,-0.17118525241178517,False,True,False,40–60%,Dry prior day,60–80%,Remaining 90%,Fall
2023-10-07,18.63,19.0757753402134,19.56616622369364,20.19351055807205,4.0,18.78225563571721,20.487030262568243,0.2160000000000002,Two-sided ACI,72,0.0,57.0,0.0,1.1177352178586482,1.7047746268510338,0.2935197044961928,0.49039088348023796,0.6273443343784102,0.13695345089817224,False,True,False,20–40%,Dry prior day,60–80%,Remaining 90%,Fall
2023-10-08,19.75,17.02809432537672,18.10129578401944,19.004936221459037,4.0,16.607799664597895,19.42523088223786,0.2000000000000002,Two-sided ACI,80,0.0,72.0,0.0,1.9768418960823162,2.817431217639964,0.4202946607788238,1.0732014586427212,0.903640437439595,-0.16956102120312622,False,False,True,60–80%,Dry prior day,60–80%,Remaining 90%,Fall
2023-10-09,20.65,17.772923323760487,19.720427133708988,21.77409876430453,4.0,17.252859762610047,22.29416232545497,0.1840000000000002,Two-sided ACI,78,0.0,80.0,0.0,4.001175440544042,5.041302562844923,0.5200635611504403,1.9475038099485005,2.0536716305955416,0.10616782064704111,True,False,False,60–80%,Dry prior day,60–80%,Widest 10%,Fall
2023-10-10,18.99,18.077283090129924,19.50074204098436,20.221729193442485,4.0,17.62727450161276,20.67173778195965,0.1880000000000002,Two-sided ACI,79,0.0,78.0,0.0,2.1444461033125606,3.044463280346889,0.4500085885171643,1.4234589508544353,0.7209871524581253,-0.70247179839631,True,False,False,60–80%,Dry prior day,60–80%,Remaining 90%,Fall
2023-10-11,18.47,18.661540061193023,19.390493514093198,20.25341117937622,4.0,18.21576472097962,20.69918651958962,0.1920000000000002,Two-sided ACI,72,0.06,79.0,0.0,1.591871118183196,2.4834217986099993,0.4457753402134017,0.7289534529001749,0.862917665283021,0.13396421238284617,True,False,False,60–80%,Dry prior day,60–80%,Remaining 90%,Fall
2023-10-12,16.46,16.76453392400341,17.541367733753464,18.10448147153366,4.0,16.323128100414657,18.54588729512241,0.1960000000000002,Two-sided ACI,62,0.0,72.0,0.06,1.339947547530251,2.222759194707752,0.4414058235887506,0.7768338097500553,0.5631137377801956,-0.21372007196985976,True,False,False,60–80%,Wet prior day,60–80%,Remaining 90%,Fall
2023-10-13,16.2,16.519335189191473,17.315315645928653,18.02506885011529,4.0,16.07792936560272,18.46647467370404,0.2000000000000002,Two-sided ACI,56,0.0,62.0,0.0,1.5057336609238163,2.388545308101321,0.44140582358875236,0.7959804567371798,0.7097532041866366,-0.0862272525505432,True,False,False,40–60%,Dry prior day,40–60%,Remaining 90%,Fall
2023-10-14,15.44,14.87063336014518,15.297427530126717,15.948893640111132,4.0,14.488595934977123,16.330931065279188,0.2040000000000002,Two-sided ACI,56,0.0,56.0,0.0,1.0782602799659529,1.8423351303020645,0.38203742516805583,0.4267941699815374,0.6514661099844155,0.22467194000287805,True,False,False,20–40%,Dry prior day,40–60%,Remaining 90%,Fall
2023-10-15,16.26,15.056236575245926,15.632690638161405,16.38019660635506,4.0,14.701072970172632,16.735360211428354,0.2080000000000002,Two-sided ACI,70,0.0,56.0,0.0,1.3239600311091344,2.034287241255722,0.3551636050732938,0.5764540629154791,0.7475059681936553,0.17105190527817626,True,False,False,20–40%,Dry prior day,40–60%,Remaining 90%,Fall
2023-10-16,17.31,16.146206193789077,17.017859754997584,18.40204659349824,4.0,15.791042588715785,18.75721019857153,0.2120000000000002,Two-sided ACI,75,0.0,70.0,0.0,2.2558403997091645,2.966167609855747,0.35516360507329114,0.8716535612085075,1.384186838500657,0.5125332772921496,True,False,False,40–60%,Dry prior day,40–60%,Remaining 90%,Fall
2023-10-17,17.14,15.846064571022698,16.379998800364163,16.86456514427074,4.0,15.526729381831224,17.183900333462212,0.2160000000000002,Two-sided ACI,84,0.0,75.0,0.0,1.0185005732480406,1.657170951630988,0.31933518919147375,0.5339342293414653,0.48456634390657527,-0.04936788543489001,True,False,False,60–80%,Dry prior day,40–60%,Remaining 90%,Fall
2023-10-18,16.86,16.26646581275144,17.11940061203397,17.95601999357651,4.0,15.961931888748031,18.26055391757992,0.2200000000000002,Two-sided ACI,76,0.0,84.0,0.0,1.6895541808250698,2.298622028831888,0.30453392400340906,0.8529347992825294,0.8366193815425405,-0.016315417739988902,True,False,False,Warmest 20%,Dry prior day,40–60%,Remaining 90%,Fall
2023-10-19,14.32,15.060898111532971,16.091569200748374,16.450020158553244,4.0,14.766257820611829,16.744660449474388,0.2240000000000002,Two-sided ACI,81,0.0,76.0,0.0,1.3891220470202725,1.9784026288625594,0.2946402909211434,1.030671089215403,0.3584509578048696,-0.6722201314105334,False,True,False,60–80%,Dry prior day,40–60%,Remaining 90%,Fall
2023-10-20,16.56,14.011533782146156,14.8670862301886,15.698709228346324,4.0,13.629496356978098,16.08074665351438,0.2080000000000002,Two-sided ACI,84,0.0,81.0,0.0,1.6871754462001682,2.4512502965362835,0.3820374251680576,0.8555524480424435,0.8316229981577248,-0.02392944988471868,False,False,True,60–80%,Dry prior day,40–60%,Remaining 90%,Fall
2023-10-21,15.14,14.101094837486404,14.61296766289188,15.058475534382463,4.0,13.65108624896924,15.50848412289963,0.1920000000000002,Two-sided ACI,77,0.0,84.0,0.0,0.9573806968960596,1.85739787393039,0.4500085885171652,0.5118728254054759,0.4455078714905838,-0.06636495391489206,True,False,False,Warmest 20%,Dry prior day,20–40%,Remaining 90%,Fall
2023-10-22,15.06,14.092496119898785,15.306284579281966,15.79874816522382,4.0,13.64672077968538,16.244523505437222,0.1960000000000002,Two-sided ACI,73,0.0,77.0,0.0,1.7062520453250354,2.5978027257518423,0.4457753402134035,1.2137884593831814,0.492463585941854,-0.7213248734413273,True,False,False,60–80%,Dry prior day,40–60%,Remaining 90%,Fall
2023-10-23,15.79,14.807617281427008,15.862388246801476,17.13145340798576,4.0,14.361841941213608,17.57722874819916,0.2000000000000002,Two-sided ACI,77,0.0,73.0,0.0,2.323836126558751,3.2153868069855527,0.4457753402134008,1.054770965374468,1.2690651611842831,0.21429419580981524,True,False,False,60–80%,Dry prior day,40–60%,Remaining 90%,Fall
2023-10-24,15.0,14.519303602983085,15.22822055699644,15.77306588331446,4.0,14.07789777939433,16.21447170690321,0.2040000000000002,Two-sided ACI,69,0.0,77.0,0.0,1.253762280331376,2.1365739275088806,0.44140582358875236,0.7089169540133557,0.5448453263180202,-0.16407162769533556,True,False,False,60–80%,Dry prior day,40–60%,Remaining 90%,Fall
2023-10-25,14.53,14.423398036221062,15.347761638037792,15.928086551030653,4.0,14.003103375442237,16.34838121180948,0.2080000000000002,Two-sided ACI,61,0.0,69.0,0.0,1.5046885148095903,2.3452778363672415,0.4202946607788256,0.9243636018167294,0.5803249129928609,-0.34403868882386845,True,False,False,40–60%,Dry prior day,40–60%,Remaining 90%,Fall
2023-10-26,13.71,12.847647071251744,13.503750630805325,14.12295091994432,4.0,12.427352410472915,14.543245580723148,0.2120000000000002,Two-sided ACI,51,0.0,61.0,0.0,1.275303848692575,2.1158931702502333,0.42029466077882915,0.6561035595535802,0.6192002891389947,-0.03690327041458552,True,False,False,40–60%,Dry prior day,Lowest 20%,Remaining 90%,Fall
2023-10-27,13.69,13.551244125123262,13.918557798574868,14.578703539574322,4.0,13.169206699955204,14.96074096474238,0.2160000000000002,Two-sided ACI,42,0.0,51.0,0.0,1.0274594144510605,1.7915342647871757,0.3820374251680576,0.3673136734516067,0.6601457409994538,0.2928320675478471,True,False,False,20–40%,Dry prior day,20–40%,Remaining 90%,Fall
2023-10-28,13.31,12.968608822860116,13.104977303639664,13.439709842515136,4.0,12.613445217786822,13.794873447588431,0.2200000000000002,Two-sided ACI,34,0.3,42.0,0.0,0.4711010196550198,1.1814282298016092,0.3551636050732947,0.13636848077954866,0.33473253887547116,0.1983640580959225,True,False,False,Coolest 20%,Dry prior day,Lowest 20%,Remaining 90%,Fall
2023-10-29,13.82,12.84470397461121,13.025963018373588,13.36658110917792,4.0,12.525368785419737,13.685916298369394,0.2240000000000002,Two-sided ACI,35,0.16,34.0,0.3,0.5218771345667097,1.1605475129496572,0.31933518919147375,0.18125904376237756,0.34061809080433214,0.15935904704195458,False,False,True,Coolest 20%,Wet prior day,Lowest 20%,Remaining 90%,Fall
2023-10-30,13.67,13.957712691151752,14.264640431103311,15.472466803453855,4.0,13.516306867563,15.913872627042608,0.2080000000000002,Two-sided ACI,46,0.0,35.0,0.16,1.5147541123021036,2.3975657594796083,0.44140582358875236,0.30692773995155953,1.207826372350544,0.9008986323989845,True,False,False,Coolest 20%,Wet prior day,20–40%,Remaining 90%,Fall
2023-10-31,13.76,13.474707222284604,13.82396957357431,14.488862221800373,4.0,13.033301398695851,14.930268045389123,0.2120000000000002,Two-sided ACI,49,0.0,46.0,0.0,1.0141549995157693,1.8969666466932722,0.44140582358875147,0.3492623512897062,0.6648926482260631,0.3156302969363569,True,False,False,Coolest 20%,Dry prior day,Lowest 20%,Remaining 90%,Fall
2023-11-01,13.8,13.574947081859666,14.089103904457977,14.936991042014611,4.0,13.15465242108084,15.357285702793437,0.2160000000000002,Two-sided ACI,60,0.0,49.0,0.0,1.3620439601549457,2.202633281712597,0.4202946607788256,0.5141568225983111,0.8478871375566346,0.3337303149583235,True,False,False,20–40%,Dry prior day,20–40%,Remaining 90%,Fall
2023-11-02,13.73,12.84916840692079,13.510802565874378,14.06594676106802,4.0,12.467130981752732,14.44798418623608,0.2200000000000002,Two-sided ACI,69,0.0,60.0,0.0,1.2167783541472303,1.9808532044833491,0.3820374251680594,0.6616341589535892,0.5551441951936411,-0.10648996375994813,True,False,False,40–60%,Dry prior day,Lowest 20%,Remaining 90%,Fall
2023-11-03,13.49,13.304551908513387,14.0342751616395,14.901685682803343,4.0,12.949388303440095,15.256849287876635,0.2240000000000002,Two-sided ACI,70,0.0,69.0,0.0,1.597133774289956,2.30746098443654,0.35516360507329203,0.729723253126112,0.8674105211638441,0.13768726803773212,True,False,False,40–60%,Dry prior day,20–40%,Remaining 90%,Fall
2023-11-04,13.49,12.561293217311457,13.303029372074082,13.876234353433318,4.0,12.20612961223816,14.231397958506612,0.2280000000000002,Two-sided ACI,65,0.0,70.0,0.0,1.3149411361218615,2.0252683462684526,0.3551636050732956,0.7417361547626253,0.5732049813592361,-0.1685311734033892,True,False,False,40–60%,Dry prior day,Lowest 20%,Remaining 90%,Fall
2023-11-05,14.35,13.345960612523823,13.938680695313488,14.449144780867035,4.0,13.026625423332352,14.768479970058513,0.2320000000000002,Two-sided ACI,76,0.0,65.0,0.0,1.103184168343212,1.7418545467261612,0.31933518919147463,0.5927200827896648,0.5104640855535472,-0.08225599723611765,True,False,False,40–60%,Dry prior day,20–40%,Remaining 90%,Fall
2023-11-06,13.8,13.9296595571845,14.85011963403905,16.073719837248845,4.0,13.625125633181092,16.378253761252253,0.2360000000000002,Two-sided ACI,68,0.0,76.0,0.0,2.1440602800643447,2.753128128071161,0.3045339240034082,0.9204600768545497,1.223600203209795,0.30314012635524534,True,False,False,60–80%,Dry prior day,40–60%,Remaining 90%,Fall
2023-11-07,13.99,13.293830568644848,14.076000668941074,14.586188732901498,4.0,13.000310864148656,14.879708437397689,0.2400000000000002,Two-sided ACI,76,0.0,68.0,0.0,1.2923581642566493,1.8793975732490331,0.2935197044961919,0.7821701002962254,0.5101880639604239,-0.2719820363358014,True,False,False,40–60%,Dry prior day,20–40%,Remaining 90%,Fall
2023-11-08,14.11,13.435261198988544,13.86440403763688,14.835652412115431,4.0,13.147548507836794,15.123365103267185,0.2440000000000002,Two-sided ACI,53,0.06,76.0,0.0,1.4003912131268876,1.9758165954303912,0.2877126911517518,0.42914283864833713,0.9712483744785505,0.5421055358302134,True,False,False,60–80%,Dry prior day,Lowest 20%,Remaining 90%,Fall
2023-11-09,13.76,11.30098543732465,12.912325244784103,13.267430112214944,4.0,11.025550581595388,13.542864967944206,0.2480000000000002,Two-sided ACI,51,0.0,53.0,0.06,1.966444674890294,2.5173143863488185,0.2754348557292623,1.6113398074594532,0.3551048674308408,-1.2562349400286124,False,False,True,20–40%,Wet prior day,Lowest 20%,Remaining 90%,Fall
2023-11-10,13.28,12.304583522534376,13.681903548059596,14.715877040252344,4.0,11.985248333342902,15.035212229443818,0.2320000000000002,Two-sided ACI,55,0.0,51.0,0.0,2.4112935177179686,3.049963896100916,0.31933518919147375,1.3773200255252203,1.0339734921927484,-0.3433465333324719,True,False,False,20–40%,Dry prior day,Lowest 20%,Remaining 90%,Fall
2023-11-11,13.02,11.738930962993294,13.060907918488969,13.754088520030736,4.0,11.445411258497105,14.047608224526927,0.2360000000000002,Two-sided ACI,62,0.0,55.0,0.0,2.0151575570374423,2.6021969660298225,0.29351970449619014,1.3219769554956748,0.6931806015417674,-0.6287963539539074,True,False,False,20–40%,Dry prior day,Lowest 20%,Remaining 90%,Fall
2023-11-12,13.7,12.69537968306244,13.1246960026033,14.059715075551749,4.0,12.40185997856625,14.353234780047938,0.2400000000000002,Two-sided ACI,62,0.0,62.0,0.0,1.3643353924893091,1.9513748014816876,0.29351970449618925,0.42931631954086136,0.9350190729484478,0.5057027534075864,True,False,False,40–60%,Dry prior day,Lowest 20%,Remaining 90%,Fall
2023-11-13,14.39,13.344985870133725,13.913049170111451,15.297647451482764,4.0,13.057273178981973,15.585360142634515,0.2440000000000002,Two-sided ACI,61,0.0,62.0,0.0,1.952661581349039,2.5280869636525427,0.2877126911517518,0.5680632999777266,1.3845982813713125,0.8165349813935858,True,False,False,40–60%,Dry prior day,20–40%,Remaining 90%,Fall
2023-11-14,13.73,13.564122224539894,13.868518309919972,14.647687722182198,4.0,13.288687368810631,14.92312257791146,0.2480000000000002,Two-sided ACI,71,0.0,61.0,0.0,1.0835654976423044,1.634435209100829,0.2754348557292623,0.3043960853800787,0.7791694122622257,0.474773326882147,True,False,False,40–60%,Dry prior day,Lowest 20%,Remaining 90%,Fall
2023-11-15,13.69,13.344027993937075,14.11387678445713,15.2628652343618,4.0,13.075786625795107,15.531106602503767,0.2520000000000003,Two-sided ACI,63,0.0,71.0,0.0,1.9188372404247254,2.45531997670866,0.2682413681419673,0.7698487905200544,1.148988449904671,0.3791396593846166,True,False,False,60–80%,Dry prior day,20–40%,Remaining 90%,Fall
2023-11-16,13.93,12.6618839938566,13.43837830152754,14.202785551492662,4.0,12.393642625714632,14.47102691963463,0.2560000000000003,Two-sided ACI,67,0.1,63.0,0.0,1.5409015576360616,2.077384293919998,0.2682413681419682,0.7764943076709407,0.7644072499651209,-0.01208705770581986,True,False,False,40–60%,Dry prior day,Lowest 20%,Remaining 90%,Fall
2023-11-17,13.44,12.634591838777537,13.105843105082544,14.117716467067511,4.0,12.374133322339528,14.378174983505518,0.2600000000000003,Two-sided ACI,60,0.0,67.0,0.1,1.4831246282899748,2.0040416611659904,0.26045851643800777,0.471251266305007,1.0118733619849678,0.5406220956799608,True,False,False,40–60%,Wet prior day,Lowest 20%,Remaining 90%,Fall
2023-11-18,12.94,12.73843018600314,13.297228345270304,13.992859059799445,4.0,12.503521714402574,14.227767531400008,0.2640000000000003,Two-sided ACI,61,0.0,60.0,0.0,1.2544288737963054,1.7242458169974348,0.23490847160056472,0.5587981592671643,0.6956307145291412,0.1368325552619769,True,False,False,40–60%,Dry prior day,Lowest 20%,Remaining 90%,Fall
2023-11-19,13.37,12.752895375348668,13.253598819339553,14.178027668647792,4.0,12.517986903748104,14.412936140248355,0.2680000000000003,Two-sided ACI,60,0.0,61.0,0.0,1.4251322932991233,1.894949236500251,0.23490847160056383,0.5007034439908846,0.9244288493082387,0.42372540531735403,True,False,False,40–60%,Dry prior day,Lowest 20%,Remaining 90%,Fall
2023-11-20,13.6,13.33912219362658,13.9551456982447,15.392740533555283,4.0,13.130318326185296,15.60154440099657,0.2720000000000003,Two-sided ACI,50,0.0,60.0,0.0,2.053618339928704,2.4712260748112733,0.20880386744128465,0.6160235046181199,1.437594835310584,0.8215713306924641,True,False,False,40–60%,Dry prior day,20–40%,Remaining 90%,Fall
2023-11-21,13.1,13.10874857731354,13.386492002852563,13.981439222414208,4.0,12.917208516120516,14.172979283607232,0.2760000000000003,Two-sided ACI,58,0.0,50.0,0.0,0.8726906451006684,1.255770767486716,0.1915400611930238,0.27774342553902365,0.5949472195616448,0.3172037940226211,True,False,False,20–40%,Dry prior day,Lowest 20%,Remaining 90%,Fall
2023-11-22,12.48,12.12864572221597,13.201815428166656,14.047485618531928,4.0,11.993107082154152,14.183024258593743,0.2800000000000003,Two-sided ACI,68,0.0,58.0,0.0,1.9188398963159585,2.1899171764395913,0.13553864006181637,1.0731697059506864,0.8456701903652721,-0.22749951558541426,True,False,False,20–40%,Dry prior day,Lowest 20%,Remaining 90%,Fall
2023-11-23,10.63,10.395830896782114,12.355969320872912,14.02160216253508,4.0,10.260292256720296,14.157140802596896,0.2840000000000003,Two-sided ACI,42,0.0,68.0,0.0,3.6257712657529666,3.8968485458765993,0.13553864006181637,1.9601384240907986,1.665632841662168,-0.2945055824286307,True,False,False,40–60%,Dry prior day,Lowest 20%,Remaining 90%,Fall
2023-11-24,11.0,10.235872423799773,11.645281910807594,12.855020172200184,4.0,10.106212866615271,12.984679729384682,0.2880000000000003,Two-sided ACI,30,0.26,42.0,0.0,2.6191477484004118,2.878466862769411,0.12965955718449962,1.4094094870078209,1.2097382613925909,-0.19967122561522999,True,False,False,Coolest 20%,Dry prior day,Lowest 20%,Remaining 90%,Fall
2023-11-25,11.95,10.991482245619832,10.920941327651445,11.491189655065332,4.0,10.896053561291804,11.586618339393365,0.2920000000000003,Two-sided ACI,26,0.16,30.0,0.26,0.4997074094455005,0.6905647781015603,0.09542868432802987,-0.07054091796838691,0.5702483274138874,0.6407892453822743,False,False,True,Coolest 20%,Wet prior day,Lowest 20%,Remaining 90%,Fall
2023-11-26,14.16,12.465826240037408,12.50183715057845,13.254082650809613,4.0,12.257022372596122,13.4628865182509,0.2760000000000003,Two-sided ACI,39,0.0,26.0,0.16,0.7882564107722043,1.2058641456547772,0.20880386744128643,0.036010910541040886,0.7522455002311634,0.7162345896901225,False,False,True,Coolest 20%,Wet prior day,Lowest 20%,Remaining 90%,Fall
2023-11-27,14.43,13.990243805448216,14.81208715266451,16.324617897001655,4.0,13.714808949718954,16.600052752730917,0.2600000000000003,Two-sided ACI,41,0.0,39.0,0.0,2.334374091553439,2.8852438030119636,0.2754348557292623,0.8218433472162943,1.5125307443371447,0.6906873971208505,True,False,False,Coolest 20%,Dry prior day,40–60%,Remaining 90%,Fall
2023-11-28,14.5,13.71971170789644,14.493399038884554,15.220632468786384,4.0,13.45147033975447,15.488873836928352,0.2640000000000003,Two-sided ACI,49,0.0,41.0,0.0,1.5009207608899438,2.037403497173882,0.2682413681419691,0.773687330988114,0.7272334299018297,-0.04645390108628433,True,False,False,Coolest 20%,Dry prior day,20–40%,Remaining 90%,Fall
2023-11-29,14.71,13.72648460199821,14.1958623781479,15.560740393751512,4.0,13.466026085560204,15.82119891018952,0.2680000000000003,Two-sided ACI,53,0.0,49.0,0.0,1.8342557917533018,2.3551728246293155,0.2604585164380069,0.46937777614969,1.3648780156036118,0.8955002394539218,True,False,False,20–40%,Dry prior day,20–40%,Remaining 90%,Fall
2023-11-30,14.16,12.852351031127943,14.014262250931704,15.115869242842743,4.0,12.643547163686655,15.324673110284031,0.2720000000000003,Two-sided ACI,37,0.0,53.0,0.0,2.2635182117148,2.6811259465973762,0.2088038674412882,1.1619112198037609,1.101606991911039,-0.06030422789272194,True,False,False,20–40%,Dry prior day,20–40%,Remaining 90%,Fall
2023-12-01,13.68,13.427190540980286,13.791854957216628,14.620709216325851,4.0,13.291651900918469,14.75624785638767,0.2760000000000003,Two-sided ACI,35,0.0,37.0,0.0,1.1935186753455653,1.4645959554692016,0.13553864006181815,0.3646644162363426,0.8288542591092227,0.4641898428728801,True,False,False,Coolest 20%,Dry prior day,Lowest 20%,Remaining 90%,Winter
2023-12-02,13.42,13.158536861840936,13.29831084095125,13.6519328797249,4.0,13.063108177512904,13.747361564052932,0.2800000000000003,Two-sided ACI,42,0.0,35.0,0.0,0.49339601788396337,0.6842533865400284,0.09542868432803253,0.13977397911031453,0.35362203877364884,0.2138480596633343,True,False,False,Coolest 20%,Dry prior day,Lowest 20%,Remaining 90%,Winter
2023-12-03,13.83,13.519045254169722,14.14185271801108,14.418863205460228,4.0,13.437520788552186,14.500387671077762,0.2840000000000003,Two-sided ACI,46,0.0,42.0,0.0,0.8998179512905065,1.0628668825255758,0.08152446561753468,0.6228074638413581,0.27701048744914836,-0.34579697639220974,True,False,False,Coolest 20%,Dry prior day,20–40%,Remaining 90%,Winter
2023-12-04,14.53,13.987433802181744,14.816967602756094,15.625399096040878,4.0,13.966423114136203,15.646409784086416,0.2880000000000003,Two-sided ACI,58,0.0,46.0,0.0,1.6379652938591338,1.6799866699502122,0.021010688045539183,0.8295338005743496,0.8084314932847843,-0.021102307289565303,True,False,False,Coolest 20%,Dry prior day,40–60%,Remaining 90%,Winter
2023-12-05,13.87,14.078873832622818,14.462740897615792,14.774651325687811,4.0,14.070125255309277,14.783399903001357,0.2920000000000003,Two-sided ACI,58,0.0,58.0,0.0,0.6957774930649929,0.7132746476920797,0.008748577313543393,0.3838670649929732,0.31191042807201974,-0.07195663692095344,False,True,False,20–40%,Dry prior day,20–40%,Remaining 90%,Winter
2023-12-06,14.31,13.934866588875307,14.401280156785454,15.000297492835646,4.0,13.909860496868056,15.0253035848429,0.2760000000000003,Two-sided ACI,65,0.0,58.0,0.0,1.0654309039603387,1.1154430879748443,0.02500609200725279,0.46641356791014665,0.599017336050192,0.13260376814004537,True,False,False,20–40%,Dry prior day,20–40%,Remaining 90%,Winter
2023-12-07,14.07,13.33327923304763,13.890954571046192,14.243353972849578,4.0,13.31991891409526,14.256714291801948,0.2800000000000003,Two-sided ACI,64,0.0,65.0,0.0,0.9100747398019475,0.9367953777066891,0.013360318952370775,0.5576753379985622,0.35239940180338536,-0.2052759361951768,True,False,False,40–60%,Dry prior day,20–40%,Remaining 90%,Winter
2023-12-08,13.53,13.501192561741206,13.933351079935743,14.510948583137685,4.0,13.492443984427664,14.519697160451225,0.2840000000000003,Two-sided ACI,49,0.0,64.0,0.0,1.0097560213964787,1.0272531760235601,0.008748577313540729,0.4321585181945373,0.5775975032019414,0.14543898500740404,True,False,False,40–60%,Dry prior day,20–40%,Remaining 90%,Winter
2023-12-09,13.72,12.56496046747776,13.194922971980253,13.536485509920398,4.0,12.637389448421128,13.46405652897703,0.2880000000000003,Two-sided ACI,42,0.0,49.0,0.0,0.9715250424426376,0.826667080555902,-0.0724289809433678,0.6299625045024921,0.34156253794014546,-0.2883999665623467,False,False,True,20–40%,Dry prior day,Lowest 20%,Remaining 90%,Winter
2023-12-10,14.71,13.237967296109163,13.83009765041017,14.227510641225424,4.0,13.216956608063626,14.248521329270964,0.2720000000000003,Two-sided ACI,53,0.0,42.0,0.0,0.9895433451162603,1.0315647212073387,0.021010688045539183,0.5921303543010072,0.39741299081525305,-0.1947173634857542,False,False,True,Coolest 20%,Dry prior day,Lowest 20%,Remaining 90%,Winter
2023-12-11,14.13,14.45848044934612,15.038909470304986,16.265148936126906,4.0,14.36305176501809,16.360577620454936,0.2560000000000003,Two-sided ACI,49,0.0,53.0,0.0,1.8066684867807865,1.9975258554368462,0.09542868432802987,0.5804290209588672,1.2262394658219193,0.6458104448630522,False,True,False,20–40%,Dry prior day,40–60%,Remaining 90%,Winter
2023-12-12,14.17,13.269439247571182,14.023794388678333,14.719713864955278,4.0,13.077899186378158,14.9112539261483,0.2400000000000002,Two-sided ACI,40,0.01,49.0,0.0,1.4502746173840961,1.833354739770142,0.19154006119302291,0.7543551411071512,0.695919476276945,-0.058435664830206235,True,False,False,20–40%,Dry prior day,20–40%,Remaining 90%,Winter
2023-12-13,14.88,13.391608679945932,13.753444308406586,14.494957664278736,4.0,13.261949122761433,14.624617221463234,0.2440000000000002,Two-sided ACI,36,0.0,40.0,0.01,1.1033489843328042,1.3626680987018016,0.12965955718449873,0.3618356284606534,0.7415133558721507,0.3796777274114973,False,False,True,Coolest 20%,Wet prior day,Lowest 20%,Remaining 90%,Winter
2023-12-14,14.35,13.771324588373147,14.44452430609372,14.972701168632057,4.0,13.56252072093186,15.181505036073345,0.2280000000000002,Two-sided ACI,36,0.0,36.0,0.0,1.2013765802589091,1.6189843151414856,0.2088038674412882,0.6731997177205731,0.5281768625383361,-0.145022855182237,True,False,False,Coolest 20%,Dry prior day,20–40%,Remaining 90%,Winter
2023-12-15,14.48,13.72710159084484,14.352499310856224,14.97577117840496,4.0,13.543587100765237,15.159285668484562,0.2320000000000002,Two-sided ACI,54,0.0,36.0,0.0,1.2486695875601193,1.6156985677193259,0.1835144900796033,0.6253977200113834,0.6232718675487359,-0.002125852462647515,True,False,False,Coolest 20%,Dry prior day,20–40%,Remaining 90%,Winter
2023-12-16,14.16,13.405221527764049,14.078969292715463,14.556376485160577,4.0,13.309792843436018,14.651805169488606,0.2360000000000002,Two-sided ACI,57,0.0,54.0,0.0,1.1511549573965283,1.342012326052588,0.09542868432802987,0.6737477649514148,0.47740719244511354,-0.19634057250630121,True,False,False,20–40%,Dry prior day,20–40%,Remaining 90%,Winter
2023-12-17,14.15,13.41509823518064,14.307416316011818,15.051743702723654,4.0,13.319669550852607,15.147172387051684,0.2400000000000002,Two-sided ACI,62,0.0,57.0,0.0,1.6366454675430138,1.827502836199077,0.09542868432803164,0.8923180808311777,0.7443273867118361,-0.14799069411934163,True,False,False,20–40%,Dry prior day,20–40%,Remaining 90%,Winter
2023-12-18,14.63,13.652743549955524,14.699648373140082,16.05514114462189,4.0,13.571219084337988,16.136665610239426,0.2440000000000002,Two-sided ACI,51,0.0,62.0,0.0,2.4023975946663647,2.5654465259014376,0.08152446561753646,1.0469048231845584,1.3554927714818064,0.308587948297248,True,False,False,40–60%,Dry prior day,20–40%,Remaining 90%,Winter
2023-12-19,14.29,13.37716984178963,14.395316269522064,15.059547874054577,4.0,13.356159153744091,15.080558562100116,0.2480000000000002,Two-sided ACI,62,0.0,51.0,0.0,1.6823780322649462,1.7243994083560246,0.021010688045539183,1.0181464277324341,0.6642316045325121,-0.35391482319992207,True,False,False,20–40%,Dry prior day,20–40%,Remaining 90%,Winter
2023-12-20,14.15,13.53654798431915,14.649296854993953,15.418868846155044,4.0,13.527799407005608,15.427617423468586,0.2520000000000003,Two-sided ACI,55,0.0,62.0,0.0,1.882320861835895,1.8998180164629783,0.008748577313541617,1.1127488706748032,0.7695719911610919,-0.34317687951371134,True,False,False,40–60%,Dry prior day,20–40%,Remaining 90%,Winter
2023-12-21,14.11,12.540262506230256,13.94498589285653,14.425503072962885,4.0,12.531513928916716,14.434251650276426,0.2560000000000003,Two-sided ACI,62,0.0,55.0,0.0,1.8852405667326284,1.9027377213597099,0.008748577313540729,1.404723386626273,0.48051718010635547,-0.9242062065199175,True,False,False,20–40%,Dry prior day,20–40%,Remaining 90%,Winter
2023-12-22,13.37,13.179581477601964,13.804628438844162,14.629934611215692,4.0,13.208388915860755,14.6011271729569,0.2600000000000003,Two-sided ACI,56,0.0,62.0,0.0,1.4503531336137279,1.3927382570961448,-0.028807438258791507,0.625046961242198,0.8253061723715298,0.20025921112933176,True,False,False,40–60%,Dry prior day,Lowest 20%,Remaining 90%,Winter
2023-12-23,12.06,12.459572312431206,13.20446017801251,13.765711894755686,4.0,12.532001293374574,13.693282913812318,0.2640000000000003,Two-sided ACI,55,0.0,56.0,0.0,1.3061395823244801,1.1612816204377445,-0.0724289809433678,0.7448878655813047,0.5612517167431754,-0.1836361488381293,False,True,False,20–40%,Dry prior day,Lowest 20%,Remaining 90%,Winter
2023-12-24,11.8,10.857389494789675,12.399012034657355,13.209092639829851,4.0,10.844029175837306,13.222452958782222,0.2480000000000002,Two-sided ACI,41,0.13,55.0,0.0,2.351703145040176,2.3784237829449157,0.013360318952369887,1.5416225398676797,0.8100806051724962,-0.7315419346951835,True,False,False,20–40%,Dry prior day,Lowest 20%,Remaining 90%,Winter
2023-12-25,10.85,10.207293891222452,12.16706139984735,13.6882576888842,4.0,10.19854531390891,13.697006266197745,0.2520000000000003,Two-sided ACI,35,0.0,41.0,0.13,3.4809637976617473,3.498460952288834,0.008748577313543393,1.959767508624898,1.5211962890368493,-0.4385712195880487,True,False,False,Coolest 20%,Wet prior day,Lowest 20%,Remaining 90%,Winter
2023-12-26,11.95,10.502163280811375,11.830342574568109,12.630851578096053,4.0,10.493414703497836,12.639600155409594,0.2560000000000003,Two-sided ACI,42,0.0,35.0,0.0,2.1286882972846772,2.1461854519117587,0.008748577313540729,1.3281792937567332,0.8005090035279441,-0.5276702902287891,True,False,False,Coolest 20%,Dry prior day,Lowest 20%,Remaining 90%,Winter
2023-12-27,12.47,11.691436169613524,12.147154607125692,13.01033859814358,4.0,11.720243607872316,12.981531159884788,0.2600000000000003,Two-sided ACI,49,0.0,42.0,0.0,1.3189024285300555,1.2612875520124724,-0.028807438258791507,0.4557184375121679,0.8631839910178876,0.40746555350571967,True,False,False,Coolest 20%,Dry prior day,Lowest 20%,Remaining 90%,Winter
2023-12-28,13.62,11.829829474414089,12.620017711807645,13.098676747293332,4.0,11.907904539838755,13.020601681868662,0.2640000000000003,Two-sided ACI,51,0.0,49.0,0.0,1.2688472728792437,1.1126971420299068,-0.07807506542466847,0.790188237393556,0.47865903548568767,-0.31152920190786837,False,False,True,20–40%,Dry prior day,Lowest 20%,Remaining 90%,Winter
2023-12-29,13.3,13.251278135700744,13.604511346452108,14.287889191511344,4.0,13.237917816748377,14.301249510463713,0.2480000000000002,Two-sided ACI,56,0.0,51.0,0.0,1.0366110558105994,1.0633316937153356,0.013360318952368111,0.35323321075136427,0.6833778450592352,0.3301446343078709,True,False,False,20–40%,Dry prior day,Lowest 20%,Remaining 90%,Winter
2023-12-30,13.01,12.389087092595032,13.147171298218144,13.740852921667644,4.0,12.38033851528149,13.749601498981184,0.2520000000000003,Two-sided ACI,57,0.0,56.0,0.0,1.3517658290726118,1.3692629836996932,0.008748577313540729,0.7580842056231116,0.5936816234495002,-0.16440258217361148,True,False,False,20–40%,Dry prior day,Lowest 20%,Remaining 90%,Winter
2023-12-31,12.48,11.228254609313678,12.998781458276458,13.829615624207689,4.0,11.219506032000137,13.83836420152123,0.2560000000000003,Two-sided ACI,45,0.0,57.0,0.0,2.6013610148940103,2.6188581695210935,0.008748577313541617,1.7705268489627795,0.8308341659312308,-0.9396926830315486,True,False,False,20–40%,Dry prior day,Lowest 20%,Remaining 90%,Winter
2024-01-01,12.5,11.06537665380737,12.798214986914315,14.265157614957763,5.0,11.114098518106626,14.216435750658508,0.2600000000000003,Two-sided ACI,55,0.0,45.0,0.0,3.1997809611503936,3.102337232551882,-0.048721864299255735,1.7328383331069457,1.4669426280434479,-0.2658957050634978,True,False,False,Coolest 20%,Dry prior day,Lowest 20%,Remaining 90%,Winter
2024-01-02,14.03,11.587128851365666,12.584863655191434,13.401584424625367,5.0,11.665203916790336,13.323509359200695,0.2640000000000003,Two-sided ACI,47,0.0,55.0,0.0,1.8144555732597016,1.6583054424103594,-0.07807506542467113,0.9977348038257681,0.8167207694339336,-0.1810140343918345,False,False,True,20–40%,Dry prior day,Lowest 20%,Remaining 90%,Winter
2024-01-03,19.22,13.389503142350096,13.708280151923406,14.27644828476442,5.0,13.418310580608887,14.247640846505629,0.2480000000000002,Two-sided ACI,46,0.0,47.0,0.0,0.8869451424143246,0.8293302658967416,-0.028807438258791507,0.31877700957331,0.5681681328410146,0.24939112326770463,False,False,True,Coolest 20%,Dry prior day,Lowest 20%,Remaining 90%,Winter
2024-01-04,14.19,16.49563496003825,17.364028564399206,17.691939387291324,5.0,16.470628868030996,17.716945479298577,0.2320000000000002,Two-sided ACI,33,0.0,46.0,0.0,1.1963044272530752,1.2463166112675808,0.02500609200725279,0.868393604360957,0.32791082289211815,-0.5404827814688389,False,True,False,Coolest 20%,Dry prior day,40–60%,Remaining 90%,Winter
2024-01-05,14.09,14.578489882870766,15.996743489049312,17.133585907791236,5.0,14.394975392791164,17.31710039787084,0.2160000000000002,Two-sided ACI,45,0.0,33.0,0.0,2.55509602492047,2.9221250050796748,0.1835144900796024,1.4182536061785456,1.1368424187419244,-0.2814111874366212,False,True,False,Coolest 20%,Dry prior day,40–60%,Remaining 90%,Winter
2024-01-06,13.55,13.58140416240011,13.672792508538953,14.893528149521334,5.0,13.320945645962103,15.15398666595934,0.2000000000000002,Two-sided ACI,42,0.0,45.0,0.0,1.3121239871212236,1.8330410199972373,0.2604585164380069,0.09138834613884228,1.2207356409823813,1.129347294843539,True,False,False,Coolest 20%,Dry prior day,Lowest 20%,Remaining 90%,Winter
2024-01-07,13.61,12.952237017356898,13.665528450039346,14.543636301710452,5.0,12.717328545756333,14.77854477331102,0.2040000000000002,Two-sided ACI,41,0.0,42.0,0.0,1.5913992843535532,2.061216227554688,0.23490847160056738,0.713291432682448,0.8781078516711052,0.16481641898865718,True,False,False,Coolest 20%,Dry prior day,Lowest 20%,Remaining 90%,Winter
2024-01-08,13.85,12.8452182290581,13.544702214213164,15.021108644893731,5.0,12.63634439643528,15.229982477516552,0.2080000000000002,Two-sided ACI,32,0.0,41.0,0.0,2.1758904158356316,2.593638081081272,0.2088738326228201,0.699483985155064,1.4764064306805675,0.7769224455255035,True,False,False,Coolest 20%,Dry prior day,Lowest 20%,Remaining 90%,Winter
2024-01-09,13.89,12.920593305762038,13.697478485873518,14.43377775461274,5.0,12.71171947313922,14.64265158723556,0.2120000000000002,Two-sided ACI,42,0.0,32.0,0.0,1.5131844488507014,1.9309321140963398,0.20887383262281922,0.7768851801114796,0.7362992687392218,-0.040585911372257755,True,False,False,Coolest 20%,Dry prior day,Lowest 20%,Remaining 90%,Winter
2024-01-10,14.15,14.846398024469352,15.50300028322819,16.355463091674984,5.0,14.65485796327633,16.547003152868008,0.2160000000000002,Two-sided ACI,41,0.0,42.0,0.0,1.5090650672056327,1.8921451895916785,0.19154006119302291,0.6566022587588378,0.8524628084467949,0.19586054968795708,False,True,False,Coolest 20%,Dry prior day,40–60%,Remaining 90%,Winter
2024-01-11,14.58,13.038348471665492,14.278583460145564,14.649490611428025,5.0,12.770107103523523,14.917731979569991,0.2000000000000002,Two-sided ACI,31,0.0,41.0,0.0,1.6111421397625332,2.147624876046468,0.2682413681419673,1.240234988480072,0.3709071512824611,-0.869327837197611,True,False,False,Coolest 20%,Dry prior day,20–40%,Remaining 90%,Winter
2024-01-12,14.7,14.319291768011976,14.778255510482728,15.28880793098243,5.0,14.058833251573969,15.549266447420436,0.2040000000000002,Two-sided ACI,37,0.0,31.0,0.0,0.9695161629704536,1.4904331958464674,0.2604585164380069,0.4589637424707522,0.5105524204997014,0.051588678028949175,True,False,False,Coolest 20%,Dry prior day,40–60%,Remaining 90%,Winter
2024-01-13,14.58,13.78157976715161,14.526921226180647,15.027137077877416,5.0,13.546671295551045,15.262045549477982,0.2080000000000002,Two-sided ACI,11,0.14,37.0,0.0,1.2455573107258058,1.715374253926937,0.2349084716005656,0.7453414590290368,0.500215851696769,-0.24512560733226785,True,False,False,Coolest 20%,Dry prior day,20–40%,Remaining 90%,Winter
2024-01-14,14.41,13.044908051695373,14.370567415596266,14.581761219559237,5.0,12.809999580094807,14.816669691159802,0.2120000000000002,Two-sided ACI,7,0.01,11.0,0.14,1.536853167863864,2.006670111064995,0.2349084716005656,1.3256593639008933,0.2111938039629706,-1.1144655599379227,True,False,False,Coolest 20%,Wet prior day,20–40%,Remaining 90%,Winter
2024-01-15,15.43,12.764998333962534,14.714302624772504,15.722864600494049,5.0,12.556124501339715,15.931738433116868,0.2160000000000002,Two-sided ACI,3,0.07,7.0,0.01,2.9578662665315143,3.3756139317771527,0.20887383262281922,1.9493042908099696,1.0085619757215447,-0.9407423150884249,True,False,False,Coolest 20%,Wet prior day,40–60%,Remaining 90%,Winter
2024-01-16,16.24,13.747542570474476,14.985059074783855,15.555897467710514,5.0,13.556002509281452,15.747437528903538,0.2200000000000002,Two-sided ACI,26,0.0,3.0,0.07,1.808354897236038,2.1914350196220855,0.1915400611930238,1.2375165043093794,0.5708383929266585,-0.6666781113827209,False,False,True,Coolest 20%,Wet prior day,40–60%,Remaining 90%,Winter
2024-01-17,15.75,15.6026169250424,16.992245558341494,17.88759142467125,5.0,15.342158408604394,18.148049941109257,0.2040000000000002,Two-sided ACI,44,0.0,26.0,0.0,2.2849744996288504,2.8058915325048623,0.260458516438006,1.389628633299095,0.8953458663297553,-0.4942827669693397,True,False,False,Coolest 20%,Dry prior day,40–60%,Remaining 90%,Winter
2024-01-18,15.77,13.71691638007838,15.651588293353528,16.537939446650533,5.0,13.482007908477817,16.7728479182511,0.2080000000000002,Two-sided ACI,50,0.0,44.0,0.0,2.8210230665721525,3.290840009773282,0.23490847160056472,1.9346719132751478,0.8863511532970048,-1.048320759978143,True,False,False,Coolest 20%,Dry prior day,40–60%,Remaining 90%,Winter
2024-01-19,15.29,14.40946571953408,15.656415839064172,16.671247207855558,5.0,14.174557247933514,16.906155679456123,0.2120000000000002,Two-sided ACI,31,0.0,50.0,0.0,2.2617814883214784,2.7315984315226096,0.2349084716005656,1.2469501195300925,1.014831368791386,-0.23211875073870658,True,False,False,20–40%,Dry prior day,40–60%,Remaining 90%,Winter
2024-01-20,14.79,13.564394925881444,15.239314524489906,15.924074190310812,5.0,13.355521093258623,16.132948022933633,0.2160000000000002,Two-sided ACI,33,0.0,31.0,0.0,2.359679264429367,2.777426929675009,0.208873832622821,1.6749195986084615,0.6847596658209056,-0.9901599327875559,True,False,False,Coolest 20%,Dry prior day,40–60%,Remaining 90%,Winter
2024-01-21,15.64,13.40435940663554,15.079037182185804,15.906264355276896,5.0,13.212819345442515,16.09780441646992,0.2200000000000002,Two-sided ACI,46,0.0,33.0,0.0,2.5019049486413554,2.8849850710274048,0.1915400611930247,1.674677775550263,0.8272271730910923,-0.8474506024591708,True,False,False,Coolest 20%,Dry prior day,40–60%,Remaining 90%,Winter
2024-01-22,16.06,14.254750360126913,16.013330160477825,17.215081807168943,5.0,14.071235870047309,17.398596297248545,0.2240000000000002,Two-sided ACI,53,0.0,46.0,0.0,2.96033144704203,3.3273604272012367,0.1835144900796033,1.7585798003509119,1.2017516466911182,-0.5568281536597937,True,False,False,Coolest 20%,Dry prior day,40–60%,Remaining 90%,Winter
2024-01-23,18.81,14.082652595096496,15.677261890307808,16.470195156321026,5.0,13.899138105016894,16.65370964640063,0.2280000000000002,Two-sided ACI,51,0.0,53.0,0.0,2.38754256122453,2.7545715413837346,0.1835144900796024,1.5946092952113116,0.7929332660132182,-0.8016760291980933,False,False,True,20–40%,Dry prior day,40–60%,Remaining 90%,Winter
2024-01-24,16.23,16.43000919816321,17.484595266903618,18.10985294948109,5.0,16.1695506817252,18.370311465919094,0.2120000000000002,Two-sided ACI,52,0.0,51.0,0.0,1.6798437513178825,2.2007607841938928,0.2604585164380051,1.0545860687404094,0.6252576825774732,-0.4293283861629362,True,False,False,20–40%,Dry prior day,40–60%,Remaining 90%,Winter
2024-01-25,11.88,14.542589984253125,16.63830298445456,17.56660473411931,5.0,14.30768151265256,17.801513205719875,0.2160000000000002,Two-sided ACI,50,0.0,52.0,0.0,3.0240147498661845,3.4938316930673157,0.2349084716005656,2.0957130002014335,0.928301749664751,-1.1674112505366825,False,True,False,20–40%,Dry prior day,40–60%,Remaining 90%,Winter
2024-01-26,15.18,11.946201147781128,13.354427677703232,15.045908333988312,5.0,11.658488456629376,15.333621025140063,0.2000000000000002,Two-sided ACI,49,0.0,50.0,0.0,3.0997071862071834,3.675132568510687,0.2877126911517518,1.4082265299221035,1.69148065628508,0.2832541263629764,True,False,False,20–40%,Dry prior day,Lowest 20%,Remaining 90%,Winter
2024-01-27,14.99,12.44225706073563,13.563192646332272,14.331493531072931,5.0,12.166822205006367,14.606928386802196,0.2040000000000002,Two-sided ACI,52,0.0,49.0,0.0,1.889236470337302,2.4401061817958283,0.2754348557292632,1.1209355855966425,0.7683008847406594,-0.35263470085598314,False,False,True,20–40%,Dry prior day,Lowest 20%,Remaining 90%,Winter
2024-01-28,15.3,13.557330614345474,15.158128622610008,15.85212479038606,5.0,13.237995425154,16.171459979577534,0.1880000000000002,Two-sided ACI,62,0.0,52.0,0.0,2.294794176040586,2.9334645544235336,0.31933518919147375,1.6007980082645332,0.6939961677760529,-0.9068018404884803,True,False,False,20–40%,Dry prior day,40–60%,Remaining 90%,Winter
2024-01-29,15.52,14.261399026203112,15.621064494458237,17.200777310749906,5.0,13.96787932170692,17.494297015246097,0.1920000000000002,Two-sided ACI,64,0.0,62.0,0.0,2.9393782845467946,3.5264176935391767,0.293519704496191,1.359665468255125,1.5797128162916696,0.22004734803654458,True,False,False,40–60%,Dry prior day,40–60%,Remaining 90%,Winter
2024-01-30,15.37,14.878294582044171,16.151254162956928,17.074478321093043,5.0,14.59058189089242,17.362191012244793,0.1960000000000002,Two-sided ACI,61,0.0,64.0,0.0,2.1961837390488714,2.7716091213523733,0.2877126911517509,1.2729595809127563,0.9232241581361151,-0.34973542277664116,True,False,False,40–60%,Dry prior day,40–60%,Remaining 90%,Winter
2024-01-31,15.26,14.967772286955528,15.867087796945818,16.748753601759176,5.0,14.692337431226266,17.02418845748844,0.2000000000000002,Two-sided ACI,63,0.0,61.0,0.0,1.7809813148036486,2.331851026262173,0.2754348557292623,0.8993155099902896,0.881665804813359,-0.017649705176930652,True,False,False,40–60%,Dry prior day,40–60%,Remaining 90%,Winter
2024-02-01,15.0,13.362841037570652,14.020967044571671,15.04595229033422,5.0,13.094599669428684,15.314193658476189,0.2040000000000002,Two-sided ACI,64,0.0,63.0,0.0,1.6831112527635685,2.219593989047505,0.2682413681419682,0.6581260070010195,1.024985245762549,0.3668592387615295,True,False,False,40–60%,Dry prior day,20–40%,Remaining 90%,Winter
2024-02-02,14.87,14.656782786249977,15.000990747084948,15.718455218302315,5.0,14.39632426981197,15.978913734740324,0.2080000000000002,Two-sided ACI,51,0.0,64.0,0.0,1.0616724320523385,1.582589464928354,0.26045851643800777,0.3442079608349715,0.717464471217367,0.3732565103823955,True,False,False,40–60%,Dry prior day,40–60%,Remaining 90%,Winter
2024-02-03,14.29,14.159903130937012,14.600998247725062,14.976710305317392,5.0,13.899444614499004,15.237168821755398,0.2120000000000002,Two-sided ACI,46,1.63,51.0,0.0,0.8168071743803793,1.3377242072563948,0.26045851643800777,0.44109511678805013,0.3757120575923292,-0.06538305919572096,True,False,False,20–40%,Dry prior day,20–40%,Remaining 90%,Winter
2024-02-04,14.89,9.60830755932794,12.039053412222817,12.565343849547784,5.0,9.39943372670512,12.774217682170605,0.2160000000000002,Two-sided ACI,42,0.0,46.0,1.63,2.9570362902198433,3.3747839554654853,0.208873832622821,2.4307458528948764,0.5262904373249668,-1.9044554155699096,False,False,True,Coolest 20%,Wet prior day,Lowest 20%,Remaining 90%,Winter
2024-02-05,14.6,14.613612588903448,15.754986049255356,16.208237058847352,5.0,14.338177733174184,16.483671914576615,0.2000000000000002,Two-sided ACI,53,0.0,42.0,0.0,1.5946244699439038,2.14549418140243,0.2754348557292632,1.1413734603519075,0.4532510095919964,-0.6881224507599111,True,False,False,Coolest 20%,Dry prior day,40–60%,Remaining 90%,Winter
2024-02-06,14.55,14.492709641009082,15.039445124727816,15.843118315127375,5.0,14.232251124571077,16.103576831565384,0.2040000000000002,Two-sided ACI,54,0.0,53.0,0.0,1.3504086741182935,1.8713257069943072,0.2604585164380069,0.5467354837187344,0.8036731903995591,0.2569377066808247,True,False,False,20–40%,Dry prior day,40–60%,Remaining 90%,Winter
2024-02-07,14.55,14.447831160643036,14.63462474528792,15.456334789038571,5.0,14.21292268904247,15.691243260639135,0.2080000000000002,Two-sided ACI,49,0.0,54.0,0.0,1.0085036283955358,1.4783205715966652,0.23490847160056472,0.18679358464488516,0.8217100437506506,0.6349164591057654,True,False,False,20–40%,Dry prior day,20–40%,Remaining 90%,Winter
2024-02-08,14.58,13.707350621796497,13.887086105005023,14.23347167159056,5.0,13.472442150195931,14.468380143191126,0.2120000000000002,Two-sided ACI,52,0.0,49.0,0.0,0.5261210497940638,0.995937992995195,0.2349084716005656,0.1797354832085265,0.3463855665855373,0.16665008337701082,False,False,True,20–40%,Dry prior day,Lowest 20%,Remaining 90%,Winter
2024-02-09,14.4,14.12120720543312,14.454292351661518,15.13261930887962,5.0,13.833494514281368,15.42033200003137,0.1960000000000002,Two-sided ACI,44,0.0,52.0,0.0,1.0114121034465011,1.586837485750003,0.2877126911517509,0.3330851462283988,0.6783269572181023,0.3452418109897035,True,False,False,20–40%,Dry prior day,20–40%,Remaining 90%,Winter
2024-02-10,14.62,13.397151295247204,14.206147321048409,15.100756278669593,5.0,13.109438604095454,15.388468969821345,0.2000000000000002,Two-sided ACI,36,0.15,44.0,0.0,1.7036049834223892,2.279030365725891,0.2877126911517509,0.8089960258012052,0.894608957621184,0.08561293181997875,True,False,False,Coolest 20%,Dry prior day,20–40%,Remaining 90%,Winter
2024-02-11,14.74,14.16565770853272,14.480878769880787,14.924467438636023,5.0,13.890222852803458,15.199902294365288,0.2040000000000002,Two-sided ACI,39,0.0,36.0,0.15,0.7588097301033034,1.3096794415618298,0.2754348557292632,0.31522106134806727,0.44358866875523617,0.1283676074071689,True,False,False,Coolest 20%,Wet prior day,20–40%,Remaining 90%,Winter
2024-02-12,15.49,14.84413579648158,15.36906732741878,16.58132739442433,5.0,14.609227324881012,16.816235866024897,0.2080000000000002,Two-sided ACI,49,0.0,39.0,0.0,1.7371915979427506,2.2070085411438853,0.23490847160056738,0.5249315309371987,1.212260067005552,0.6873285360683532,True,False,False,Coolest 20%,Dry prior day,40–60%,Remaining 90%,Winter
2024-02-13,14.92,14.647883555593095,14.93028488039112,15.545907096348554,5.0,14.439009722970278,15.754780928971371,0.2120000000000002,Two-sided ACI,48,0.0,49.0,0.0,0.8980235407554584,1.3157712060010933,0.20887383262281745,0.28240132479802504,0.6156222159574334,0.33322089115940834,True,False,False,20–40%,Dry prior day,40–60%,Remaining 90%,Winter
2024-02-14,15.01,14.575683663274084,15.046207290765787,15.655508253738304,5.0,14.375674465110876,15.855517451901513,0.2160000000000002,Two-sided ACI,54,0.0,48.0,0.0,1.07982459046422,1.4798429867906364,0.20000919816320817,0.47052362749170307,0.609300962972517,0.13877733548081395,True,False,False,20–40%,Dry prior day,40–60%,Remaining 90%,Winter
2024-02-15,15.33,14.0358861383199,14.696339338303028,15.218210597354847,5.0,13.844346077126875,15.409750658547871,0.2200000000000002,Two-sided ACI,45,0.0,54.0,0.0,1.1823244590349482,1.5654045814209958,0.1915400611930238,0.6604531999831291,0.5218712590518191,-0.13858194093131004,True,False,False,20–40%,Dry prior day,20–40%,Remaining 90%,Winter
2024-02-16,14.53,14.558611094726103,15.05264198962558,15.572691208799656,5.0,14.3750966046465,15.75620569887926,0.2240000000000002,Two-sided ACI,36,0.11,45.0,0.0,1.0140801140735523,1.3811090942327606,0.1835144900796042,0.4940308948994758,0.5200492191740764,0.0260183242746006,True,False,False,Coolest 20%,Dry prior day,40–60%,Remaining 90%,Winter
2024-02-17,14.58,14.190435113363517,14.55413479097978,15.060580869400924,5.0,14.006920623283914,15.244095359480523,0.2280000000000002,Two-sided ACI,36,0.01,36.0,0.11,0.8701457560374077,1.237174736196609,0.18351449007960063,0.363699677616264,0.5064460784211438,0.14274640080487977,True,False,False,Coolest 20%,Wet prior day,20–40%,Remaining 90%,Winter
2024-02-18,14.41,13.031619667519852,14.288767590223532,14.953731726441989,5.0,12.897528001508164,15.087823392453677,0.2320000000000002,Two-sided ACI,47,0.0,36.0,0.01,1.9221120589221368,2.190295390945513,0.1340916660116882,1.2571479227036804,0.6649641362184564,-0.592183786485224,True,False,False,Coolest 20%,Wet prior day,20–40%,Remaining 90%,Winter
2024-02-19,14.91,13.28762054553892,14.949849377203716,16.37065442584423,5.0,13.15796098835442,16.50031398302873,0.2360000000000002,Two-sided ACI,55,0.0,47.0,0.0,3.08303388030531,3.342352994674309,0.12965955718449962,1.6622288316647964,1.4208050486405135,-0.2414237830242829,True,False,False,Coolest 20%,Dry prior day,40–60%,Remaining 90%,Winter
2024-02-20,15.53,13.624207772623064,14.721655240870946,15.272399495248957,5.0,13.494548215438565,15.402059052433456,0.2400000000000002,Two-sided ACI,66,0.0,55.0,0.0,1.6481917226258922,1.9075108369948914,0.12965955718449962,1.097447468247882,0.5507442543780101,-0.546703213869872,False,False,True,20–40%,Dry prior day,40–60%,Remaining 90%,Winter
2024-02-21,15.06,15.0316406465914,15.221100982933068,15.852271254724103,5.0,14.840100585398377,16.04381131591713,0.2240000000000002,Two-sided ACI,51,0.0,66.0,0.0,0.8206306081327028,1.2037107305187522,0.1915400611930247,0.1894603363416678,0.631170271791035,0.4417099354493672,True,False,False,40–60%,Dry prior day,40–60%,Remaining 90%,Winter
2024-02-22,15.14,14.029180202909153,14.958048421187216,15.236314474647902,5.0,13.84566571282955,15.419828964727504,0.2280000000000002,Two-sided ACI,50,0.1,51.0,0.0,1.2071342717387488,1.5741632518979536,0.1835144900796024,0.9288682182780637,0.2782660534606851,-0.6506021648173785,True,False,False,20–40%,Dry prior day,40–60%,Remaining 90%,Winter
2024-02-23,15.0,14.21080525789236,14.396762887600024,14.957392506743656,5.0,14.08114570070786,15.087052063928155,0.2320000000000002,Two-sided ACI,55,0.0,50.0,0.1,0.746587248851295,1.0059063632202943,0.12965955718449962,0.18595762970766394,0.5606296191436311,0.37467198943596713,True,False,False,20–40%,Wet prior day,20–40%,Remaining 90%,Winter
2024-02-24,14.76,14.453321916212918,14.955205576534818,15.542671099392416,5.0,14.341532513567763,15.65446050203757,0.2360000000000002,Two-sided ACI,61,0.0,55.0,0.0,1.0893491831794986,1.3129279884698057,0.11178940264515358,0.5018836603218997,0.5874655228575989,0.08558186253569922,True,False,False,20–40%,Dry prior day,40–60%,Remaining 90%,Winter
2024-02-25,15.33,14.465208268375871,14.734909596323098,15.35044565894644,5.0,14.35341886573072,15.462235061591594,0.2400000000000002,Two-sided ACI,65,0.0,61.0,0.0,0.8852373905705679,1.1088161958608733,0.11178940264515269,0.26970132794722623,0.6155360626233417,0.3458347346761155,True,False,False,40–60%,Dry prior day,40–60%,Remaining 90%,Winter
2024-02-26,15.04,14.993506659720678,15.55058710778628,16.543125320366173,5.0,14.898077975392647,16.638554004694203,0.2440000000000002,Two-sided ACI,65,0.0,65.0,0.0,1.5496186606454945,1.740476029301556,0.09542868432803076,0.5570804480656015,0.9925382125798929,0.4354577645142914,True,False,False,40–60%,Dry prior day,40–60%,Remaining 90%,Winter
2024-02-27,14.89,14.611840135196404,14.928772611489334,15.414703529311176,5.0,14.530315669578869,15.496227994928711,0.2480000000000002,Two-sided ACI,54,0.03,65.0,0.0,0.8028633941147714,0.9659123253498425,0.08152446561753557,0.31693247629293,0.4859309178218414,0.16899844152891141,True,False,False,40–60%,Dry prior day,40–60%,Remaining 90%,Winter
2024-02-28,14.52,14.69143588782934,14.739778891243038,14.96092942719536,5.0,14.648828394572996,15.003536920451705,0.2520000000000003,Two-sided ACI,52,0.0,54.0,0.03,0.26949353936602094,0.35470852587870816,0.04260749325634361,0.04834300341369868,0.22115053595232226,0.17280753253862358,False,True,False,20–40%,Wet prior day,40–60%,Remaining 90%,Winter
2024-02-29,14.65,14.2139328355804,14.820245606401585,15.487623908602728,5.0,14.102143432935248,15.59941331124788,0.2360000000000002,Two-sided ACI,63,0.0,52.0,0.0,1.273691073022329,1.4972698783126308,0.11178940264515091,0.6063127708211855,0.6673783022011435,0.06106553137995796,True,False,False,20–40%,Dry prior day,40–60%,Remaining 90%,Winter
2024-03-01,14.51,13.624462425375642,14.199416573571831,15.20894700011264,5.0,13.512673022730487,15.320736402757792,0.2400000000000002,Two-sided ACI,65,0.0,63.0,0.0,1.584484574736999,1.8080633800273045,0.11178940264515269,0.5749541481961895,1.0095304265408096,0.4345762783446201,True,False,False,40–60%,Dry prior day,20–40%,Remaining 90%,Spring
2024-03-02,14.63,13.051913152038551,13.90311435359759,14.662638073624132,5.0,12.95648446771052,14.758066757952164,0.2440000000000002,Two-sided ACI,69,0.0,65.0,0.0,1.6107249215855806,1.8015822902416438,0.09542868432803164,0.8512012015590393,0.7595237200265412,-0.0916774815324981,True,False,False,40–60%,Dry prior day,20–40%,Remaining 90%,Spring
2024-03-03,15.02,13.963049482462395,14.462616931747888,15.17735704329873,5.0,13.88152501684486,15.258881508916266,0.2480000000000002,Two-sided ACI,58,0.01,69.0,0.0,1.2143075608363354,1.3773564920714065,0.08152446561753557,0.4995674492854931,0.7147401115508423,0.21517266226534915,True,False,False,40–60%,Dry prior day,20–40%,Remaining 90%,Spring
2024-03-04,14.46,14.176443838312712,14.847403632013153,15.735077760336864,5.0,14.133836345056368,15.777685253593209,0.2520000000000003,Two-sided ACI,45,0.0,58.0,0.01,1.5586339220241516,1.6438489085368406,0.0426074932563445,0.6709597937004403,0.8876741283237113,0.21671433462327094,True,False,False,20–40%,Wet prior day,40–60%,Remaining 90%,Spring
2024-03-05,14.43,13.999183116134034,14.63277965933055,15.5024764812277,5.0,13.967778953733925,15.533880643627809,0.2560000000000003,Two-sided ACI,48,0.0,45.0,0.0,1.5032933650936648,1.566101689893884,0.03140416240010957,0.633596543196516,0.8696968218971488,0.23610027870063277,True,False,False,Coolest 20%,Dry prior day,20–40%,Remaining 90%,Spring
2024-03-06,14.9,13.736970630103327,14.183497928675692,15.073983711164889,5.0,13.708359535377223,15.102594805890991,0.2600000000000003,Two-sided ACI,60,0.0,48.0,0.0,1.3370130810615617,1.394235270513768,0.028611094726103126,0.44652729857236473,0.890485782489197,0.44395848391683224,True,False,False,20–40%,Dry prior day,20–40%,Remaining 90%,Spring
2024-03-07,14.66,13.312958014050588,14.182057058752404,15.023524294666394,5.0,13.291947326005047,15.044534982711934,0.2640000000000003,Two-sided ACI,48,0.02,60.0,0.0,1.7105662806158062,1.7525876567068863,0.02101068804554007,0.8690990447018159,0.8414672359139903,-0.027631808787825562,True,False,False,40–60%,Dry prior day,20–40%,Remaining 90%,Spring
2024-03-08,14.34,13.34072186686828,13.971955283453925,14.678385809087882,5.0,13.31971117882274,14.69939649713342,0.2680000000000003,Two-sided ACI,39,0.15,48.0,0.02,1.337663942219601,1.3796853183106812,0.02101068804554007,0.6312334165856441,0.7064305256339569,0.07519710904831278,True,False,False,20–40%,Wet prior day,20–40%,Remaining 90%,Spring
2024-03-09,13.65,13.174435513428932,13.746525755582985,14.460648186010982,5.0,13.161075194476563,14.47400850496335,0.2720000000000003,Two-sided ACI,55,0.0,39.0,0.15,1.2862126725820495,1.3129333104867875,0.013360318952369,0.5720902421540526,0.714122430427997,0.14203218827394437,True,False,False,Coolest 20%,Wet prior day,Lowest 20%,Remaining 90%,Spring
2024-03-10,12.99,13.738603996279483,14.336538556688584,15.494126922932452,5.0,13.729855418965942,15.502875500245992,0.2760000000000003,Two-sided ACI,64,0.0,55.0,0.0,1.7555229266529686,1.77302008128005,0.008748577313540729,0.5979345604091009,1.1575883662438677,0.5596538058347669,False,True,False,20–40%,Dry prior day,20–40%,Remaining 90%,Spring
2024-03-11,13.83,12.913297424191516,13.83109815630432,15.280524900908134,5.0,12.884686329465412,15.309135995634238,0.2600000000000003,Two-sided ACI,56,0.0,64.0,0.0,2.367227476716618,2.424449666168826,0.028611094726104014,0.9178007321128039,1.449426744603814,0.5316260124910102,True,False,False,40–60%,Dry prior day,Lowest 20%,Remaining 90%,Spring
2024-03-12,14.26,12.813784665032808,13.430678279924594,14.12429257276566,5.0,12.792773976987268,14.1453032608112,0.2640000000000003,Two-sided ACI,61,0.0,56.0,0.0,1.3105079077328519,1.352529283823932,0.02101068804554007,0.6168936148917865,0.6936142928410653,0.07672067794927884,False,False,True,20–40%,Dry prior day,Lowest 20%,Remaining 90%,Spring
2024-03-13,13.93,13.61666787399666,14.135096200884318,14.992836508724004,5.0,13.535143408379124,15.07436097434154,0.2480000000000002,Two-sided ACI,55,0.04,61.0,0.0,1.3761686347273443,1.5392175659624154,0.08152446561753557,0.5184283268876584,0.8577403078396859,0.3393119809520275,True,False,False,40–60%,Dry prior day,20–40%,Remaining 90%,Spring
2024-03-14,13.84,12.616801826053573,13.72161579604131,14.320471446458244,5.0,12.574194332797228,14.363078939714589,0.2520000000000003,Two-sided ACI,43,0.93,55.0,0.04,1.7036696204046713,1.7888846069173603,0.0426074932563445,1.1048139699877364,0.5988556504169349,-0.5059583195708015,True,False,False,20–40%,Wet prior day,Lowest 20%,Remaining 90%,Spring
2024-03-15,13.19,11.752882167503335,13.095970273005795,13.9976763693684,5.0,11.710274674246993,14.040283862624744,0.2560000000000003,Two-sided ACI,40,0.5,43.0,0.93,2.244794201865064,2.330009188377751,0.04260749325634361,1.34308810550246,0.901706096362604,-0.4413820091398559,True,False,False,Coolest 20%,Wet prior day,Lowest 20%,Remaining 90%,Spring
2024-03-16,13.46,11.447117025708868,13.000830288352638,13.6692959560719,5.0,11.415712863308755,13.70070011847201,0.2600000000000003,Two-sided ACI,50,0.0,40.0,0.5,2.2221789303630324,2.284987255163255,0.031404162400111346,1.55371326264377,0.6684656677192624,-0.8852475949245076,True,False,False,Coolest 20%,Wet prior day,Lowest 20%,Remaining 90%,Spring
2024-03-17,14.37,12.694237844964173,13.43014727445285,14.46966676464566,5.0,12.680625256060726,14.483279353549108,0.2640000000000003,Two-sided ACI,48,0.0,50.0,0.0,1.775428919681488,1.8026540974883822,0.013612588903447076,0.735909429488677,1.039519490192811,0.3036100607041341,True,False,False,20–40%,Dry prior day,Lowest 20%,Remaining 90%,Spring
2024-03-18,14.56,13.79716287037692,14.58793245316868,15.692112644373632,5.0,13.783550281473472,15.70572523327708,0.2680000000000003,Two-sided ACI,62,0.0,48.0,0.0,1.8949497739967125,1.9221749518036084,0.013612588903447964,0.7907695827917607,1.1041801912049518,0.3134106084131911,True,False,False,20–40%,Dry prior day,20–40%,Remaining 90%,Spring
2024-03-19,14.79,13.990520226480747,14.5016896696309,15.2377693261367,5.0,13.981771649167204,15.246517903450242,0.2720000000000003,Two-sided ACI,65,0.0,62.0,0.0,1.2472490996559529,1.2647462542830379,0.008748577313542505,0.5111694431501537,0.7360796565057992,0.22491021335564554,True,False,False,40–60%,Dry prior day,20–40%,Remaining 90%,Spring
2024-03-20,14.91,14.305781442052574,14.845499076107512,15.8401310273081,5.0,14.326227100999017,15.81968536836166,0.2760000000000003,Two-sided ACI,58,0.0,65.0,0.0,1.5343495852555264,1.4934582673626426,-0.020445658946441903,0.5397176340549379,0.9946319512005886,0.45491431714565067,True,False,False,40–60%,Dry prior day,40–60%,Remaining 90%,Spring
2024-03-21,14.98,13.585237491260424,14.797313388716118,15.635599491386005,5.0,13.61404492951922,15.60679205312721,0.2800000000000003,Two-sided ACI,69,0.0,58.0,0.0,2.050362000125581,1.9927471236079892,-0.028807438258795948,1.2120758974556942,0.8382861026698869,-0.3737897947858073,True,False,False,20–40%,Dry prior day,40–60%,Remaining 90%,Spring
2024-03-22,14.65,14.1841445202273,14.821134548949344,15.863008610845675,5.0,14.212951958486093,15.834201172586884,0.2840000000000003,Two-sided ACI,61,0.0,69.0,0.0,1.6788640906183758,1.621249214100791,-0.028807438258792395,0.6369900287220442,1.0418740618963316,0.40488403317428734,True,False,False,40–60%,Dry prior day,40–60%,Remaining 90%,Spring
2024-03-23,14.46,13.451094438969196,14.471952475103873,14.998265206474704,5.0,13.483732512593328,14.965627132850573,0.2880000000000003,Two-sided ACI,59,0.0,61.0,0.0,1.5471707675055075,1.4818946202572452,-0.03263807362413118,1.0208580361346762,0.5263127313708313,-0.49454530476384484,True,False,False,40–60%,Dry prior day,20–40%,Remaining 90%,Spring
2024-03-24,14.45,14.310529042191472,14.898789600219777,15.341104696748568,5.0,14.357022382470792,15.294611356469249,0.2920000000000003,Two-sided ACI,59,0.09,59.0,0.0,1.0305756545570954,0.9375889739984569,-0.046493340279319284,0.5882605580283045,0.442315096528791,-0.14594546149951348,True,False,False,40–60%,Dry prior day,40–60%,Remaining 90%,Spring
2024-03-25,14.77,14.14080213281847,14.822786499209874,16.004456011101414,5.0,14.187295473097793,15.957962670822091,0.2960000000000003,Two-sided ACI,39,0.08,59.0,0.09,1.8636538782829444,1.7706671977242987,-0.04649334027932284,0.6819843663914043,1.1816695118915401,0.4996851455001359,True,False,False,40–60%,Wet prior day,40–60%,Remaining 90%,Spring
2024-03-26,14.82,13.859094113254134,14.446252409969173,15.072203829277314,5.0,13.90781597755339,15.023481964978057,0.3000000000000003,Two-sided ACI,44,0.0,39.0,0.08,1.2131097160231796,1.1156659874246664,-0.04872186429925662,0.5871582967150388,0.6259514193081408,0.03879312259310197,True,False,False,Coolest 20%,Wet prior day,20–40%,Remaining 90%,Spring
2024-03-27,15.06,14.76953195615054,15.260737131924632,16.029609457946293,5.0,14.82682231514146,15.972319098955374,0.3040000000000003,Two-sided ACI,55,0.0,44.0,0.0,1.2600775017957524,1.1454967838139147,-0.05729035899091883,0.4912051757740912,0.7688723260216612,0.27766715024757005,True,False,False,Coolest 20%,Dry prior day,40–60%,Remaining 90%,Spring
2024-03-28,14.71,13.918212780294944,14.8173254233987,15.656396623495898,5.0,13.987703391722969,15.586906012067873,0.3080000000000003,Two-sided ACI,64,0.0,55.0,0.0,1.7381838432009538,1.5992026203449043,-0.0694906114280247,0.8991126431037557,0.839071200097198,-0.06004144300655767,True,False,False,20–40%,Dry prior day,40–60%,Remaining 90%,Spring
2024-03-29,13.91,14.288602466346951,14.790715294661112,15.734090058605483,5.0,14.358093077774976,15.66459944717746,0.3120000000000003,Two-sided ACI,54,0.11,64.0,0.0,1.445487592258532,1.3065063694024843,-0.06949061142802382,0.5021128283141607,0.9433747639443713,0.44126193563021054,False,True,False,40–60%,Dry prior day,40–60%,Remaining 90%,Spring
2024-03-30,14.3,12.580380356749806,13.550284584622275,14.129447860693684,5.0,12.626873697029128,14.082954520414363,0.2960000000000003,Two-sided ACI,58,0.01,54.0,0.11,1.5490675039438777,1.4560808233852356,-0.04649334027932106,0.969904227872469,0.5791632760714087,-0.3907409518010603,False,False,True,20–40%,Wet prior day,Lowest 20%,Remaining 90%,Spring
2024-03-31,14.49,13.725359714192804,14.243075842991644,15.200153815248484,5.0,13.7541671524516,15.17134637698969,0.2800000000000003,Two-sided ACI,57,0.0,58.0,0.01,1.4747941010556804,1.4171792245380903,-0.02880743825879506,0.5177161287988401,0.9570779722568403,0.4393618434580002,True,False,False,20–40%,Wet prior day,20–40%,Remaining 90%,Spring
2024-04-01,14.76,14.49868961995184,15.376664587582024,16.36274810449686,6.0,14.527497058210631,16.333940666238064,0.2840000000000003,Two-sided ACI,55,0.04,57.0,0.0,1.8640584845450192,1.8064436080274326,-0.028807438258793283,0.877974967630184,0.9860835169148352,0.10810854928465119,True,False,False,20–40%,Dry prior day,40–60%,Remaining 90%,Spring
2024-04-02,14.92,13.505152680820515,14.391412356126017,14.803199450811196,6.0,13.537790754444648,14.770561377187065,0.2880000000000003,Two-sided ACI,63,0.0,55.0,0.04,1.2980467699906804,1.2327706227424162,-0.03263807362413207,0.8862596753055012,0.41178709468517916,-0.47447258062032205,False,False,True,20–40%,Wet prior day,20–40%,Remaining 90%,Spring
2024-04-03,15.06,14.693207082654316,15.240531002824792,15.936951281311448,6.0,14.684458505340771,15.94569985862499,0.2720000000000003,Two-sided ACI,73,0.0,63.0,0.0,1.2437441986571312,1.261241353284218,0.008748577313543393,0.5473239201704754,0.6964202784866558,0.1490963583161804,True,False,False,40–60%,Dry prior day,40–60%,Remaining 90%,Spring
2024-04-04,15.83,13.744744185332532,14.866223196856335,15.494208573072234,6.0,13.773103538741132,15.465849219663632,0.2760000000000003,Two-sided ACI,73,0.0,73.0,0.0,1.7494643877397014,1.6927456809224992,-0.028359353408601073,1.1214790115238031,0.6279853762158982,-0.4934936353079049,False,False,True,60–80%,Dry prior day,40–60%,Remaining 90%,Spring
2024-04-05,14.94,14.651479888218644,15.352185551234292,16.28347021656727,6.0,14.637867299315198,16.297082805470716,0.2600000000000003,Two-sided ACI,75,0.0,73.0,0.0,1.6319903283486266,1.6592155061555172,0.0136125889034453,0.7007056630156487,0.9312846653329778,0.23057900231732908,True,False,False,60–80%,Dry prior day,40–60%,Remaining 90%,Spring
2024-04-06,15.11,13.863038340564009,14.990048053832911,15.639322396715318,6.0,13.883483999510448,15.618876737768876,0.2640000000000003,Two-sided ACI,68,0.0,75.0,0.0,1.7762840561513098,1.7353927382584278,-0.020445658946441014,1.1270097132689028,0.649274342882407,-0.4777353703864957,True,False,False,60–80%,Dry prior day,40–60%,Remaining 90%,Spring
2024-04-07,13.28,14.35035818661274,15.11431598612578,15.688003581645166,6.0,14.37080384555918,15.667557922698723,0.2680000000000003,Two-sided ACI,56,0.0,68.0,0.0,1.3376453950324265,1.2967540771395427,-0.020445658946441903,0.7639577995130402,0.5736875955193863,-0.1902702039936539,False,True,False,40–60%,Dry prior day,40–60%,Remaining 90%,Spring
2024-04-08,15.07,13.653465018795568,14.81413748796546,15.99137347084449,6.0,13.624853924069464,16.019984565570596,0.2520000000000003,Two-sided ACI,57,0.0,56.0,0.0,2.3379084520489215,2.3951306415011313,0.028611094726104902,1.1606724691698922,1.1772359828790293,0.016563513709137112,True,False,False,20–40%,Dry prior day,40–60%,Remaining 90%,Spring
2024-04-09,15.99,14.07850326295454,14.514776149776406,15.235924341135304,6.0,14.064890674051094,15.24953693003875,0.2560000000000003,Two-sided ACI,60,0.0,57.0,0.0,1.1574210781807643,1.1846462559876567,0.013612588903446188,0.4362728868218664,0.721148191358898,0.2848753045370316,False,False,True,20–40%,Dry prior day,20–40%,Remaining 90%,Spring
2024-04-10,15.07,14.992721518946258,15.812289489444549,16.490301691069988,6.0,14.950114025689912,16.532909184326332,0.2400000000000002,Two-sided ACI,58,0.01,60.0,0.0,1.4975801721237296,1.5827951586364204,0.042607493256345386,0.8195679704982908,0.6780122016254388,-0.14155576887285193,True,False,False,40–60%,Dry prior day,40–60%,Remaining 90%,Spring
2024-04-11,16.41,13.72453649540591,15.165933390499047,15.74872089611831,6.0,13.695925400679808,15.777331990844417,0.2440000000000002,Two-sided ACI,61,0.0,58.0,0.01,2.0241844007124,2.081406590164608,0.028611094726104014,1.4413968950931366,0.5827875056192635,-0.8586093894738731,False,False,True,20–40%,Wet prior day,40–60%,Remaining 90%,Spring
2024-04-12,16.19,15.588613657160428,15.833836158738777,16.791649187645962,6.0,15.476824254515275,16.903438590291117,0.2280000000000002,Two-sided ACI,76,0.0,61.0,0.0,1.2030355304855345,1.4266143357758416,0.11178940264515358,0.24522250157834868,0.9578130289071858,0.7125905273288371,True,False,False,40–60%,Dry prior day,40–60%,Remaining 90%,Spring
2024-04-13,16.22,14.940484570585683,16.025492096602274,16.681385003466293,6.0,14.858960104968148,16.76290946908383,0.2320000000000002,Two-sided ACI,78,0.0,76.0,0.0,1.7409004328806095,1.9039493641156824,0.08152446561753646,1.0850075260165912,0.6558929068640182,-0.429114619152573,True,False,False,60–80%,Dry prior day,40–60%,Remaining 90%,Spring
2024-04-14,16.66,14.823123069358603,15.782084871294414,16.667186206561908,6.0,14.78051557610226,16.709793699818253,0.2360000000000002,Two-sided ACI,80,0.0,78.0,0.0,1.844063137203305,1.9292781237159922,0.04260749325634361,0.9589618019358106,0.8851013352674943,-0.07386046666831625,True,False,False,60–80%,Dry prior day,40–60%,Remaining 90%,Spring
2024-04-15,15.86,16.039054237275707,17.03812250765756,18.178041438519383,6.0,16.0076500748756,18.20944560091949,0.2400000000000002,Two-sided ACI,76,0.0,80.0,0.0,2.138987201243676,2.2017955260438917,0.031404162400107793,0.999068270381855,1.1399189308618212,0.1408506604799662,False,True,False,60–80%,Dry prior day,40–60%,Remaining 90%,Spring
2024-04-16,15.25,15.201546219295404,16.243067680837832,17.17114787398927,6.0,15.089756816650253,17.28293727663442,0.2240000000000002,Two-sided ACI,68,0.07,76.0,0.0,1.9696016546938662,2.193180459984168,0.11178940264515091,1.0415214615424286,0.9280801931514375,-0.11344126839099111,True,False,False,60–80%,Dry prior day,40–60%,Remaining 90%,Spring
2024-04-17,16.83,14.312672382446738,15.212302024229803,16.196397222696795,6.0,14.231147916829205,16.27792168831433,0.2280000000000002,Two-sided ACI,71,0.0,68.0,0.07,1.883724840250057,2.0467737714851246,0.08152446561753379,0.8996296417830649,0.9840951984669921,0.08446555668392719,False,False,True,40–60%,Wet prior day,40–60%,Remaining 90%,Spring
2024-04-18,14.77,15.53693950348046,16.746954443906098,17.472100716891106,6.0,15.407279946295962,17.601760274075605,0.2120000000000002,Two-sided ACI,47,0.25,71.0,0.0,1.9351612134106464,2.194480327779644,0.12965955718449873,1.2100149404256388,0.7251462729850076,-0.4848686674406313,False,True,False,60–80%,Dry prior day,40–60%,Remaining 90%,Spring
2024-04-19,14.96,14.084092082556436,15.40872791498668,16.527701958769327,6.0,13.913539943250118,16.698254098075644,0.1960000000000002,Two-sided ACI,36,0.18,47.0,0.25,2.443609876212891,2.784714154825526,0.1705521393063174,1.3246358324302427,1.1189740437826483,-0.20566178864759443,True,False,False,Coolest 20%,Wet prior day,40–60%,Remaining 90%,Spring
2024-04-20,14.04,13.752494915042217,14.861278936201437,15.494607276718568,6.0,13.581942775735898,15.665159416024885,0.2000000000000002,Two-sided ACI,36,0.15,36.0,0.18,1.7421123616763516,2.0832166402889865,0.1705521393063174,1.1087840211592201,0.6333283405171315,-0.47545568064208865,True,False,False,Coolest 20%,Wet prior day,40–60%,Remaining 90%,Spring
2024-04-21,15.05,14.072796147267113,14.734076860081718,15.786870458010938,6.0,13.937088720032774,15.922577885245277,0.2040000000000002,Two-sided ACI,61,0.0,36.0,0.15,1.7140743107438254,1.9854891652125026,0.1357074272343386,0.6612807128146052,1.0527935979292202,0.391512885114615,True,False,False,Coolest 20%,Wet prior day,40–60%,Remaining 90%,Spring
2024-04-22,15.71,15.011613379678014,15.706323126267968,17.269418391260416,6.0,14.877521713666326,17.403510057272104,0.2080000000000002,Two-sided ACI,77,0.0,61.0,0.0,2.257805011582402,2.5259883436057784,0.1340916660116882,0.6947097465899539,1.563095264992448,0.8683855184024942,True,False,False,40–60%,Dry prior day,40–60%,Remaining 90%,Spring
2024-04-23,15.47,14.688351914565237,15.581156741165248,16.835170681062667,6.0,14.554260248553549,16.969262347074356,0.2120000000000002,Two-sided ACI,67,0.0,77.0,0.0,2.1468187664974305,2.415002098520807,0.1340916660116882,0.8928048266000115,1.254013939897419,0.36120911329740757,True,False,False,60–80%,Dry prior day,40–60%,Remaining 90%,Spring
2024-04-24,16.13,15.299325574378331,16.138981744458547,17.171762637173785,6.0,15.169666017193832,17.301422194358285,0.2160000000000002,Two-sided ACI,73,0.0,67.0,0.0,1.8724370627954539,2.131756177164453,0.12965955718449962,0.8396561700802163,1.0327808927152375,0.19312472263502123,True,False,False,40–60%,Dry prior day,40–60%,Remaining 90%,Spring
2024-04-25,15.67,14.918841989469264,16.03832382913731,17.164737723484343,6.0,14.80204144028046,17.281538272673146,0.2200000000000002,Two-sided ACI,70,0.0,73.0,0.0,2.245895734015079,2.4794968323926856,0.11680054918880334,1.119481839668044,1.126413894347035,0.006932054678991051,True,False,False,60–80%,Dry prior day,40–60%,Remaining 90%,Spring
2024-04-26,15.3,15.006565479837615,16.2556457345449,17.596330245079205,6.0,14.894776077192462,17.70811964772436,0.2240000000000002,Two-sided ACI,70,0.09,70.0,0.0,2.58976476524159,2.813343570531897,0.11178940264515358,1.249080254707284,1.340684510534306,0.09160425582702203,True,False,False,40–60%,Dry prior day,40–60%,Remaining 90%,Spring
2024-04-27,14.46,14.014242072890646,15.122328949830733,16.039484950929552,6.0,13.9716345796343,16.082092444185896,0.2280000000000002,Two-sided ACI,53,1.11,70.0,0.09,2.025242878038906,2.110457864551597,0.042607493256345386,1.108086876940087,0.9171560010988191,-0.19093087584126778,True,False,False,40–60%,Wet prior day,40–60%,Remaining 90%,Spring
2024-04-28,14.8,11.272363323778912,13.876730848713144,14.696224086743696,6.0,11.243752229052808,14.7248351814698,0.2320000000000002,Two-sided ACI,65,0.05,53.0,1.11,3.423860762964784,3.481082952416992,0.028611094726104014,2.604367524934233,0.8194932380305513,-1.7848742869036816,False,False,True,20–40%,Wet prior day,Lowest 20%,Remaining 90%,Spring
2024-04-29,15.69,14.088438949425369,15.24650381941954,16.754151858017224,6.0,13.976649546780214,16.865941260662375,0.2160000000000002,Two-sided ACI,66,0.0,65.0,0.05,2.665712908591855,2.8892917138821606,0.11178940264515269,1.1580648699941722,1.507648038597683,0.3495831686035107,True,False,False,40–60%,Wet prior day,40–60%,Remaining 90%,Spring
2024-04-30,15.77,15.095057773470684,15.8405022247741,16.873274119203792,6.0,14.99128186021438,16.9770500324601,0.2200000000000002,Two-sided ACI,74,0.0,66.0,0.0,1.7782163457331084,1.9857681722457183,0.10377591325630497,0.7454444513034169,1.0327718944296915,0.2873274431262747,True,False,False,40–60%,Dry prior day,40–60%,Remaining 90%,Spring
2024-05-01,15.93,15.483294959758531,16.677787794940613,18.154999123725183,6.0,15.440687466502188,18.197606616981528,0.2240000000000002,Two-sided ACI,65,0.01,74.0,0.0,2.671704163966652,2.756919150479339,0.04260749325634361,1.194492835182082,1.4772113287845698,0.2827184936024878,True,False,False,60–80%,Dry prior day,40–60%,Remaining 90%,Spring
2024-05-02,16.29,14.729893346175324,16.111106740448854,17.02532577614141,6.0,14.68728585291898,17.067933269397756,0.2280000000000002,Two-sided ACI,63,0.0,65.0,0.01,2.2954324299660875,2.3806474164787765,0.0426074932563445,1.38121339427353,0.9142190356925575,-0.4669943585809726,True,False,False,40–60%,Wet prior day,40–60%,Remaining 90%,Spring
2024-05-03,16.44,16.018910293861833,16.819458725883866,18.40602176378141,6.0,15.987506131461725,18.437425926181525,0.2320000000000002,Two-sided ACI,67,0.0,63.0,0.0,2.387111469919578,2.4499197947198006,0.031404162400111346,0.8005484320220333,1.5865630378975446,0.7860146058755113,True,False,False,40–60%,Dry prior day,40–60%,Remaining 90%,Spring
2024-05-04,16.87,15.065935629849015,16.723894037725962,18.04591994127686,6.0,15.037324535122911,18.074531036002966,0.2360000000000002,Two-sided ACI,64,0.0,67.0,0.0,2.9799843114278453,3.037206500880055,0.028611094726104902,1.6579584078769471,1.322025903550898,-0.33593250432604904,True,False,False,40–60%,Dry prior day,40–60%,Remaining 90%,Spring
2024-05-05,17.42,15.89920948667404,17.049040493750535,18.54147522002444,6.0,15.885596897770592,18.555087808927887,0.2400000000000002,Two-sided ACI,74,0.0,64.0,0.0,2.642265733350401,2.669490911157295,0.013612588903447076,1.1498310070764948,1.4924347262739062,0.3426037191974114,True,False,False,40–60%,Dry prior day,40–60%,Remaining 90%,Spring
2024-05-06,17.03,16.835086342771117,18.220091672727005,20.054539289356395,6.0,16.826337765457573,20.06328786666994,0.2440000000000002,Two-sided ACI,71,0.0,74.0,0.0,3.219452946585278,3.236950101212365,0.008748577313543393,1.385005329955888,1.8344476166293902,0.44944228667350217,True,False,False,60–80%,Dry prior day,60–80%,Remaining 90%,Spring
2024-05-07,17.0,16.19260011735471,17.48772194005099,18.946132730314545,6.0,16.19978632391662,18.93894652375264,0.2480000000000002,Two-sided ACI,61,0.0,71.0,0.0,2.753532612959834,2.7391601998360215,-0.007186206561906161,1.2951218226962773,1.4584107902635566,0.1632889675672793,True,False,False,60–80%,Dry prior day,60–80%,Remaining 90%,Spring
2024-05-08,18.1,16.58040816792619,17.71176857401026,19.319761808011368,6.0,16.60876752133479,19.291402454602768,0.2520000000000003,Two-sided ACI,58,0.0,61.0,0.0,2.7393536400851772,2.682634933267977,-0.028359353408600185,1.1313604060840703,1.607993234001107,0.47663282791703665,True,False,False,40–60%,Dry prior day,60–80%,Remaining 90%,Spring
2024-05-09,17.26,16.717128220076365,18.34300148977699,19.53402345232883,6.0,16.745487573484965,19.50566409892023,0.2560000000000003,Two-sided ACI,56,0.18,58.0,0.0,2.8168952322524667,2.7601765254352664,-0.028359353408600185,1.6258732697006266,1.1910219625518401,-0.4348513071487865,True,False,False,20–40%,Dry prior day,60–80%,Remaining 90%,Spring
2024-05-10,17.76,15.931786923933029,17.693417899054555,19.09879879816985,6.0,15.960594362191822,19.069991359911057,0.2600000000000003,Two-sided ACI,61,0.0,56.0,0.18,3.1670118742368203,3.1093969977192355,-0.028807438258792395,1.7616309751215269,1.4053808991152934,-0.3562500760062335,True,False,False,20–40%,Wet prior day,60–80%,Remaining 90%,Spring
2024-05-11,18.17,16.93100739731187,18.198811307361016,19.481319625289785,6.0,16.963645470936,19.44868155166565,0.2640000000000003,Two-sided ACI,68,0.0,61.0,0.0,2.5503122279779156,2.4850360807296497,-0.03263807362413296,1.267803910049146,1.2825083179287695,0.01470440787962346,True,False,False,40–60%,Dry prior day,60–80%,Remaining 90%,Spring
2024-05-12,18.06,17.576430926754117,18.859279557628284,20.266022886342245,6.0,17.60906900037825,20.233384812718118,0.2680000000000003,Two-sided ACI,73,0.04,68.0,0.0,2.689591959588128,2.6243158123398693,-0.032638073624129404,1.2828486308741667,1.4067433287139615,0.12389469783979479,True,False,False,40–60%,Dry prior day,60–80%,Remaining 90%,Spring
2024-05-13,19.14,17.037382044372585,18.793170122323318,20.584847807251517,6.0,17.083334334706805,20.538895516917293,0.2720000000000003,Two-sided ACI,76,0.0,73.0,0.04,3.5474657628789323,3.455561182210488,-0.04595229033422221,1.7557880779507329,1.7916776849281995,0.03588960697746657,True,False,False,60–80%,Wet prior day,60–80%,Remaining 90%,Spring
2024-05-14,20.42,17.882846953317053,19.197174379805293,20.802810327763087,6.0,17.929340293596375,20.756316987483764,0.2760000000000003,Two-sided ACI,79,0.0,76.0,0.0,2.9199633744460343,2.8269766938873886,-0.04649334027932284,1.3143274264882407,1.6056359479577935,0.2913085214695528,True,False,False,60–80%,Dry prior day,60–80%,Remaining 90%,Spring
2024-05-15,18.77,18.90728423165284,20.589827482030252,22.27718865428817,6.0,18.95573801235744,22.22873487358358,0.2800000000000003,Two-sided ACI,68,0.09,79.0,0.0,3.3699044226353294,3.27299686122614,-0.04845378070459461,1.6825432503774103,1.6873611722579192,0.004817921880508891,False,True,False,60–80%,Dry prior day,60–80%,Remaining 90%,Spring
2024-05-16,20.63,16.63537823485131,19.24510419377745,20.90902200964276,6.0,16.664185673110104,20.880214571383966,0.2640000000000003,Two-sided ACI,76,0.02,68.0,0.09,4.273643774791452,4.216028898273862,-0.02880743825879506,2.6097259589261412,1.663917815865311,-0.9458081430608303,True,False,False,40–60%,Wet prior day,60–80%,Remaining 90%,Spring
2024-05-17,23.06,18.627794691675508,20.02636248907502,21.963855156796143,6.0,18.6566021299343,21.935047718537348,0.2680000000000003,Two-sided ACI,84,0.0,76.0,0.02,3.336060465120635,3.2784455886030486,-0.028807438258793283,1.3985677973995116,1.9374926677211235,0.5389248703216118,False,False,True,60–80%,Wet prior day,60–80%,Remaining 90%,Spring
2024-05-18,22.71,20.04180739158446,22.250621307142087,23.918065294712985,6.0,20.048993598146367,23.91087908815108,0.2520000000000003,Two-sided ACI,76,0.0,84.0,0.0,3.8762579031285256,3.8618854900047133,-0.007186206561906161,2.208813915557627,1.6674439875708984,-0.5413699279867288,True,False,False,Warmest 20%,Dry prior day,60–80%,Remaining 90%,Spring
2024-05-19,22.07,20.542231029527432,23.02155175079057,24.98194792980855,6.0,20.54941723608934,24.97476172324664,0.2560000000000003,Two-sided ACI,80,0.0,76.0,0.0,4.439716900281116,4.4253444871573,-0.007186206561907937,2.4793207212631394,1.9603961790179767,-0.5189245422451627,True,False,False,60–80%,Dry prior day,60–80%,Remaining 90%,Spring
2024-05-20,24.25,20.6147292009009,22.937103918411037,25.462352703203894,6.0,20.6430885543095,25.433993349795298,0.2600000000000003,Two-sided ACI,68,0.0,80.0,0.0,4.847623502302994,4.7909047954857975,-0.02835935340859841,2.3223747175101366,2.5252487847928577,0.20287406728272117,True,False,False,60–80%,Dry prior day,60–80%,Remaining 90%,Spring
2024-05-21,20.5,21.67759274995527,23.656030166697885,25.44365206459839,6.0,21.70640018821406,25.414844626339598,0.2640000000000003,Two-sided ACI,62,0.27,68.0,0.0,3.766059314643119,3.708444438125536,-0.028807438258791507,1.978437416742615,1.7876218979005039,-0.19081551884211123,False,True,False,40–60%,Dry prior day,60–80%,Remaining 90%,Spring
2024-05-22,23.2,18.14694893469576,21.41246719514892,23.63892199742735,6.0,18.13333634579231,23.652534586330795,0.2480000000000002,Two-sided ACI,72,0.0,62.0,0.27,5.491973062731589,5.519198240538486,0.013612588903448852,3.2655182604531596,2.226454802278429,-1.0390634581747307,True,False,False,40–60%,Wet prior day,60–80%,Widest 10%,Spring
2024-05-23,23.66,20.32151897959327,22.361905675616654,24.61572870076643,6.0,20.32870518615518,24.60854249420452,0.2520000000000003,Two-sided ACI,79,0.0,72.0,0.0,4.294209721173157,4.279837308049341,-0.007186206561907937,2.0403866960233827,2.2538230251497744,0.21343632912639166,True,False,False,60–80%,Dry prior day,60–80%,Remaining 90%,Spring
2024-05-24,25.75,21.46750643584228,24.19810574046779,26.15725723921456,6.0,21.48795209478872,26.136811580268123,0.2560000000000003,Two-sided ACI,70,0.0,79.0,0.0,4.689750803372277,4.648859485479402,-0.02044565894643746,2.730599304625507,1.9591514987467704,-0.7714478058787364,True,False,False,60–80%,Dry prior day,60–80%,Remaining 90%,Spring
2024-05-25,24.16,22.593169181920267,25.23979100824554,26.90865160697485,6.0,22.621976620179066,26.87984416871605,0.2600000000000003,Two-sided ACI,72,0.0,70.0,0.0,4.315482425054583,4.257867548536986,-0.028807438258798612,2.6466218263252728,1.6688605987293101,-0.9777612275959626,True,False,False,40–60%,Dry prior day,60–80%,Remaining 90%,Spring
2024-05-26,23.2,21.07800625027337,24.645749568889933,26.505135401965568,6.0,21.1106443238975,26.47249732834144,0.2640000000000003,Two-sided ACI,74,0.0,72.0,0.0,5.427129151692199,5.36185300444394,-0.032638073624129404,3.5677433186165644,1.8593858330756348,-1.7083574855409296,True,False,False,60–80%,Dry prior day,60–80%,Widest 10%,Spring
2024-05-27,27.34,20.74403686517729,24.42257316496968,27.28343683965811,6.0,20.77667493880142,27.250798766033977,0.2680000000000003,Two-sided ACI,79,0.0,74.0,0.0,6.539399974480819,6.474123827232557,-0.03263807362413118,3.678536299792391,2.860863674688428,-0.8176726251039632,False,False,True,60–80%,Dry prior day,60–80%,Widest 10%,Spring
2024-05-28,26.83,22.175361292671788,25.41261496412802,27.89772928731293,6.0,22.19580695161823,27.87728362836649,0.2520000000000003,Two-sided ACI,81,0.02,79.0,0.0,5.722367994641143,5.681476676748261,-0.020445658946441014,3.2372536714562337,2.4851143231849093,-0.7521393482713243,True,False,False,60–80%,Dry prior day,60–80%,Widest 10%,Spring
2024-05-29,27.72,23.27167140894481,26.409923324688243,28.389896485202577,6.0,23.29211706789125,28.36945082625613,0.2560000000000003,Two-sided ACI,80,0.01,81.0,0.02,5.118225076257769,5.07733375836488,-0.020445658946444567,3.138251915743435,1.9799731605143336,-1.1582787552291016,True,False,False,60–80%,Wet prior day,60–80%,Widest 10%,Spring
2024-05-30,26.93,23.4854294890787,26.652703289846237,28.93427717202158,6.0,23.5137888424873,28.90591781861298,0.2600000000000003,Two-sided ACI,81,0.04,80.0,0.01,5.44884768294288,5.392128976125679,-0.028359353408600185,3.1672738007675356,2.281573882175344,-0.8856999185921914,True,False,False,60–80%,Wet prior day,60–80%,Widest 10%,Spring
2024-05-31,27.75,24.012109635011253,27.42313848025381,30.006982631435992,6.0,24.040917073270045,29.9781751931772,0.2640000000000003,Two-sided ACI,72,0.0,81.0,0.04,5.994872996424739,5.937258119907156,-0.028807438258791507,3.4110288452425586,2.5838441511821806,-0.827184694060378,True,False,False,60–80%,Wet prior day,Highest 20%,Widest 10%,Spring
2024-06-01,29.44,24.75809699163209,28.2375131520194,29.703172846051483,6.0,24.78690442989089,29.67436540779269,0.2680000000000003,Two-sided ACI,84,0.0,72.0,0.0,4.945075854419393,4.8874609779017995,-0.028807438258796836,3.4794161603873093,1.4656596940320838,-2.0137564663552254,True,False,False,60–80%,Dry prior day,Highest 20%,Remaining 90%,Summer
2024-06-02,28.16,25.59214217308785,29.129936328604987,30.59225262025277,6.0,25.624780246711985,30.55961454662864,0.2720000000000003,Two-sided ACI,82,0.0,84.0,0.0,5.000110447164918,4.9348342999166555,-0.03263807362413118,3.537794155517137,1.462316291647781,-2.075477863869356,True,False,False,Warmest 20%,Dry prior day,Highest 20%,Remaining 90%,Summer
2024-06-03,31.92,26.444517790308048,30.621241203963663,32.39292812594553,6.0,26.491011130587367,32.34643478566621,0.2760000000000003,Two-sided ACI,86,0.0,82.0,0.0,5.948410335637483,5.8554236550788445,-0.046493340279319284,4.1767234136556155,1.7716869219818676,-2.405036491673748,True,False,False,60–80%,Dry prior day,Highest 20%,Widest 10%,Summer
2024-06-04,30.02,27.91111203599624,30.72088860796938,32.27190842371563,6.0,27.959565816700835,32.22345464301104,0.2800000000000003,Two-sided ACI,83,0.0,86.0,0.0,4.36079638771939,4.263888826310204,-0.04845378070459283,2.8097765719731385,1.5510198157462511,-1.2587567562268873,True,False,False,Warmest 20%,Dry prior day,Highest 20%,Remaining 90%,Summer
2024-06-05,33.34,27.31609248214649,31.462041580981392,33.14480514327619,6.0,27.36454626285109,33.0963513625716,0.2840000000000003,Two-sided ACI,90,0.0,83.0,0.0,5.828712661129696,5.731805099720514,-0.048453780704591054,4.145949098834901,1.6827635622947952,-2.463185536540106,False,False,True,Warmest 20%,Dry prior day,Highest 20%,Widest 10%,Summer
2024-06-06,31.86,28.34204910926412,31.998611956904547,33.79112041701741,6.0,28.37468718288825,33.75848234339328,0.2680000000000003,Two-sided ACI,89,0.0,90.0,0.0,5.4490713077532895,5.383795160505034,-0.03263807362412763,3.6565628476404264,1.7925084601128631,-1.8640543875275633,True,False,False,Warmest 20%,Dry prior day,Highest 20%,Widest 10%,Summer
2024-06-07,33.42,28.15312305650828,32.81862130200202,34.65520460078314,6.0,28.199616396787604,34.60871126050382,0.2720000000000003,Two-sided ACI,94,0.0,89.0,0.0,6.502081544274855,6.409094863716213,-0.04649334027932106,4.66549824549374,1.8365832987811146,-2.8289149467126258,True,False,False,Warmest 20%,Dry prior day,Highest 20%,Widest 10%,Summer
2024-06-08,29.2,29.24531842223453,33.01053474983844,34.62611232504956,6.0,29.294040286533782,34.57739046075031,0.2760000000000003,Two-sided ACI,80,0.05,94.0,0.0,5.380793902815032,5.283350174216526,-0.04872186429925307,3.7652163276039126,1.6155775752111197,-2.149638752392793,False,True,False,Warmest 20%,Dry prior day,Highest 20%,Widest 10%,Summer
2024-06-09,26.39,25.876892103846725,30.370574669303103,32.016602435101575,6.0,25.922844394180945,31.970650144767355,0.2600000000000003,Two-sided ACI,73,0.0,80.0,0.05,6.13971033125485,6.047805750586409,-0.045952290334220436,4.493682565456378,1.6460277657984719,-2.8476547996579065,True,False,False,60–80%,Wet prior day,Highest 20%,Widest 10%,Summer
2024-06-10,30.58,25.495917605320795,29.52461118981255,32.41152613239456,6.0,25.54241094560012,32.36503279211524,0.2640000000000003,Two-sided ACI,85,0.03,73.0,0.0,6.915608527073768,6.822621846515116,-0.04649334027932639,4.028693584491755,2.8869149425820133,-1.1417786419097418,True,False,False,60–80%,Dry prior day,Highest 20%,Widest 10%,Summer
2024-06-11,30.38,25.825135026108747,29.30426035899276,31.037255319373017,6.0,25.87358880681334,30.988801538668422,0.2680000000000003,Two-sided ACI,86,0.0,85.0,0.03,5.21212029326427,5.115212731855081,-0.04845378070459461,3.4791253328840135,1.7329949603802568,-1.7461303725037567,True,False,False,Warmest 20%,Wet prior day,Highest 20%,Widest 10%,Summer
2024-06-12,34.4,27.787848707835536,32.08722356256106,33.77399166481584,6.0,27.836570572134796,33.725269800516585,0.2720000000000003,Two-sided ACI,97,0.0,86.0,0.0,5.986142956980302,5.888699228381789,-0.04872186429925662,4.299374854725521,1.6867681022547814,-2.6126067524707395,False,False,True,Warmest 20%,Dry prior day,Highest 20%,Widest 10%,Summer
2024-06-13,33.45,29.62450914175063,33.296954680892924,34.882458469707444,6.0,29.65714721537476,34.84982039608332,0.2560000000000003,Two-sided ACI,93,0.0,97.0,0.0,5.2579493279568155,5.192673180708557,-0.032638073624129404,3.672445539142295,1.5855037888145205,-2.0869417503277745,True,False,False,Warmest 20%,Dry prior day,Highest 20%,Widest 10%,Summer
2024-06-14,31.12,30.60971502209086,34.65518901386847,36.58156144252618,6.0,30.65566731242508,36.53560915219196,0.2600000000000003,Two-sided ACI,82,0.08,93.0,0.0,5.97184642043532,5.879941839766879,-0.045952290334220436,4.045473991777612,1.9263724286577073,-2.119101563119905,True,False,False,Warmest 20%,Dry prior day,Highest 20%,Widest 10%,Summer
2024-06-15,31.23,27.418494419133367,31.413313219910265,33.53106419861139,6.0,27.464987759412686,33.48457085833207,0.2640000000000003,Two-sided ACI,90,0.0,82.0,0.08,6.112569779478022,6.019583098919384,-0.046493340279319284,3.9948188007768977,2.1177509787011246,-1.877067822075773,True,False,False,60–80%,Wet prior day,Highest 20%,Widest 10%,Summer
2024-06-16,31.67,27.157187497153718,30.44321037863213,32.688969091609955,6.0,27.203680837433037,32.64247575133064,0.2680000000000003,Two-sided ACI,84,0.0,90.0,0.0,5.531781594456238,5.438794913897606,-0.04649334027931573,3.286022881478413,2.2457587129778247,-1.0402641685005882,True,False,False,Warmest 20%,Dry prior day,Highest 20%,Widest 10%,Summer
2024-06-17,34.98,28.70456786187099,32.78805514242423,35.06340359152623,6.0,28.753021642575582,35.01494981082163,0.2720000000000003,Two-sided ACI,86,0.0,84.0,0.0,6.35883572965524,6.261928168246051,-0.04845378070459461,4.083487280553236,2.2753484491020046,-1.808138831451231,True,False,False,Warmest 20%,Dry prior day,Highest 20%,Widest 10%,Summer
2024-06-18,31.83,29.00732725328756,33.30424505876505,34.69973106695922,6.0,29.056049117586813,34.651009202659964,0.2760000000000003,Two-sided ACI,84,0.0,86.0,0.0,5.692403813671657,5.594960085073151,-0.04872186429925307,4.296917805477488,1.395486008194169,-2.901431797283319,True,False,False,Warmest 20%,Dry prior day,Highest 20%,Widest 10%,Summer
2024-06-19,33.53,28.63542835537869,34.13787579162978,36.17628028199714,6.0,28.692718714369608,36.11898992300622,0.2800000000000003,Two-sided ACI,72,0.0,84.0,0.0,7.540851926618448,7.42627120863661,-0.05729035899091883,5.502447436251092,2.0384044903673555,-3.4640429458837367,True,False,False,Warmest 20%,Dry prior day,Highest 20%,Widest 10%,Summer
2024-06-20,32.76,29.772944058386656,34.01727790939824,35.6909190500198,6.0,29.83023441737757,35.63362869102888,0.2840000000000003,Two-sided ACI,88,0.0,72.0,0.0,5.9179749916331446,5.80339427365131,-0.057290358990917056,4.244333851011582,1.6736411406215623,-2.57069271039002,True,False,False,60–80%,Dry prior day,Highest 20%,Widest 10%,Summer
2024-06-21,35.18,29.733220010318657,33.745596203406535,35.743107142588286,6.0,29.8104984913724,35.66582866153455,0.2880000000000003,Two-sided ACI,85,0.0,88.0,0.0,6.009887132269629,5.855330170162148,-0.07727848105374058,4.012376193087878,1.9975109391817512,-2.0148652539061267,True,False,False,Warmest 20%,Dry prior day,Highest 20%,Widest 10%,Summer
2024-06-22,34.15,30.702087557453297,33.99586553328504,35.21158225246612,6.0,30.78549114897953,35.12817866093988,0.2920000000000003,Two-sided ACI,89,0.01,85.0,0.0,4.509494695012826,4.342687511960349,-0.08340359152623833,3.2937779758317447,1.2157167191810814,-2.0780612566506633,True,False,False,Warmest 20%,Dry prior day,Highest 20%,Remaining 90%,Summer
2024-06-23,34.41,30.39931810509004,33.79107545279239,34.815708196502,6.0,30.482721696616277,34.732304604975766,0.2960000000000003,Two-sided ACI,96,0.0,89.0,0.01,4.416390091411962,4.249582908359489,-0.08340359152623655,3.3917573477023524,1.0246327437096099,-2.3671246039927425,True,False,False,Warmest 20%,Wet prior day,Highest 20%,Remaining 90%,Summer
2024-06-24,35.44,32.361211344964026,35.63181252648626,37.62983851612693,6.0,32.45752581961193,37.53352404147903,0.3000000000000003,Two-sided ACI,93,0.02,96.0,0.0,5.268627171162905,5.075998221867103,-0.096314474647901,3.270601181522231,1.9980259896406736,-1.2725751918815575,True,False,False,Warmest 20%,Dry prior day,Highest 20%,Widest 10%,Summer
2024-06-25,33.71,30.821568789181637,34.131656227058,35.483799791160024,6.0,30.92123555382729,35.38413302651436,0.3040000000000003,Two-sided ACI,99,0.0,93.0,0.02,4.6622310019783875,4.462897472687072,-0.09966676464565793,3.3100874378763656,1.3521435641020219,-1.9579438737743438,True,False,False,Warmest 20%,Wet prior day,Highest 20%,Remaining 90%,Summer
2024-06-26,35.79,31.202392058160992,35.059439957253,36.95579044150585,6.0,31.332488927223977,36.82569357244286,0.3080000000000003,Two-sided ACI,88,0.0,99.0,0.0,5.753398383344855,5.493204645218881,-0.1300968690629869,3.857047899092006,1.8963504842528494,-1.9606974148391565,True,False,False,Warmest 20%,Dry prior day,Highest 20%,Widest 10%,Summer
2024-06-27,32.5,31.098145323082083,34.86529137412428,36.29269051703314,6.0,31.23761628089061,36.15321955922461,0.3120000000000003,Two-sided ACI,90,0.01,88.0,0.0,5.194545193951054,4.915603278334,-0.13947095780852692,3.7671460510422,1.427399142908854,-2.339746908133346,True,False,False,Warmest 20%,Dry prior day,Highest 20%,Remaining 90%,Summer
2024-06-28,35.31,30.126587072789977,33.95687214500787,35.42310573288043,6.0,30.273970147747576,35.27572265792283,0.3160000000000003,Two-sided ACI,91,0.0,90.0,0.01,5.296518660090452,5.001752510175251,-0.1473830749576006,3.830285072217894,1.4662335878725585,-2.3640514843453353,False,False,True,Warmest 20%,Wet prior day,Highest 20%,Widest 10%,Summer
2024-06-29,33.5,31.72763798009724,34.35833957722255,35.875299369014385,6.0,31.829806819454205,35.77313052965742,0.3000000000000003,Two-sided ACI,82,0.0,91.0,0.0,4.147661388917147,3.9433237102032166,-0.10216883935696508,2.630701597125313,1.5169597917918338,-1.113741805333479,True,False,False,Warmest 20%,Dry prior day,Highest 20%,Remaining 90%,Summer
2024-06-30,30.48,30.75146123398366,34.453408292303266,35.72356137618097,6.0,30.86456696686409,35.61045564330054,0.3040000000000003,Two-sided ACI,88,0.14,82.0,0.0,4.972100142197306,4.745888676436451,-0.11310573288042747,3.701947058319604,1.2701530838777018,-2.431793974441902,False,True,False,60–80%,Dry prior day,Highest 20%,Remaining 90%,Summer
2024-07-01,32.91,29.765844112922466,32.558558984852496,35.794018623961435,7.0,29.862158587570363,35.69770414931354,0.2880000000000003,Two-sided ACI,82,0.02,88.0,0.14,6.028174511038969,5.835545561743174,-0.09631447464789744,2.7927148719300305,3.2354596391089387,0.4427447671789082,True,False,False,Warmest 20%,Wet prior day,Highest 20%,Widest 10%,Summer
2024-07-02,31.64,29.990518763845632,31.69138646091756,33.914953022296395,7.0,30.0926876032026,33.81278418293943,0.2920000000000003,Two-sided ACI,86,0.0,82.0,0.02,3.9244342584507628,3.7200965797368326,-0.10216883935696508,1.7008676970719279,2.223566561378835,0.522698864306907,True,False,False,60–80%,Wet prior day,Highest 20%,Remaining 90%,Summer
2024-07-03,34.96,30.162778019534763,33.063740897142644,35.44034161023253,7.0,30.27588375241519,35.3272358773521,0.2960000000000003,Two-sided ACI,90,0.0,86.0,0.0,5.277563590697767,5.051352124936912,-0.11310573288042747,2.9009628776078813,2.3766007130898856,-0.5243621645179957,True,False,False,Warmest 20%,Dry prior day,Highest 20%,Widest 10%,Summer
2024-07-04,31.61,30.124258717182613,32.9928243195446,35.61429974004672,7.0,30.26372967499114,35.47482878223819,0.3000000000000003,Two-sided ACI,82,0.0,90.0,0.0,5.490041022864105,5.211099107247051,-0.13947095780852692,2.86856560236199,2.621475420502115,-0.24709018185987475,True,False,False,Warmest 20%,Dry prior day,Highest 20%,Widest 10%,Summer
2024-07-05,33.81,30.83331009353835,34.1040584434926,36.42974258205106,7.0,30.99066713683708,36.27238553875233,0.3040000000000003,Two-sided ACI,82,0.0,82.0,0.0,5.596432488512711,5.281718401915253,-0.15735704329872924,3.2707483499542462,2.325684138558465,-0.9450642113957812,True,False,False,60–80%,Dry prior day,Highest 20%,Widest 10%,Summer
2024-07-06,33.36,31.248547398069164,33.020543684370814,35.08828681419366,7.0,31.4203086176284,34.91652559463442,0.3080000000000003,Two-sided ACI,87,0.0,82.0,0.0,3.8397394161244947,3.4962169770060214,-0.17176121955923662,1.7719962863016505,2.067743129822844,0.2957468435211936,True,False,False,60–80%,Dry prior day,Highest 20%,Remaining 90%,Summer
2024-07-07,31.93,30.47044560297237,32.93631941062483,34.96812826972029,7.0,30.642206822531605,34.79636705016105,0.3120000000000003,Two-sided ACI,83,0.05,87.0,0.0,4.49768266674792,4.154160227629447,-0.17176121955923662,2.4658738076524642,2.031808859095456,-0.4340649485570083,True,False,False,Warmest 20%,Dry prior day,Highest 20%,Remaining 90%,Summer
2024-07-08,36.08,30.748542729231065,33.00945657513288,35.49764040462834,7.0,30.92252644039595,35.323656693463455,0.3160000000000003,Two-sided ACI,82,0.0,83.0,0.05,4.749097675397277,4.401130253067507,-0.17398371116488498,2.2609138459018148,2.488183829495462,0.22726998359364714,False,False,True,Warmest 20%,Wet prior day,Highest 20%,Remaining 90%,Summer
2024-07-09,33.38,32.52489242461326,34.12242930106528,36.026099641446464,7.0,32.67227549957086,35.87871656648886,0.3000000000000003,Two-sided ACI,89,0.0,82.0,0.0,3.501207216833201,3.2064410669180035,-0.14738307495759884,1.5975368764520184,1.9036703403811828,0.3061334639291644,True,False,False,60–80%,Dry prior day,Highest 20%,Remaining 90%,Summer
2024-07-10,36.55,32.56814543284586,35.26530070891159,37.42736534737272,7.0,32.7399066524051,37.25560412781348,0.3040000000000003,Two-sided ACI,92,0.0,89.0,0.0,4.859219914526861,4.5156974754083805,-0.17176121955924017,2.697155276065729,2.162064638461132,-0.535090637604597,True,False,False,Warmest 20%,Dry prior day,Highest 20%,Remaining 90%,Summer
2024-07-11,36.76,32.46039945165671,34.53823201829414,36.53520087118007,7.0,32.6343831628216,36.36121716001518,0.3080000000000003,Two-sided ACI,97,0.0,92.0,0.0,4.074801419523361,3.72683399719358,-0.1739837111648903,2.0778325666374258,1.996968852885935,-0.0808637137514907,False,False,True,Warmest 20%,Dry prior day,Highest 20%,Remaining 90%,Summer
2024-07-12,39.34,33.89802005869562,36.73802823364896,38.723362222558286,7.0,34.03749101650415,38.58389126474976,0.2920000000000003,Two-sided ACI,102,0.0,97.0,0.0,4.825342163862665,4.546400248245611,-0.13947095780852692,2.84000817495334,1.9853339889093249,-0.854674186044015,False,False,True,Warmest 20%,Dry prior day,Highest 20%,Remaining 90%,Summer
2024-07-13,36.94,34.91705802077188,37.62375220359266,39.38114819976772,7.0,35.016724785417544,39.28148143512206,0.2760000000000003,Two-sided ACI,96,0.0,102.0,0.0,4.464090178995839,4.264756649704516,-0.09966676464566149,2.706694182820776,1.7573959961750631,-0.9492981866457129,True,False,False,Warmest 20%,Dry prior day,Highest 20%,Remaining 90%,Summer
2024-07-14,33.54,33.64418383824784,36.65053947184768,38.36720781856274,7.0,33.746352677604804,38.26503897920578,0.2800000000000003,Two-sided ACI,99,0.04,96.0,0.0,4.723023980314899,4.518686301600972,-0.1021688393569633,3.0063556335998385,1.7166683467150605,-1.289687286884778,False,True,False,Warmest 20%,Dry prior day,Highest 20%,Remaining 90%,Summer
2024-07-15,36.3,32.44263955360394,35.270018054584895,37.89480136739759,7.0,32.526043145130174,37.81139777587136,0.2640000000000003,Two-sided ACI,96,0.01,99.0,0.04,5.452161813793651,5.285354630741189,-0.08340359152623122,2.8273785009809558,2.6247833128126956,-0.20259518816826017,True,False,False,Warmest 20%,Wet prior day,Highest 20%,Widest 10%,Summer
2024-07-16,34.0,32.130316728278366,34.10783427378255,36.06124952357891,7.0,32.2137203198046,35.977845932052674,0.2680000000000003,Two-sided ACI,89,0.0,96.0,0.01,3.930932795300542,3.7641256122480726,-0.08340359152623478,1.9775175455041847,1.9534152497963575,-0.02410229570782718,True,False,False,Warmest 20%,Wet prior day,Highest 20%,Remaining 90%,Summer
2024-07-17,36.45,32.56949588815677,35.54403691079954,37.5801583225246,7.0,32.66581036280468,37.4838438478767,0.2720000000000003,Two-sided ACI,88,0.0,89.0,0.0,5.0106624343678305,4.8180334850720214,-0.09631447464790455,2.974541022642768,2.0361214117250626,-0.9384196109177054,True,False,False,Warmest 20%,Dry prior day,Highest 20%,Remaining 90%,Summer
2024-07-18,34.8,32.988123376462056,35.261184344327894,36.98478050936153,7.0,33.08779014110772,36.885113744715866,0.2760000000000003,Two-sided ACI,85,0.0,88.0,0.0,3.9966571328994718,3.797323603608149,-0.09966676464566149,2.2730609678658382,1.7235961650336336,-0.5494648028322047,True,False,False,Warmest 20%,Dry prior day,Highest 20%,Remaining 90%,Summer
2024-07-19,35.21,33.82976812672366,36.26592286687428,38.24839957827011,7.0,33.93193696608062,38.14623073891315,0.2800000000000003,Two-sided ACI,89,0.06,85.0,0.0,4.418631451546453,4.2142937728325265,-0.1021688393569633,2.43615474015062,1.982476711395833,-0.453678028754787,True,False,False,Warmest 20%,Dry prior day,Highest 20%,Remaining 90%,Summer
2024-07-20,31.46,32.79044733237348,34.6607496648176,36.239181037276005,7.0,32.892616171730445,36.13701219791904,0.2840000000000003,Two-sided ACI,85,0.36,89.0,0.06,3.448733704902523,3.2443960261885962,-0.1021688393569633,1.870302332444119,1.5784313724584038,-0.2918709599857152,False,True,False,Warmest 20%,Wet prior day,Highest 20%,Remaining 90%,Summer
2024-07-21,27.65,29.189382301693524,31.5620413174899,33.518731684095584,7.0,29.266660782747262,33.441453203041846,0.2680000000000003,Two-sided ACI,80,0.01,85.0,0.36,4.329349382402061,4.174792420294583,-0.0772784810537388,2.3726590157963763,1.9566903666056845,-0.41596864919069176,False,True,False,Warmest 20%,Wet prior day,Highest 20%,Remaining 90%,Summer
2024-07-22,32.51,28.274030936050373,30.427386610557647,33.49676579238933,7.0,28.322484716754968,33.448312011684735,0.2520000000000003,Two-sided ACI,85,0.0,80.0,0.01,5.22273485633896,5.125827294929767,-0.04845378070459638,2.1533556745072744,3.0693791818316853,0.916023507324411,True,False,False,60–80%,Wet prior day,Highest 20%,Widest 10%,Summer
2024-07-23,32.49,29.77730511724192,30.73064335640222,32.981097252009945,7.0,29.834595476232835,32.92380689301903,0.2560000000000003,Two-sided ACI,90,0.0,85.0,0.0,3.203792134768026,3.089211416786192,-0.057290358990917056,0.9533382391602991,2.250453895607727,1.2971156564474278,True,False,False,Warmest 20%,Dry prior day,Highest 20%,Remaining 90%,Summer
2024-07-24,35.01,31.365540937645022,33.715175219073394,35.73699170070898,7.0,31.44894452917126,35.65358810918274,0.2600000000000003,Two-sided ACI,93,0.0,90.0,0.0,4.3714507630639545,4.204643580011481,-0.08340359152623655,2.349634281428372,2.0218164816355824,-0.3278177997927898,True,False,False,Warmest 20%,Dry prior day,Highest 20%,Remaining 90%,Summer
2024-07-25,34.57,32.197704013325435,34.2620858578599,36.19901100694574,7.0,32.297370777971096,36.09934424230008,0.2640000000000003,Two-sided ACI,96,0.0,93.0,0.0,4.001306993620304,3.801973464328981,-0.09966676464566149,2.0643818445344664,1.9369251490858375,-0.12745669544862892,True,False,False,Warmest 20%,Dry prior day,Highest 20%,Remaining 90%,Summer
2024-07-26,35.68,33.450412052924705,35.52597747463267,37.978809157782166,7.0,33.55258089228167,37.8766403184252,0.2680000000000003,Two-sided ACI,93,0.0,96.0,0.0,4.528397104857461,4.324059426143535,-0.1021688393569633,2.0755654217079638,2.4528316831494976,0.37726626144153386,True,False,False,Warmest 20%,Dry prior day,Highest 20%,Remaining 90%,Summer
2024-07-27,32.27,32.30021291129843,34.51325119851192,36.56513712417146,7.0,32.41331864417886,36.45203139129104,0.2720000000000003,Two-sided ACI,90,0.02,93.0,0.0,4.2649242128730265,4.038712747112179,-0.11310573288042391,2.213038287213486,2.0518859256595405,-0.1611523615539454,False,True,False,Warmest 20%,Dry prior day,Highest 20%,Remaining 90%,Summer
2024-07-28,31.47,28.95289635875288,31.43779849755046,33.32184209868814,7.0,29.036299950279115,33.2384385071619,0.2560000000000003,Two-sided ACI,94,0.05,90.0,0.02,4.368945739935256,4.202138556882787,-0.08340359152623478,2.4849021387975796,1.8840436011376767,-0.6008585376599029,True,False,False,Warmest 20%,Wet prior day,Highest 20%,Remaining 90%,Summer
2024-07-29,36.53,30.04336360748644,32.03597191652962,34.51495157782777,7.0,30.139678082134346,34.41863710317988,0.2600000000000003,Two-sided ACI,95,0.0,94.0,0.05,4.471587970341332,4.278959021045537,-0.09631447464789744,1.9926083090431774,2.4789796612981547,0.4863713522549773,False,False,True,Warmest 20%,Wet prior day,Highest 20%,Remaining 90%,Summer
2024-07-30,33.61,32.40204360528137,34.07067019167774,35.59114320605036,7.0,32.45049738598597,35.54268942534577,0.2440000000000002,Two-sided ACI,94,0.0,95.0,0.0,3.1890996007689907,3.0921920393598015,-0.04845378070459461,1.6686265863963712,1.5204730143726195,-0.14815357202375168,True,False,False,Warmest 20%,Dry prior day,Highest 20%,Remaining 90%,Summer
2024-07-31,36.54,32.34590342739227,35.259747546332534,36.94625245385556,7.0,32.42318190844601,36.86897397280181,0.2480000000000002,Two-sided ACI,94,0.0,94.0,0.0,4.6003490264632845,4.4457920643558,-0.07727848105374235,2.9138441189402613,1.6865049075230232,-1.2273392114172381,True,False,False,Warmest 20%,Dry prior day,Highest 20%,Remaining 90%,Summer
2024-08-01,34.73,32.924609336073594,35.446613980708065,37.36770649033675,7.0,33.00801292759983,37.28430289881052,0.2520000000000003,Two-sided ACI,96,0.0,94.0,0.0,4.443097154263157,4.276289971210694,-0.08340359152623122,2.522004644634471,1.9210925096286857,-0.6009121350057853,True,False,False,Warmest 20%,Dry prior day,Highest 20%,Remaining 90%,Summer
2024-08-02,36.41,33.31548978568112,36.16267441513586,38.071656407447634,7.0,33.39889337720736,37.9882528159214,0.2560000000000003,Two-sided ACI,97,0.0,96.0,0.0,4.756166621766511,4.589359438714041,-0.08340359152623478,2.8471846294547376,1.908981992311773,-0.9382026371429646,True,False,False,Warmest 20%,Dry prior day,Highest 20%,Remaining 90%,Summer
2024-08-03,35.1,32.72537572053528,34.80720337706614,36.50000337604245,7.0,32.825042485180944,36.40033661139679,0.2600000000000003,Two-sided ACI,94,0.0,97.0,0.0,3.7746276555071674,3.5752941262158444,-0.09966676464566149,2.081827656530855,1.6927999989763123,-0.3890276575545428,True,False,False,Warmest 20%,Dry prior day,Highest 20%,Remaining 90%,Summer
2024-08-04,34.04,31.85091946382521,34.12008784858367,35.493545287116504,7.0,31.96402519670564,35.38043955423608,0.2640000000000003,Two-sided ACI,94,0.0,94.0,0.0,3.6426258232912936,3.416414357530435,-0.11310573288042924,2.269168384758462,1.3734574385328315,-0.8957109462256305,True,False,False,Warmest 20%,Dry prior day,Highest 20%,Remaining 90%,Summer
2024-08-05,36.46,32.92193560565927,35.25727536990758,37.48314934803288,7.0,33.0614065634678,37.34367839022435,0.2680000000000003,Two-sided ACI,92,0.0,94.0,0.0,4.56121374237361,4.282271826756549,-0.13947095780853047,2.3353397642483102,2.2258739781253,-0.10946578612301039,True,False,False,Warmest 20%,Dry prior day,Highest 20%,Remaining 90%,Summer
2024-08-06,33.7,32.6296571397304,34.660076897402114,36.28024229505543,7.0,32.803640850895285,36.10625858389054,0.2720000000000003,Two-sided ACI,92,0.0,92.0,0.0,3.6505851553250324,3.302617732995259,-0.17398371116488676,2.030419757671716,1.6201653976533166,-0.4102543600183992,True,False,False,Warmest 20%,Dry prior day,Highest 20%,Remaining 90%,Summer
2024-08-07,33.23,32.60137836576985,35.33677777389962,37.16520559045768,7.0,32.79629202299873,36.97029193322879,0.2760000000000003,Two-sided ACI,90,0.14,92.0,0.0,4.563827224687834,4.173999910230066,-0.19491365722888432,2.735399408129773,1.8284278165580616,-0.9069715915717111,True,False,False,Warmest 20%,Dry prior day,Highest 20%,Remaining 90%,Summer
2024-08-08,27.63,30.213670285264897,32.82845231523901,34.711585861481566,7.0,30.422966241336795,34.50228990540967,0.2800000000000003,Two-sided ACI,70,0.25,90.0,0.14,4.49791557621667,4.079323664072874,-0.2092959560718981,2.6147820299741156,1.8831335462425542,-0.7316484837315613,False,True,False,Warmest 20%,Wet prior day,Highest 20%,Remaining 90%,Summer
2024-08-09,25.75,27.520183384039576,30.592208198971075,33.05459335379649,7.0,27.677540427338307,32.89723631049776,0.2640000000000003,Two-sided ACI,65,0.31,70.0,0.25,5.534409969756915,5.219695883159453,-0.15735704329873101,3.072024814931499,2.462385154825416,-0.6096396601060832,False,True,False,40–60%,Wet prior day,Highest 20%,Widest 10%,Summer
2024-08-10,23.79,24.4868557445235,26.808134495820703,29.09032312785677,7.0,24.5831702191714,28.99400865320887,0.2480000000000002,Two-sided ACI,72,0.26,65.0,0.31,4.603467383333271,4.410838434037469,-0.096314474647901,2.3212787512972035,2.2821886320360676,-0.039090119261135925,False,True,False,40–60%,Wet prior day,60–80%,Remaining 90%,Summer
2024-08-11,24.14,22.83740559919005,25.28415164542401,27.51843557067892,7.0,22.88389893946937,27.4719422303996,0.2320000000000002,Two-sided ACI,90,0.0,72.0,0.26,4.681029971488872,4.58804329093023,-0.04649334027932106,2.4467460462339616,2.2342839252549105,-0.21246212097905115,True,False,False,60–80%,Wet prior day,60–80%,Remaining 90%,Summer
2024-08-12,28.24,25.55669499788996,27.48798990176257,30.668687709557915,7.0,25.605148778594558,30.62023392885332,0.2360000000000002,Two-sided ACI,84,0.0,90.0,0.0,5.1119927116679555,5.015085150258763,-0.04845378070459638,1.9312949038726117,3.180697807795344,1.2494029039227321,True,False,False,Warmest 20%,Dry prior day,Highest 20%,Widest 10%,Summer
2024-08-13,25.88,27.330211208461836,28.257595024888147,30.1660421277694,7.0,27.378664989166428,30.117588347064807,0.2400000000000002,Two-sided ACI,86,0.9,84.0,0.0,2.835830919307565,2.738923357898379,-0.04845378070459283,0.9273838164263104,1.9084471028812544,0.981063286454944,False,True,False,Warmest 20%,Dry prior day,Highest 20%,Remaining 90%,Summer
2024-08-14,25.7,24.9196484729611,27.5081938406776,29.70716000087473,7.0,24.95228654658523,29.6745219272506,0.2240000000000002,Two-sided ACI,86,0.03,86.0,0.9,4.7875115279136295,4.722235380665367,-0.03263807362413118,2.588545367716499,2.1989661601971306,-0.38957920751936825,True,False,False,Warmest 20%,Wet prior day,Highest 20%,Remaining 90%,Summer
2024-08-15,25.55,25.40468913020933,26.53903000586055,27.81834623143005,7.0,25.451182470488654,27.77185289115073,0.2280000000000002,Two-sided ACI,85,0.0,86.0,0.03,2.4136571012207177,2.3206704206620756,-0.04649334027932106,1.134340875651219,1.2793162255694988,0.14497534991827976,True,False,False,Warmest 20%,Wet prior day,60–80%,Remaining 90%,Summer
2024-08-16,28.05,26.14972195097841,26.78832478092638,28.805646472501795,7.0,26.198175731683005,28.7571926917972,0.2320000000000002,Two-sided ACI,89,0.02,85.0,0.0,2.655924521523385,2.559016960114196,-0.04845378070459461,0.6386028299479705,2.0173216915754146,1.3787188616274442,True,False,False,Warmest 20%,Dry prior day,60–80%,Remaining 90%,Summer
2024-08-17,28.54,25.5692474430676,26.806647593633517,28.18728955472273,7.0,25.646525924121335,28.11001107366899,0.2360000000000002,Two-sided ACI,95,0.0,89.0,0.02,2.6180421116551322,2.4634851495476546,-0.0772784810537388,1.237400150565918,1.3806419610892142,0.1432418105232962,False,False,True,Warmest 20%,Wet prior day,60–80%,Remaining 90%,Summer
2024-08-18,29.57,26.726529744165557,28.325792756914414,29.665578383610743,7.0,26.754889097574157,29.637219030202143,0.2200000000000002,Two-sided ACI,92,0.0,95.0,0.0,2.9390486394451862,2.882329932627986,-0.028359353408600185,1.5992630127488567,1.3397856266963295,-0.25947738605252724,True,False,False,Warmest 20%,Dry prior day,Highest 20%,Remaining 90%,Summer
2024-08-19,31.83,29.056448756754044,31.04009380746113,32.885768286269226,7.0,29.102942097033363,32.83927494598991,0.2240000000000002,Two-sided ACI,89,0.0,92.0,0.0,3.829319529515182,3.7363328489565433,-0.046493340279319284,1.9836450507070857,1.845674478808096,-0.13797057189898965,True,False,False,Warmest 20%,Dry prior day,Highest 20%,Remaining 90%,Summer
2024-08-20,29.35,28.627968293336853,31.096983013116144,32.71516698105856,7.0,28.676422074041447,32.66671320035397,0.2280000000000002,Two-sided ACI,93,0.04,89.0,0.0,4.087198687721706,3.9902911263125205,-0.04845378070459283,2.4690147197792918,1.6181839679424144,-0.8508307518368774,True,False,False,Warmest 20%,Dry prior day,Highest 20%,Remaining 90%,Summer
2024-08-21,32.03,27.550473712668577,30.161305087376725,31.98105548766681,7.0,27.62775219372232,31.903777006613076,0.2320000000000002,Two-sided ACI,92,0.0,93.0,0.04,4.430581774998235,4.276024812890757,-0.0772784810537388,2.610831374708148,1.8197504002900864,-0.7910809744180618,False,False,True,Warmest 20%,Wet prior day,Highest 20%,Remaining 90%,Summer
2024-08-22,30.3,28.133325816285836,30.289782305145728,31.648402776479134,7.0,28.165963889909964,31.615764702855007,0.2160000000000002,Two-sided ACI,84,0.0,92.0,0.0,3.515076960193298,3.4498008129450426,-0.03263807362412763,2.1564564888598916,1.3586204713334062,-0.7978360175264854,True,False,False,Warmest 20%,Dry prior day,Highest 20%,Remaining 90%,Summer
2024-08-23,31.9,28.62544706282478,30.82199833356901,31.93911134912951,7.0,28.671940403104102,31.892618008850192,0.2200000000000002,Two-sided ACI,86,0.01,84.0,0.0,3.313664286304732,3.22067760574609,-0.04649334027932106,2.19655127074423,1.117113015560502,-1.079438255183728,False,False,True,Warmest 20%,Dry prior day,Highest 20%,Remaining 90%,Summer
2024-08-24,29.65,28.60400706881428,30.28442738938466,30.876349317458327,7.0,28.611193275376184,30.86916311089642,0.2040000000000002,Two-sided ACI,91,0.0,86.0,0.01,2.2723422486440477,2.2579698355202353,-0.007186206561906161,1.6804203205703807,0.591921928073667,-1.0884983924967138,True,False,False,Warmest 20%,Wet prior day,Highest 20%,Remaining 90%,Summer
2024-08-25,29.78,28.23267792186573,30.387875455525688,31.16877450581449,7.0,28.26531599548986,31.13613643219036,0.2080000000000002,Two-sided ACI,90,0.0,91.0,0.0,2.9360965839487605,2.870820436700498,-0.03263807362413118,2.1551975336599583,0.7808990502888022,-1.374298483371156,True,False,False,Warmest 20%,Dry prior day,Highest 20%,Remaining 90%,Summer
2024-08-26,31.38,29.120632464230056,31.13064779323376,32.786845633220935,7.0,29.153270537854187,32.75420755959681,0.2120000000000002,Two-sided ACI,83,0.05,90.0,0.0,3.666213168990879,3.60093702174262,-0.032638073624129404,2.0100153290037035,1.6561978399871755,-0.353817489016528,True,False,False,Warmest 20%,Dry prior day,Highest 20%,Remaining 90%,Summer
2024-08-27,29.79,28.35471213648997,29.98633605353757,30.895479516686137,7.0,28.403165917194567,30.847025735981543,0.2160000000000002,Two-sided ACI,84,0.0,83.0,0.05,2.5407673801961685,2.443859818786976,-0.04845378070459638,1.6316239170476017,0.9091434631485669,-0.7224804538990348,True,False,False,Warmest 20%,Wet prior day,Highest 20%,Remaining 90%,Summer
2024-08-28,32.16,29.29078334047256,30.958072886521343,32.1217820061992,7.0,29.3680618215263,32.04450352514546,0.2200000000000002,Two-sided ACI,92,0.0,84.0,0.0,2.8309986657266357,2.676441703619158,-0.0772784810537388,1.6672895460487815,1.1637091196778542,-0.5035804263709274,False,False,True,Warmest 20%,Dry prior day,Highest 20%,Remaining 90%,Summer
2024-08-29,31.15,29.03007876823144,30.70522236996498,31.730373603558704,7.0,29.037264974793345,31.7231873969968,0.2040000000000002,Two-sided ACI,84,0.0,92.0,0.0,2.700294835327263,2.685922422203454,-0.007186206561904385,1.675143601733538,1.025151233593725,-0.649992368139813,True,False,False,Warmest 20%,Dry prior day,Highest 20%,Remaining 90%,Summer
2024-08-30,32.13,29.790234083564997,31.70291111334874,33.09755754510458,7.0,29.829345432694502,33.058446195975066,0.2080000000000002,Two-sided ACI,86,0.0,84.0,0.0,3.307323461539582,3.229100763280563,-0.03911134912950942,1.9126770297837439,1.394646431755838,-0.5180305980279059,True,False,False,Warmest 20%,Dry prior day,Highest 20%,Remaining 90%,Summer
2024-08-31,29.46,29.28422444749444,31.015654097383955,32.229538620763776,7.0,29.323335796623955,32.19042727163426,0.2120000000000002,Two-sided ACI,91,0.0,86.0,0.0,2.9453141732693346,2.8670914750103087,-0.03911134912951297,1.7314296498895132,1.2138845233798214,-0.5175451265096918,True,False,False,Warmest 20%,Dry prior day,Highest 20%,Remaining 90%,Summer
2024-09-01,28.61,26.31462023266625,29.922116267463657,31.58028375194268,7.0,26.363074013370845,31.53182997123809,0.2160000000000002,Two-sided ACI,87,0.0,91.0,0.0,5.26566351927643,5.168755957867244,-0.04845378070459283,3.607496034797407,1.6581674844790228,-1.9493285503183841,True,False,False,Warmest 20%,Dry prior day,Highest 20%,Widest 10%,Fall
2024-09-02,31.8,25.994746913596558,29.670943488692515,32.64622042468419,7.0,26.072025394650296,32.56894194363045,0.2200000000000002,Two-sided ACI,87,0.0,87.0,0.0,6.65147351108763,6.496916548980153,-0.0772784810537388,3.6761965750959575,2.9752769359916726,-0.7009196391042849,True,False,False,Warmest 20%,Dry prior day,Highest 20%,Widest 10%,Fall
2024-09-03,30.04,27.37319046841944,30.37011579790834,31.87825352302832,7.0,27.456594059945672,31.794849931502085,0.2240000000000002,Two-sided ACI,92,0.0,87.0,0.0,4.505063054608879,4.338255871556413,-0.083403591526233,2.9969253294888993,1.5081377251199797,-1.4887876043689197,True,False,False,Warmest 20%,Dry prior day,Highest 20%,Remaining 90%,Fall
2024-09-04,30.44,28.1118166299536,31.20286725123113,33.05974527905601,7.0,28.19522022147984,32.976341687529775,0.2280000000000002,Two-sided ACI,84,0.15,92.0,0.0,4.947928649102408,4.781121466049935,-0.08340359152623655,3.091050621277528,1.8568780278248802,-1.234172593452648,True,False,False,Warmest 20%,Dry prior day,Highest 20%,Remaining 90%,Fall
2024-09-05,28.68,26.349973105639183,29.410379162664128,30.81648491677336,7.0,26.44555148924993,30.72090653316262,0.2320000000000002,Two-sided ACI,78,0.0,84.0,0.15,4.4665118111341755,4.27535504391269,-0.09557838361074289,3.060406057024945,1.4061057541092303,-1.6543003029157148,True,False,False,Warmest 20%,Wet prior day,Highest 20%,Remaining 90%,Fall
2024-09-06,31.67,27.032158126740597,29.705516874546674,31.42537958374985,7.0,27.131824891386252,31.325712819104197,0.2360000000000002,Two-sided ACI,82,0.0,78.0,0.0,4.393221457009254,4.193887927717945,-0.09966676464565438,2.673358747806077,1.719862709203177,-0.9534960386028999,False,False,True,60–80%,Dry prior day,Highest 20%,Remaining 90%,Fall
2024-09-07,29.55,27.28648980919457,29.384037274382436,30.60501672402372,7.0,27.363768290248316,30.527738242969978,0.2200000000000002,Two-sided ACI,86,0.0,82.0,0.0,3.3185269148291496,3.1639699527216614,-0.07727848105374413,2.0975474651878656,1.220979449641284,-0.8765680155465816,True,False,False,60–80%,Dry prior day,Highest 20%,Remaining 90%,Fall
2024-09-08,29.59,26.384155434199883,29.292396113701635,30.47810964032461,7.0,26.46755902572612,30.394706048798376,0.2240000000000002,Two-sided ACI,87,0.0,86.0,0.0,4.093954206124728,3.927147023072255,-0.08340359152623655,2.908240679501752,1.1857135266229761,-1.7225271528787758,True,False,False,Warmest 20%,Dry prior day,Highest 20%,Remaining 90%,Fall
2024-09-09,30.97,27.93476192303405,30.08495261412167,32.07446834257075,7.0,28.03034030664479,31.97888995896001,0.2280000000000002,Two-sided ACI,89,0.01,87.0,0.0,4.139706419536704,3.948549652315222,-0.09557838361074111,2.1501906910876194,1.989515728449085,-0.16067496263853442,True,False,False,Warmest 20%,Dry prior day,Highest 20%,Remaining 90%,Fall
2024-09-10,28.54,27.234072762690644,29.161221728796576,30.344871265831245,7.0,27.333739527336306,30.245204501185583,0.2320000000000002,Two-sided ACI,89,0.02,89.0,0.01,3.1107985031406002,2.9114649738492773,-0.09966676464566149,1.927148966105932,1.1836495370346682,-0.7434994290712638,True,False,False,Warmest 20%,Wet prior day,Highest 20%,Remaining 90%,Fall
2024-09-11,30.56,26.653760033800364,28.972518239366536,30.578394914999635,7.0,26.76686576668079,30.465289182119207,0.2360000000000002,Two-sided ACI,85,0.01,89.0,0.02,3.924634881199271,3.698423415438416,-0.11310573288042747,2.318758205566173,1.6058766756330982,-0.7128815299330746,False,False,True,Warmest 20%,Wet prior day,Highest 20%,Remaining 90%,Fall
2024-09-12,28.78,26.42936187291611,28.556616675617665,29.687700019090528,7.0,26.506640353969853,29.610421538036785,0.2200000000000002,Two-sided ACI,89,0.0,85.0,0.01,3.2583381461744167,3.103781184066932,-0.07727848105374235,2.127254802701554,1.1310833434728629,-0.996171459228691,True,False,False,Warmest 20%,Wet prior day,Highest 20%,Remaining 90%,Fall
2024-09-13,31.91,27.48820250758662,29.67303999925658,31.154377899679325,7.0,27.571606099112856,31.07097430815309,0.2240000000000002,Two-sided ACI,79,0.0,89.0,0.0,3.666175392092704,3.4993682090402345,-0.08340359152623478,2.1848374916699598,1.4813379004227443,-0.7034995912472155,False,False,True,Warmest 20%,Dry prior day,Highest 20%,Remaining 90%,Fall
2024-09-14,29.14,28.08517923029829,29.68814229008405,30.511612365834058,7.0,28.103574145297927,30.493217450834425,0.2080000000000002,Two-sided ACI,86,0.0,79.0,0.0,2.426433135535767,2.3896433055364987,-0.018394914999634082,1.6029630597857576,0.8234700757500093,-0.7794929840357483,True,False,False,60–80%,Dry prior day,Highest 20%,Remaining 90%,Fall
2024-09-15,29.2,27.16624150956831,29.41858492303911,30.363849537384148,7.0,27.184636424567945,30.345454622384512,0.2120000000000002,Two-sided ACI,88,0.0,86.0,0.0,3.197608027815839,3.1608181978165675,-0.01839491499963586,2.2523434134708005,0.9452646143450387,-1.3070787991257617,True,False,False,Warmest 20%,Dry prior day,Highest 20%,Remaining 90%,Fall
2024-09-16,30.76,27.996351493217,29.556102434314123,31.670489827439283,7.0,28.035462842346515,31.63137847830977,0.2160000000000002,Two-sided ACI,83,0.0,88.0,0.0,3.6741383342222846,3.595915635963255,-0.03911134912951475,1.5597509410971249,2.1143873931251598,0.5546364520280349,True,False,False,Warmest 20%,Dry prior day,Highest 20%,Remaining 90%,Fall
2024-09-17,27.02,27.395544063105994,28.942305882455013,30.199394359041943,7.0,27.44399784381059,30.15094057833735,0.2200000000000002,Two-sided ACI,80,0.07,83.0,0.0,2.8038502959359484,2.7069427345267627,-0.04845378070459283,1.546761819349019,1.2570884765869295,-0.28967334276208945,False,True,False,Warmest 20%,Dry prior day,Highest 20%,Remaining 90%,Fall
2024-09-18,29.66,25.80830918681894,27.947186892827624,29.480146067196237,7.0,25.77809627552051,29.51035897849466,0.2040000000000002,Two-sided ACI,81,0.0,80.0,0.07,3.671836880377299,3.7322627029741504,0.030212911298425738,2.138877706008685,1.5329591743686137,-0.6059185316400715,False,False,True,60–80%,Wet prior day,Highest 20%,Remaining 90%,Fall
2024-09-19,28.0,26.31523772973653,27.66665688963458,28.996893438292204,7.0,26.258674569394643,29.053456598634096,0.1880000000000002,Two-sided ACI,81,0.0,81.0,0.0,2.681655708555674,2.794782029239453,0.056563160341889684,1.3514191598980503,1.3302365486576235,-0.021182611240426752,True,False,False,60–80%,Dry prior day,Highest 20%,Remaining 90%,Fall
2024-09-20,29.97,26.930091996179076,29.141695692928497,30.51999412999217,7.0,26.881147483845886,30.56893864232536,0.1920000000000002,Two-sided ACI,82,0.0,81.0,0.0,3.5899021338130943,3.687791158479474,0.04894451233318975,2.211603696749421,1.3782984370636733,-0.8333052596857478,True,False,False,60–80%,Dry prior day,Highest 20%,Remaining 90%,Fall
2024-09-21,26.51,26.903137913096906,28.32897655753575,29.33974195676753,7.0,26.85781949086238,29.38506037900205,0.1960000000000002,Two-sided ACI,73,0.0,82.0,0.0,2.4366040436706236,2.5272408881396693,0.04531842223452287,1.4258386444388442,1.0107653992317793,-0.4150732452070649,False,True,False,60–80%,Dry prior day,Highest 20%,Remaining 90%,Fall
2024-09-22,23.57,25.29796859012977,27.45875186618228,28.51997244477949,7.0,25.19378475188193,28.62415628302733,0.1800000000000002,Two-sided ACI,65,0.27,73.0,0.0,3.2220038546497207,3.4303715311454006,0.10418383824783994,2.160783276052509,1.0612205785972115,-1.0995626974552977,False,True,False,60–80%,Dry prior day,Highest 20%,Remaining 90%,Fall
2024-09-23,26.85,23.177077761398856,25.20933104884762,27.30592463409432,7.0,22.99802352412315,27.484978871370025,0.1640000000000002,Two-sided ACI,82,0.0,65.0,0.27,4.1288468726954655,4.486955347246877,0.17905423727570557,2.032253287448764,2.0965935852467013,0.06434029779793704,True,False,False,40–60%,Wet prior day,60–80%,Remaining 90%,Fall
2024-09-24,26.03,24.217122157746424,25.009695529850717,26.54858713441456,7.0,24.046570018440107,26.719139273720877,0.1680000000000002,Two-sided ACI,79,0.0,82.0,0.0,2.331464976668137,2.67256925528077,0.17055213930631652,0.7925733721042931,1.5388916045638439,0.7463182324595508,True,False,False,60–80%,Dry prior day,60–80%,Remaining 90%,Fall
2024-09-25,27.9,24.98523209861465,26.872239949464028,28.28006737608684,7.0,24.81467995930833,28.45061951539316,0.1720000000000002,Two-sided ACI,84,0.0,79.0,0.0,3.294835277472192,3.635939556084832,0.17055213930632007,1.887007850849379,1.4078274266228128,-0.47918042422656626,True,False,False,60–80%,Dry prior day,Highest 20%,Remaining 90%,Fall
2024-09-26,26.26,25.29746430637839,26.7218041331232,27.989610867513797,7.0,25.180663757189585,28.1064114167026,0.1760000000000002,Two-sided ACI,90,0.0,84.0,0.0,2.692146561135406,2.9257476595130143,0.11680054918880423,1.4243398267448093,1.2678067343905965,-0.15653309235421276,True,False,False,Warmest 20%,Dry prior day,60–80%,Remaining 90%,Fall
2024-09-27,28.75,25.96302911512735,27.58780115256028,29.27250114733023,7.0,25.85925320187104,29.37627706058654,0.1800000000000002,Two-sided ACI,86,0.0,90.0,0.0,3.3094720322028834,3.517023858715497,0.10377591325630675,1.6247720374329333,1.6846999947699501,0.059927957337016835,True,False,False,Warmest 20%,Dry prior day,Highest 20%,Remaining 90%,Fall
2024-09-28,26.01,25.96070775382295,27.09857355080589,28.00005213121797,7.0,25.856931840566645,28.10382804447428,0.1840000000000002,Two-sided ACI,87,0.0,86.0,0.0,2.0393443773950217,2.2468962039076352,0.10377591325630675,1.1378657969829433,0.9014785804120784,-0.23638721657086492,True,False,False,Warmest 20%,Dry prior day,Highest 20%,Remaining 90%,Fall
2024-09-29,26.5,23.95013752238817,26.04592906003449,27.218430787949977,7.0,23.893574362046284,27.27499394829187,0.1880000000000002,Two-sided ACI,88,0.0,87.0,0.0,3.2682932655618053,3.3814195862455847,0.056563160341889684,2.095791537646317,1.1725017279154883,-0.9232898097308286,True,False,False,Warmest 20%,Dry prior day,60–80%,Remaining 90%,Fall
2024-09-30,28.87,25.496425946836915,26.790961662175985,28.694129157509373,7.0,25.45110752460239,28.7394475797439,0.1920000000000002,Two-sided ACI,76,0.0,88.0,0.0,3.197703210672458,3.2883400551415107,0.04531842223452642,1.2945357153390695,1.9031674953333884,0.6086317799943188,False,False,True,Warmest 20%,Dry prior day,60–80%,Remaining 90%,Fall
2024-10-01,25.58,24.532874569965475,25.728328408286533,25.99269690710595,8.0,24.428690731717637,26.096880745353797,0.1760000000000002,Two-sided ACI,70,0.0,76.0,0.0,1.4598223371404764,1.6681900136361598,0.10418383824784172,1.1954538383210576,0.2643684988194188,-0.9310853395016387,True,False,False,60–80%,Dry prior day,60–80%,Remaining 90%,Fall
2024-10-02,26.73,23.917631827711443,25.833761436396195,26.569704738660505,8.0,23.86106866736955,26.6262678990024,0.1800000000000002,Two-sided ACI,88,0.0,70.0,0.0,2.6520729109490624,2.765199231632849,0.05656316034189324,1.9161296086847521,0.7359433022643103,-1.1801863064204419,False,False,True,40–60%,Dry prior day,60–80%,Remaining 90%,Fall
2024-10-03,24.74,22.623693605854047,24.162225872726456,25.08274811450296,8.0,22.46339834451455,25.24304337584245,0.1640000000000002,Two-sided ACI,72,0.0,88.0,0.0,2.4590545086489115,2.779645031327899,0.16029526133949368,1.5385322668724086,0.9205222417765029,-0.6180100250959057,True,False,False,Warmest 20%,Dry prior day,60–80%,Remaining 90%,Fall
2024-10-04,25.01,22.942793085198048,25.054008205986506,25.82119096108249,8.0,22.80550885354521,25.958475192735328,0.1680000000000002,Two-sided ACI,76,0.0,72.0,0.0,2.878397875884442,3.152966339190119,0.13728423165283843,2.111215120788458,0.767182755095984,-1.344032365692474,True,False,False,60–80%,Dry prior day,60–80%,Remaining 90%,Fall
2024-10-05,23.54,21.745001608601225,23.064254472484983,23.61645994972494,8.0,21.640817770353383,23.720643787972783,0.1720000000000002,Two-sided ACI,87,0.0,76.0,0.0,1.8714583411237165,2.0798260176194,0.10418383824784172,1.319252863883758,0.5522054772399585,-0.7670473866437995,True,False,False,60–80%,Dry prior day,60–80%,Remaining 90%,Fall
2024-10-06,23.11,20.87834951949985,22.350614732831065,22.97861694553588,8.0,20.774573606243543,23.082392858792183,0.1760000000000002,Two-sided ACI,74,0.0,87.0,0.0,2.10026742603603,2.30781925254864,0.10377591325630497,1.472265213331216,0.6280022127048142,-0.8442630006264018,False,False,True,Warmest 20%,Dry prior day,60–80%,Remaining 90%,Fall
2024-10-07,24.63,21.89445537814146,23.542356930834984,24.59922114765374,8.0,21.757171146488616,24.736505379306585,0.1600000000000002,Two-sided ACI,82,0.0,74.0,0.0,2.7047657695122815,2.979334232817969,0.13728423165284376,1.6479015526935257,1.0568642168187559,-0.5910373358747698,True,False,False,60–80%,Dry prior day,60–80%,Remaining 90%,Fall
2024-10-08,22.15,21.52092066714336,22.40382604499862,23.08066259112865,8.0,21.38953761267924,23.21204564559277,0.1640000000000002,Two-sided ACI,80,0.0,82.0,0.0,1.559741923985289,1.8225080329135288,0.1313830544641199,0.8829053778552591,0.6768365461300299,-0.20606883172522927,True,False,False,60–80%,Dry prior day,60–80%,Remaining 90%,Fall
2024-10-09,23.74,20.90956684001101,22.33603507441064,23.48608897504059,8.0,20.805790926754703,23.58986488829689,0.1680000000000002,Two-sided ACI,81,0.0,80.0,0.0,2.576522135029581,2.7840739615421874,0.1037759132563032,1.4264682343996284,1.1500539006299526,-0.27641433376967584,False,False,True,60–80%,Dry prior day,60–80%,Remaining 90%,Fall
2024-10-10,22.26,20.58084389342134,21.649842074811065,22.288000437954963,8.0,20.420548632081843,22.44829569929446,0.1520000000000002,Two-sided ACI,87,0.0,81.0,0.0,1.7071565445336248,2.0277470672126157,0.16029526133949545,1.068998181389727,0.6381583631438978,-0.43083981824582906,True,False,False,60–80%,Dry prior day,60–80%,Remaining 90%,Fall
2024-10-11,22.61,20.765033966952945,22.19331012891023,23.2931484090888,8.0,20.60473870561345,23.453443670428296,0.1560000000000002,Two-sided ACI,70,0.0,87.0,0.0,2.5281144421358555,2.8487049648148464,0.16029526133949545,1.4282761619572852,1.0998382801785702,-0.328437881778715,True,False,False,Warmest 20%,Dry prior day,60–80%,Remaining 90%,Fall
2024-10-12,20.64,19.98003431242345,20.89560219797323,21.40844352788835,8.0,19.84275008077061,21.54572775954119,0.1600000000000002,Two-sided ACI,80,0.0,70.0,0.0,1.4284092154648995,1.70297767877058,0.1372842316528402,0.9155678855497804,0.5128413299151191,-0.4027265556346613,True,False,False,40–60%,Dry prior day,60–80%,Remaining 90%,Fall
2024-10-13,20.05,18.41684941275187,20.188246757276275,20.970966156281264,8.0,18.312665574504027,21.075149994529102,0.1640000000000002,Two-sided ACI,68,0.0,80.0,0.0,2.554116743529395,2.762484420025075,0.10418383824783994,1.7713973445244058,0.7827193990049892,-0.9886779455194166,True,False,False,60–80%,Dry prior day,60–80%,Remaining 90%,Fall
2024-10-14,21.15,18.16059381663907,20.458882280267517,22.34120794611086,8.0,18.056817903382765,22.444983859367163,0.1680000000000002,Two-sided ACI,82,0.0,68.0,0.0,4.180614129471788,4.388165955984398,0.10377591325630497,2.2982884636284453,1.882325665843343,-0.41596279778510237,True,False,False,40–60%,Dry prior day,60–80%,Remaining 90%,Fall
2024-10-15,19.2,18.27223941154336,19.518122295615186,20.47744753189233,8.0,18.21567625120147,20.534010692234222,0.1720000000000002,Two-sided ACI,68,0.0,82.0,0.0,2.2052081203489706,2.3183344410327535,0.05656316034189146,1.2458828840718255,0.9593252362771452,-0.2865576477946803,True,False,False,60–80%,Dry prior day,60–80%,Remaining 90%,Fall
2024-10-16,18.67,18.31390993529033,19.779128140406865,20.826055673888423,8.0,18.2685915130558,20.871374096122956,0.1760000000000002,Two-sided ACI,75,0.0,68.0,0.0,2.512145738598093,2.6027825830671567,0.04531842223453175,1.4652182051165354,1.0469275334815578,-0.4182906716349777,True,False,False,40–60%,Dry prior day,60–80%,Remaining 90%,Fall
2024-10-17,18.38,16.80643618717987,17.96729811931396,18.94654285107722,8.0,16.76821819337907,18.984760844878014,0.1800000000000002,Two-sided ACI,71,0.0,75.0,0.0,2.140106663897349,2.216542651498944,0.0382179938007976,1.1608619321340896,0.9792447317632593,-0.1816172003708303,True,False,False,60–80%,Dry prior day,60–80%,Remaining 90%,Fall
2024-10-18,17.26,17.40301003181519,18.477921267877317,19.470331270574057,8.0,17.36479203801439,19.508549264374857,0.1840000000000002,Two-sided ACI,56,0.0,71.0,0.0,2.0673212387588684,2.143757226360467,0.03821799380079938,1.0749112360621282,0.9924100026967402,-0.08250123336538806,False,True,False,60–80%,Dry prior day,60–80%,Remaining 90%,Fall
2024-10-19,16.36,15.959018992211032,16.902984980571844,17.377638503954913,8.0,15.90245583186914,17.434201664296804,0.1680000000000002,Two-sided ACI,58,0.0,56.0,0.0,1.4186195117438807,1.5317458324276636,0.05656316034189146,0.9439659883608122,0.47465352338306843,-0.4693124649777438,True,False,False,20–40%,Dry prior day,40–60%,Remaining 90%,Fall
2024-10-20,16.83,15.447671986734964,16.297242835146662,16.889371831904555,8.0,15.391108826393074,16.945934992246446,0.1720000000000002,Two-sided ACI,72,0.0,58.0,0.0,1.441699845169591,1.5548261658533722,0.05656316034189057,0.8495708484116982,0.5921289967578929,-0.2574418516538053,True,False,False,40–60%,Dry prior day,40–60%,Remaining 90%,Fall
2024-10-21,17.55,16.495875279248015,17.381355561568437,18.80245224324384,8.0,16.44693076691483,18.851396755577024,0.1760000000000002,Two-sided ACI,72,0.0,72.0,0.0,2.306576963995827,2.4044659886621957,0.04894451233318442,0.8854802823204224,1.4210966816754045,0.5356163993549821,True,False,False,60–80%,Dry prior day,40–60%,Remaining 90%,Fall
2024-10-22,16.99,16.093302455898336,16.645922126021343,17.220097108888286,8.0,16.04798403366381,17.265415531122812,0.1800000000000002,Two-sided ACI,76,0.0,72.0,0.0,1.1267946529899504,1.2174314974590033,0.04531842223452642,0.5526196701230077,0.5741749828669427,0.021555312743934962,True,False,False,60–80%,Dry prior day,40–60%,Remaining 90%,Fall
2024-10-23,16.51,16.30246134585984,16.99110557881332,18.01921895954473,8.0,16.257142923625313,18.064537381779257,0.1840000000000002,Two-sided ACI,70,0.0,76.0,0.0,1.7167576136848908,1.8073944581539436,0.04531842223452642,0.6886442329534788,1.028113380731412,0.33946914777793324,True,False,False,60–80%,Dry prior day,40–60%,Remaining 90%,Fall
2024-10-24,16.53,15.173956873692386,16.26345228252938,16.784376577154234,8.0,15.135738879891589,16.822594570955033,0.1880000000000002,Two-sided ACI,66,0.0,70.0,0.0,1.6104197034618473,1.6868556910634442,0.03821799380079849,1.0894954088369921,0.5209242946248551,-0.568571114212137,True,False,False,40–60%,Dry prior day,40–60%,Remaining 90%,Fall
2024-10-25,16.17,15.701169413014211,16.507012767479075,17.22053321637057,8.0,15.670390560667952,17.251312068716828,0.1920000000000002,Two-sided ACI,64,0.0,66.0,0.0,1.5193638033563577,1.5809215080488759,0.0307788523462591,0.805843354464864,0.7135204488914937,-0.0923229055733703,True,False,False,40–60%,Dry prior day,40–60%,Remaining 90%,Fall
2024-10-26,15.76,14.665507734022071,15.65729034065708,15.937449479406116,8.0,14.683902649021707,15.91905456440648,0.1960000000000002,Two-sided ACI,71,0.0,64.0,0.0,1.2719417453840443,1.2351519153847725,-0.01839491499963586,0.9917826066350077,0.28015913874903653,-0.7116234678859712,True,False,False,40–60%,Dry prior day,40–60%,Remaining 90%,Fall
2024-10-27,15.83,14.544758753529408,15.560617545743566,16.14948308906793,8.0,14.563153668529043,16.131088174068296,0.2000000000000002,Two-sided ACI,70,0.0,71.0,0.0,1.6047243355385241,1.5679345055392524,-0.01839491499963586,1.0158587922141589,0.5888655433243652,-0.4269932488897936,True,False,False,60–80%,Dry prior day,40–60%,Remaining 90%,Fall
2024-10-28,17.71,15.381589073191908,16.617298603522258,17.67369656447244,8.0,15.40958951114687,17.64569612651748,0.2040000000000002,Two-sided ACI,73,0.0,70.0,0.0,2.2921074912805324,2.236106615370609,-0.028000437954961654,1.2357095303303502,1.0563979609501821,-0.17931156938016812,False,False,True,40–60%,Dry prior day,40–60%,Remaining 90%,Fall
2024-10-29,17.09,15.512647085440282,16.237879274417004,16.906681204951816,8.0,15.47634364991272,16.942984640479377,0.1880000000000002,Two-sided ACI,56,0.02,73.0,0.0,1.3940341195115344,1.466640990566658,0.03630343552756177,0.7252321889767224,0.6688019305348121,-0.0564302584419103,False,False,True,60–80%,Dry prior day,40–60%,Remaining 90%,Fall
2024-10-30,15.42,15.458371970161243,16.46206238637402,17.044910216779826,8.0,15.401808809819354,17.101473377121717,0.1720000000000002,Two-sided ACI,46,0.26,56.0,0.02,1.5865382466185824,1.6996645673023636,0.05656316034189057,1.003690416212775,0.5828478304058073,-0.42084258580696776,True,False,False,20–40%,Wet prior day,40–60%,Remaining 90%,Fall
2024-10-31,8.95,13.160592278332622,14.916831838664788,15.490441986286072,8.0,13.111647765999436,15.539386498619258,0.1760000000000002,Two-sided ACI,52,0.03,46.0,0.26,2.32984970795345,2.4277387326198223,0.048944512333186196,1.7562395603321654,0.5736101476212845,-1.182629412710881,False,True,False,Coolest 20%,Wet prior day,40–60%,Remaining 90%,Fall
2024-11-01,13.75,10.171302172684356,11.659298699969304,13.338443796017522,8.0,10.034017941031513,13.475728027670364,0.1600000000000002,Two-sided ACI,56,0.0,52.0,0.03,3.1671416233331655,3.4417100866388513,0.13728423165284287,1.4879965272849471,1.6791450960482184,0.19114856876327124,False,False,True,20–40%,Wet prior day,Lowest 20%,Remaining 90%,Fall
2024-11-02,13.01,11.945293585459444,12.124248461160374,13.374566079424884,8.0,11.765439652655678,13.55442001222865,0.1440000000000001,Two-sided ACI,58,0.0,56.0,0.0,1.4292724939654402,1.7889803595729727,0.17985393280376627,0.1789548757009296,1.2503176182645106,1.071362742563581,True,False,False,20–40%,Dry prior day,Lowest 20%,Remaining 90%,Fall
2024-11-03,14.63,12.313011340707046,13.877970555043897,14.569463031420389,8.0,12.137140498216418,14.745333873911015,0.1480000000000002,Two-sided ACI,58,0.0,58.0,0.0,2.2564516907133427,2.608193375694597,0.17587084249062723,1.5649592143368505,0.6914924763764922,-0.8734667379603582,True,False,False,40–60%,Dry prior day,Lowest 20%,Remaining 90%,Fall
2024-11-04,12.61,14.754164519821511,15.693487755418143,17.17684319204706,8.0,14.593869258482016,17.337138453386554,0.1520000000000002,Two-sided ACI,47,0.0,58.0,0.0,2.4226786722255476,2.7432691949045385,0.16029526133949545,0.9393232355966319,1.4833554366289157,0.5440322010322838,False,True,False,40–60%,Dry prior day,40–60%,Remaining 90%,Fall
2024-11-05,14.18,13.481377531115598,14.374243447643307,15.308645955342213,8.0,13.286182674391782,15.503840812066027,0.1360000000000001,Two-sided ACI,51,0.0,47.0,0.0,1.8272684242266148,2.2176581376742455,0.1951948567238153,0.8928659165277093,0.9344025076989055,0.041536591171196235,True,False,False,Coolest 20%,Dry prior day,20–40%,Remaining 90%,Fall
2024-11-06,14.16,14.326447543788236,14.500473802433431,15.767063542504255,8.0,14.143128748740054,15.95038233755244,0.1400000000000001,Two-sided ACI,42,0.0,51.0,0.0,1.4406159987160194,1.8072535888123866,0.1833187950481836,0.1740262586451955,1.266589740070824,1.0925634814256284,True,False,False,20–40%,Dry prior day,20–40%,Remaining 90%,Fall
2024-11-07,13.86,12.081984722461955,13.021302592437342,13.811639024567253,8.0,11.898665927413774,13.994957819615436,0.1440000000000001,Two-sided ACI,39,0.0,42.0,0.0,1.7296543021052972,2.0962918922016627,0.18331879504818271,0.9393178699753868,0.7903364321299104,-0.14898143784547635,True,False,False,Coolest 20%,Dry prior day,Lowest 20%,Remaining 90%,Fall
2024-11-08,13.53,14.122498258924676,14.494225136406238,15.26242390567788,8.0,13.942644326120911,15.442277838481647,0.1480000000000002,Two-sided ACI,37,0.53,39.0,0.0,1.1399256467532037,1.4996335123607363,0.17985393280376627,0.37172687748156186,0.7681987692716419,0.39647189179008,False,True,False,Coolest 20%,Dry prior day,20–40%,Remaining 90%,Fall
2024-11-09,12.57,11.358314383753104,12.83614332157425,13.31570807874457,8.0,11.113693967502956,13.560328494994716,0.1320000000000001,Two-sided ACI,46,0.32,37.0,0.53,1.9573936949914668,2.44663452749176,0.24462041625014663,1.4778289378211458,0.479564757170321,-0.9982641806508248,True,False,False,Coolest 20%,Wet prior day,Lowest 20%,Remaining 90%,Fall
2024-11-10,12.46,11.321461092313935,13.162532493026632,13.737562010293235,8.0,11.096661963494006,13.962361139113169,0.1360000000000001,Two-sided ACI,68,0.0,46.0,0.32,2.4161009179793,2.865699175619163,0.22479912881993158,1.8410714007126963,0.5750295172666036,-1.2660418834460927,True,False,False,Coolest 20%,Wet prior day,Lowest 20%,Remaining 90%,Fall
2024-11-11,12.95,11.901696061760305,13.766480869346772,15.479605128580364,8.0,11.706501205036488,15.674799985304182,0.1400000000000001,Two-sided ACI,61,0.0,68.0,0.0,3.577909066820059,3.968298780267693,0.1951948567238171,1.8647848075864673,1.7131242592335916,-0.15166054835287568,True,False,False,40–60%,Dry prior day,Lowest 20%,Remaining 90%,Fall
2024-11-12,13.92,12.381723211353346,13.864127996311112,14.629102757119568,8.0,12.18652835462953,14.824297613843385,0.1440000000000001,Two-sided ACI,61,0.0,61.0,0.0,2.247379545766222,2.6377692592138544,0.1951948567238162,1.4824047849577653,0.7649747608084567,-0.7174300241493086,True,False,False,40–60%,Dry prior day,Lowest 20%,Remaining 90%,Fall
2024-11-13,14.15,13.779632953526493,14.554693676397443,15.283441469613186,8.0,13.596314158478307,15.466760264661367,0.1480000000000002,Two-sided ACI,52,0.0,61.0,0.0,1.5038085160866927,1.87044610618306,0.1833187950481836,0.7750607228709505,0.7287477932157422,-0.04631292965520828,True,False,False,40–60%,Dry prior day,20–40%,Remaining 90%,Fall
2024-11-14,13.78,12.96132254507183,13.784749152968637,13.917068132756873,8.0,12.785451702581202,14.0929389752475,0.1520000000000002,Two-sided ACI,62,0.0,52.0,0.0,0.9557455876850423,1.3074872726662985,0.17587084249062812,0.8234266078968062,0.13231897978823604,-0.6911076281085702,True,False,False,20–40%,Dry prior day,Lowest 20%,Remaining 90%,Fall
2024-11-15,13.68,13.438449666137275,14.233889223542016,15.260234129515265,8.0,13.262578823646647,15.436104972005891,0.1560000000000002,Two-sided ACI,54,0.0,62.0,0.0,1.8217844633779894,2.173526148359244,0.17587084249062723,0.795439557404741,1.0263449059732483,0.2309053485685073,True,False,False,40–60%,Dry prior day,20–40%,Remaining 90%,Fall
2024-11-16,13.26,12.540133152620378,13.382842107982809,14.011397493767706,8.0,12.37368560883214,14.177845037555944,0.1600000000000002,Two-sided ACI,57,0.0,54.0,0.0,1.4712643411473287,1.8041594287238034,0.16644754378823734,0.842708955362431,0.6285553857848978,-0.21415356957753318,True,False,False,20–40%,Dry prior day,Lowest 20%,Remaining 90%,Fall
2024-11-17,13.73,12.471365687983948,13.348686899635752,14.217557351399403,8.0,12.311070426644452,14.3778526127389,0.1640000000000002,Two-sided ACI,52,0.0,57.0,0.0,1.7461916634154555,2.066782186094448,0.16029526133949634,0.8773212116518039,0.8688704517636516,-0.008450759888152248,True,False,False,20–40%,Dry prior day,Lowest 20%,Remaining 90%,Fall
2024-11-18,13.75,13.290082120567234,14.012462801618613,15.114692501919729,8.0,13.158699066103114,15.246075556383849,0.1680000000000002,Two-sided ACI,60,0.0,52.0,0.0,1.8246103813524943,2.087376490280734,0.1313830544641199,0.7223806810513782,1.102229700301116,0.3798490192497379,True,False,False,20–40%,Dry prior day,20–40%,Remaining 90%,Fall
2024-11-19,13.56,13.068439011833096,13.81954450462194,14.714187938768712,8.0,12.937055957368976,14.845570993232831,0.1720000000000002,Two-sided ACI,50,0.0,60.0,0.0,1.6457489269356156,1.9085150358638554,0.1313830544641199,0.7511054927888434,0.8946434341467722,0.14353794135792874,True,False,False,40–60%,Dry prior day,Lowest 20%,Remaining 90%,Fall
2024-11-20,14.15,13.32332895703138,14.147299128936409,15.013889766747113,8.0,13.219145118783535,15.118073604994954,0.1760000000000002,Two-sided ACI,48,0.0,50.0,0.0,1.6905608097157323,1.8989284862114193,0.1041838382478435,0.8239701719050281,0.8665906378107042,0.04262046590567614,True,False,False,20–40%,Dry prior day,20–40%,Remaining 90%,Fall
2024-11-21,14.08,12.91906776629246,13.959669464107348,14.61488406418992,8.0,12.858530797712849,14.675421032769531,0.1800000000000002,Two-sided ACI,56,0.0,48.0,0.0,1.6958162978974585,1.8168902350566825,0.060536968579611994,1.0406016978148873,0.6552146000825712,-0.38538709773231616,True,False,False,20–40%,Dry prior day,20–40%,Remaining 90%,Fall
2024-11-22,14.1,13.44911326062424,14.22105415738882,15.276087054927604,8.0,13.388576292044627,15.336624023507218,0.1840000000000002,Two-sided ACI,63,0.0,56.0,0.0,1.826973794303365,1.9480477314625908,0.06053696857961288,0.7719408967645816,1.0550328975387835,0.28309200077420194,True,False,False,20–40%,Dry prior day,20–40%,Remaining 90%,Fall
2024-11-23,13.42,12.806346068701838,13.707079160858472,14.485722825456518,8.0,12.749782908359949,14.54228598579841,0.1880000000000002,Two-sided ACI,57,0.0,63.0,0.0,1.6793767567546798,1.792503077438461,0.05656316034189057,0.9007330921566332,0.7786436645980466,-0.12208942755858665,True,False,False,40–60%,Dry prior day,Lowest 20%,Remaining 90%,Fall
2024-11-24,13.05,12.778474891968452,13.81229412757996,14.480539581005509,8.0,12.730113916535704,14.528900556438256,0.1920000000000002,Two-sided ACI,57,0.0,57.0,0.0,1.7020646890370568,1.798786639902552,0.048360975432747644,1.0338192356115083,0.6682454534255484,-0.36557378218595993,True,False,False,20–40%,Dry prior day,Lowest 20%,Remaining 90%,Fall
2024-11-25,12.62,12.948812601849024,13.889047718291788,15.312125583156613,8.0,12.903494179614498,15.357444005391136,0.1960000000000002,Two-sided ACI,47,0.0,57.0,0.0,2.3633129813075886,2.453949825776638,0.04531842223452465,0.9402351164427643,1.4230778648648243,0.4828427484220601,False,True,False,20–40%,Dry prior day,20–40%,Remaining 90%,Fall
2024-11-26,12.8,12.20345488233706,13.046629526916988,13.907913050050055,8.0,12.099271044089216,14.012096888297895,0.1800000000000002,Two-sided ACI,48,0.0,47.0,0.0,1.7044581677129962,1.9128258442086796,0.10418383824784172,0.8431746445799284,0.8612835231330678,0.018108878553139363,True,False,False,Coolest 20%,Dry prior day,Lowest 20%,Remaining 90%,Fall
2024-11-27,11.94,11.808960044268389,12.99466104458611,14.253046819891027,8.0,11.704776206020547,14.35723065813887,0.1840000000000002,Two-sided ACI,43,0.23,48.0,0.0,2.4440867756226385,2.652454452118322,0.10418383824784172,1.1857010003177209,1.2583857753049177,0.07268477498719683,True,False,False,20–40%,Dry prior day,Lowest 20%,Remaining 90%,Fall
2024-11-28,10.46,8.847077168952728,11.216664525441924,12.573621335309465,8.0,8.786540200373114,12.63415830388908,0.1880000000000002,Two-sided ACI,42,0.0,43.0,0.23,3.726544166356737,3.8476181035159662,0.06053696857961466,2.3695873564891965,1.3569568098675404,-1.012630546621656,True,False,False,Coolest 20%,Wet prior day,Lowest 20%,Remaining 90%,Fall
2024-11-29,10.6,10.805160088603923,11.91392521903131,13.223087612582075,8.0,10.75621557627074,13.272032124915263,0.1920000000000002,Two-sided ACI,44,0.0,42.0,0.0,2.417927523978152,2.5158165486445228,0.04894451233318531,1.1087651304273862,1.309162393550766,0.2003972631233797,False,True,False,Coolest 20%,Dry prior day,Lowest 20%,Remaining 90%,Fall
2024-11-30,11.51,10.35623058652685,10.942527388327656,11.844662750017712,8.0,10.213220554711665,11.9876727818329,0.1760000000000002,Two-sided ACI,48,0.0,44.0,0.0,1.4884321634908613,1.7744522271212357,0.14301003181518723,0.5862968018008061,0.9021353616900551,0.315838559889249,True,False,False,Coolest 20%,Dry prior day,Lowest 20%,Remaining 90%,Fall
2024-12-01,12.87,11.533714172425997,11.73116606730012,12.31440760834588,8.0,11.402331117961875,12.44579066281,0.1800000000000002,Two-sided ACI,51,0.0,48.0,0.0,0.7806934359198827,1.0434595448481243,0.1313830544641208,0.1974518948741224,0.5832415410457603,0.3857896461716379,False,False,True,20–40%,Dry prior day,Lowest 20%,Remaining 90%,Winter
2024-12-02,13.33,13.112701913607,13.22496468712384,14.189327307395844,8.0,12.936831071116371,14.36519814988647,0.1640000000000002,Two-sided ACI,51,0.0,51.0,0.0,1.076625393788845,1.4283670787700995,0.17587084249062723,0.11226277351684111,0.9643626202720039,0.8520998467551628,True,False,False,20–40%,Dry prior day,Lowest 20%,Remaining 90%,Winter
2024-12-03,14.32,13.111094786844422,13.193180088961824,13.8664778314869,8.0,12.950799525504928,14.026773092826396,0.1680000000000002,Two-sided ACI,64,0.0,51.0,0.0,0.7553830446424783,1.0759735673214674,0.16029526133949457,0.08208530211740239,0.6732977425250759,0.5912124404076735,False,False,True,20–40%,Dry prior day,Lowest 20%,Remaining 90%,Winter
2024-12-04,14.11,13.741440630535669,13.909673162930977,15.172300076851432,8.0,13.558121835487484,15.355618871899615,0.1520000000000002,Two-sided ACI,59,0.0,64.0,0.0,1.430859446315763,1.7974970364121319,0.1833187950481845,0.168232532395308,1.262626913920455,1.094394381525147,True,False,False,40–60%,Dry prior day,20–40%,Remaining 90%,Winter
2024-12-05,12.53,12.418178634502995,13.435752096613198,14.260213581838585,8.0,12.234859839454812,14.443532376886768,0.1560000000000002,Two-sided ACI,53,0.0,59.0,0.0,1.8420349473355895,2.2086725374319567,0.1833187950481836,1.017573462110203,0.8244614852253864,-0.19311197688481663,True,False,False,40–60%,Dry prior day,Lowest 20%,Remaining 90%,Winter
2024-12-06,13.16,12.046278949813663,12.695422127637077,13.90789741901436,8.0,11.8664250170099,14.087751351818126,0.1600000000000002,Two-sided ACI,58,0.0,53.0,0.0,1.861618469200696,2.221326334808225,0.1798539328037645,0.6491431778234134,1.2124752913772827,0.5633321135538694,True,False,False,20–40%,Dry prior day,Lowest 20%,Remaining 90%,Winter
2024-12-07,13.28,11.968878039260527,12.590079383468847,13.260337923523764,8.0,11.7930071967699,13.436208766014392,0.1640000000000002,Two-sided ACI,58,0.0,58.0,0.0,1.2914598842632365,1.6432015692444928,0.17587084249062812,0.6212013442083197,0.6702585400549168,0.04905719584659707,True,False,False,40–60%,Dry prior day,Lowest 20%,Remaining 90%,Winter
2024-12-08,13.36,12.647225438770942,13.511122207478168,13.95245189968955,8.0,12.480777894982705,14.118899443477789,0.1680000000000002,Two-sided ACI,58,0.0,58.0,0.0,1.3052264609186075,1.638121548495084,0.16644754378823823,0.8638967687072263,0.4413296922113812,-0.42256707649584513,True,False,False,40–60%,Dry prior day,Lowest 20%,Remaining 90%,Winter
2024-12-09,13.4,13.321950861062811,14.130654956995414,15.133165017084568,8.0,13.155503317274576,15.299612560872806,0.1720000000000002,Two-sided ACI,49,0.0,58.0,0.0,1.811214156021757,2.14410924359823,0.16644754378823645,0.8087040959326028,1.002510060089154,0.19380596415655127,True,False,False,40–60%,Dry prior day,20–40%,Remaining 90%,Winter
2024-12-10,13.92,13.12709694762037,13.6183808573572,14.231262741130806,8.0,12.984086915805182,14.374272772945991,0.1760000000000002,Two-sided ACI,41,0.0,49.0,0.0,1.104165793510436,1.3901858571408088,0.14301003181518634,0.4912839097368309,0.6128818837736052,0.1215979740367743,True,False,False,20–40%,Dry prior day,Lowest 20%,Remaining 90%,Winter
2024-12-11,13.89,13.910546866607485,14.07036221917814,14.707377027753823,8.0,13.779163812143365,14.838760082217943,0.1800000000000002,Two-sided ACI,46,0.0,41.0,0.0,0.7968301611463389,1.0595962700745787,0.1313830544641199,0.15981535257065538,0.6370148085756835,0.4771994560050281,True,False,False,Coolest 20%,Dry prior day,20–40%,Remaining 90%,Winter
2024-12-12,13.93,12.649513679594255,13.311442461433568,13.727030609825748,8.0,12.518130625130135,13.858413664289868,0.1840000000000002,Two-sided ACI,52,0.0,46.0,0.0,1.0775169302314929,1.3402830391597327,0.1313830544641199,0.6619287818393129,0.41558814839217995,-0.24634063344713297,False,False,True,Coolest 20%,Dry prior day,Lowest 20%,Remaining 90%,Winter
2024-12-13,13.64,13.319917228295008,13.44773473773054,14.342229549407566,8.0,13.15346968450677,14.508677093195804,0.1680000000000002,Two-sided ACI,52,0.0,52.0,0.0,1.0223123211125582,1.3552074086890329,0.16644754378823734,0.12781750943553227,0.8944948116770259,0.7666773022414937,True,False,False,20–40%,Dry prior day,Lowest 20%,Remaining 90%,Winter
2024-12-14,13.3,12.661716123762726,13.197819509067994,13.754006970138857,8.0,12.49526857997449,13.920454513927094,0.1720000000000002,Two-sided ACI,53,0.0,52.0,0.0,1.0922908463761303,1.425185933952605,0.16644754378823734,0.5361033853052675,0.5561874610708628,0.020084075765595344,True,False,False,20–40%,Dry prior day,Lowest 20%,Remaining 90%,Winter
2024-12-15,12.89,12.729013170916216,13.386573792234634,14.049783477419629,8.0,12.56871790957672,14.210078738759124,0.1760000000000002,Two-sided ACI,54,0.0,53.0,0.0,1.3207703065034124,1.6413608291824051,0.16029526133949634,0.6575606213184173,0.6632096851849951,0.005649063866577819,True,False,False,20–40%,Dry prior day,Lowest 20%,Remaining 90%,Winter
2024-12-16,13.01,12.86144410950788,13.70476145816104,14.883822920519112,8.0,12.718434077692692,15.0268329523343,0.1800000000000002,Two-sided ACI,44,0.0,54.0,0.0,2.0223788110112313,2.3083988746416075,0.14301003181518812,0.8433173486531587,1.1790614623580726,0.33574411370491397,True,False,False,20–40%,Dry prior day,Lowest 20%,Remaining 90%,Winter
2024-12-17,13.01,12.506430931659672,13.224347902691388,13.93457391704603,8.0,12.363420899844485,14.077583948861218,0.1840000000000002,Two-sided ACI,52,0.0,44.0,0.0,1.4281429853863585,1.714163049016733,0.14301003181518723,0.7179169710317161,0.7102260143546424,-0.007690956677073757,True,False,False,Coolest 20%,Dry prior day,Lowest 20%,Remaining 90%,Winter
2024-12-18,12.67,12.769408122975369,13.385323294537317,14.466047296199136,8.0,12.638025068511247,14.597430350663256,0.1880000000000002,Two-sided ACI,44,0.0,52.0,0.0,1.6966391732237671,1.9594052821520087,0.1313830544641208,0.615915171561948,1.0807240016618191,0.4648088300998712,True,False,False,20–40%,Dry prior day,Lowest 20%,Remaining 90%,Winter
2024-12-19,13.46,11.814929089903542,12.79211244186754,13.381675732303302,8.0,11.7107452516557,13.485859570551144,0.1920000000000002,Two-sided ACI,63,0.0,44.0,0.0,1.5667466423997602,1.7751143188954437,0.10418383824784172,0.9771833519639976,0.5895632904357626,-0.387620061528235,True,False,False,Coolest 20%,Dry prior day,Lowest 20%,Remaining 90%,Winter
2024-12-20,13.17,12.7606071907496,13.147654891614554,14.373527541639174,8.0,12.661199067774232,14.47293566461454,0.1960000000000002,Two-sided ACI,66,0.0,63.0,0.0,1.6129203508895742,1.8117365968403085,0.09940812297536716,0.38704770086495444,1.2258726500246198,0.8388249491596653,True,False,False,40–60%,Dry prior day,Lowest 20%,Remaining 90%,Winter
2024-12-21,13.0,12.311029862016142,13.05527769226769,13.761625004190057,8.0,12.211621739040774,13.861033127165424,0.2000000000000002,Two-sided ACI,62,0.0,66.0,0.0,1.4505951421739152,1.6494113881246495,0.09940812297536716,0.744247830251549,0.7063473119223662,-0.03790051832918273,True,False,False,40–60%,Dry prior day,Lowest 20%,Remaining 90%,Winter
2024-12-22,12.65,12.243508732546967,13.01422397890894,13.75560684545201,8.0,12.165184464850268,13.83393111314871,0.2040000000000002,Two-sided ACI,49,0.0,62.0,0.0,1.5120981129050435,1.6687466482984412,0.07832426769669887,0.7707152463619718,0.7413828665430717,-0.029332379818900023,True,False,False,40–60%,Dry prior day,Lowest 20%,Remaining 90%,Winter
2024-12-23,19.57,12.596243800171564,13.463081054964412,14.505487448838252,8.0,12.53570683159195,14.566024417417866,0.2080000000000002,Two-sided ACI,53,0.0,49.0,0.0,1.9092436486666884,2.030317585825916,0.06053696857961377,0.8668372547928485,1.04240639387384,0.17556913908099148,False,False,True,20–40%,Dry prior day,Lowest 20%,Remaining 90%,Winter
2024-12-24,10.59,15.367352812228336,16.1060296713928,16.982448176624832,8.0,15.235969757764217,17.11383123108895,0.1920000000000002,Two-sided ACI,52,0.0,53.0,0.0,1.6150953643964954,1.8778614733247352,0.1313830544641199,0.7386768591644639,0.8764185052320315,0.13774164606756756,False,True,False,20–40%,Dry prior day,40–60%,Remaining 90%,Winter
2024-12-25,9.59,10.243547007867116,13.376809343276632,15.308551318353622,8.0,10.067676165376488,15.48442216084425,0.1760000000000002,Two-sided ACI,54,0.0,52.0,0.0,5.065004310486506,5.416745995467762,0.17587084249062812,3.1332623354095155,1.9317419750769904,-1.201520360332525,False,True,False,20–40%,Dry prior day,Lowest 20%,Widest 10%,Winter
2024-12-26,10.78,8.373909531488387,9.967142099864706,12.069131062097334,8.0,8.168749442884462,12.27429115070126,0.1600000000000002,Two-sided ACI,44,0.0,54.0,0.0,3.695221530608947,4.105541707816798,0.20516008860392532,1.5932325683763189,2.101988962232628,0.5087563938563093,True,False,False,20–40%,Dry prior day,Lowest 20%,Remaining 90%,Winter
2024-12-27,11.34,9.630570972544051,10.525877375284551,12.041788491460748,8.0,9.4276015823698,12.244757881635,0.1640000000000002,Two-sided ACI,47,0.0,44.0,0.0,2.411217518916697,2.8171562992652,0.20296939017425153,0.8953064027405002,1.5159111161761967,0.6206047134356965,True,False,False,Coolest 20%,Dry prior day,Lowest 20%,Remaining 90%,Winter
2024-12-28,11.84,9.913112040407006,11.200851803857876,12.21285343257145,8.0,9.73325810760324,12.392707365375216,0.1680000000000002,Two-sided ACI,50,0.0,47.0,0.0,2.299741392164444,2.6594492577719766,0.17985393280376627,1.2877397634508707,1.0120016287135734,-0.27573813473729736,True,False,False,Coolest 20%,Dry prior day,Lowest 20%,Remaining 90%,Winter
2024-12-29,12.2,10.881488378744471,12.09192208011967,12.997104218476265,8.0,10.701634445940709,13.176958151280031,0.1720000000000002,Two-sided ACI,50,0.0,50.0,0.0,2.1156158397317935,2.4753237053393224,0.1798539328037645,1.210433701375198,0.9051821383565954,-0.30525156301860257,True,False,False,20–40%,Dry prior day,Lowest 20%,Remaining 90%,Winter
2024-12-30,11.85,13.536566964626369,14.798298599935876,16.20198151120166,8.0,13.36069612213574,16.377852353692287,0.1760000000000002,Two-sided ACI,51,0.0,50.0,0.0,2.66541454657529,3.0171562315565463,0.17587084249062812,1.2617316353095074,1.4036829112657827,0.14195127595627532,False,True,False,20–40%,Dry prior day,40–60%,Remaining 90%,Winter
2024-12-31,11.51,10.8574757787349,11.413988237023528,12.296132423432784,8.0,10.652315690130974,12.50129251203671,0.1600000000000002,Two-sided ACI,37,0.0,51.0,0.0,1.4386566446978843,1.848976821905735,0.20516008860392532,0.556512458288628,0.8821441864092563,0.32563172812062824,True,False,False,20–40%,Dry prior day,Lowest 20%,Remaining 90%,Winter
2025-01-01,11.41,10.24650161898076,10.92322226920158,12.53602897629306,9.0,10.043532228806509,12.73899836646731,0.1640000000000002,Two-sided ACI,31,0.0,37.0,0.0,2.2895273573123003,2.6954661376608016,0.20296939017425064,0.676720650220819,1.6128067070914813,0.9360860568706624,True,False,False,Coolest 20%,Dry prior day,Lowest 20%,Remaining 90%,Winter
2025-01-02,12.85,10.606759026575329,11.767201541660762,12.502563519747158,9.0,10.423440231527143,12.68588231479534,0.1680000000000002,Two-sided ACI,51,0.0,31.0,0.0,1.8958044931718288,2.262442083268196,0.1833187950481836,1.1604425150854336,0.7353619780863951,-0.42508053699903847,False,False,True,Coolest 20%,Dry prior day,Lowest 20%,Remaining 90%,Winter
2025-01-03,13.08,12.518973620732533,12.605208107226774,13.874382749638604,9.0,12.274353204482384,14.119003165888753,0.1520000000000002,Two-sided ACI,49,0.0,51.0,0.0,1.3554091289060715,1.8446499614063683,0.2446204162501484,0.08623448649424148,1.26917464241183,1.1829401559175885,True,False,False,20–40%,Dry prior day,Lowest 20%,Remaining 90%,Winter
2025-01-04,12.67,12.52057546476735,13.161309150398882,13.874952683329631,9.0,12.275955048517204,14.119573099579778,0.1560000000000002,Two-sided ACI,39,0.0,49.0,0.0,1.3543772185622807,1.843618051062574,0.24462041625014663,0.6407336856315311,0.7136435329307496,0.07290984729921846,True,False,False,20–40%,Dry prior day,Lowest 20%,Remaining 90%,Winter
2025-01-05,13.18,12.83116303637966,13.40975296227871,14.019034700626689,9.0,12.626002947775737,14.224194789230614,0.1600000000000002,Two-sided ACI,26,0.0,39.0,0.0,1.1878716642470284,1.5981918414548772,0.20516008860392443,0.578589925899049,0.6092817383479794,0.030691812448930378,True,False,False,Coolest 20%,Dry prior day,Lowest 20%,Remaining 90%,Winter
2025-01-06,13.17,13.818593309797809,15.065928077503106,16.320411558023093,9.0,13.615623919623555,16.523380948197342,0.1640000000000002,Two-sided ACI,38,0.0,26.0,0.0,2.501818248225284,2.907757028573787,0.20296939017425153,1.247334767705297,1.254483480519987,0.007148712814689873,False,True,False,Coolest 20%,Dry prior day,40–60%,Remaining 90%,Winter
2025-01-07,12.68,12.352731406650594,13.04190328173914,13.882003208049206,9.0,12.098820381691189,14.135914233008611,0.1480000000000002,Two-sided ACI,30,0.11,38.0,0.0,1.529271801398611,2.0370938513174224,0.25391102495940565,0.6891718750885456,0.8400999263100655,0.15092805122151987,True,False,False,Coolest 20%,Dry prior day,Lowest 20%,Remaining 90%,Winter
2025-01-08,13.87,12.123042180964102,12.600945838867004,13.6319989176027,9.0,11.878421764713956,13.876619333852847,0.1520000000000002,Two-sided ACI,38,0.0,30.0,0.11,1.5089567366385985,1.9981975691388918,0.24462041625014663,0.47790365790290146,1.031053078735697,0.5531494208327956,True,False,False,Coolest 20%,Wet prior day,Lowest 20%,Remaining 90%,Winter
2025-01-09,13.79,12.72583609247964,13.590286329463556,14.460272053634018,9.0,12.48783501008234,14.698273136031316,0.1560000000000002,Two-sided ACI,38,0.0,38.0,0.0,1.7344359611543787,2.2104381259489756,0.23800108239729845,0.8644502369839167,0.869985724170462,0.005535487186545396,True,False,False,Coolest 20%,Dry prior day,Lowest 20%,Remaining 90%,Winter
2025-01-10,13.37,12.811228147704892,13.762240539015554,15.015855813334404,9.0,12.606068059100968,15.221015901938328,0.1600000000000002,Two-sided ACI,39,0.0,38.0,0.0,2.2046276656295127,2.61494784283736,0.20516008860392354,0.9510123913106625,1.2536152743188502,0.3026028830081877,True,False,False,Coolest 20%,Dry prior day,Lowest 20%,Remaining 90%,Winter
2025-01-11,13.14,12.521451335639483,13.515173681427637,14.159972005137142,9.0,12.318481945465232,14.362941395311394,0.1640000000000002,Two-sided ACI,45,0.0,39.0,0.0,1.6385206694976588,2.044459449846162,0.20296939017425153,0.9937223457881537,0.6447983237095052,-0.3489240220786485,True,False,False,Coolest 20%,Dry prior day,Lowest 20%,Remaining 90%,Winter
2025-01-12,13.3,12.462813213243258,13.661292384123708,14.504295921983772,9.0,12.279494418195076,14.687614717031956,0.1680000000000002,Two-sided ACI,41,0.0,45.0,0.0,2.0414827087405136,2.408120298836879,0.18331879504818271,1.19847917088045,0.8430035378600635,-0.35547563302038654,True,False,False,Coolest 20%,Dry prior day,Lowest 20%,Remaining 90%,Winter
2025-01-13,13.44,12.996213424855071,14.07124642922426,15.239252318571683,9.0,12.812894629806888,15.422571113619869,0.1720000000000002,Two-sided ACI,39,0.0,41.0,0.0,2.243038893716612,2.609676483812981,0.1833187950481845,1.075033004369189,1.1680058893474232,0.0929728849782343,True,False,False,Coolest 20%,Dry prior day,20–40%,Remaining 90%,Winter
2025-01-14,13.44,12.584133609962036,13.224438380039713,14.03613225427376,9.0,12.40427967715827,14.215986187077526,0.1760000000000002,Two-sided ACI,41,0.0,39.0,0.0,1.4519986443117237,1.8117065099192562,0.17985393280376627,0.6403047700776767,0.8116938742340469,0.1713891041563702,True,False,False,Coolest 20%,Dry prior day,Lowest 20%,Remaining 90%,Winter
2025-01-15,13.56,12.67241024349056,13.44824319367375,14.678648052016094,9.0,12.496539400999932,14.854518894506722,0.1800000000000002,Two-sided ACI,50,0.0,41.0,0.0,2.0062378085255332,2.3579794935067895,0.17587084249062812,0.7758329501831902,1.230404858342343,0.4545719081591528,True,False,False,Coolest 20%,Dry prior day,Lowest 20%,Remaining 90%,Winter
2025-01-16,13.65,12.264365050574233,13.683613709332471,14.543728510112626,9.0,12.088494208083604,14.719599352603254,0.1840000000000002,Two-sided ACI,57,0.0,50.0,0.0,2.279363459538393,2.6311051445196494,0.17587084249062812,1.4192486587582387,0.8601148007801545,-0.5591338579780842,True,False,False,20–40%,Dry prior day,Lowest 20%,Remaining 90%,Winter
2025-01-17,13.05,12.676137341611144,13.585986235325349,14.980544013125376,9.0,12.51584208027165,15.14083927446487,0.1880000000000002,Two-sided ACI,53,0.0,57.0,0.0,2.304406671514233,2.62499719419322,0.16029526133949368,0.9098488937142051,1.3945577778000278,0.4847088840858227,True,False,False,20–40%,Dry prior day,Lowest 20%,Remaining 90%,Winter
2025-01-18,13.01,11.896923938017242,13.067594333789108,13.892655546547648,9.0,11.765540883553122,14.024038601011767,0.1920000000000002,Two-sided ACI,25,0.24,53.0,0.0,1.9957316085304058,2.2584977174586456,0.1313830544641199,1.1706703957718663,0.8250612127585395,-0.34560918301332677,True,False,False,20–40%,Dry prior day,Lowest 20%,Remaining 90%,Winter
2025-01-19,13.58,11.376998107881516,12.75543635922127,13.85438563702106,9.0,11.277589984906149,13.953793759996426,0.1960000000000002,Two-sided ACI,19,0.04,25.0,0.24,2.477387529139545,2.6762037750902774,0.09940812297536628,1.3784382513397535,1.0989492777997913,-0.27948897353996216,True,False,False,Coolest 20%,Wet prior day,Lowest 20%,Remaining 90%,Winter
2025-01-20,14.21,11.995275181095746,14.16133894590818,15.766139327210556,9.0,11.89586705812038,15.865547450185923,0.2000000000000002,Two-sided ACI,15,0.09,19.0,0.04,3.7708641461148105,3.969680392065543,0.09940812297536628,2.166063764812435,1.6048003813023755,-0.5612633835100596,True,False,False,Coolest 20%,Wet prior day,20–40%,Remaining 90%,Winter
2025-01-21,15.08,12.45741393768697,13.79335286143946,14.653438872856906,9.0,12.379089669990272,14.731763140553603,0.2040000000000002,Two-sided ACI,38,0.0,15.0,0.09,2.1960249351699357,2.3526734705633316,0.07832426769669798,1.3359389237524901,0.8600860114174456,-0.47585291233504456,False,False,True,Coolest 20%,Wet prior day,Lowest 20%,Remaining 90%,Winter
2025-01-22,14.85,14.15643472551406,14.889101079607208,16.086572168274024,9.0,13.996139464174563,16.24686742961352,0.1880000000000002,Two-sided ACI,38,0.0,38.0,0.0,1.930137442759964,2.2507279654389567,0.16029526133949634,0.7326663540931477,1.1974710886668163,0.46480473457366855,True,False,False,Coolest 20%,Dry prior day,40–60%,Remaining 90%,Winter
2025-01-23,15.06,12.665301785374249,14.35201785034566,15.533589824705812,9.0,12.52229175355906,15.676599856521,0.1920000000000002,Two-sided ACI,32,0.0,38.0,0.0,2.8682880393315635,3.1543081029619398,0.14301003181518812,1.686716064971412,1.1815719743601516,-0.5051440906112603,True,False,False,Coolest 20%,Dry prior day,20–40%,Remaining 90%,Winter
2025-01-24,13.5,13.736442469970116,14.622867083014148,15.510740134137771,9.0,13.605059415505997,15.642123188601891,0.1960000000000002,Two-sided ACI,44,0.0,32.0,0.0,1.7742976641676549,2.0370637730958947,0.1313830544641199,0.8864246130440314,0.8878730511236235,0.0014484380795920515,False,True,False,Coolest 20%,Dry prior day,20–40%,Remaining 90%,Winter
2025-01-25,14.22,12.373170885065807,13.5208743875434,14.661269757922025,9.0,12.19730004257518,14.837140600412653,0.1800000000000002,Two-sided ACI,35,0.25,44.0,0.0,2.2880988728562173,2.6398405578374735,0.17587084249062812,1.147703502477592,1.1403953703786254,-0.007308132098966524,True,False,False,Coolest 20%,Dry prior day,Lowest 20%,Remaining 90%,Winter
2025-01-26,15.29,13.65727491716665,14.417549782378911,15.418414243018468,9.0,13.490827373378412,15.584861786806703,0.1840000000000002,Two-sided ACI,28,0.01,35.0,0.25,1.7611393258518184,2.0940344134282913,0.16644754378823645,0.7602748652122617,1.0008644606395567,0.24058959542729497,True,False,False,Coolest 20%,Wet prior day,20–40%,Remaining 90%,Winter
2025-01-27,15.9,13.90760968979486,15.663501143544575,16.958382552578666,9.0,13.747314428455365,17.11867781391816,0.1880000000000002,Two-sided ACI,48,0.0,28.0,0.01,3.0507728627838056,3.3713633854627965,0.16029526133949545,1.7558914537497152,1.2948814090340903,-0.4610100447156249,True,False,False,Coolest 20%,Wet prior day,40–60%,Remaining 90%,Winter
2025-01-28,19.91,14.392140166347026,15.698917672260702,16.54886489352187,9.0,14.24913013453184,16.691874925337057,0.1920000000000002,Two-sided ACI,55,0.0,48.0,0.0,2.1567247271748435,2.4427447908052162,0.14301003181518634,1.3067775059136757,0.8499472212611678,-0.45683028465250786,False,False,True,20–40%,Dry prior day,40–60%,Remaining 90%,Winter
2025-01-29,17.26,16.69096288902693,18.02896635643141,19.04847769609141,9.0,16.511108956223165,19.228331628895177,0.1760000000000002,Two-sided ACI,47,0.0,55.0,0.0,2.3575148070644794,2.717222672672012,0.17985393280376627,1.33800346740448,1.0195113396599993,-0.31849212774448077,True,False,False,20–40%,Dry prior day,60–80%,Remaining 90%,Winter
2025-01-30,16.33,14.967168163762777,18.001083278587252,18.51628940370955,9.0,14.791297321272149,18.692160246200174,0.1800000000000002,Two-sided ACI,53,0.0,47.0,0.0,3.549121239946773,3.9008629249280258,0.17587084249062634,3.0339151148244756,0.5152061251222975,-2.518708989702178,True,False,False,Coolest 20%,Dry prior day,60–80%,Remaining 90%,Winter
2025-01-31,14.5,14.128692914772945,15.576596666161407,17.370403236935424,9.0,13.952822072282316,17.546274079426052,0.1840000000000002,Two-sided ACI,56,0.0,53.0,0.0,3.2417103221624792,3.5934520071437355,0.17587084249062812,1.4479037513884627,1.7938065707740165,0.3459028193855538,True,False,False,20–40%,Dry prior day,40–60%,Remaining 90%,Winter
2025-02-01,14.56,13.405808465891234,14.442554632914293,15.29798674415688,9.0,13.239360922102996,15.464434287945116,0.1880000000000002,Two-sided ACI,60,0.0,56.0,0.0,1.8921782782656464,2.2250733658421193,0.16644754378823645,1.0367461670230593,0.8554321112425871,-0.18131405578047222,True,False,False,20–40%,Dry prior day,20–40%,Remaining 90%,Winter
2025-02-02,14.79,13.345720052983216,14.712803645368728,15.599531740941774,9.0,13.18542479164372,15.75982700228127,0.1920000000000002,Two-sided ACI,68,0.0,60.0,0.0,2.2538116879585584,2.5744022106375493,0.16029526133949545,1.3670835923855122,0.8867280955730461,-0.48035549681246614,True,False,False,40–60%,Dry prior day,40–60%,Remaining 90%,Winter
2025-02-03,14.48,13.804235436918416,15.33656048664319,16.77314567728649,9.0,13.66122540510323,16.916155709101677,0.1960000000000002,Two-sided ACI,71,0.0,68.0,0.0,2.968910240368073,3.2549303039984476,0.14301003181518723,1.5323250497247738,1.4365851906432994,-0.09573985908147442,True,False,False,40–60%,Dry prior day,40–60%,Remaining 90%,Winter
2025-02-04,14.51,14.108079813772244,15.484167242170352,16.629000555567615,9.0,13.965069781957055,16.772010587382802,0.2000000000000002,Two-sided ACI,33,0.0,71.0,0.0,2.5209207417953703,2.8069408054257465,0.14301003181518812,1.3760874283981082,1.1448333133972621,-0.23125411500084603,True,False,False,60–80%,Dry prior day,40–60%,Remaining 90%,Winter
2025-02-05,14.5,14.448588216731242,15.140127076825657,15.759788464297156,9.0,14.349180093755876,15.859196587272525,0.2040000000000002,Two-sided ACI,64,0.0,33.0,0.0,1.311200247565914,1.5100164935166482,0.09940812297536716,0.6915388600944148,0.6196613874714991,-0.07187747262291566,True,False,False,Coolest 20%,Dry prior day,40–60%,Remaining 90%,Winter
2025-02-06,14.38,13.904308832745844,14.676321944545304,15.64270130617738,9.0,13.84377186416623,15.703238274756991,0.2080000000000002,Two-sided ACI,56,0.0,64.0,0.0,1.738392473431535,1.8594664105907608,0.06053696857961288,0.7720131117994598,0.9663793616320753,0.19436624983261552,True,False,False,40–60%,Dry prior day,20–40%,Remaining 90%,Winter
2025-02-07,14.16,13.923188699841749,13.88882987415072,14.872071392585028,9.0,13.874244187508562,14.921015904918214,0.2120000000000002,Two-sided ACI,66,0.0,56.0,0.0,0.948882692743279,1.0467717174096514,0.048944512333186196,-0.03435882569102944,0.9832415184343084,1.0176003441253378,True,False,False,20–40%,Dry prior day,20–40%,Remaining 90%,Winter
2025-02-08,13.64,13.60066759913434,13.710283407556982,14.410098616112196,9.0,13.552306623701591,14.458459591544944,0.2160000000000002,Two-sided ACI,57,0.0,66.0,0.0,0.8094310169778556,0.9061529678433526,0.04836097543274853,0.1096158084226424,0.6998152085552132,0.5901994001325708,True,False,False,40–60%,Dry prior day,Lowest 20%,Remaining 90%,Winter
2025-02-09,14.18,13.579758515395142,13.771244942635684,14.47885937128112,9.0,13.541386545233896,14.517231341442368,0.2200000000000002,Two-sided ACI,40,0.04,57.0,0.0,0.8991008558859779,0.975844796208472,0.03837197016124705,0.19148642724054277,0.7076144286454351,0.5161280014048923,True,False,False,20–40%,Dry prior day,Lowest 20%,Remaining 90%,Winter
2025-02-10,14.35,14.137811848358666,14.194187912096922,15.377854194826844,9.0,14.101508412831103,15.414157630354406,0.2240000000000002,Two-sided ACI,41,0.0,40.0,0.04,1.2400423464681776,1.3126492175233029,0.036303435527562655,0.056376063738255766,1.1836662827299218,1.127290218991666,True,False,False,Coolest 20%,Wet prior day,20–40%,Remaining 90%,Winter
2025-02-11,13.98,14.540468700913191,15.1469491493477,15.976559440364854,9.0,14.50416526538563,16.012862875892417,0.2280000000000002,Two-sided ACI,18,0.02,41.0,0.0,1.4360907394516627,1.5086976105067862,0.03630343552756177,0.6064804484345085,0.8296102910171541,0.22312984258264557,False,True,False,Coolest 20%,Dry prior day,40–60%,Remaining 90%,Winter
2025-02-12,14.03,14.01823657695092,14.159548258914048,14.895034814875936,9.0,13.969292064617733,14.94397932720912,0.2120000000000002,Two-sided ACI,13,0.11,18.0,0.02,0.8767982379250157,0.974687262591388,0.048944512333186196,0.1413116819631277,0.7354865559618879,0.5941748739987602,True,False,False,Coolest 20%,Wet prior day,20–40%,Remaining 90%,Winter
2025-02-13,14.35,13.417466654311584,14.065546294379686,14.678752992879268,9.0,13.369105678878835,14.727113968312016,0.2160000000000002,Two-sided ACI,31,0.0,13.0,0.11,1.2612863385676842,1.3580082894331813,0.04836097543274853,0.6480796400681026,0.6132066984995816,-0.03487294156852094,True,False,False,Coolest 20%,Wet prior day,20–40%,Remaining 90%,Winter
2025-02-14,14.04,14.055433875335096,14.037024229011342,15.179958102719713,9.0,14.017215881534296,15.218176096520512,0.2200000000000002,Two-sided ACI,48,0.0,31.0,0.0,1.124524227384617,1.2009602149862157,0.03821799380079938,-0.018409646323753748,1.1429338737083707,1.1613435200321245,True,False,False,Coolest 20%,Dry prior day,20–40%,Remaining 90%,Winter
2025-02-15,14.4,12.89463252746048,13.439271668833907,14.344668916524128,9.0,12.85832909193292,14.380972352051687,0.2240000000000002,Two-sided ACI,41,0.19,48.0,0.0,1.4500363890636478,1.5226432601187678,0.03630343552755999,0.5446391413734268,0.905397247690221,0.36075810631679417,False,False,True,20–40%,Dry prior day,Lowest 20%,Remaining 90%,Winter
2025-02-16,14.08,12.957968269644692,13.787939165575391,14.53745565698581,9.0,12.909023757311504,14.586400169318996,0.2080000000000002,Two-sided ACI,33,0.0,41.0,0.19,1.5794873873411177,1.6773764120074919,0.048944512333187085,0.8299708959306997,0.749516491410418,-0.08045440452028174,True,False,False,Coolest 20%,Wet prior day,Lowest 20%,Remaining 90%,Winter
2025-02-17,13.75,13.052507729853913,14.624371437858386,16.03181795260015,9.0,13.003563217520725,16.080762464933336,0.2120000000000002,Two-sided ACI,29,0.0,33.0,0.0,2.9793102227462374,3.0771992474126115,0.048944512333187085,1.5718637080044733,1.407446514741764,-0.1644171932627092,True,False,False,Coolest 20%,Dry prior day,20–40%,Remaining 90%,Winter
2025-02-18,14.21,12.795943436451331,14.02543245852026,14.614975732306515,9.0,12.757571466290086,14.653347702467762,0.2160000000000002,Two-sided ACI,18,0.0,29.0,0.0,1.819032295855184,1.8957762361776762,0.03837197016124616,1.229489022068929,0.5895432737862549,-0.639945748282674,True,False,False,Coolest 20%,Dry prior day,20–40%,Remaining 90%,Winter
2025-02-19,14.6,14.133718819462118,14.459155136606803,14.919279024154,9.0,14.095500825661318,14.9574970179548,0.2200000000000002,Two-sided ACI,17,0.03,18.0,0.0,0.7855602046918815,0.861996192293482,0.038217993800800265,0.32543631714468546,0.460123887547196,0.13468757040251056,True,False,False,Coolest 20%,Dry prior day,20–40%,Remaining 90%,Winter
2025-02-20,14.74,13.34355011415132,14.229256556063328,14.721854261809312,9.0,13.30724667862376,14.758157697336872,0.2240000000000002,Two-sided ACI,30,0.0,17.0,0.03,1.3783041476579925,1.4509110187131107,0.0363034355275591,0.8857064419120082,0.49259770574598427,-0.39310873616602393,True,False,False,Coolest 20%,Wet prior day,20–40%,Remaining 90%,Winter
2025-02-21,14.76,14.24312470460283,14.540147611308974,15.630449177736445,9.0,14.206821269075268,15.666752613264006,0.2280000000000002,Two-sided ACI,47,0.0,30.0,0.0,1.3873244731336154,1.4599313441887372,0.03630343552756088,0.29702290670614495,1.0903015664274704,0.7932786597213255,True,False,False,Coolest 20%,Dry prior day,20–40%,Remaining 90%,Winter
2025-02-22,14.54,13.87126764935965,14.36140540004105,14.960647808883513,9.0,13.840488797013393,14.99142666122977,0.2320000000000002,Two-sided ACI,55,0.0,47.0,0.0,1.0893801595238628,1.1509378642163774,0.030778852346257324,0.4901377506814004,0.5992424088424624,0.10910465816106196,True,False,False,20–40%,Dry prior day,20–40%,Remaining 90%,Winter
2025-02-23,15.16,13.860440842149265,14.63134915766446,15.176772335389211,9.0,13.83989397554178,15.197319201996695,0.2360000000000002,Two-sided ACI,69,0.0,55.0,0.0,1.3163314932399466,1.3574252264549145,0.02054686660748395,0.7709083155151948,0.5454231777247518,-0.225485137790443,True,False,False,20–40%,Dry prior day,20–40%,Remaining 90%,Winter
2025-02-24,15.88,14.495273793193563,15.494059146455983,16.526668015014156,9.0,14.47472692658608,16.54721488162164,0.2400000000000002,Two-sided ACI,66,0.0,69.0,0.0,2.0313942218205927,2.072487955035559,0.02054686660748306,0.99878535326242,1.0326088685581727,0.03382351529575267,True,False,False,40–60%,Dry prior day,40–60%,Remaining 90%,Winter
2025-02-25,14.68,14.537472678026116,15.585781837471457,16.120237061449394,9.0,14.519326939835429,16.138382799640084,0.2440000000000002,Two-sided ACI,68,0.0,66.0,0.0,1.582764383423278,1.6190558598046554,0.018145738190688654,1.0483091594453402,0.5344552239779379,-0.5138539354674023,True,False,False,40–60%,Dry prior day,40–60%,Remaining 90%,Winter
2025-02-26,14.7,14.56641906423394,15.333052482900404,16.161778994956762,9.0,14.550985188898844,16.17721287029186,0.2480000000000002,Two-sided ACI,51,0.0,68.0,0.0,1.5953599307228217,1.6262276813930168,0.015433875335097547,0.7666334186664638,0.8287265120563578,0.062093093389893994,True,False,False,40–60%,Dry prior day,40–60%,Remaining 90%,Winter
2025-02-27,14.71,13.674614400669316,14.790404343536975,15.093298608148803,9.0,13.686377823718397,15.081535185099725,0.2520000000000003,Two-sided ACI,64,0.0,51.0,0.0,1.4186842074794868,1.3951573613813277,-0.011763423049079513,1.115789942867659,0.3028942646118278,-0.8128956782558312,True,False,False,20–40%,Dry prior day,40–60%,Remaining 90%,Winter
2025-02-28,13.88,14.252952944267175,14.665592097585778,15.501590402379753,9.0,14.264716367316256,15.489826979330672,0.2560000000000003,Two-sided ACI,68,0.0,64.0,0.0,1.2486374581125776,1.2251106120144168,-0.011763423049080401,0.4126391533186027,0.835998304793975,0.4233591514753723,False,True,False,40–60%,Dry prior day,20–40%,Remaining 90%,Winter
2025-03-01,13.76,12.630458425423605,13.715975063999627,14.533267203472946,9.0,12.609911558816124,14.553814070080428,0.2400000000000002,Two-sided ACI,64,0.0,68.0,0.0,1.9028087780493408,1.9439025112643034,0.020546866607481284,1.0855166385760224,0.8172921394733184,-0.2682244991027041,True,False,False,40–60%,Dry prior day,Lowest 20%,Remaining 90%,Spring
2025-03-02,14.05,13.0534995778447,13.749560769298109,14.463261997146184,9.0,13.033837501368463,14.48292407362242,0.2440000000000002,Two-sided ACI,68,0.0,64.0,0.0,1.409762419301483,1.4490865722539574,0.01966207647623719,0.6960611914534081,0.713701227848075,0.017640036394666936,True,False,False,40–60%,Dry prior day,Lowest 20%,Remaining 90%,Spring
2025-03-03,13.9,13.80844286022312,14.6754874070492,15.778384799929514,9.0,13.790297122032433,15.7965305381202,0.2480000000000002,Two-sided ACI,66,0.0,68.0,0.0,1.969941939706393,2.006233416087767,0.018145738190686878,0.8670445468260795,1.1028973928803136,0.23585284605423418,True,False,False,40–60%,Dry prior day,20–40%,Remaining 90%,Spring
2025-03-04,14.08,12.985636820626718,13.52774880405093,14.341236724085809,9.0,12.97020294529162,14.356670599420903,0.2520000000000003,Two-sided ACI,49,0.0,66.0,0.0,1.3555999034590904,1.3864676541292837,0.015433875335096658,0.5421119834242116,0.8134879200348788,0.27137593661066717,True,False,False,40–60%,Dry prior day,Lowest 20%,Remaining 90%,Spring
2025-03-05,13.98,13.505467637937455,14.031609440853334,14.742408206775476,9.0,13.49003376260236,14.757842082110573,0.2560000000000003,Two-sided ACI,54,0.0,49.0,0.0,1.2369405688380208,1.2678083195082124,0.01543387533509577,0.5261418029158786,0.7107987659221422,0.18465696300626355,True,False,False,20–40%,Dry prior day,20–40%,Remaining 90%,Spring
2025-03-06,13.72,12.973447490492491,13.80506766434517,14.431575888063264,9.0,12.990219825881706,14.41480355267405,0.2600000000000003,Two-sided ACI,49,0.04,54.0,0.0,1.458128397570773,1.4245837267923438,-0.016772335389214632,0.831620173852679,0.6265082237180941,-0.20511195013458483,True,False,False,20–40%,Dry prior day,Lowest 20%,Remaining 90%,Spring
2025-03-07,13.41,12.71076547524624,13.115658487049568,14.051347595253056,9.0,12.729160390245877,14.03295268025342,0.2640000000000003,Two-sided ACI,42,0.01,49.0,0.04,1.3405821200068164,1.303792290007543,-0.018394914999636747,0.4048930118033294,0.935689108203487,0.5307960964001577,True,False,False,20–40%,Wet prior day,Lowest 20%,Remaining 90%,Spring
2025-03-08,13.52,12.5806243873276,12.948174114984475,13.480497624011292,9.0,12.599019302327235,13.462102709011656,0.2680000000000003,Two-sided ACI,54,0.0,42.0,0.01,0.8998732366836926,0.8630834066844209,-0.01839491499963586,0.36754972765687555,0.532323509026817,0.16477378136994147,False,False,True,Coolest 20%,Wet prior day,Lowest 20%,Remaining 90%,Spring
2025-03-09,13.81,13.36045841775918,13.663789037903468,14.484458317836166,9.0,13.345024542424085,14.499892193171265,0.2520000000000003,Two-sided ACI,70,0.0,54.0,0.0,1.1239999000769867,1.15486765074718,0.015433875335096658,0.3033306201442887,0.820669279932698,0.5173386597884093,True,False,False,20–40%,Dry prior day,Lowest 20%,Remaining 90%,Spring
2025-03-10,14.11,13.642374489734912,14.383686957838146,15.701978357114776,9.0,13.626940614399816,15.717412232449872,0.2560000000000003,Two-sided ACI,72,0.0,70.0,0.0,2.059603867379863,2.0904716180500564,0.015433875335096658,0.7413124681032333,1.3182913992766299,0.5769789311733966,True,False,False,40–60%,Dry prior day,20–40%,Remaining 90%,Spring
2025-03-11,13.93,13.194176349081516,13.88661490770406,14.600634339039448,9.0,13.205939772130597,14.588870915990366,0.2600000000000003,Two-sided ACI,64,0.0,72.0,0.0,1.4064579899579321,1.3829311438597696,-0.01176342304908129,0.692438558622543,0.7140194313353891,0.021580872712846144,True,False,False,60–80%,Dry prior day,Lowest 20%,Remaining 90%,Spring
2025-03-12,14.48,13.356971609307854,13.939624321384638,14.849672929267218,9.0,13.373743944697068,14.832900593878003,0.2640000000000003,Two-sided ACI,66,0.0,64.0,0.0,1.4927013199593642,1.459156649180935,-0.016772335389214632,0.5826527120767846,0.9100486078825796,0.327395895805795,True,False,False,40–60%,Dry prior day,20–40%,Remaining 90%,Spring
2025-03-13,13.53,13.130594510897264,14.17598436630223,14.774780637260765,9.0,13.158594948852226,14.746780199305803,0.2680000000000003,Two-sided ACI,69,0.0,66.0,0.0,1.6441861263635005,1.5881852504535772,-0.028000437954961654,1.0453898554049648,0.5987962709585357,-0.44659358444642905,True,False,False,40–60%,Dry prior day,20–40%,Remaining 90%,Spring
2025-03-14,13.67,13.05387569297054,13.76545293193528,14.749785906140971,9.0,13.0932080938362,14.71045350527531,0.2720000000000003,Two-sided ACI,60,0.01,69.0,0.0,1.695910213170432,1.6172454114391108,-0.03933240086566059,0.7115772389647415,0.9843329742056905,0.2727557352409491,True,False,False,40–60%,Dry prior day,Lowest 20%,Remaining 90%,Spring
2025-03-15,13.29,12.158795279955129,12.901341224272254,13.475625899762305,9.0,12.208087526132182,13.426333653585251,0.2760000000000003,Two-sided ACI,48,0.0,60.0,0.01,1.3168306198071758,1.2182461274530691,-0.0492922461770533,0.7425459443171256,0.5742846754900501,-0.16826126882707548,True,False,False,40–60%,Wet prior day,Lowest 20%,Remaining 90%,Spring
2025-03-16,13.17,13.04282619603208,13.567679454553756,14.138532311194654,9.0,13.09423797930084,14.087120527925896,0.2800000000000003,Two-sided ACI,62,0.0,48.0,0.0,1.0957061151625744,0.9928825486250563,-0.05141178326875906,0.5248532585216772,0.5708528566408972,0.04599959811922005,True,False,False,20–40%,Dry prior day,Lowest 20%,Remaining 90%,Spring
2025-03-17,16.09,13.148293404169596,13.833036189174573,15.091632745374085,9.0,13.207665236074153,15.032260913469528,0.2840000000000003,Two-sided ACI,70,0.0,62.0,0.0,1.9433393412044886,1.8245956773953758,-0.059371831904556416,0.6847427850049765,1.258596556199512,0.5738537711945355,False,False,True,40–60%,Dry prior day,Lowest 20%,Remaining 90%,Spring
2025-03-18,12.7,14.17483425829746,14.634011249835634,15.482123842340126,9.0,14.21416665916312,15.442791441474466,0.2680000000000003,Two-sided ACI,66,0.0,70.0,0.0,1.3072895840426657,1.2286247823113463,-0.0393324008656597,0.4591769915381736,0.8481125925044921,0.3889356009663185,False,True,False,40–60%,Dry prior day,20–40%,Remaining 90%,Spring
2025-03-19,12.51,12.88340477587352,14.173922316074762,15.173475017909238,9.0,12.8951681989226,15.161711594860158,0.2520000000000003,Two-sided ACI,47,0.0,66.0,0.0,2.2900702420357177,2.2665433959375587,-0.011763423049079513,1.2905175402012414,0.9995527018344763,-0.2909648383667651,False,True,False,40–60%,Dry prior day,20–40%,Remaining 90%,Spring
2025-03-20,13.19,11.54034798990532,12.471452781010637,13.213939558261009,9.0,11.51980112329784,13.23448642486849,0.2360000000000002,Two-sided ACI,57,0.0,47.0,0.0,1.6735915683556897,1.7146853015706487,0.020546866607479508,0.9311047911053176,0.742486777250372,-0.1886180138549456,True,False,False,20–40%,Dry prior day,Lowest 20%,Remaining 90%,Spring
2025-03-21,13.45,12.701474901184469,13.148545796095355,14.217043021983644,9.0,12.681812824708231,14.23670509845988,0.2400000000000002,Two-sided ACI,57,0.0,57.0,0.0,1.5155681207991751,1.5548922737516495,0.01966207647623719,0.4470708949108868,1.0684972258882883,0.6214263309774015,True,False,False,20–40%,Dry prior day,Lowest 20%,Remaining 90%,Spring
2025-03-22,13.18,12.21016779986742,13.29756250777551,13.951153248691073,9.0,12.194733924532322,13.96658712402617,0.2440000000000002,Two-sided ACI,61,0.0,57.0,0.0,1.7409854488236522,1.7718531994938473,0.015433875335097547,1.0873947079080892,0.653590740915563,-0.4338039669925262,True,False,False,20–40%,Dry prior day,Lowest 20%,Remaining 90%,Spring
2025-03-23,14.0,12.527882416458166,13.414125518259793,14.25334627423002,9.0,12.539645839507246,14.24158285118094,0.2480000000000002,Two-sided ACI,63,0.0,61.0,0.0,1.7254638577718548,1.701937011673694,-0.011763423049080401,0.886243101801627,0.8392207559702278,-0.04702234583139919,True,False,False,40–60%,Dry prior day,Lowest 20%,Remaining 90%,Spring
2025-03-24,16.16,14.20058876155747,15.16810855754806,16.43162884412162,9.0,14.217361096946682,16.414856508732406,0.2520000000000003,Two-sided ACI,72,0.0,63.0,0.0,2.2310400825641494,2.1974954117857237,-0.016772335389212856,0.9675197959905901,1.2635202865735593,0.2960004905829692,True,False,False,40–60%,Dry prior day,40–60%,Remaining 90%,Spring
2025-03-25,14.73,14.296952787300146,14.825565347700566,15.783572270432115,9.0,14.31372512268936,15.766799935042902,0.2560000000000003,Two-sided ACI,73,0.0,72.0,0.0,1.4866194831319692,1.4530748123535417,-0.016772335389213744,0.5286125604004202,0.9580069227315491,0.42939436233112893,True,False,False,60–80%,Dry prior day,40–60%,Remaining 90%,Spring
2025-03-26,16.4,13.97008058468124,15.192618672597716,16.24228267399878,9.0,13.994020142942247,16.218343115737774,0.2600000000000003,Two-sided ACI,75,0.0,73.0,0.0,2.27220208931754,2.2243229727955267,-0.023939558261006688,1.222538087916476,1.049664001401064,-0.17287408651541192,False,False,True,60–80%,Dry prior day,40–60%,Remaining 90%,Spring
2025-03-27,15.44,14.271852461249807,15.347080943185754,16.226136837360276,9.0,14.25370672305912,16.24428257555096,0.2440000000000002,Two-sided ACI,78,0.0,75.0,0.0,1.9542843761104685,1.9905758524918422,0.018145738190686878,1.0752284819359463,0.8790558941745221,-0.1961725877614242,True,False,False,60–80%,Dry prior day,40–60%,Remaining 90%,Spring
2025-03-28,14.67,14.350083491299806,15.606202989204352,16.757935233123195,9.0,14.33464961596471,16.77336910845829,0.2480000000000002,Two-sided ACI,78,0.0,78.0,0.0,2.4078517418233893,2.438719492493581,0.01543387533509577,1.256119497904546,1.1517322439188433,-0.1043872539857027,True,False,False,60–80%,Dry prior day,40–60%,Remaining 90%,Spring
2025-03-29,13.6,13.260055272712108,14.49129464702122,15.38321475210734,9.0,13.271818695761189,15.37145132905826,0.2520000000000003,Two-sided ACI,61,0.84,78.0,0.0,2.123159479395232,2.0996326332970714,-0.011763423049080401,1.2312393743091121,0.8919201050861201,-0.33931926922299205,True,False,False,60–80%,Dry prior day,20–40%,Remaining 90%,Spring
2025-03-30,13.56,10.164147904300089,12.65211822907962,13.385404026424808,9.0,10.180920239689302,13.368631691035594,0.2560000000000003,Two-sided ACI,45,0.29,61.0,0.84,3.2212561221247196,3.187711451346292,-0.016772335389213744,2.487970324779532,0.7332857973451876,-1.7546845274343443,False,False,True,40–60%,Wet prior day,Lowest 20%,Remaining 90%,Spring
2025-03-31,14.33,12.69913720752395,14.87845096062354,15.56076603333257,9.0,12.679475131047717,15.580428109808803,0.2400000000000002,Two-sided ACI,55,0.0,45.0,0.29,2.8616288258086193,2.9009529787610866,0.019662076476233636,2.1793137530995903,0.682315072709029,-1.4969986803905613,True,False,False,Coolest 20%,Wet prior day,40–60%,Remaining 90%,Spring
