"date","total_actual_demand_mgd","total_projected_demand_mgd","actual_projected_demand","total_plant_demand_mgd"
"2020-01-01T00:00:00.000","12.47","12.06","1.033996683250414593698175788","12.77"
"2020-01-02T00:00:00.000","13.24","13.11","1.009916094584286803966437834","14.17"
"2020-01-03T00:00:00.000","13.57","13.53","1.002956393200295639320029564","14.1"
"2020-01-04T00:00:00.000","13.38","13.63","0.9816581071166544387380777696","13.84"
"2020-01-05T00:00:00.000","13.52","13.7","0.9868613138686131386861313869","14.51"
"2020-01-06T00:00:00.000","13.9","13.56","1.025073746312684365781710914","14.62"
"2020-01-07T00:00:00.000","13.89","13.48","1.030415430267062314540059347","14.32"
"2020-01-08T00:00:00.000","13.67","13.51","1.011843079200592153960029608","14.4"
"2020-01-09T00:00:00.000","13.46","13.71","0.9817651349380014587892049599","14.61"
"2020-01-10T00:00:00.000","13.52","13.72","0.9854227405247813411078717201","13.99"
"2020-01-11T00:00:00.000","13.3","13.67","0.9729334308705193855157278713","13.99"
"2020-01-12T00:00:00.000","13.56","13.49","1.005189028910303928836174944","14.32"
"2020-01-13T00:00:00.000","13.54","13.7","0.9883211678832116788321167883","14.04"
"2020-01-14T00:00:00.000","13.55","13.73","0.9868900218499635833940276766","14.17"
"2020-01-15T00:00:00.000","13.39","13.74","0.9745269286754002911208151383","14.07"
"2020-01-16T00:00:00.000","13.76","13.86","0.9927849927849927849927849928","14.26"
"2020-01-17T00:00:00.000","13.74","13.82","0.9942112879884225759768451520","14.39"
"2020-01-18T00:00:00.000","13.46","14.04","0.9586894586894586894586894587","14.16"
"2020-01-19T00:00:00.000","13.82","13.97","0.9892627057981388690050107373","14.2"
"2020-01-20T00:00:00.000","14.58","14.1","1.034042553191489361702127660","15.54"
"2020-01-21T00:00:00.000","13.23","14.15","0.9349823321554770318021201413","14.78"
"2020-01-22T00:00:00.000","14.27","14.12","1.010623229461756373937677054","14.63"
"2020-01-23T00:00:00.000","14.06","14.15","0.9936395759717314487632508834","14.69"
"2020-01-24T00:00:00.000","14.21","14.16","1.003531073446327683615819209","14.96"
"2020-01-25T00:00:00.000","14.29","14.25","1.002807017543859649122807018","14.92"
"2020-01-26T00:00:00.000","14.44","14.18","1.018335684062059238363892807","14.78"
"2020-01-27T00:00:00.000","14.37","14.2","1.011971830985915492957746479","15.23"
"2020-01-28T00:00:00.000","14.42","14.09","1.023420865862313697657913414","14.98"
"2020-01-29T00:00:00.000","14.04","14.33","0.9797627355198883461270062805","14.51"
"2020-01-30T00:00:00.000","14.16","14.11","1.003543586109142452161587527","15.17"
"2020-01-31T00:00:00.000","14.01","14.04","0.9978632478632478632478632479","14.87"
"2020-02-01T00:00:00.000","14.13","14.53","0.9724707501720578114246386786","14.92"
"2020-02-02T00:00:00.000","14.58","14.34","1.016736401673640167364016736","15.62"
"2020-02-03T00:00:00.000","13.67","14.5","0.9427586206896551724137931034","14.81"
"2020-02-04T00:00:00.000","14","14.22","0.9845288326300984528832630098","16.08"
"2020-02-05T00:00:00.000","14.07","14.54","0.9676753782668500687757909216","7.01"
"2020-02-06T00:00:00.000","15.85","14.51","1.092350103376981392143349414","13.25"
"2020-02-07T00:00:00.000","13.26","14.52","0.9132231404958677685950413223","14.93"
"2020-02-08T00:00:00.000","13.65","14.66","0.9311050477489768076398362892","17.75"
"2020-02-09T00:00:00.000","13.97","14.81","0.9432815665091154625253207292","17.94"
"2020-02-10T00:00:00.000","14.58","14.58","1","18.35"
"2020-02-11T00:00:00.000","14.34","14.57","0.9842141386410432395332875772","15.03"
"2020-02-12T00:00:00.000","14.18","14.47","0.9799585348997926744989633725","15.19"
"2020-02-13T00:00:00.000","14.25","14.62","0.9746922024623803009575923393","14.96"
"2020-02-14T00:00:00.000","14.54","14.61","0.9952087611225188227241615332","14.92"
"2020-02-15T00:00:00.000","13.81","14.55","0.9491408934707903780068728522","14.83"
"2020-02-16T00:00:00.000","14.23","14.6","0.9746575342465753424657534247","15.06"
"2020-02-17T00:00:00.000","14.51","14.59","0.9945167923235092529129540781","15.17"
"2020-02-18T00:00:00.000","14.59","14.43","1.011088011088011088011088011","15.52"
"2020-02-19T00:00:00.000","14.18","14.36","0.9874651810584958217270194986","15.44"
"2020-02-20T00:00:00.000","14.81","14.41","1.027758501040943789035392089","15.56"
"2020-02-21T00:00:00.000","14.55","14.42","1.009015256588072122052704577","15.8"
"2020-02-22T00:00:00.000","14.37","14.48","0.9924033149171270718232044199","15.58"
"2020-02-23T00:00:00.000","14.51","14.34","1.011854951185495118549511855","15.45"
"2020-02-24T00:00:00.000","14.44","14.04","1.028490028490028490028490028","15.61"
"2020-02-25T00:00:00.000","14.27","14.37","0.9930410577592205984690327070","15.56"
"2020-02-26T00:00:00.000","14.3","14.45","0.9896193771626297577854671280","15.28"
"2020-02-27T00:00:00.000","14.21","14.38","0.9881780250347705146036161335","15.3"
"2020-02-28T00:00:00.000","14.41","14.4","1.000694444444444444444444444","15.74"
"2020-02-29T00:00:00.000","14.51","14.48","1.002071823204419889502762431","15.19"
"2020-03-01T00:00:00.000","14.18","14.48","0.9792817679558011049723756906","15.51"
"2020-03-02T00:00:00.000","15.02","14.44","1.040166204986149584487534626","16.08"
"2020-03-03T00:00:00.000","15.86","14.53","1.091534755677907777013076394","16.79"
"2020-03-04T00:00:00.000","14.29","14.65","0.9754266211604095563139931741","15.83"
"2020-03-05T00:00:00.000","15.59","14.65","1.064163822525597269624573379","16.75"
"2020-03-06T00:00:00.000","14.1","14.5","0.9724137931034482758620689655","15.27"
"2020-03-07T00:00:00.000","14.41","14.49","0.9944789510006901311249137336","15.74"
"2020-03-08T00:00:00.000","14.14","14.71","0.9612508497620666213460231135","15.8"
"2020-03-09T00:00:00.000","14.52","14.82","0.9797570850202429149797570850","23.27"
"2020-03-10T00:00:00.000","14.36","14.75","0.9735593220338983050847457627","15.6"
"2020-03-11T00:00:00.000","14.81","14.39","1.029186935371785962473940236","16"
"2020-03-12T00:00:00.000","14.66","14.4","1.018055555555555555555555556","16.06"
"2020-03-13T00:00:00.000","13.73","14.2","0.9669014084507042253521126761","14.86"
"2020-03-14T00:00:00.000","13.67","14.32","0.9546089385474860335195530726","14.85"
"2020-03-15T00:00:00.000","13.57","14.12","0.9610481586402266288951841360","14.73"
"2020-03-16T00:00:00.000","13.86","14.06","0.9857752489331436699857752489","14.93"
"2020-03-17T00:00:00.000","13.04","13.97","0.9334287759484609878310665712","14.33"
"2020-03-18T00:00:00.000","13.59","14.11","0.9631467044649184975194897236","14.7"
"2020-03-19T00:00:00.000","12.55","14.39","0.8721334259902710215427380125","13.71"
"2020-03-20T00:00:00.000","12.98","14.53","0.8933241569167240192704748796","14.1"
"2020-03-21T00:00:00.000","13.53","14.71","0.9197824609109449354180829368","14.46"
"2020-03-22T00:00:00.000","13.21","14.84","0.8901617250673854447439353100","14.39"
"2020-03-23T00:00:00.000","13.89","14.55","0.9546391752577319587628865979","14.93"
"2020-03-24T00:00:00.000","13.7","14.9","0.9194630872483221476510067114","14.82"
"2020-03-25T00:00:00.000","14.26","15.11","0.9437458636664460622104566512","15.2"
"2020-03-26T00:00:00.000","13.06","14.91","0.8759221998658618376928236083","14.02"
"2020-03-27T00:00:00.000","13.22","15.15","0.8726072607260726072607260726","14.13"
"2020-03-28T00:00:00.000","13.54","15.25","0.8878688524590163934426229508","14.43"
"2020-03-29T00:00:00.000","13.28","15.16","0.8759894459102902374670184697","14.73"
"2020-03-30T00:00:00.000","13.75","15.32","0.8975195822454308093994778068","15.02"
"2020-03-31T00:00:00.000","14.38","15.51","0.9271437782076079948420373952","16.1"
"2020-04-01T00:00:00.000","14.07","15.39","0.9142300194931773879142300195","15.12"
"2020-04-02T00:00:00.000","13.08","15.16","0.8627968337730870712401055409","13.66"
"2020-04-03T00:00:00.000","13.24","15.21","0.8704799474030243261012491782","14.42"
"2020-04-04T00:00:00.000","13.87","15.87","0.8739760554505356017643352237","14.7"
"2020-04-05T00:00:00.000","16.08","16.23","0.9907578558225508317929759704","20.2"
"2020-04-06T00:00:00.000","14.49","16.03","0.9039301310043668122270742358","17.62"
"2020-04-07T00:00:00.000","14.89","16.42","0.9068209500609013398294762485","18.19"
"2020-04-08T00:00:00.000","14.52","16.85","0.8617210682492581602373887240","19.1"
"2020-04-09T00:00:00.000","14.6","16.82","0.8680142687277051129607609988","14.41"
"2020-04-10T00:00:00.000","14.63","16.7","0.8760479041916167664670658683","13.95"
"2020-04-11T00:00:00.000","14.36","17.07","0.8412419449326303456356180434","14.39"
"2020-04-12T00:00:00.000","13.18","17.08","0.7716627634660421545667447307","12.24"
"2020-04-13T00:00:00.000","13.86","17.06","0.8124267291910902696365767878","12.9"
"2020-04-14T00:00:00.000","13.65","16.8","0.8125","12.73"
"2020-04-15T00:00:00.000","13.68","16.77","0.8157423971377459749552772809","13.1"
"2020-04-16T00:00:00.000","12.75","16.81","0.7584770969660916121356335515","11.64"
"2020-04-17T00:00:00.000","12.67","16.93","0.7483756645008860011813349084","11.63"
"2020-04-18T00:00:00.000","13.28","17.92","0.7410714285714285714285714286","12.08"
"2020-04-19T00:00:00.000","13.79","17.99","0.7665369649805447470817120623","13.28"
"2020-04-20T00:00:00.000","13.96","17.74","0.7869222096956031567080045096","13.43"
"2020-04-21T00:00:00.000","14.52","18.01","0.8062187673514714047751249306","16.03"
"2020-04-22T00:00:00.000","14.81","18.29","0.8097320940404592673592126845","16.15"
"2020-04-23T00:00:00.000","14.07","18.58","0.7572658772874058127018299247","15.55"
"2020-04-24T00:00:00.000","12.84","18.84","0.6815286624203821656050955414","14.9"
"2020-04-25T00:00:00.000","14.34","19","0.7547368421052631578947368421","16.64"
"2020-04-26T00:00:00.000","14.78","18.54","0.7971952535059331175836030205","17.34"
"2020-04-27T00:00:00.000","16.37","18.58","0.8810548977395048439181916039","19.35"
"2020-04-28T00:00:00.000","16.46","19.08","0.8626834381551362683438155136","19.56"
"2020-04-29T00:00:00.000","17.62","18.68","0.9432548179871520342612419700","22.59"
"2020-04-30T00:00:00.000","17.38","19.22","0.9042663891779396462018730489","22.16"
"2020-05-01T00:00:00.000","18.4","19.46","0.9455292908530318602261048304","22.82"
"2020-05-02T00:00:00.000","15.69","20.2","0.7767326732673267326732673267","17.47"
"2020-05-03T00:00:00.000","16.18","20.88","0.7749042145593869731800766284","18.2"
"2020-05-04T00:00:00.000","16.22","21.95","0.7389521640091116173120728929","16.08"
"2020-05-05T00:00:00.000","17.56","21.91","0.8014605203103605659516202647","18.29"
"2020-05-06T00:00:00.000","17.89","21.59","0.8286243631310792033348772580","20.7"
"2020-05-07T00:00:00.000","18.56","20.72","0.8957528957528957528957528958","21.37"
"2020-05-08T00:00:00.000","19.36","20.58","0.9407191448007774538386783285","22.46"
"2020-05-09T00:00:00.000","19.68","21.06","0.9344729344729344729344729345","21.5"
"2020-05-10T00:00:00.000","20.36","21.01","0.9690623512613041408852927178","22.97"
"2020-05-11T00:00:00.000","18.06","19.69","0.9172168613509395632300660234","18.79"
"2020-05-12T00:00:00.000","17.45","19.04","0.9164915966386554621848739496","13.9"
"2020-05-13T00:00:00.000","19.93","19.78","1.007583417593528816986855410","18.64"
"2020-05-14T00:00:00.000","17.99","20.54","0.8758519961051606621226874391","15.69"
"2020-05-15T00:00:00.000","18.33","20.94","0.8753581661891117478510028653","17.53"
"2020-05-16T00:00:00.000","18.44","21.31","0.8653214453308305959643359925","19.51"
"2020-05-17T00:00:00.000","19.36","21.18","0.9140698772426817752596789424","21.86"
"2020-05-18T00:00:00.000","23.89","20.83","1.146903504560729716754680749","28.27"
"2020-05-19T00:00:00.000","24.52","19.52","1.256147540983606557377049180","27.83"
"2020-05-20T00:00:00.000","28.58","19.41","1.472436888201957753735188047","32.97"
"2020-05-21T00:00:00.000","27.19","21.08","1.289848197343453510436432638","32.54"
"2020-05-22T00:00:00.000","30.75","20.93","1.469182990922121356903965600","36.12"
"2020-05-23T00:00:00.000","27.59","20.77","1.328358208955223880597014925","31.75"
"2020-05-24T00:00:00.000","22.05","20.57","1.071949440933398152649489548","22.93"
"2020-05-25T00:00:00.000","22.88","21.61","1.058769088385006941230911615","21.52"
"2020-05-26T00:00:00.000","22.91","21.62","1.059666975023126734505087882","23.42"
"2020-05-27T00:00:00.000","27.18","21.6","1.258333333333333333333333333","28.78"
"2020-05-28T00:00:00.000","25.57","23.28","1.098367697594501718213058419","27.01"
"2020-05-29T00:00:00.000","29.49","22.56","1.307180851063829787234042553","32.42"
"2020-05-30T00:00:00.000","26.83","23.22","1.155469422911283376399655469","29.54"
"2020-05-31T00:00:00.000","24.09","24.37","0.9885104636848584324989741485","25.5"
"2020-06-01T00:00:00.000","27.77","25.97","1.069310743165190604543704274","30.11"
"2020-06-02T00:00:00.000","27.56","27.08","1.017725258493353028064992614","31.74"
"2020-06-03T00:00:00.000","31.29","27.19","1.150790731886723059948510482","41.07"
"2020-06-04T00:00:00.000","30.99","29.17","1.062392869386355845046280425","33.21"
"2020-06-05T00:00:00.000","33.2","29.22","1.136208076659822039698836413","36.69"
"2020-06-06T00:00:00.000","27.02","30.09","0.8979727484214024592888002659","28.65"
"2020-06-07T00:00:00.000","25.69","29.81","0.8617913451861791345186179135","26.61"
"2020-06-08T00:00:00.000","27.66","30.43","0.9089714097929674663161353927","29.79"
"2020-06-09T00:00:00.000","23.7","30.28","0.7826948480845442536327608983","22.68"
"2020-06-10T00:00:00.000","27.54","30.79","0.8944462487820721013316011692","25.84"
"2020-06-11T00:00:00.000","30.05","31.11","0.9659273545483767277402764384","30.54"
"2020-06-12T00:00:00.000","33.19","30.64","1.083224543080939947780678851","35.44"
"2020-06-13T00:00:00.000","31.3","31.15","1.004815409309791332263242376","33.55"
"2020-06-14T00:00:00.000","31.71","31.6","1.003481012658227848101265823","35.16"
"2020-06-15T00:00:00.000","34.69","32.88","1.055048661800486618004866180","38.66"
"2020-06-16T00:00:00.000","33.65","32.03","1.050577583515454261629722135","42.22"
"2020-06-17T00:00:00.000","33.83","31.5","1.073968253968253968253968254","43.87"
"2020-06-18T00:00:00.000","31","32.41","0.9564949089787102746066029003","34.28"
"2020-06-19T00:00:00.000","27.48","32.62","0.8424279583077866339668914776","28.62"
"2020-06-20T00:00:00.000","28.61","33.65","0.8502228826151560178306092125","28.37"
"2020-06-21T00:00:00.000","28.38","33.5","0.8471641791044776119402985075","30.68"
"2020-06-22T00:00:00.000","32.95","33.94","0.9708308780200353565114908662","35.02"
"2020-06-23T00:00:00.000","31.28","34.32","0.9114219114219114219114219114","33.82"
"2020-06-24T00:00:00.000","33.79","34.24","0.9868574766355140186915887850","37.27"
"2020-06-25T00:00:00.000","30.77","34.25","0.8983941605839416058394160584","33.83"
"2020-06-26T00:00:00.000","31.68","35.32","0.8969422423556058890147225368","33.81"
"2020-06-27T00:00:00.000","31.61","35.9","0.8805013927576601671309192201","31.38"
"2020-06-28T00:00:00.000","32.26","36.1","0.8936288088642659279778393352","33.17"
"2020-06-29T00:00:00.000","36.42","36.6","0.9950819672131147540983606557","39.28"
"2020-06-30T00:00:00.000","31.61","35.55","0.8891701828410689170182841069","34.77"
"2020-07-01T00:00:00.000","34.19","34.75","0.9838848920863309352517985612","37.41"
"2020-07-02T00:00:00.000","34.9","35.38","0.9864330130016958733747880158","38.34"
"2020-07-03T00:00:00.000","38.69","36.17","1.069670998064694498202930605","42.5"
"2020-07-04T00:00:00.000","32.31","34.97","0.9239348012582213325707749500","37.1"
"2020-07-05T00:00:00.000","34.38","33.43","1.028417588991923422075979659","38.07"
"2020-07-06T00:00:00.000","38.09","32.81","1.160926546784516915574519963","42.56"
"2020-07-07T00:00:00.000","37.62","31.01","1.213157046114156723637536279","40.43"
"2020-07-08T00:00:00.000","39.25","31.17","1.259223612447866538338145653","43.78"
"2020-07-09T00:00:00.000","37.99","32.5","1.168923076923076923076923077","42.08"
"2020-07-10T00:00:00.000","40.77","33.78","1.206927175843694493783303730","46.91"
"2020-07-11T00:00:00.000","38.67","34.91","1.107705528501861930678888571","43.64"
"2020-07-12T00:00:00.000","36.74","34.08","1.078051643192488262910798122","43.12"
"2020-07-13T00:00:00.000","38.2","34.09","1.120563215019067175124669991","43.23"
"2020-07-14T00:00:00.000","34.28","33.67","1.018117018117018117018117018","36.83"
"2020-07-15T00:00:00.000","31.47","33.7","0.9338278931750741839762611276","37.98"
"2020-07-16T00:00:00.000","35.95","34.65","1.037518037518037518037518038","37.47"
"2020-07-17T00:00:00.000","39.34","34.8","1.130459770114942528735632184","44.66"
"2020-07-18T00:00:00.000","38.98","35.8","1.088826815642458100558659218","41.99"
"2020-07-19T00:00:00.000","35.7","34.95","1.021459227467811158798283262","40.83"
"2020-07-20T00:00:00.000","39.63","35.78","1.107602012297372833985466741","43.37"
"2020-07-21T00:00:00.000","36.64","35.31","1.037666383460775984140470122","38.44"
"2020-07-22T00:00:00.000","38.52","35.96","1.071190211345939933259176863","40.3"
"2020-07-23T00:00:00.000","37.05","36.56","1.013402625820568927789934354","39.67"
"2020-07-24T00:00:00.000","37.95","36.57","1.037735849056603773584905660","42.39"
"2020-07-25T00:00:00.000","36.35","35.62","1.020494104435710275126333520","38.47"
"2020-07-26T00:00:00.000","34.83","34.76","1.002013808975834292289988493","37.27"
"2020-07-27T00:00:00.000","37.06","34.86","1.063109581181870338496844521","42.62"
"2020-07-28T00:00:00.000","33.51","34.4","0.9741279069767441860465116279","37.39"
"2020-07-29T00:00:00.000","35.46","34.23","1.035933391761612620508326030","38.93"
"2020-07-30T00:00:00.000","32.68","33.82","0.9662921348314606741573033708","34.63"
"2020-07-31T00:00:00.000","34.5","34.08","1.012323943661971830985915493","34.58"
"2020-08-01T00:00:00.000","33.47","33.95","0.9858615611192930780559646539","35.53"
"2020-08-02T00:00:00.000","33.12","33.63","0.9848349687778768956289027654","35.67"
"2020-08-03T00:00:00.000","36.37","33.93","1.071912761567933981727085175","40.37"
"2020-08-04T00:00:00.000","32.68","32.84","0.9951278928136419001218026797","35.7"
"2020-08-05T00:00:00.000","35.15","33.54","1.048002385211687537268932618","38.83"
"2020-08-06T00:00:00.000","33.15","33.48","0.9901433691756272401433691756","37.65"
"2020-08-07T00:00:00.000","39.31","33.7","1.166468842729970326409495549","42.41"
"2020-08-08T00:00:00.000","36.08","34.04","1.059929494712103407755581669","39.99"
"2020-08-09T00:00:00.000","36.15","33.4","1.082335329341317365269461078","40.17"
"2020-08-10T00:00:00.000","38.39","33.69","1.139507272187592757494805580","43.14"
"2020-08-11T00:00:00.000","35.68","33.45","1.066666666666666666666666667","38.83"
"2020-08-12T00:00:00.000","37.1","34.02","1.090534979423868312757201646","41.27"
"2020-08-13T00:00:00.000","36.03","34.75","1.036834532374100719424460432","40.13"
"2020-08-14T00:00:00.000","38.18","34.16","1.117681498829039812646370023","42.66"
"2020-08-15T00:00:00.000","35.34","34.43","1.026430438571013650885855359","39.67"
"2020-08-16T00:00:00.000","35.37","33.14","1.067290283645141822570911285","39.62"
"2020-08-17T00:00:00.000","37.79","34.08","1.108861502347417840375586854","42.65"
"2020-08-18T00:00:00.000","36.62","34.02","1.076425631981187536743092299","39.95"
"2020-08-19T00:00:00.000","37.49","33.67","1.113454113454113454113454113","40.38"
"2020-08-20T00:00:00.000","34.41","34.09","1.009386916984452918744499853","36.71"
"2020-08-21T00:00:00.000","37.74","35.01","1.077977720651242502142245073","42.42"
"2020-08-22T00:00:00.000","36.25","35.26","1.028077141236528644356211004","41.33"
"2020-08-23T00:00:00.000","35.94","34.67","1.036631093164118834727430055","40.98"
"2020-08-24T00:00:00.000","38.81","35.38","1.096947427925381571509327304","42.49"
"2020-08-25T00:00:00.000","35.45","34.82","1.018093049971280873061458932","38.3"
"2020-08-26T00:00:00.000","36.36","35.34","1.028862478777589134125636672","39.8"
"2020-08-27T00:00:00.000","35.87","35.43","1.012418854078464578041208016","38.35"
"2020-08-28T00:00:00.000","35.26","35.59","0.9907277325091317785894914302","38.18"
"2020-08-29T00:00:00.000","31.92","35.46","0.9001692047377326565143824027","33.32"
"2020-08-30T00:00:00.000","30.96","35.24","0.8785471055618615209988649262","34.42"
"2020-08-31T00:00:00.000","34.15","35.12","0.9723804100227790432801822323","38.31"
"2020-09-01T00:00:00.000","33.18","34.89","0.9509888220120378331900257954","35.89"
"2020-09-02T00:00:00.000","35.31","35.04","1.007705479452054794520547945","39.88"
"2020-09-03T00:00:00.000","33.44","35.06","0.9537934968625213918996006845","37.17"
"2020-09-04T00:00:00.000","35.8","34.89","1.026081971911722556606477501","40.89"
"2020-09-05T00:00:00.000","34.13","34.74","0.9824409902130109383995394358","38.05"
"2020-09-06T00:00:00.000","32.51","33.05","0.9836611195158850226928895613","37.17"
"2020-09-07T00:00:00.000","29.69","33.21","0.8940078289671785606744956338","33.47"
"2020-09-08T00:00:00.000","18.89","32.27","0.5853734118376200805701890301","14.06"
"2020-09-09T00:00:00.000","18.39","32.17","0.5716506061548026111283804787","16.48"
"2020-09-10T00:00:00.000","17.66","31.44","0.5617048346055979643765903308","19.58"
"2020-09-11T00:00:00.000","18.83","30.51","0.6171746968207145198295640774","18.92"
"2020-09-12T00:00:00.000","20.78","30.08","0.6908244680851063829787234043","19.27"
"2020-09-13T00:00:00.000","22.55","29.08","0.7754470426409903713892709766","22.4"
"2020-09-14T00:00:00.000","25.65","29.09","0.8817463045720178755586112066","30.47"
"2020-09-15T00:00:00.000","25.63","28.81","0.8896216591461298160360985769","31.85"
"2020-09-16T00:00:00.000","27.52","28.94","0.9509329647546648237733241189","33.66"
"2020-09-17T00:00:00.000","27.28","28.98","0.9413388543823326432022084196","31.81"
"2020-09-18T00:00:00.000","28.77","29.06","0.9900206469373709566414315210","33.18"
"2020-09-19T00:00:00.000","27.29","29.6","0.9219594594594594594594594595","31.92"
"2020-09-20T00:00:00.000","27.38","29.47","0.9290804207668815744825246013","31.79"
"2020-09-21T00:00:00.000","29.09","29.69","0.9797911754799595823509599192","33.7"
"2020-09-22T00:00:00.000","27.24","28.43","0.9581428068941259233204361590","30.63"
"2020-09-23T00:00:00.000","29.65","28.43","1.042912416461484347520225114","33.27"
"2020-09-24T00:00:00.000","27.32","28.39","0.9623106727721028531172948221","30.79"
"2020-09-25T00:00:00.000","28.27","28.31","0.9985870717061109148710702932","32.64"
"2020-09-26T00:00:00.000","27.82","27.5","1.011636363636363636363636364","31.38"
"2020-09-27T00:00:00.000","24.82","27.11","0.9155293249723349317594983401","26.34"
"2020-09-28T00:00:00.000","26.78","26.59","1.007145543437382474614516736","27.63"
"2020-09-29T00:00:00.000","25.03","25.51","0.9811838494707957663661309290","26.39"
"2020-09-30T00:00:00.000","28.11","25.34","1.109313338595106550907655880","31.4"
"2020-10-01T00:00:00.000","18.32","25.41","0.7209759937032664305391578119","20.34"
"2020-10-02T00:00:00.000","16.91","24.52","0.6896411092985318107667210440","17.87"
"2020-10-03T00:00:00.000","15.74","24.06","0.6541978387364921030756442228","18.19"
"2020-10-04T00:00:00.000","16.54","23.08","0.7166377816291161178509532062","18.16"
"2020-10-05T00:00:00.000","16.57","22.47","0.7374276813529149977748108589","19.42"
"2020-10-06T00:00:00.000","15.85","21.27","0.7451810061118946873530794546","17.17"
"2020-10-07T00:00:00.000","16.84","21.1","0.7981042654028436018957345972","16.69"
"2020-10-08T00:00:00.000","15.64","20.2","0.7742574257425742574257425743","13.47"
"2020-10-09T00:00:00.000","15.5","19.21","0.8068714211348256116605934409","14.77"
"2020-10-10T00:00:00.000","15.24","18.81","0.8102073365231259968102073365","16.82"
"2020-10-11T00:00:00.000","15.03","18.5","0.8124324324324324324324324324","17.96"
"2020-10-12T00:00:00.000","15.34","17.96","0.8541202672605790645879732739","19.28"
"2020-10-13T00:00:00.000","15.37","17.76","0.8654279279279279279279279279","18.86"
"2020-10-14T00:00:00.000","15.02","17.83","0.8424004486819966348850252384","18.79"
"2020-10-15T00:00:00.000","14.55","17.87","0.8142137660884163402350307778","16.41"
"2020-10-16T00:00:00.000","14.89","17.82","0.8355780022446689113355780022","16.41"
"2020-10-17T00:00:00.000","14.67","17.63","0.8321043675553034600113442995","15.42"
"2020-10-18T00:00:00.000","14.17","17.16","0.8257575757575757575757575758","15.41"
"2020-10-19T00:00:00.000","14.34","16.98","0.8445229681978798586572438163","16.11"
"2020-10-20T00:00:00.000","14.56","16.79","0.8671828469326980345443716498","15.79"
"2020-10-21T00:00:00.000","14.76","16.42","0.8989037758830694275274056029","16.15"
"2020-10-22T00:00:00.000","14.11","16.18","0.8720642768850432632880098888","15.27"
"2020-10-23T00:00:00.000","14.13","15.78","0.8954372623574144486692015209","15.55"
"2020-10-24T00:00:00.000","13.61","15.78","0.8624841571609632446134347275","14.62"
"2020-10-25T00:00:00.000","13.02","15.49","0.8405422853453841187863137508","14.01"
"2020-10-26T00:00:00.000","13.48","15.38","0.8764629388816644993498049415","14.89"
"2020-10-27T00:00:00.000","14.14","15.58","0.9075738125802310654685494223","15.44"
"2020-10-28T00:00:00.000","14.55","14.99","0.9706470980653769179452968646","15.29"
"2020-10-29T00:00:00.000","14.15","15.14","0.9346103038309114927344782034","15.65"
"2020-10-30T00:00:00.000","14.16","15.06","0.9402390438247011952191235060","15.57"
"2020-10-31T00:00:00.000","14.29","14.48","0.9868784530386740331491712707","16.12"
"2020-11-01T00:00:00.000","14.72","15.39","0.9564652371669915529564652372","15.72"
"2020-11-02T00:00:00.000","14.87","15.49","0.9599741768883150419625564881","16.07"
"2020-11-03T00:00:00.000","14.51","15.44","0.9397668393782383419689119171","15.97"
"2020-11-04T00:00:00.000","14.48","15.09","0.9595758780649436713055003313","15.99"
"2020-11-05T00:00:00.000","14.68","15.13","0.9702577660277594183740912095","15.95"
"2020-11-06T00:00:00.000","14.11","15.56","0.9068123393316195372750642674","15.25"
"2020-11-07T00:00:00.000","14.05","15.21","0.9237343852728468113083497699","15.13"
"2020-11-08T00:00:00.000","14.3","15.13","0.9451421017845340383344348976","15.69"
"2020-11-09T00:00:00.000","14.2","15.28","0.9293193717277486910994764398","15.31"
"2020-11-10T00:00:00.000","14.63","15.3","0.9562091503267973856209150327","15.29"
"2020-11-11T00:00:00.000","14.04","15.02","0.9347536617842876165113182423","15.61"
"2020-11-12T00:00:00.000","14.18","15.21","0.9322813938198553583168967784","15.61"
"2020-11-13T00:00:00.000","14.46","15.25","0.9481967213114754098360655738","15.75"
"2020-11-14T00:00:00.000","14.09","15.04","0.9368351063829787234042553191","15.1"
"2020-11-15T00:00:00.000","14.48","15.31","0.9457870672762900065316786414","15.73"
"2020-11-16T00:00:00.000","15.1","15.05","1.003322259136212624584717608","16.08"
"2020-11-17T00:00:00.000","14.8","15.51","0.9542230818826563507414571244","16.44"
"2020-11-18T00:00:00.000","14.33","15.1","0.9490066225165562913907284768","15.6"
"2020-11-19T00:00:00.000","14.38","15.11","0.9516876240900066181336863005","15.72"
"2020-11-20T00:00:00.000","14","14.91","0.9389671361502347417840375587","14.87"
"2020-11-21T00:00:00.000","13.9","14.59","0.9527073337902673063742289239","15.2"
"2020-11-22T00:00:00.000","14.09","13.75","1.024727272727272727272727273","15.5"
"2020-11-23T00:00:00.000","14.07","13.64","1.031524926686217008797653959","15.23"
"2020-11-24T00:00:00.000","13.39","13.3","1.006766917293233082706766917","13.5"
"2020-11-25T00:00:00.000","12.88","13.55","0.9505535055350553505535055351","13.6"
"2020-11-26T00:00:00.000","11.09","13.94","0.7955523672883787661406025825","11.95"
"2020-11-27T00:00:00.000","11.3","13.94","0.8106169296987087517934002869","11.75"
"2020-11-28T00:00:00.000","12.89","13.92","0.9260057471264367816091954023","13.01"
"2020-11-29T00:00:00.000","13.59","14.18","0.9583921015514809590973201693","14.14"
"2020-11-30T00:00:00.000","13.71","14.47","0.9474775397373876986869384934","14.43"
"2020-12-01T00:00:00.000","13.93","14.58","0.9554183813443072702331961591","14.54"
"2020-12-02T00:00:00.000","14.25","14.69","0.9700476514635806671204901293","14.5"
"2020-12-03T00:00:00.000","13.47","14.78","0.9113667117726657645466847091","14.07"
"2020-12-04T00:00:00.000","13.09","14.93","0.8767582049564634963161419960","13.67"
"2020-12-05T00:00:00.000","13.19","14.85","0.8882154882154882154882154882","13.87"
"2020-12-06T00:00:00.000","13.68","14.44","0.9473684210526315789473684211","14.22"
"2020-12-07T00:00:00.000","13.89","14.81","0.9378798109385550303848750844","14.28"
"2020-12-08T00:00:00.000","14.28","14.76","0.9674796747967479674796747967","14.81"
"2020-12-09T00:00:00.000","14.09","14.93","0.9437374413931681178834561286","14.96"
"2020-12-10T00:00:00.000","13.76","14.93","0.9216342933690555927662424648","14.54"
"2020-12-11T00:00:00.000","13.55","14.65","0.9249146757679180887372013652","14.23"
"2020-12-12T00:00:00.000","13.41","14.82","0.9048582995951417004048582996","14.38"
"2020-12-13T00:00:00.000","13.59","15","0.906","14.65"
"2020-12-14T00:00:00.000","13.72","14.79","0.9276538201487491548343475321","14.18"
"2020-12-15T00:00:00.000","13.69","14.98","0.9138851802403204272363150868","14.71"
"2020-12-16T00:00:00.000","13.85","14.68","0.9434604904632152588555858311","14.94"
"2020-12-17T00:00:00.000","13.84","14.78","0.9364005412719891745602165088","14.85"
"2020-12-18T00:00:00.000","14.03","14.68","0.9557220708446866485013623978","14.57"
"2020-12-19T00:00:00.000","13.78","14.59","0.9444825222755311857436600411","14.66"
"2020-12-20T00:00:00.000","13.86","14.7","0.9428571428571428571428571429","14.8"
"2020-12-21T00:00:00.000","14.34","14.3","1.002797202797202797202797203","15.34"
"2020-12-22T00:00:00.000","14.264","13.97","1.021045096635647816750178955","19.92"
"2020-12-23T00:00:00.000","13.66","13.51","1.011102886750555144337527757","14.45"
"2020-12-24T00:00:00.000","12.69","12.14","1.045304777594728171334431631","13.93"
"2020-12-25T00:00:00.000","10.94","10.56","1.035984848484848484848484848","12"
"2020-12-26T00:00:00.000","12.38","13.03","0.9501151189562547966231772832","13.24"
"2020-12-27T00:00:00.000","13.99","13.51","1.035529237601776461880088823","14.21"
"2020-12-28T00:00:00.000","14.25","13.66","1.043191800878477306002928258","15.37"
"2020-12-29T00:00:00.000","14.04","13.58","1.033873343151693667157584683","15.06"
"2020-12-30T00:00:00.000","14.21","13.49","1.053372868791697553743513714","15.16"
"2020-12-31T00:00:00.000","14.26","12.96","1.100308641975308641975308642","14.9"
"2021-01-01T00:00:00.000","12.85","12.36","1.039644012944983818770226537","13.73"
"2021-01-02T00:00:00.000","13.81","13.54","1.019940915805022156573116691","14.76"
"2021-01-03T00:00:00.000","14.2","14","1.014285714285714285714285714","15.34"
"2021-01-04T00:00:00.000","14.67","14.01","1.047109207708779443254817987","15.14"
"2021-01-05T00:00:00.000","14.86","14.14","1.050919377652050919377652051","15.97"
"2021-01-06T00:00:00.000","14.6","14.01","1.042112776588151320485367595","15.62"
"2021-01-07T00:00:00.000","14.18","13.91","1.019410496046010064701653487","15.24"
"2021-01-08T00:00:00.000","14.16","13.91","1.017972681524083393242271747","14.9"
"2021-01-09T00:00:00.000","13.85","14.09","0.9829666430092264017033356991","14.65"
"2021-01-10T00:00:00.000","14.22","14.09","1.009226401703335699077359830","15.26"
"2021-01-11T00:00:00.000","14.73","13.97","1.054402290622763063707945598","15.73"
"2021-01-12T00:00:00.000","14.52","13.81","1.051412020275162925416364953","15.54"
"2021-01-13T00:00:00.000","14.91","14.04","1.061965811965811965811965812","15.65"
"2021-01-14T00:00:00.000","15.95","14.11","1.130403968816442239546420978","17.15"
"2021-01-15T00:00:00.000","15.22","14.12","1.077903682719546742209631728","16.29"
"2021-01-16T00:00:00.000","15.01","14.26","1.052594670406732117812061711","15.87"
"2021-01-17T00:00:00.000","15","14.25","1.052631578947368421052631579","15.86"
"2021-01-18T00:00:00.000","16.01","14.36","1.114902506963788300835654596","17.19"
"2021-01-19T00:00:00.000","15.59","14.34","1.087168758716875871687587169","16.73"
"2021-01-20T00:00:00.000","11.12","14.55","0.7642611683848797250859106529","18.93"
"2021-01-21T00:00:00.000","14.64","14.44","1.013850415512465373961218837","15.28"
"2021-01-22T00:00:00.000","14.6","14.52","1.005509641873278236914600551","15.55"
"2021-01-23T00:00:00.000","14.48","14.55","0.9951890034364261168384879725","15.62"
"2021-01-24T00:00:00.000","14.59","14.57","1.001372683596431022649279341","15.56"
"2021-01-25T00:00:00.000","14.84","14.69","1.010211027910142954390742001","15.76"
"2021-01-26T00:00:00.000","14.16","14.64","0.9672131147540983606557377049","15.23"
"2021-01-27T00:00:00.000","15.19","14.67","1.035446489434219495569188821","15.99"
"2021-01-28T00:00:00.000","14.94","14.58","1.024691358024691358024691358","15.71"
"2021-01-29T00:00:00.000","15.11","14.77","1.023019634394041976980365606","15.7"
"2021-01-30T00:00:00.000","14.52","14.51","1.000689179875947622329427981","15.7"
"2021-01-31T00:00:00.000","15.05","14.43","1.042966042966042966042966043","16.2"
"2021-02-01T00:00:00.000","15.41","14.75","1.044745762711864406779661017","15.88"
"2021-02-02T00:00:00.000","15.36","14.62","1.050615595075239398084815321","16.62"
"2021-02-03T00:00:00.000","15.1","14.74","1.024423337856173677069199457","16.29"
"2021-02-04T00:00:00.000","14.85","14.51","1.023432115782219159200551344","16.03"
"2021-02-05T00:00:00.000","14.63","14.79","0.9891818796484110885733603786","15.42"
"2021-02-06T00:00:00.000","14.9","14.95","0.9966555183946488294314381271","15.71"
"2021-02-07T00:00:00.000","15.03","14.72","1.021059782608695652173913043","16.14"
"2021-02-08T00:00:00.000","15.26","14.83","1.028995279838165879973027647","16.35"
"2021-02-09T00:00:00.000","15.06","14.97","1.006012024048096192384769539","16.08"
"2021-02-10T00:00:00.000","15.16","14.84","1.021563342318059299191374663","15.88"
"2021-02-11T00:00:00.000","14.98","14.85","1.008754208754208754208754209","15.93"
"2021-02-12T00:00:00.000","14.99","14.72","1.018342391304347826086956522","15.86"
"2021-02-13T00:00:00.000","14.72","14.92","0.9865951742627345844504021448","15.64"
"2021-02-14T00:00:00.000","14.88","14.93","0.9966510381781647689216342934","15.79"
"2021-02-15T00:00:00.000","15.88","14.74","1.077340569877883310719131615","17.14"
"2021-02-16T00:00:00.000","15.91","14.85","1.071380471380471380471380471","16.96"
"2021-02-17T00:00:00.000","15.49","14.86","1.042395693135935397039030956","16.88"
"2021-02-18T00:00:00.000","15.21","14.77","1.029790115098171970209884902","15.83"
"2021-02-19T00:00:00.000","14.95","14.69","1.017699115044247787610619469","16.09"
"2021-02-20T00:00:00.000","15.23","14.76","1.031842818428184281842818428","16.35"
"2021-02-21T00:00:00.000","15.07","14.78","1.019621109607577807848443843","16.37"
"2021-02-22T00:00:00.000","15.65","14.78","1.058863328822733423545331529","16.33"
"2021-02-23T00:00:00.000","15.92","14.54","1.094910591471801925722145805","17.09"
"2021-02-24T00:00:00.000","15.73","14.42","1.090846047156726768377253814","17.07"
"2021-02-25T00:00:00.000","15.53","14.69","1.057181756296800544588155208","16.33"
"2021-02-26T00:00:00.000","15.08","14.73","1.023761031907671418873048201","15.61"
"2021-02-27T00:00:00.000","14.79","14.65","1.009556313993174061433447099","15.3"
"2021-02-28T00:00:00.000","15.21","14.72","1.033288043478260869565217391","15.94"
"2021-03-01T00:00:00.000","15.14","14.59","1.037697052775873886223440713","15.82"
"2021-03-02T00:00:00.000","14.86","14.62","1.016415868673050615595075239","15.68"
"2021-03-03T00:00:00.000","14.69","14.83","0.9905596763317599460552933243","15.17"
"2021-03-04T00:00:00.000","14.69","14.78","0.9939106901217861975642760487","15.34"
"2021-03-05T00:00:00.000","15.37","14.95","1.028093645484949832775919732","15.95"
"2021-03-06T00:00:00.000","15.49","14.65","1.057337883959044368600682594","16.29"
"2021-03-07T00:00:00.000","15.5","14.66","1.057298772169167803547066849","16.15"
"2021-03-08T00:00:00.000","15.73","14.82","1.061403508771929824561403509","16.23"
"2021-03-09T00:00:00.000","15.2","14.97","1.015364061456245824983299933","15.79"
"2021-03-10T00:00:00.000","14.92","14.82","1.006747638326585695006747638","15.82"
"2021-03-11T00:00:00.000","14.85","14.6","1.017123287671232876712328767","15.5"
"2021-03-12T00:00:00.000","14.66","14.54","1.008253094910591471801925722","15.82"
"2021-03-13T00:00:00.000","13.93","14.35","0.9707317073170731707317073171","14.48"
"2021-03-14T00:00:00.000","12.01","14.58","0.8237311385459533607681755830","12.94"
"2021-03-15T00:00:00.000","13.06","14.27","0.9152067274001401541695865452","13.33"
"2021-03-16T00:00:00.000","13.9","14.24","0.9761235955056179775280898876","14.34"
"2021-03-17T00:00:00.000","14.83","14.07","1.054015636105188343994314144","15.2"
"2021-03-18T00:00:00.000","14.81","14.3","1.035664335664335664335664336","15.09"
"2021-03-19T00:00:00.000","14.77","14.5","1.018620689655172413793103448","15.02"
"2021-03-20T00:00:00.000","14.89","14.65","1.016382252559726962457337884","15.14"
"2021-03-21T00:00:00.000","14.85","14.83","1.001348617666891436277815239","15.87"
"2021-03-22T00:00:00.000","15.42","14.87","1.036987222595830531271015467","15.96"
"2021-03-23T00:00:00.000","15.51","14.72","1.053668478260869565217391304","16.1"
"2021-03-24T00:00:00.000","15.7","15.02","1.045272969374167776298268975","15.87"
"2021-03-25T00:00:00.000","15.31","15.34","0.9980443285528031290743155150","15.98"
"2021-03-26T00:00:00.000","14.96","15","0.9973333333333333333333333333","15.13"
"2021-03-27T00:00:00.000","15.08","15.2","0.9921052631578947368421052632","15.65"
"2021-03-28T00:00:00.000","15.58","15.31","1.017635532331809274983670803","16.33"
"2021-03-29T00:00:00.000","15.51","15.21","1.019723865877712031558185404","16.39"
"2021-03-30T00:00:00.000","15.38","15.42","0.9974059662775616083009079118","15.68"
"2021-03-31T00:00:00.000","15.16","15.65","0.9686900958466453674121405751","15.89"
"2021-04-01T00:00:00.000","15.59","15.64","0.9968030690537084398976982097","16.3"
"2021-04-02T00:00:00.000","15.21","15.29","0.9947678221059516023544800523","16.11"
"2021-04-03T00:00:00.000","16","15.32","1.044386422976501305483028721","16.87"
"2021-04-04T00:00:00.000","15.81","16.09","0.9825978868862647607209446861","16.99"
"2021-04-05T00:00:00.000","16.31","16.48","0.9896844660194174757281553398","17.2"
"2021-04-06T00:00:00.000","15.28","16.19","0.9437924644842495367510809141","16.02"
"2021-04-07T00:00:00.000","15.66","16.67","0.9394121175764847030593881224","16.4"
"2021-04-08T00:00:00.000","16.48","16.98","0.9705535924617196702002355713","17.57"
"2021-04-09T00:00:00.000","15.06","16.95","0.8884955752212389380530973451","15.7"
"2021-04-10T00:00:00.000","15.92","16.92","0.9408983451536643026004728132","17.12"
"2021-04-11T00:00:00.000","15.3","17.18","0.8905704307334109429569266589","16.33"
"2021-04-12T00:00:00.000","14.84","17.01","0.8724279835390946502057613169","15.83"
"2021-04-13T00:00:00.000","14.9","17.05","0.8739002932551319648093841642","15.58"
"2021-04-14T00:00:00.000","14.75","16.69","0.8837627321749550629119233074","15.08"
"2021-04-15T00:00:00.000","14.58","16.68","0.8741007194244604316546762590","15.55"
"2021-04-16T00:00:00.000","14.49","16.72","0.8666267942583732057416267943","15.14"
"2021-04-17T00:00:00.000","14.8","16.93","0.8741878322504430005906674542","15.4"
"2021-04-18T00:00:00.000","14.85","17.79","0.8347386172006745362563237774","15.67"
"2021-04-19T00:00:00.000","14.43","17.73","0.8138747884940778341793570220","15.24"
"2021-04-20T00:00:00.000","14.57","17.6","0.8278409090909090909090909091","14.81"
"2021-04-21T00:00:00.000","14.71","17.98","0.8181312569521690767519466073","15.39"
"2021-04-22T00:00:00.000","14.92","18.43","0.8095496473141616928920238741","15.76"
"2021-04-23T00:00:00.000","15","18.76","0.7995735607675906183368869936","15.75"
"2021-04-24T00:00:00.000","14.76","18.92","0.7801268498942917547568710359","15.75"
"2021-04-25T00:00:00.000","15.68","19.23","0.8153926157046281851274050962","17.62"
"2021-04-26T00:00:00.000","16.03","18.71","0.8567610903260288615713522181","17.35"
"2021-04-27T00:00:00.000","14.93","18.9","0.7899470899470899470899470899","15.81"
"2021-04-28T00:00:00.000","15.52","19.29","0.8045619491964748574390876102","16.61"
"2021-04-29T00:00:00.000","16.02","19.19","0.8348097967691505992704533611","17.61"
"2021-04-30T00:00:00.000","16.87","19.69","0.8567800914169629253428136110","18.51"
"2021-05-01T00:00:00.000","16.8","19.89","0.8446455505279034690799396682","19.23"
"2021-05-02T00:00:00.000","15.8","20.33","0.7771765863256271519921298574","17.4"
"2021-05-03T00:00:00.000","15.23","20.83","0.7311569851176188190110417667","16.35"
"2021-05-04T00:00:00.000","16.02","21.92","0.7308394160583941605839416058","17.16"
"2021-05-05T00:00:00.000","16","21.91","0.7302601551802829758101323597","17.55"
"2021-05-06T00:00:00.000","16.72","21.67","0.7715736040609137055837563452","17.98"
"2021-05-07T00:00:00.000","17.19","20.86","0.8240651965484180249280920422","18.83"
"2021-05-08T00:00:00.000","16.37","20.86","0.7847555129434324065196548418","18.52"
"2021-05-09T00:00:00.000","15.87","21.25","0.7468235294117647058823529412","17.5"
"2021-05-10T00:00:00.000","15.69","21.25","0.7383529411764705882352941176","17.59"
"2021-05-11T00:00:00.000","15.89","19.81","0.8021201413427561837455830389","16.74"
"2021-05-12T00:00:00.000","16.92","19.35","0.8744186046511627906976744186","18.41"
"2021-05-13T00:00:00.000","16.68","20.18","0.8265609514370664023785926660","18.13"
"2021-05-14T00:00:00.000","16.87","20.74","0.8134040501446480231436837030","20.29"
"2021-05-15T00:00:00.000","16.41","21.39","0.7671809256661991584852734923","19.38"
"2021-05-16T00:00:00.000","16.21","21.68","0.7476937269372693726937269373","19.6"
"2021-05-17T00:00:00.000","17.01","21.34","0.7970946579194001874414245548","19.79"
"2021-05-18T00:00:00.000","16.41","21.58","0.7604263206672845227062094532","16.61"
"2021-05-19T00:00:00.000","18.12","20.3","0.8926108374384236453201970443","17.93"
"2021-05-20T00:00:00.000","17.51","20.55","0.8520681265206812652068126521","18.14"
"2021-05-21T00:00:00.000","18.5","21.95","0.8428246013667425968109339408","20.1"
"2021-05-22T00:00:00.000","17.09","22.13","0.7722548576592860370537731586","18.39"
"2021-05-23T00:00:00.000","17.59","21.58","0.8151065801668211306765523633","17.92"
"2021-05-24T00:00:00.000","19.16","20.72","0.9247104247104247104247104247","20.99"
"2021-05-25T00:00:00.000","19.43","21.69","0.8958045182111572153065929000","20.77"
"2021-05-26T00:00:00.000","21.06","21.91","0.9612049292560474669100867184","24.64"
"2021-05-27T00:00:00.000","20.84","22.15","0.9408577878103837471783295711","23.01"
"2021-05-28T00:00:00.000","22.82","23.34","0.9777206512425021422450728363","23.21"
"2021-05-29T00:00:00.000","20.07","23.22","0.8643410852713178294573643411","20.66"
"2021-05-30T00:00:00.000","17.96","23.51","0.7639302424500212675457252233","16.51"
"2021-05-31T00:00:00.000","19.41","24.08","0.8060631229235880398671096346","17.4"
"2021-06-01T00:00:00.000","19.52","26","0.7507692307692307692307692308","16.85"
"2021-06-02T00:00:00.000","21.74","26.94","0.8069784706755753526354862658","20.77"
"2021-06-03T00:00:00.000","22.53","27.69","0.8136511375947995666305525460","24.26"
"2021-06-04T00:00:00.000","25.77","29.25","0.8810256410256410256410256410","28.46"
"2021-06-05T00:00:00.000","25.35","29.51","0.8590308370044052863436123348","29.75"
"2021-06-06T00:00:00.000","25.84","29.75","0.8685714285714285714285714286","29.09"
"2021-06-07T00:00:00.000","28.61","29.32","0.9757844474761255115961800819","33.14"
"2021-06-08T00:00:00.000","28.94","30.61","0.9454426657954916693890885332","30.73"
"2021-06-09T00:00:00.000","31.69","29.77","1.064494457507557944239166947","34.48"
"2021-06-10T00:00:00.000","31.15","30.71","1.014327580592640833604689026","33.78"
"2021-06-11T00:00:00.000","33.2","31.43","1.056315622017181037225580655","36.36"
"2021-06-12T00:00:00.000","33.14","32.04","1.034332084893882646691635456","36.53"
"2021-06-13T00:00:00.000","33.58","32.47","1.034185401909454881429011395","36.75"
"2021-06-14T00:00:00.000","36.34","32.86","1.105903834449178332318928789","41.29"
"2021-06-15T00:00:00.000","36.18","34.35","1.053275109170305676855895197","41.01"
"2021-06-16T00:00:00.000","37.45","32.98","1.135536688902365069739235901","42.86"
"2021-06-17T00:00:00.000","36.86","32.24","1.143300248138957816377171216","39.24"
"2021-06-18T00:00:00.000","37.97","32.56","1.166154791154791154791154791","40.19"
"2021-06-19T00:00:00.000","33.9","32.46","1.044362292051756007393715342","34.96"
"2021-06-20T00:00:00.000","32.02","33.65","0.9515601783060921248142644874","32.48"
"2021-06-21T00:00:00.000","35.78","33.25","1.076090225563909774436090226","38.12"
"2021-06-22T00:00:00.000","36.07","34.14","1.056531927357937902753368483","38.09"
"2021-06-23T00:00:00.000","37.05","34.24","1.082067757009345794392523364","41.06"
"2021-06-24T00:00:00.000","33.53","34.33","0.9766967666763763472181765220","37.66"
"2021-06-25T00:00:00.000","32.16","33.85","0.9500738552437223042836041359","35.84"
"2021-06-26T00:00:00.000","27.74","35.35","0.7847241867043847241867043847","30.56"
"2021-06-27T00:00:00.000","28.2","35.93","0.7848594489284720289451711662","32.61"
"2021-06-28T00:00:00.000","32.06","35.77","0.8962818003913894324853228963","37.95"
"2021-06-29T00:00:00.000","32.02","36.66","0.8734315330060010911074740862","37.78"
"2021-06-30T00:00:00.000","35.16","34.91","1.007161271841879117731309080","41.33"
"2021-07-01T00:00:00.000","31.05","34.49","0.9002609452015076833864888373","34.38"
"2021-07-02T00:00:00.000","32.87","35.1","0.9364672364672364672364672365","35.59"
"2021-07-03T00:00:00.000","32.23","36.44","0.8844676180021953896816684962","35.24"
"2021-07-04T00:00:00.000","31.39","35.4","0.8867231638418079096045197740","34.77"
"2021-07-05T00:00:00.000","35.91","34.35","1.045414847161572052401746725","40.36"
"2021-07-06T00:00:00.000","33.28","33.89","0.9820005901445854234287400413","37.95"
"2021-07-07T00:00:00.000","37.19","32.42","1.147131400370141887723627390","42.22"
"2021-07-08T00:00:00.000","35.24","32.96","1.069174757281553398058252427","38.68"
"2021-07-09T00:00:00.000","37.44","33.83","1.106710020691693762932308602","41.65"
"2021-07-10T00:00:00.000","35.09","35.29","0.9943326721450835930858600170","39.58"
"2021-07-11T00:00:00.000","35.12","36.02","0.9750138811771238200999444753","39.24"
"2021-07-12T00:00:00.000","38.3","34.5","1.110144927536231884057971014","43.53"
"2021-07-13T00:00:00.000","34.79","34.57","1.006363899334683251374023720","38.59"
"2021-07-14T00:00:00.000","34.8","33.53","1.037876528481956456904264837","38.66"
"2021-07-15T00:00:00.000","32.5","33.99","0.9561635775228008237716975581","35.26"
"2021-07-16T00:00:00.000","36.94","34.48","1.071345707656612529002320186","41.12"
"2021-07-17T00:00:00.000","36.09","35.14","1.027034718269778030734206033","39.76"
"2021-07-18T00:00:00.000","34.95","36.19","0.9657363912683061619231831998","39.52"
"2021-07-19T00:00:00.000","38.72","34.94","1.108185460789925586720091586","44.31"
"2021-07-20T00:00:00.000","36.66","36.48","1.004934210526315789473684211","40"
"2021-07-21T00:00:00.000","36.88","35.74","1.031897034135422495803021824","41.73"
"2021-07-22T00:00:00.000","36.22","36.57","0.9904293136450642603226688543","40.03"
"2021-07-23T00:00:00.000","36.15","36.61","0.9874351270144769188746244196","39.67"
"2021-07-24T00:00:00.000","34.47","36.84","0.9356677524429967426710097720","36.69"
"2021-07-25T00:00:00.000","35.47","35.64","0.9952300785634118967452300786","37.49"
"2021-07-26T00:00:00.000","38.61","34.34","1.124344787419918462434478742","42.72"
"2021-07-27T00:00:00.000","36.11","34.95","1.033190271816881258941344778","40.65"
"2021-07-28T00:00:00.000","38.79","34.25","1.132554744525547445255474453","44.15"
"2021-07-29T00:00:00.000","37.61","34.49","1.090461003189330240649463613","41.27"
"2021-07-30T00:00:00.000","34.82","33.47","1.040334628025097101882282641","39.38"
"2021-07-31T00:00:00.000","29.38","33.99","0.8643718740806119446896145925","28.94"
"2021-08-01T00:00:00.000","30.23","34.28","0.8818553092182030338389731622","31.22"
"2021-08-02T00:00:00.000","35.5","34.23","1.037101957347356120362255332","37.96"
"2021-08-03T00:00:00.000","31.21","34.58","0.9025448235974551764025448236","33.77"
"2021-08-04T00:00:00.000","31.51","33.04","0.9536924939467312348668280872","34.83"
"2021-08-05T00:00:00.000","31.79","34.07","0.9330789550924567067801584972","36.91"
"2021-08-06T00:00:00.000","34.32","33.49","1.024783517467900865930128397","40.04"
"2021-08-07T00:00:00.000","30.27","34.37","0.8807099214431189991271457667","33.91"
"2021-08-08T00:00:00.000","31.25","34.95","0.8941344778254649499284692418","35.67"
"2021-08-09T00:00:00.000","35.33","34.28","1.030630105017502917152858810","39.14"
"2021-08-10T00:00:00.000","32.52","34.64","0.9387990762124711316397228637","36.29"
"2021-08-11T00:00:00.000","36.19","33.71","1.073568673983981014535746069","40.03"
"2021-08-12T00:00:00.000","33.94","34.69","0.9783799365811473046987604497","36.46"
"2021-08-13T00:00:00.000","35.82","34.99","1.023721063160903115175764504","39.55"
"2021-08-14T00:00:00.000","34.47","34.8","0.9905172413793103448275862069","37.49"
"2021-08-15T00:00:00.000","33.51","34.72","0.9651497695852534562211981567","36.46"
"2021-08-16T00:00:00.000","36.39","33.88","1.074085005903187721369539551","40.71"
"2021-08-17T00:00:00.000","33.86","35.46","0.9548787366046249294980259447","38.11"
"2021-08-18T00:00:00.000","35.86","34.48","1.040023201856148491879350348","40.43"
"2021-08-19T00:00:00.000","32.03","34.72","0.9225230414746543778801843318","35.16"
"2021-08-20T00:00:00.000","31.19","34.64","0.9004041570438799076212471132","33.46"
"2021-08-21T00:00:00.000","31.06","35.68","0.8705156950672645739910313901","33.39"
"2021-08-22T00:00:00.000","32.15","35.55","0.9043600562587904360056258790","34.58"
"2021-08-23T00:00:00.000","35.45","35.18","1.007674815235929505400795907","40.36"
"2021-08-24T00:00:00.000","33.21","36.55","0.9086183310533515731874145007","38.13"
"2021-08-25T00:00:00.000","35.96","35.12","1.023917995444191343963553531","41.3"
"2021-08-26T00:00:00.000","32.77","35.85","0.9140864714086471408647140865","37.75"
"2021-08-27T00:00:00.000","35.7","35.6","1.002808988764044943820224719","40.82"
"2021-08-28T00:00:00.000","34.19","35.78","0.9555617663499161542761319173","38.34"
"2021-08-29T00:00:00.000","32.24","35.3","0.9133144475920679886685552408","37.48"
"2021-08-30T00:00:00.000","35.75","34.92","1.023768613974799541809851088","40"
"2021-08-31T00:00:00.000","32.77","35.4","0.9257062146892655367231638418","36.91"
"2021-09-01T00:00:00.000","34.36","35.18","0.9766913018760659465605457646","38.56"
"2021-09-02T00:00:00.000","31.49","35.81","0.8793633063390114493158335660","36"
"2021-09-03T00:00:00.000","34.02","35.37","0.9618320610687022900763358779","36.95"
"2021-09-04T00:00:00.000","30.55","35.55","0.8593530239099859353023909986","32.45"
"2021-09-05T00:00:00.000","30.89","35.29","0.8753187871918390478889203740","33.54"
"2021-09-06T00:00:00.000","35.33","33.34","1.059688062387522495500899820","39.6"
"2021-09-07T00:00:00.000","32.61","33.23","0.9813421606981643093590129401","35.61"
"2021-09-08T00:00:00.000","34.74","31.18","1.114175753688261706221937139","38.75"
"2021-09-09T00:00:00.000","33.05","31.19","1.059634498236614299454953511","36.19"
"2021-09-10T00:00:00.000","35.55","30.2","1.177152317880794701986754967","39.26"
"2021-09-11T00:00:00.000","32.89","29.41","1.118327099625977558653519211","36.95"
"2021-09-12T00:00:00.000","31.91","29.11","1.096186877361731363792511165","34.48"
"2021-09-13T00:00:00.000","32","28.25","1.132743362831858407079646018","35.96"
"2021-09-14T00:00:00.000","29.25","28.72","1.018454038997214484679665738","30.45"
"2021-09-15T00:00:00.000","31.81","28.26","1.125619249823071479122434536","34.89"
"2021-09-16T00:00:00.000","30.27","28.78","1.051772063933287004864489229","34.2"
"2021-09-17T00:00:00.000","31.78","28.65","1.109249563699825479930191972","36.05"
"2021-09-18T00:00:00.000","30.27","29.54","1.024712254570074475287745430","34.14"
"2021-09-19T00:00:00.000","30.5","29.63","1.029362132973337833277084036","34.62"
"2021-09-20T00:00:00.000","31.79","29.29","1.085353362922499146466370775","36.11"
"2021-09-21T00:00:00.000","28.44","29.94","0.9498997995991983967935871743","31.34"
"2021-09-22T00:00:00.000","30.53","28.67","1.064876177188698988489710499","34.22"
"2021-09-23T00:00:00.000","28.6","29.23","0.9784468012316113581936366746","31.6"
"2021-09-24T00:00:00.000","30.59","28.42","1.076354679802955665024630542","34.43"
"2021-09-25T00:00:00.000","28.77","28.61","1.005592450192240475358266340","31.85"
"2021-09-26T00:00:00.000","29.17","27.71","1.052688560086611331649224107","31.97"
"2021-09-27T00:00:00.000","31.6","26.73","1.182192293303404414515525627","35.61"
"2021-09-28T00:00:00.000","28.33","26.55","1.067043314500941619585687382","31.59"
"2021-09-29T00:00:00.000","27.1","25.24","1.073692551505546751188589540","29.85"
"2021-09-30T00:00:00.000","24.99","25.63","0.9750292625829106515801794772","26.2"
"2021-10-01T00:00:00.000","25.46","24.21","1.051631557207765386204047914","30.21"
"2021-10-02T00:00:00.000","24.61","23.56","1.044567062818336162988115450","31.19"
"2021-10-03T00:00:00.000","24.49","22.89","1.069899519440803844473569244","29.46"
"2021-10-04T00:00:00.000","25.85","21.87","1.181984453589391860996799268","30.08"
"2021-10-05T00:00:00.000","24.63","21.52","1.144516728624535315985130112","27.27"
"2021-10-06T00:00:00.000","24.39","20.24","1.205039525691699604743083004","27.44"
"2021-10-07T00:00:00.000","22.89","20.33","1.125922282341367437284800787","24.55"
"2021-10-08T00:00:00.000","23.13","19.56","1.182515337423312883435582822","25.19"
"2021-10-09T00:00:00.000","21.49","18.6","1.155376344086021505376344086","22.04"
"2021-10-10T00:00:00.000","21.42","18.46","1.160346695557963163596966414","21.64"
"2021-10-11T00:00:00.000","21.1","17.95","1.175487465181058495821727019","23.12"
"2021-10-12T00:00:00.000","18.97","18","1.053888888888888888888888889","20.83"
"2021-10-13T00:00:00.000","17.3","17.75","0.9746478873239436619718309859","18.13"
"2021-10-14T00:00:00.000","15.77","17.79","0.8864530635188308038223721192","16.47"
"2021-10-15T00:00:00.000","15.11","17.49","0.8639222412807318467695826186","16.24"
"2021-10-16T00:00:00.000","15.46","17.37","0.8900402993667242371905584341","17.26"
"2021-10-17T00:00:00.000","16.01","17.17","0.9324403028538147932440302854","16.78"
"2021-10-18T00:00:00.000","16.39","16.74","0.9790919952210274790919952210","18.89"
"2021-10-19T00:00:00.000","16.18","16.66","0.9711884753901560624249699880","19.57"
"2021-10-20T00:00:00.000","15.33","16.44","0.9324817518248175182481751825","18.63"
"2021-10-21T00:00:00.000","15.71","16.19","0.9703520691785052501544163064","19.27"
"2021-10-22T00:00:00.000","15.17","15.99","0.9487179487179487179487179487","18.98"
"2021-10-23T00:00:00.000","14.6","15.75","0.9269841269841269841269841270","18.13"
"2021-10-24T00:00:00.000","15.24","15.61","0.9762972453555413196668802050","18.93"
"2021-10-25T00:00:00.000","15.26","15.27","0.9993451211525867714472822528","16.92"
"2021-10-26T00:00:00.000","14.32","15.24","0.9396325459317585301837270341","14.76"
"2021-10-27T00:00:00.000","14.84","15.54","0.9549549549549549549549549550","14.59"
"2021-10-28T00:00:00.000","14.81","14.98","0.9886515353805073431241655541","15.01"
"2021-10-29T00:00:00.000","14.71","15.15","0.9709570957095709570957095710","14.35"
"2021-10-30T00:00:00.000","14.29","14.99","0.9533022014676450967311541027","14.17"
"2021-10-31T00:00:00.000","14.19","14.6","0.9719178082191780821917808219","13.6"
"2021-11-01T00:00:00.000","14.85","15.34","0.9680573663624511082138200782","14.08"
"2021-11-02T00:00:00.000","13.53","15.49","0.8734667527437056165267914784","14.16"
"2021-11-03T00:00:00.000","14.56","15.37","0.9472999349381912817176317502","15.9"
"2021-11-04T00:00:00.000","14.63","15.04","0.9727393617021276595744680851","16.05"
"2021-11-05T00:00:00.000","13.9","15.11","0.9199205823957643944407677035","15.09"
"2021-11-06T00:00:00.000","14.27","15.38","0.9278283485045513654096228869","15.42"
"2021-11-07T00:00:00.000","14.92","15.04","0.9920212765957446808510638298","15.8"
"2021-11-08T00:00:00.000","13.49","15","0.8993333333333333333333333333","15.79"
"2021-11-09T00:00:00.000","14.61","15.2","0.9611842105263157894736842105","15.78"
"2021-11-10T00:00:00.000","13.88","15.21","0.9125575279421433267587113741","16.56"
"2021-11-11T00:00:00.000","14.41","14.94","0.9645247657295850066934404284","16.07"
"2021-11-12T00:00:00.000","13.88","15.15","0.9161716171617161716171617162","15.63"
"2021-11-13T00:00:00.000","14.32","15.25","0.9390163934426229508196721311","14.78"
"2021-11-14T00:00:00.000","14.65","14.98","0.9779706275033377837116154873","16.6"
"2021-11-15T00:00:00.000","14.42","15.29","0.9431000654022236756049705690","16.69"
"2021-11-16T00:00:00.000","14.27","15.05","0.9481727574750830564784053156","15.37"
"2021-11-17T00:00:00.000","14.19","15.53","0.9137153895685769478428847392","14.94"
"2021-11-18T00:00:00.000","13.67","15.06","0.9077025232403718459495351926","15.06"
"2021-11-19T00:00:00.000","13.58","15.09","0.8999337309476474486414844268","14.58"
"2021-11-20T00:00:00.000","13.12","14.89","0.8811282740094022834116856951","14.77"
"2021-11-21T00:00:00.000","13.52","14.54","0.9298486932599724896836313618","15.77"
"2021-11-22T00:00:00.000","14.02","13.79","1.016678752719361856417693981","16.21"
"2021-11-23T00:00:00.000","13.88","13.67","1.015362106803218727139722019","16.17"
"2021-11-24T00:00:00.000","13.29","13.23","1.004535147392290249433106576","14.24"
"2021-11-25T00:00:00.000","11","13.69","0.8035062089116143170197224251","11.95"
"2021-11-26T00:00:00.000","11.7","13.89","0.8423326133909287257019438445","12.04"
"2021-11-27T00:00:00.000","13.85","13.83","1.001446131597975415762834418","14.72"
"2021-11-28T00:00:00.000","14.3","13.84","1.033236994219653179190751445","15.2"
"2021-11-29T00:00:00.000","15.03","14.05","1.069750889679715302491103203","16.17"
"2021-11-30T00:00:00.000","14.34","14.37","0.9979123173277661795407098121","14.22"
"2021-12-01T00:00:00.000","14.68","14.7","0.9986394557823129251700680272","14.8"
"2021-12-02T00:00:00.000","15.26","14.86","1.026917900403768506056527591","15.37"
"2021-12-03T00:00:00.000","14.04","14.86","0.9448183041722745625841184388","14.21"
"2021-12-04T00:00:00.000","14.3","15","0.9533333333333333333333333333","14.84"
"2021-12-05T00:00:00.000","14.79","14.95","0.9892976588628762541806020067","15.11"
"2021-12-06T00:00:00.000","14.56","14.53","1.002064693737095664143152099","13.71"
"2021-12-07T00:00:00.000","14.29","14.98","0.9539385847797062750333778371","14.36"
"2021-12-08T00:00:00.000","14.35","14.92","0.9617962466487935656836461126","15.02"
"2021-12-09T00:00:00.000","14.36","15.05","0.9541528239202657807308970100","15.42"
"2021-12-10T00:00:00.000","13.69","15.03","0.9108449767132401862940785096","14.52"
"2021-12-11T00:00:00.000","13.68","14.8","0.9243243243243243243243243243","14.4"
"2021-12-12T00:00:00.000","14.35","14.94","0.9605087014725568942436412316","15.33"
"2021-12-13T00:00:00.000","14.6","15.07","0.9688122096881220968812209688","15.58"
"2021-12-14T00:00:00.000","14.41","14.88","0.9684139784946236559139784946","15.58"
"2021-12-15T00:00:00.000","14.64","15.09","0.9701789264413518886679920477","16.02"
"2021-12-16T00:00:00.000","14.83","14.83","1","15.9"
"2021-12-17T00:00:00.000","14.45","14.92","0.9684986595174262734584450402","15.61"
"2021-12-18T00:00:00.000","13.18","14.89","0.8851578240429818670248488919","14.66"
"2021-12-19T00:00:00.000","13.7","14.79","0.9263015551048005409060175794","14.73"
"2021-12-20T00:00:00.000","14.1","14.89","0.9469442578912021490933512424","15.5"
"2021-12-21T00:00:00.000","13.81","14.54","0.9497936726272352132049518569","15.71"
"2021-12-22T00:00:00.000","14.2","14.23","0.9978917779339423752635277583","15.85"
"2021-12-23T00:00:00.000","13.93","13.74","1.013828238719068413391557496","15.16"
"2021-12-24T00:00:00.000","11.55","12.37","0.9337105901374292643492320129","13.06"
"2021-12-25T00:00:00.000","9.93","10.82","0.9177449168207024029574861368","10.73"
"2021-12-26T00:00:00.000","11.9","13.2","0.9015151515151515151515151515","12.87"
"2021-12-27T00:00:00.000","13.29","13.79","0.9637418419144307469180565627","14.64"
"2021-12-28T00:00:00.000","13.39","13.93","0.9612347451543431442928930366","14.47"
"2021-12-29T00:00:00.000","13.22","13.85","0.9545126353790613718411552347","14.41"
"2021-12-30T00:00:00.000","13.24","13.83","0.9573391178597252349963846710","14.47"
"2021-12-31T00:00:00.000","11.8","13.29","0.8878856282919488337095560572","12.99"
"2022-01-01T00:00:00.000","12.09","12.45","0.9710843373493975903614457831","13.12"
"2022-01-02T00:00:00.000","13.17","13.74","0.9585152838427947598253275109","14.3"
"2022-01-03T00:00:00.000","13.6","14.18","0.9590973201692524682651622003","14.83"
"2022-01-04T00:00:00.000","13.82","14.24","0.9705056179775280898876404494","14.91"
"2022-01-05T00:00:00.000","13.72","14.4","0.9527777777777777777777777778","14.43"
"2022-01-06T00:00:00.000","13.41","14.24","0.9417134831460674157303370787","14.76"
"2022-01-07T00:00:00.000","13.4","14.12","0.9490084985835694050991501416","14.39"
"2022-01-08T00:00:00.000","13.32","14.16","0.9406779661016949152542372881","14.35"
"2022-01-09T00:00:00.000","13.36","14.27","0.9362298528381219341275402943","14.68"
"2022-01-10T00:00:00.000","14.85","14.27","1.040644709180098107918710582","15.28"
"2022-01-11T00:00:00.000","13.19","14.18","0.9301833568406205923836389281","14.06"
"2022-01-12T00:00:00.000","12.53","13.96","0.8975644699140401146131805158","13.87"
"2022-01-13T00:00:00.000","13.46","14.24","0.9452247191011235955056179775","14.19"
"2022-01-14T00:00:00.000","12.86","14.46","0.8893499308437067773167358230","13.36"
"2022-01-15T00:00:00.000","13.15","14.38","0.9144645340751043115438108484","13.64"
"2022-01-16T00:00:00.000","13.63","14.5","0.94","14.21"
"2022-01-17T00:00:00.000","13.95","14.43","0.9667359667359667359667359667","14.92"
"2022-01-18T00:00:00.000","14.09","14.53","0.9697178251892635925671025465","14.66"
"2022-01-19T00:00:00.000","14.15","14.42","0.9812760055478502080443828017","14.52"
"2022-01-20T00:00:00.000","13.66","14.64","0.9330601092896174863387978142","14.46"
"2022-01-21T00:00:00.000","13.57","14.59","0.9300891021247429746401644962","13.96"
"2022-01-22T00:00:00.000","13.45","14.7","0.9149659863945578231292517007","13.8"
"2022-01-23T00:00:00.000","14.1","14.68","0.9604904632152588555858310627","14.66"
"2022-01-24T00:00:00.000","12.61","14.7","0.8578231292517006802721088435","12.92"
"2022-01-25T00:00:00.000","13.41","14.91","0.8993963782696177062374245473","13.72"
"2022-01-26T00:00:00.000","13.71","14.79","0.9269776876267748478701825558","13.57"
"2022-01-27T00:00:00.000","13.78","14.9","0.9248322147651006711409395973","13.27"
"2022-01-28T00:00:00.000","13.79","14.75","0.9349152542372881355932203390","13.73"
"2022-01-29T00:00:00.000","13.72","14.95","0.9177257525083612040133779264","13.22"
"2022-01-30T00:00:00.000","14.24","14.67","0.9706884798909338786639400136","14.35"
"2022-01-31T00:00:00.000","13.99","14.63","0.9562542720437457279562542720","13.63"
"2022-02-01T00:00:00.000","13.58","14.51","0.9359062715368711233631977946","13.2"
"2022-02-02T00:00:00.000","13.44","14.33","0.9378925331472435450104675506","13.42"
"2022-02-03T00:00:00.000","13.79","14.45","0.9543252595155709342560553633","13.84"
"2022-02-04T00:00:00.000","13.33","14.22","0.9374120956399437412095639944","13.95"
"2022-02-05T00:00:00.000","13.48","14.48","0.9309392265193370165745856354","13.9"
"2022-02-06T00:00:00.000","14.36","14.7","0.9768707482993197278911564626","14.69"
"2022-02-07T00:00:00.000","14.29","14.44","0.9896121883656509695290858726","14.87"
"2022-02-08T00:00:00.000","13.92","14.56","0.9560439560439560439560439560","14.43"
"2022-02-09T00:00:00.000","13.64","14.69","0.9285228046289993192648059905","14.84"
"2022-02-10T00:00:00.000","14.06","14.59","0.9636737491432488005483207676","14.93"
"2022-02-11T00:00:00.000","13.51","14.59","0.9259766963673749143248800548","14.78"
"2022-02-12T00:00:00.000","13.68","14.47","0.9454042847270214236351071182","14.8"
"2022-02-13T00:00:00.000","14.46","14.63","0.9883800410116199589883800410","15.36"
"2022-02-14T00:00:00.000","13.97","14.64","0.9542349726775956284153005464","15.53"
"2022-02-15T00:00:00.000","15.66","14.53","1.077770130763936682725395733","16.75"
"2022-02-16T00:00:00.000","13.59","14.64","0.9282786885245901639344262295","14.68"
"2022-02-17T00:00:00.000","14.16","14.66","0.9658935879945429740791268759","15.38"
"2022-02-18T00:00:00.000","13.96","14.53","0.9607708189951823812801101170","15.19"
"2022-02-19T00:00:00.000","13.76","14.42","0.9542302357836338418862690707","14.98"
"2022-02-20T00:00:00.000","14.04","14.61","0.9609856262833675564681724846","15.19"
"2022-02-21T00:00:00.000","14.1","14.55","0.9690721649484536082474226804","15.96"
"2022-02-22T00:00:00.000","13.98","14.58","0.9588477366255144032921810700","14.72"
"2022-02-23T00:00:00.000","14.07","14.39","0.9777623349548297428769979152","15.53"
"2022-02-24T00:00:00.000","13.6","14.28","0.9523809523809523809523809524","14.72"
"2022-02-25T00:00:00.000","13.59","14.52","0.9359504132231404958677685950","14.67"
"2022-02-26T00:00:00.000","13.85","14.51","0.9545141281874569262577532736","14.82"
"2022-02-27T00:00:00.000","14.04","14.4","0.975","15.65"
"2022-02-28T00:00:00.000","14.44","14.49","0.9965493443754313319530710835","15.58"
"2022-03-01T00:00:00.000","14.06","14.47","0.9716655148583275742916378715","15.56"
"2022-03-02T00:00:00.000","14.14","14.47","0.9771941948859709744298548721","15.26"
"2022-03-03T00:00:00.000","14.32","14.63","0.9788106630211893369788106630","15.16"
"2022-03-04T00:00:00.000","12.74","14.62","0.8714090287277701778385772914","14.43"
"2022-03-05T00:00:00.000","13.31","14.88","0.8944892473118279569892473118","14.62"
"2022-03-06T00:00:00.000","13.73","14.59","0.9410555174777244688142563400","15"
"2022-03-07T00:00:00.000","13.89","14.6","0.9513698630136986301369863014","15.35"
"2022-03-08T00:00:00.000","13.82","14.76","0.9363143631436314363143631436","15"
"2022-03-09T00:00:00.000","14.05","14.84","0.9467654986522911051212938005","15.08"
"2022-03-10T00:00:00.000","13.99","14.61","0.9575633127994524298425735797","15.65"
"2022-03-11T00:00:00.000","14.08","14.44","0.9750692520775623268698060942","15.26"
"2022-03-12T00:00:00.000","13.94","14.44","0.9653739612188365650969529086","15.09"
"2022-03-13T00:00:00.000","12.9","14.29","0.9027291812456263121063680896","14.63"
"2022-03-14T00:00:00.000","13.32","14.23","0.9360505973295853829936753338","14.29"
"2022-03-15T00:00:00.000","13.56","14.03","0.9665003563791874554526015681","14.98"
"2022-03-16T00:00:00.000","12.79","14.06","0.9096728307254623044096728307","13.86"
"2022-03-17T00:00:00.000","13.07","14.01","0.9329050678087080656673804425","14.19"
"2022-03-18T00:00:00.000","13.25","14.24","0.9304775280898876404494382022","14.29"
"2022-03-19T00:00:00.000","13.16","14.34","0.9177126917712691771269177127","14.2"
"2022-03-20T00:00:00.000","13.94","14.4","0.9680555555555555555555555556","15.51"
"2022-03-21T00:00:00.000","14.01","14.56","0.9622252747252747252747252747","15.04"
"2022-03-22T00:00:00.000","14.54","14.74","0.9864314789687924016282225237","15.51"
"2022-03-23T00:00:00.000","14.52","14.53","0.9993117687543014452856159670","15.11"
"2022-03-24T00:00:00.000","14.54","14.92","0.9745308310991957104557640751","15.47"
"2022-03-25T00:00:00.000","14.06","15.18","0.9262187088274044795783926219","15.37"
"2022-03-26T00:00:00.000","13.84","14.74","0.9389416553595658073270013569","15.26"
"2022-03-27T00:00:00.000","14.84","15","0.9893333333333333333333333333","15.56"
"2022-03-28T00:00:00.000","14.7","15.2","0.9671052631578947368421052632","15.81"
"2022-03-29T00:00:00.000","14.05","15.11","0.9298477829252150893448047651","14.22"
"2022-03-30T00:00:00.000","14.47","15.26","0.9482306684141546526867627785","14.87"
"2022-03-31T00:00:00.000","14.75","15.45","0.9546925566343042071197411003","15.56"
"2022-04-01T00:00:00.000","14.75","15.23","0.9684832567301378857518056467","14.94"
"2022-04-02T00:00:00.000","14.76","14.74","1.001356852103120759837177748","15.15"
"2022-04-03T00:00:00.000","14.78","15.15","0.9755775577557755775577557756","14.54"
"2022-04-04T00:00:00.000","15.05","15.75","0.9555555555555555555555555556","16.11"
"2022-04-05T00:00:00.000","14.85","16.04","0.9258104738154613466334164589","15.54"
"2022-04-06T00:00:00.000","14.37","15.76","0.9118020304568527918781725888","14.92"
"2022-04-07T00:00:00.000","14.58","16.16","0.9022277227722772277227722772","14.93"
"2022-04-08T00:00:00.000","15.22","16.45","0.9252279635258358662613981763","17.11"
"2022-04-09T00:00:00.000","15.17","16.3","0.9306748466257668711656441718","15.49"
"2022-04-10T00:00:00.000","13.9","16.53","0.8408953418027828191167574108","14.5"
"2022-04-11T00:00:00.000","15.24","16.39","0.9298352654057352043929225137","16.07"
"2022-04-12T00:00:00.000","14.82","16.21","0.9142504626773596545342381246","14.93"
"2022-04-13T00:00:00.000","14.71","16.33","0.9007960808328230251071647275","14.8"
"2022-04-14T00:00:00.000","14.86","16.26","0.9138991389913899138991389914","15.62"
"2022-04-15T00:00:00.000","15.18","16.15","0.9399380804953560371517027864","15.93"
"2022-04-16T00:00:00.000","15.22","16.11","0.9447548106765983860955927995","16.22"
"2022-04-17T00:00:00.000","15.11","16.32","0.9258578431372549019607843137","15.85"
"2022-04-18T00:00:00.000","16.52","17.08","0.9672131147540983606557377049","18.33"
"2022-04-19T00:00:00.000","17.78","17.03","1.044039929536112742219612449","19.63"
"2022-04-20T00:00:00.000","17.13","16.85","1.016617210682492581602373887","19.43"
"2022-04-21T00:00:00.000","17.41","17.31","1.005777007510109763142692085","21.1"
"2022-04-22T00:00:00.000","18.78","17.72","1.059819413092550790067720090","21.6"
"2022-04-23T00:00:00.000","16.97","18.16","0.9344713656387665198237885463","19.06"
"2022-04-24T00:00:00.000","17.9","18.35","0.9754768392370572207084468665","20.61"
"2022-04-25T00:00:00.000","19.07","18.56","1.027478448275862068965517241","21.24"
"2022-04-26T00:00:00.000","20.66","18.17","1.137039075399009356081452944","24.42"
"2022-04-27T00:00:00.000","21.42","18.09","1.184079601990049751243781095","25.99"
"2022-04-28T00:00:00.000","23.2","18.39","1.261555193039695486677542142","28.45"
"2022-04-29T00:00:00.000","22.11","18.51","1.194489465153970826580226904","25.6"
"2022-04-30T00:00:00.000","22.78","19.12","1.191422594142259414225941423","24.8"
"2022-05-01T00:00:00.000","23.51","19.32","1.216873706004140786749482402","24.65"
"2022-05-02T00:00:00.000","20.03","19.5","1.027179487179487179487179487","19.37"
"2022-05-03T00:00:00.000","18.5","19.72","0.9381338742393509127789046653","18.41"
"2022-05-04T00:00:00.000","18.36","20.86","0.8801534036433365292425695110","17.17"
"2022-05-05T00:00:00.000","18.25","20.55","0.8880778588807785888077858881","17.27"
"2022-05-06T00:00:00.000","20.27","20.24","1.001482213438735177865612648","22.43"
"2022-05-07T00:00:00.000","22.04","19.33","1.140196585618210036213140197","23.49"
"2022-05-08T00:00:00.000","20.88","19.13","1.091479351803450078410872974","22.8"
"2022-05-09T00:00:00.000","23.41","19.33","1.211070874288670460424211071","25.84"
"2022-05-10T00:00:00.000","23.4","19.37","1.208053691275167785234899329","23.82"
"2022-05-11T00:00:00.000","25.98","18.88","1.376059322033898305084745763","27.15"
"2022-05-12T00:00:00.000","24.07","18.8","1.280319148936170212765957447","25.21"
"2022-05-13T00:00:00.000","26.76","19.43","1.377251672671127123005661348","28.35"
"2022-05-14T00:00:00.000","26.16","20.14","1.298907646474677259185700099","28.63"
"2022-05-15T00:00:00.000","26.21","20.71","1.265572187349106711733462096","29.23"
"2022-05-16T00:00:00.000","28.07","20.8","1.349519230769230769230769231","30.86"
"2022-05-17T00:00:00.000","26.12","20.58","1.269193391642371234207968902","28.7"
"2022-05-18T00:00:00.000","28.31","20.77","1.363023591718825228695233510","33.68"
"2022-05-19T00:00:00.000","24.5","19.99","1.225612806403201600800400200","29.19"
"2022-05-20T00:00:00.000","19.71","20.15","0.9781637717121588089330024814","19.6"
"2022-05-21T00:00:00.000","18.28","21.6","0.8462962962962962962962962963","15.87"
"2022-05-22T00:00:00.000","19.49","21.56","0.9039888682745825602968460111","17.66"
"2022-05-23T00:00:00.000","20.56","20.89","0.9842029679272379128769746290","21.51"
"2022-05-24T00:00:00.000","19.96","20.34","0.9813176007866273352999016716","21.86"
"2022-05-25T00:00:00.000","23.77","21.24","1.119114877589453860640301318","28.28"
"2022-05-26T00:00:00.000","25.75","21.65","1.189376443418013856812933025","31.52"
"2022-05-27T00:00:00.000","29.64","21.64","1.369685767097966728280961183","36.95"
"2022-05-28T00:00:00.000","27.38","23.18","1.181190681622088006902502157","32.7"
"2022-05-29T00:00:00.000","23.25","23.01","1.010430247718383311603650587","28.68"
"2022-05-30T00:00:00.000","24.68","22.85","1.080087527352297592997811816","26.45"
"2022-05-31T00:00:00.000","22.03","23.38","0.9422583404619332763045337896","23.94"
"2022-06-01T00:00:00.000","22.05","25.36","0.8694794952681388012618296530","20.52"
"2022-06-02T00:00:00.000","21.92","26.38","0.8309325246398786959818043973","20.32"
"2022-06-03T00:00:00.000","26.27","26.89","0.9769431015247303830420230569","26.02"
"2022-06-04T00:00:00.000","26.94","28.74","0.9373695198329853862212943633","27.81"
"2022-06-05T00:00:00.000","26.14","28.79","0.9079541507467870788468218131","29.9"
"2022-06-06T00:00:00.000","27.13","28.99","0.9358399448085546740255260435","29.64"
"2022-06-07T00:00:00.000","23.5","28.83","0.8151231356226153312521678807","23.97"
"2022-06-08T00:00:00.000","27.61","30.08","0.9178856382978723404255319149","30.99"
"2022-06-09T00:00:00.000","28.02","30.57","0.9165848871442590775269872424","31.98"
"2022-06-10T00:00:00.000","31.21","31.36","0.9952168367346938775510204082","36.59"
"2022-06-11T00:00:00.000","30.22","32.16","0.9396766169154228855721393035","36.08"
"2022-06-12T00:00:00.000","31.06","32.39","0.9589379438098178450138931769","36.24"
"2022-06-13T00:00:00.000","34.59","32.71","1.057474778355243044940385203","41.32"
"2022-06-14T00:00:00.000","30.95","33.32","0.9288715486194477791116446579","36.11"
"2022-06-15T00:00:00.000","33.54","34.33","0.9769880570929216428779493155","38.99"
"2022-06-16T00:00:00.000","32.83","33.5","0.98","37.5"
"2022-06-17T00:00:00.000","34.9","33.07","1.055337163592379800423344421","37.25"
"2022-06-18T00:00:00.000","32.42","33.55","0.9663189269746646795827123696","35.31"
"2022-06-19T00:00:00.000","31.12","33.18","0.9379144062688366485834840265","34.73"
"2022-06-20T00:00:00.000","35.21","34.24","1.028329439252336448598130841","40.51"
"2022-06-21T00:00:00.000","33.43","33.97","0.9841036208419193405946423315","37.58"
"2022-06-22T00:00:00.000","35.63","34.43","1.034853325588149869300029044","41.21"
"2022-06-23T00:00:00.000","34.54","34.52","1.000579374275782155272305910","38.13"
"2022-06-24T00:00:00.000","35.21","34.06","1.033763945977686435701702877","39.59"
"2022-06-25T00:00:00.000","32.48","33.52","0.9689737470167064439140811456","35.91"
"2022-06-26T00:00:00.000","30.46","34.5","0.8828985507246376811594202899","31.57"
"2022-06-27T00:00:00.000","35.3","34.88","1.012041284403669724770642202","38.99"
"2022-06-28T00:00:00.000","35.14","35.05","1.002567760342368045649072753","38.09"
"2022-06-29T00:00:00.000","35.72","35.82","0.9972082635399218313791178113","40.24"
"2022-06-30T00:00:00.000","30.05","34.98","0.8590623213264722698684962836","32"
"2022-07-01T00:00:00.000","32.2","34.34","0.9376820034944670937682003494","35.95"
"2022-07-02T00:00:00.000","28.8","35.39","0.8137892059903927663181689743","30.94"
"2022-07-03T00:00:00.000","30.06","36.39","0.8260511129431162407254740313","32.82"
"2022-07-04T00:00:00.000","34.34","34.94","0.9828277046365197481396680023","38.02"
"2022-07-05T00:00:00.000","30.96","34.59","0.8950563746747614917606244579","34.35"
"2022-07-06T00:00:00.000","32.42","34.05","0.9521292217327459618208516887","35.7"
"2022-07-07T00:00:00.000","30.14","33.48","0.9002389486260454002389486260","34.09"
"2022-07-08T00:00:00.000","35.23","33.66","1.046642899584076054664289958","39.66"
"2022-07-09T00:00:00.000","34.08","34.74","0.9810017271157167530224525043","39.9"
"2022-07-10T00:00:00.000","34.06","35.8","0.9513966480446927374301675978","39.42"
"2022-07-11T00:00:00.000","37.31","36.28","1.028390297684674751929437707","42.15"
"2022-07-12T00:00:00.000","34.18","35.21","0.9707469468900880431695541039","38.38"
"2022-07-13T00:00:00.000","36.74","35.27","1.041678480294868159909271335","41.28"
"2022-07-14T00:00:00.000","33.79","34.25","0.9865693430656934306569343066","38.34"
"2022-07-15T00:00:00.000","36.78","34.05","1.080176211453744493392070485","40.9"
"2022-07-16T00:00:00.000","31.89","34.66","0.9200807847663012117714945182","36.37"
"2022-07-17T00:00:00.000","33.68","36.17","0.9311584185789328172518661874","38.2"
"2022-07-18T00:00:00.000","37.43","36","1.039722222222222222222222222","42.98"
"2022-07-19T00:00:00.000","36.26","35.51","1.021120811039143903125880034","39.74"
"2022-07-20T00:00:00.000","36.32","36.36","0.9988998899889988998899889989","41.23"
"2022-07-21T00:00:00.000","33.03","36.03","0.9167360532889258950874271440","37.45"
"2022-07-22T00:00:00.000","37.41","36.51","1.024650780608052588331963846","42.28"
"2022-07-23T00:00:00.000","32.73","36.34","0.9006604292790313703907539901","37.58"
"2022-07-24T00:00:00.000","27.43","36.4","0.7535714285714285714285714286","29.48"
"2022-07-25T00:00:00.000","32.72","35.07","0.9329911605360707157114342743","34.4"
"2022-07-26T00:00:00.000","31.11","34.41","0.9040976460331299040976460331","35.48"
"2022-07-27T00:00:00.000","34.13","34.69","0.9838570193139233208417411358","40.17"
"2022-07-28T00:00:00.000","25.8","34.37","0.7506546406750072737852778586","26.95"
"2022-07-29T00:00:00.000","25.96","34.17","0.7597307579748317237342698273","27.93"
"2022-07-30T00:00:00.000","27.06","32.9","0.8224924012158054711246200608","30.34"
"2022-07-31T00:00:00.000","28.36","32.77","0.8654256942325297528227036924","31.71"
"2022-08-01T00:00:00.000","32.12","33.36","0.9628297362110311750599520384","37.05"
"2022-08-02T00:00:00.000","30.33","34.24","0.8858060747663551401869158879","33.8"
"2022-08-03T00:00:00.000","33.21","33.97","0.9776273182219605534294966147","36.45"
"2022-08-04T00:00:00.000","31.51","32.82","0.9600853138330286410725167581","34.43"
"2022-08-05T00:00:00.000","33.77","33.33","1.013201320132013201320132013","37.79"
"2022-08-06T00:00:00.000","32.21","33.09","0.9734058627984285282562707767","35.53"
"2022-08-07T00:00:00.000","30.95","33.49","0.9241564646163033741415347865","32.83"
"2022-08-08T00:00:00.000","33.14","33.92","0.9770047169811320754716981132","35.09"
"2022-08-09T00:00:00.000","32.36","33.91","0.9542907696844588616927160130","34.54"
"2022-08-10T00:00:00.000","35.01","33.9","1.032743362831858407079646018","38.67"
"2022-08-11T00:00:00.000","32.82","33.16","0.9897466827503015681544028951","39.07"
"2022-08-12T00:00:00.000","35.94","34.05","1.055506607929515418502202643","44.16"
"2022-08-13T00:00:00.000","32.29","34.6","0.9332369942196531791907514451","39.68"
"2022-08-14T00:00:00.000","29.11","34.44","0.8452380952380952380952380952","35.5"
"2022-08-15T00:00:00.000","30.68","34.06","0.9007633587786259541984732824","36.61"
"2022-08-16T00:00:00.000","27.73","33.78","0.8208999407933688573120189461","30.28"
"2022-08-17T00:00:00.000","31.41","34.82","0.9020677771395749569213095922","37.68"
"2022-08-18T00:00:00.000","31.42","34.02","0.9235743680188124632569077014","37.95"
"2022-08-19T00:00:00.000","33.73","33.91","0.9946918313181952226481863757","40.48"
"2022-08-20T00:00:00.000","32.23","33.82","0.9529863985807214665878178593","37.23"
"2022-08-21T00:00:00.000","30.94","34.71","0.8913857677902621722846441948","36.6"
"2022-08-22T00:00:00.000","34.99","34.59","1.011564035848511130384504192","40.06"
"2022-08-23T00:00:00.000","32.63","34.68","0.9408881199538638985005767013","35.1"
"2022-08-24T00:00:00.000","35.48","35.52","0.9988738738738738738738738739","39.3"
"2022-08-25T00:00:00.000","30.72","34.63","0.8870921166618538839156800462","33.82"
"2022-08-26T00:00:00.000","33.78","34.87","0.9687410381416690564955549183","36.61"
"2022-08-27T00:00:00.000","32.76","35.04","0.9349315068493150684931506849","35.64"
"2022-08-28T00:00:00.000","32.22","35.25","0.9140425531914893617021276596","35.34"
"2022-08-29T00:00:00.000","35.69","34.6","1.031502890173410404624277457","39.76"
"2022-08-30T00:00:00.000","32.47","34.18","0.9499707431246342890579286132","36.55"
"2022-08-31T00:00:00.000","34.7","34.52","1.005214368482039397450753187","39.63"
"2022-09-01T00:00:00.000","33.33","34.22","0.9739918176504967855055523086","39.03"
"2022-09-02T00:00:00.000","34.32","34.65","0.9904761904761904761904761905","41.27"
"2022-09-03T00:00:00.000","29.99","34.79","0.8620293187697614256970393791","34.01"
"2022-09-04T00:00:00.000","30.38","34.7","0.8755043227665706051873198847","36.09"
"2022-09-05T00:00:00.000","35.32","34.14","1.034563561804335090802577622","41.71"
"2022-09-06T00:00:00.000","33.17","33.41","0.9928165219994013768332834481","37.23"
"2022-09-07T00:00:00.000","34.83","33.35","1.044377811094452773613193403","38.79"
"2022-09-08T00:00:00.000","32.58","31.79","1.024850581944007549543881724","35.31"
"2022-09-09T00:00:00.000","31.28","31.31","0.9990418396678377515170871926","33.02"
"2022-09-10T00:00:00.000","25.05","30.06","0.8333333333333333333333333333","23.54"
"2022-09-11T00:00:00.000","25.37","29.68","0.8547843665768194070080862534","24.77"
"2022-09-12T00:00:00.000","30.01","28.74","1.044189283228949199721642310","33.66"
"2022-09-13T00:00:00.000","29.41","28.18","1.043647977288857345635202271","35.76"
"2022-09-14T00:00:00.000","30.02","28.64","1.048184357541899441340782123","39.17"
"2022-09-15T00:00:00.000","28.01","28.97","0.9668622713151536071798412151","34.7"
"2022-09-16T00:00:00.000","30.19","29.23","1.032842969551830311323982210","36.6"
"2022-09-17T00:00:00.000","28.38","29.44","0.9639945652173913043478260870","34.49"
"2022-09-18T00:00:00.000","28.68","29.99","0.9563187729243081027009003001","34.4"
"2022-09-19T00:00:00.000","31.36","29.85","1.050586264656616415410385260","36.32"
"2022-09-20T00:00:00.000","28.15","29.64","0.9497300944669365721997300945","31.36"
"2022-09-21T00:00:00.000","27.04","29.8","0.9073825503355704697986577181","28.52"
"2022-09-22T00:00:00.000","21.54","28.89","0.7455867082035306334371754933","20.02"
"2022-09-23T00:00:00.000","23.94","28.98","0.8260869565217391304347826087","25.69"
"2022-09-24T00:00:00.000","23.59","28.47","0.8285914998243765367053038286","26.66"
"2022-09-25T00:00:00.000","24.4","28.33","0.8612777973879279915284151077","28.7"
"2022-09-26T00:00:00.000","27.48","27.39","1.003285870755750273822562979","32.3"
"2022-09-27T00:00:00.000","25.4","26.78","0.9484690067214339058999253174","28.74"
"2022-09-28T00:00:00.000","27.68","26.06","1.062164236377590176515732924","31.03"
"2022-09-29T00:00:00.000","25.61","24.93","1.027276373846770958684316085","28.03"
"2022-09-30T00:00:00.000","24.3","24.97","0.9731678013616339607529034842","26.29"
"2022-10-01T00:00:00.000","21.77","23.82","0.9139378673383711167086481948","21.73"
"2022-10-02T00:00:00.000","21.27","23.13","0.9195849546044098573281452659","22.96"
"2022-10-03T00:00:00.000","24.44","22.4","1.091071428571428571428571429","27.06"
"2022-10-04T00:00:00.000","21.28","21.62","0.9842738205365402405180388529","22.08"
"2022-10-05T00:00:00.000","22.12","21.07","1.049833887043189368770764120","26.61"
"2022-10-06T00:00:00.000","21","20.11","1.044256588761810044753853804","26.31"
"2022-10-07T00:00:00.000","20.55","20.1","1.022388059701492537313432836","24.57"
"2022-10-08T00:00:00.000","18.66","19.85","0.9400503778337531486146095718","21.45"
"2022-10-09T00:00:00.000","19.48","18.77","1.037826318593500266382525306","22.54"
"2022-10-10T00:00:00.000","21.39","18.55","1.153099730458221024258760108","25.08"
"2022-10-11T00:00:00.000","19.36","18.04","1.073170731707317073170731707","22.5"
"2022-10-12T00:00:00.000","19.45","17.81","1.092083099382369455362156092","22.29"
"2022-10-13T00:00:00.000","18.98","17.44","1.088302752293577981651376147","21.12"
"2022-10-14T00:00:00.000","19.43","17.31","1.122472559214326978625072213","21.65"
"2022-10-15T00:00:00.000","18.34","16.98","1.080094228504122497055359246","19.82"
"2022-10-16T00:00:00.000","18.07","16.98","1.064193168433451118963486455","19.69"
"2022-10-17T00:00:00.000","18.33","16.91","1.083973979893554109994086339","19.77"
"2022-10-18T00:00:00.000","17.77","16.59","1.071127185051235684147076552","18.77"
"2022-10-19T00:00:00.000","17.8","16.51","1.078134463961235614778921866","18.84"
"2022-10-20T00:00:00.000","17.2","16.27","1.057160417947141979102642901","18.65"
"2022-10-21T00:00:00.000","17.56","16","1.0975","19.24"
"2022-10-22T00:00:00.000","16.33","15.8","1.033544303797468354430379747","17.99"
"2022-10-23T00:00:00.000","15.72","15.48","1.015503875968992248062015504","16.83"
"2022-10-24T00:00:00.000","16.32","15.42","1.058365758754863813229571984","17.45"
"2022-10-25T00:00:00.000","15.69","15.28","1.026832460732984293193717277","17.63"
"2022-10-26T00:00:00.000","15.62","15.29","1.021582733812949640287769784","17.65"
"2022-10-27T00:00:00.000","14.64","15.55","0.9414790996784565916398713826","16.56"
"2022-10-28T00:00:00.000","14.82","15.02","0.9866844207723035952063914780","16.15"
"2022-10-29T00:00:00.000","14.28","15.21","0.9388560157790927021696252465","16.03"
"2022-10-30T00:00:00.000","14.79","15.03","0.9840319361277445109780439122","16.65"
"2022-10-31T00:00:00.000","14.56","14.6","0.9972602739726027397260273973","15.94"
"2022-11-01T00:00:00.000","16.37","15.16","1.079815303430079155672823219","18.07"
"2022-11-02T00:00:00.000","15.27","15.24","1.001968503937007874015748031","16.66"
"2022-11-03T00:00:00.000","14.26","15.2","0.9381578947368421052631578947","15.35"
"2022-11-04T00:00:00.000","14.24","15.08","0.9442970822281167108753315650","15.83"
"2022-11-05T00:00:00.000","13.23","15.09","0.8767395626242544731610337972","14.56"
"2022-11-06T00:00:00.000","14.87","15.13","0.9828155981493721083939193655","15.72"
"2022-11-07T00:00:00.000","14.48","14.92","0.9705093833780160857908847185","16.43"
"2022-11-08T00:00:00.000","14.98","14.71","1.018354860639021074099252209","16.23"
"2022-11-09T00:00:00.000","14.42","15.07","0.9568679495686794956867949569","15.47"
"2022-11-10T00:00:00.000","14.46","14.93","0.9685197588747488278633623577","15.23"
"2022-11-11T00:00:00.000","14.47","14.77","0.9796885578876100203114421124","16.14"
"2022-11-12T00:00:00.000","14.36","14.99","0.9579719813208805870580386925","16.01"
"2022-11-13T00:00:00.000","14.6","15.12","0.9656084656084656084656084656","15.71"
"2022-11-14T00:00:00.000","14.92","14.82","1.006747638326585695006747638","16.91"
"2022-11-15T00:00:00.000","15.2","15.04","1.010638297872340425531914894","16.6"
"2022-11-16T00:00:00.000","15.33","14.7","1.042857142857142857142857143","16.9"
"2022-11-17T00:00:00.000","14.88","15.19","0.9795918367346938775510204082","16.34"
"2022-11-18T00:00:00.000","14.99","14.71","1.019034670292318150917743032","16.3"
"2022-11-19T00:00:00.000","14.73","14.85","0.9919191919191919191919191919","16.23"
"2022-11-20T00:00:00.000","14.08","14.6","0.9643835616438356164383561644","15.67"
"2022-11-21T00:00:00.000","14.6","14.28","1.022408963585434173669467787","15.98"
"2022-11-22T00:00:00.000","13.99","13.55","1.032472324723247232472324723","15.22"
"2022-11-23T00:00:00.000","13.59","13.44","1.011160714285714285714285714","11.5"
"2022-11-24T00:00:00.000","11.49","13.24","0.8678247734138972809667673716","12.92"
"2022-11-25T00:00:00.000","13.06","13.47","0.9695619896065330363771343727","14.59"
"2022-11-26T00:00:00.000","13.51","13.52","0.9992603550295857988165680473","15.18"
"2022-11-27T00:00:00.000","14.08","13.6","1.035294117647058823529411765","15.51"
"2022-11-28T00:00:00.000","14.53","13.65","1.064468864468864468864468864","15.55"
"2022-11-29T00:00:00.000","14.36","13.9","1.033093525179856115107913669","14.76"
"2022-11-30T00:00:00.000","14.81","14.17","1.045165843330980945659844742","15.34"
"2022-12-01T00:00:00.000","15.11","14.43","1.047124047124047124047124047","15.49"
"2022-12-02T00:00:00.000","14.32","14.68","0.9754768392370572207084468665","14.82"
"2022-12-03T00:00:00.000","13.89","14.57","0.9533287577213452299245024022","14.66"
"2022-12-04T00:00:00.000","14.42","14.7","0.9809523809523809523809523810","14.8"
"2022-12-05T00:00:00.000","14.62","14.67","0.9965916837082481254260395365","15.15"
"2022-12-06T00:00:00.000","14.41","14.17","1.016937191249117854622441778","15.36"
"2022-12-07T00:00:00.000","15.37","14.49","1.060731538992408557625948930","16.02"
"2022-12-08T00:00:00.000","14.75","14.69","1.004084411164057181756296801","15.77"
"2022-12-09T00:00:00.000","14.92","14.71","1.014276002719238613188307274","15.35"
"2022-12-10T00:00:00.000","14.3","14.68","0.9741144414168937329700272480","15"
"2022-12-11T00:00:00.000","14.36","14.59","0.9842357779300891021247429746","15.08"
"2022-12-12T00:00:00.000","14.45","14.74","0.9803256445047489823609226594","15.08"
"2022-12-13T00:00:00.000","14.04","14.78","0.9499323410013531799729364005","14.6"
"2022-12-14T00:00:00.000","14.56","14.57","0.9993136582017844886753603294","14.84"
"2022-12-15T00:00:00.000","14.64","14.71","0.9952413324269204622705642420","15.64"
"2022-12-16T00:00:00.000","14.33","14.74","0.9721845318860244233378561737","15.68"
"2022-12-17T00:00:00.000","13.53","14.62","0.9254445964432284541723666211","15.18"
"2022-12-18T00:00:00.000","15.3","14.45","1.058823529411764705882352941","15.46"
"2022-12-19T00:00:00.000","13.1","14.42","0.9084604715672676837725381415","15.74"
"2022-12-20T00:00:00.000","14.02","14.55","0.9635738831615120274914089347","15.55"
"2022-12-21T00:00:00.000","15.17","14.19","1.069062720225510923185341790","15.41"
"2022-12-22T00:00:00.000","12.49","14","0.8921428571428571428571428571","15.08"
"2022-12-23T00:00:00.000","14.37","13.55","1.060516605166051660516605166","14.59"
"2022-12-24T00:00:00.000","14.16","12.12","1.168316831683168316831683168","15.83"
"2022-12-25T00:00:00.000","11.89","10.57","1.124881740775780510879848628","13.24"
"2022-12-26T00:00:00.000","12.61","12.86","0.9805598755832037325038880249","15"
"2022-12-27T00:00:00.000","13.79","13.5","1.021481481481481481481481481","14.04"
"2022-12-28T00:00:00.000","13.72","13.63","1.006603081438004402054292003","13.69"
"2022-12-29T00:00:00.000","13.92","13.55","1.027306273062730627306273063","14.88"
"2022-12-30T00:00:00.000","13.15","13.52","0.9726331360946745562130177515","14.49"
"2022-12-31T00:00:00.000","14.93","12.89","1.158262218774243599689681924","15.23"
"2023-01-01T00:00:00.000","12.68","12.29","1.031733116354759967453213995","15.24"
"2023-01-02T00:00:00.000","13.33","13.56","0.9830383480825958702064896755","14.34"
"2023-01-03T00:00:00.000","14.08","13.91","1.012221423436376707404744788","15.58"
"2023-01-04T00:00:00.000","13.92","14","0.9942857142857142857142857143","15.16"
"2023-01-05T00:00:00.000","15.98","14.09","1.134137686302342086586231370","15.32"
"2023-01-06T00:00:00.000","14.44","13.97","1.033643521832498210450966356","16.06"
"2023-01-07T00:00:00.000","14.65","13.84","1.058526011560693641618497110","16.05"
"2023-01-08T00:00:00.000","14.33","13.89","1.031677465802735781137508999","15.8"
"2023-01-09T00:00:00.000","14.04","13.96","1.005730659025787965616045845","15.7"
"2023-01-10T00:00:00.000","14.32","14.09","1.016323633782824698367636622","15.67"
"2023-01-11T00:00:00.000","13.96","13.82","1.010130246020260492040520984","15.35"
"2023-01-12T00:00:00.000","14.13","13.53","1.044345898004434589800443459","15.44"
"2023-01-13T00:00:00.000","14.35","13.94","1.029411764705882352941176471","15.91"
"2023-01-14T00:00:00.000","14.23","14.13","1.007077140835102618542108988","15.48"
"2023-01-15T00:00:00.000","13.8","14.09","0.9794180269694819020581973031","15.15"
"2023-01-16T00:00:00.000","14.35","14.21","1.009852216748768472906403941","15.87"
"2023-01-17T00:00:00.000","14.69","14.14","1.038896746817538896746817539","16.34"
"2023-01-18T00:00:00.000","14.29","14.32","0.9979050279329608938547486034","15.5"
"2023-01-19T00:00:00.000","14.66","14.17","1.034580098800282286520818631","16.07"
"2023-01-20T00:00:00.000","14.07","14.35","0.9804878048780487804878048780","15.56"
"2023-01-21T00:00:00.000","14.11","14.32","0.9853351955307262569832402235","15.16"
"2023-01-22T00:00:00.000","14.43","14.45","0.9986159169550173010380622837","15.98"
"2023-01-23T00:00:00.000","14.31","14.46","0.9896265560165975103734439834","14.86"
"2023-01-24T00:00:00.000","14.57","14.32","1.017458100558659217877094972","14.15"
"2023-01-25T00:00:00.000","14.16","14.59","0.9705277587388622344071281700","13.81"
"2023-01-26T00:00:00.000","14.35","14.53","0.9876118375774260151410874054","13.82"
"2023-01-27T00:00:00.000","14.46","14.65","0.9870307167235494880546075085","13.59"
"2023-01-28T00:00:00.000","14.24","14.5","0.9820689655172413793103448276","13.86"
"2023-01-29T00:00:00.000","14.65","14.62","1.002051983584131326949384405","14.36"
"2023-01-30T00:00:00.000","14.61","14.35","1.018118466898954703832752613","14.15"
"2023-01-31T00:00:00.000","14.84","14.38","1.031988873435326842837273992","14.98"
"2023-02-01T00:00:00.000","14.91","14.37","1.037578288100208768267223382","15.05"
"2023-02-02T00:00:00.000","14.48","14.22","1.018284106891701828410689170","15.1"
"2023-02-03T00:00:00.000","14.31","14.32","0.9993016759776536312849162011","14.78"
"2023-02-04T00:00:00.000","14.07","14.06","1.000711237553342816500711238","14.58"
"2023-02-05T00:00:00.000","14.47","14.27","1.014015416958654519971969166","14.72"
"2023-02-06T00:00:00.000","14.16","14.57","0.9718599862731640356897735072","14.96"
"2023-02-07T00:00:00.000","14.21","14.31","0.9930118798043326345213137666","14.21"
"2023-02-08T00:00:00.000","14.16","14.38","0.9847009735744089012517385257","14.65"
"2023-02-09T00:00:00.000","14.42","14.48","0.9958563535911602209944751381","15.43"
"2023-02-10T00:00:00.000","14.18","14.42","0.9833564493758668515950069348","15.21"
"2023-02-11T00:00:00.000","13.98","14.39","0.9715079916608756080611535789","15.53"
"2023-02-12T00:00:00.000","13.96","14.28","0.9775910364145658263305322129","15.43"
"2023-02-13T00:00:00.000","14.03","14.48","0.9689226519337016574585635359","15.49"
"2023-02-14T00:00:00.000","13.83","14.44","0.9577562326869806094182825485","14.58"
"2023-02-15T00:00:00.000","13.83","14.55","0.9505154639175257731958762887","15.12"
"2023-02-16T00:00:00.000","14.23","14.41","0.9875086745315752949340735600","15.86"
"2023-02-17T00:00:00.000","14.14","14.51","0.9745003445899379738111647140","15.6"
"2023-02-18T00:00:00.000","13.94","14.4","0.9680555555555555555555555556","15.16"
"2023-02-19T00:00:00.000","13.81","14.24","0.9698033707865168539325842697","14.72"
"2023-02-20T00:00:00.000","13.77","14.41","0.9555863983344899375433726579","15.29"
"2023-02-21T00:00:00.000","14.11","14.35","0.9832752613240418118466898955","15.54"
"2023-02-22T00:00:00.000","13.97","14.38","0.9714881780250347705146036161","15.09"
"2023-02-23T00:00:00.000","13.98","14.2","0.9845070422535211267605633803","15.31"
"2023-02-24T00:00:00.000","14.31","14.07","1.017057569296375266524520256","15.28"
"2023-02-25T00:00:00.000","13.6","14.3","0.9510489510489510489510489510","14.92"
"2023-02-26T00:00:00.000","13.61","14.28","0.9530812324929971988795518207","14.98"
"2023-02-27T00:00:00.000","14.3","14.22","1.005625879043600562587904360","15.52"
"2023-02-28T00:00:00.000","14.3","14.38","0.9944367176634214186369958275","14.93"
"2023-03-01T00:00:00.000","14.2","14.27","0.9950946040644709180098107919","15.14"
"2023-03-02T00:00:00.000","14.03","14.34","0.9783821478382147838214783821","15.25"
"2023-03-03T00:00:00.000","14.04","14.52","0.9669421487603305785123966942","15.22"
"2023-03-04T00:00:00.000","13.38","14.22","0.9409282700421940928270042194","14.39"
"2023-03-05T00:00:00.000","13.39","14.6","0.9171232876712328767123287671","14.48"
"2023-03-06T00:00:00.000","14.23","14.33","0.9930216329378925331472435450","15.16"
"2023-03-07T00:00:00.000","14.13","14.45","0.9778546712802768166089965398","15.39"
"2023-03-08T00:00:00.000","14.14","14.5","0.9751724137931034482758620690","15.39"
"2023-03-09T00:00:00.000","14.43","14.63","0.9863294600136705399863294600","15.4"
"2023-03-10T00:00:00.000","13.79","14.47","0.9530062197650310988251554941","14.88"
"2023-03-11T00:00:00.000","14.43","14.26","1.011921458625525946704067321","14.63"
"2023-03-12T00:00:00.000","11.46","14.24","0.8047752808988764044943820225","14.38"
"2023-03-13T00:00:00.000","13.31","13.99","0.9513938527519656897784131523","14.15"
"2023-03-14T00:00:00.000","13.06","13.93","0.9375448671931083991385498923","14.22"
"2023-03-15T00:00:00.000","13.3","13.9","0.9568345323741007194244604317","14.41"
"2023-03-16T00:00:00.000","12.77","13.66","0.9348462664714494875549048316","14.15"
"2023-03-17T00:00:00.000","13.06","13.61","0.9595885378398236590742101396","13.81"
"2023-03-18T00:00:00.000","12.98","13.93","0.9318018664752333094041636755","14.21"
"2023-03-19T00:00:00.000","13.89","14.02","0.9907275320970042796005706134","15.21"
"2023-03-20T00:00:00.000","13.96","14.14","0.9872701555869872701555869873","15"
"2023-03-21T00:00:00.000","13.67","14.24","0.9599719101123595505617977528","14.24"
"2023-03-22T00:00:00.000","13.8","14.4","0.9583333333333333333333333333","15.27"
"2023-03-23T00:00:00.000","13.94","14.18","0.9830747531734837799717912553","15.41"
"2023-03-24T00:00:00.000","13.54","14.4","0.9402777777777777777777777778","15.06"
"2023-03-25T00:00:00.000","13.23","14.61","0.9055441478439425051334702259","14.26"
"2023-03-26T00:00:00.000","13.65","14.28","0.9558823529411764705882352941","14.77"
"2023-03-27T00:00:00.000","13.27","14.6","0.9089041095890410958904109589","14.66"
"2023-03-28T00:00:00.000","13.46","14.73","0.9137813985064494229463679566","14.83"
"2023-03-29T00:00:00.000","13.5","14.62","0.9233926128590971272229822161","14.93"
"2023-03-30T00:00:00.000","13.93","14.7","0.9476190476190476190476190476","15.41"
"2023-03-31T00:00:00.000","13.82","14.73","0.9382213170400543109300746775","14.33"
"2023-04-01T00:00:00.000","13.93","14.72","0.9463315217391304347826086957","14.38"
"2023-04-02T00:00:00.000","14.48","14.64","0.9890710382513661202185792350","15.01"
"2023-04-03T00:00:00.000","14.37","15.03","0.9560878243512974051896207585","14.81"
"2023-04-04T00:00:00.000","14.58","15.53","0.9388280746941403734707018674","15.01"
"2023-04-05T00:00:00.000","14.67","15.74","0.9320203303684879288437102922","14.83"
"2023-04-06T00:00:00.000","14.83","15.35","0.9661237785016286644951140065","16.56"
"2023-04-07T00:00:00.000","14.77","15.62","0.9455825864276568501920614597","15.39"
"2023-04-08T00:00:00.000","13.9","15.99","0.8692933083176985616010006254","14.41"
"2023-04-09T00:00:00.000","14.8","15.67","0.9444798978940650925335035099","16.42"
"2023-04-10T00:00:00.000","15.1","15.68","0.9630102040816326530612244898","17.01"
"2023-04-11T00:00:00.000","15.61","15.98","0.9768460575719649561952440551","17.71"
"2023-04-12T00:00:00.000","15.56","15.79","0.9854338188727042431918936035","20.83"
"2023-04-13T00:00:00.000","15.33","15.83","0.9684144030322173089071383449","17.6"
"2023-04-14T00:00:00.000","14.49","16.03","0.9039301310043668122270742358","16.54"
"2023-04-15T00:00:00.000","13.42","16.01","0.8382261086820737039350405996","16.39"
"2023-04-16T00:00:00.000","15.84","15.66","1.011494252873563218390804598","19.09"
"2023-04-17T00:00:00.000","15.86","15.77","1.005707038681039949270767280","19.72"
"2023-04-18T00:00:00.000","15.43","16.37","0.9425778863775198533903481979","19.82"
"2023-04-19T00:00:00.000","15.64","16.6","0.9421686746987951807228915663","17.74"
"2023-04-20T00:00:00.000","14.6","16.23","0.8995686999383857054836722120","13.86"
"2023-04-21T00:00:00.000","14.59","16.33","0.8934476423759951010410287814","12.86"
"2023-04-22T00:00:00.000","13.14","16.78","0.7830750893921334922526817640","10.89"
"2023-04-23T00:00:00.000","14.1","16.81","0.8387864366448542534205829863","13.4"
"2023-04-24T00:00:00.000","15.83","17.13","0.9241097489784004670169293637","14.44"
"2023-04-25T00:00:00.000","14.77","17.39","0.8493387004025301897642323174","12.59"
"2023-04-26T00:00:00.000","15","17.4","0.8620689655172413793103448276","12.97"
"2023-04-27T00:00:00.000","15.34","17.63","0.8701077708451503119682359614","14.22"
"2023-04-28T00:00:00.000","15.02","18.14","0.8280044101433296582138919515","14.18"
"2023-04-29T00:00:00.000","15.27","17.85","0.8554621848739495798319327731","14.85"
"2023-04-30T00:00:00.000","15.99","18.04","0.8863636363636363636363636364","16.95"
"2023-05-01T00:00:00.000","17.56","18.5","0.9491891891891891891891891892","19.07"
"2023-05-02T00:00:00.000","17.92","18.21","0.9840746842394288852278967600","20.58"
"2023-05-03T00:00:00.000","19.97","18.27","1.093048713738368910782703886","23"
"2023-05-04T00:00:00.000","18.69","19.14","0.9764890282131661442006269592","21.2"
"2023-05-05T00:00:00.000","20.01","19.06","1.049842602308499475341028332","22.51"
"2023-05-06T00:00:00.000","20.04","19.42","1.031925849639546858908341916","21.52"
"2023-05-07T00:00:00.000","20.19","19.35","1.043410852713178294573643411","21.53"
"2023-05-08T00:00:00.000","23.44","18.89","1.240868184224457384859714134","24.8"
"2023-05-09T00:00:00.000","22.47","18.83","1.193308550185873605947955390","25.95"
"2023-05-10T00:00:00.000","19.44","18.78","1.035143769968051118210862620","20.12"
"2023-05-11T00:00:00.000","17.17","18.68","0.9191648822269807280513918630","15.56"
"2023-05-12T00:00:00.000","17.35","18.97","0.9146020031628887717448603057","14.93"
"2023-05-13T00:00:00.000","16.66","19.69","0.8461147790756729304215337735","14.2"
"2023-05-14T00:00:00.000","15.52","19.74","0.7862208713272543059777102330","14.09"
"2023-05-15T00:00:00.000","17.38","20.2","0.8603960396039603960396039604","17.58"
"2023-05-16T00:00:00.000","17.34","20.28","0.8550295857988165680473372781","18.68"
"2023-05-17T00:00:00.000","18.93","20.11","0.9413227250124316260566882148","23.09"
"2023-05-18T00:00:00.000","17.89","20.36","0.8786836935166994106090373281","22.15"
"2023-05-19T00:00:00.000","17.6","20.07","0.8769307424015944195316392626","21.17"
"2023-05-20T00:00:00.000","16.54","19.64","0.8421588594704684317718940937","21.51"
"2023-05-21T00:00:00.000","18.04","20.39","0.8847474252084355076017655714","23.77"
"2023-05-22T00:00:00.000","21.29","20.35","1.046191646191646191646191646","28.03"
"2023-05-23T00:00:00.000","21.68","20.24","1.071146245059288537549407115","28.56"
"2023-05-24T00:00:00.000","21.97","20.16","1.089781746031746031746031746","27.24"
"2023-05-25T00:00:00.000","21.86","21.24","1.029190207156308851224105461","24.02"
"2023-05-26T00:00:00.000","22.37","21.77","1.027560863573725310059715204","23.79"
"2023-05-27T00:00:00.000","20.84","22.17","0.9400090211998195760036084799","20.97"
"2023-05-28T00:00:00.000","19.02","22.89","0.8309305373525557011795543906","18.24"
"2023-05-29T00:00:00.000","21.61","22.19","0.9738621000450653447498873366","22.71"
"2023-05-30T00:00:00.000","23.17","22","1.053181818181818181818181818","23.94"
"2023-05-31T00:00:00.000","24.35","22.42","1.086083853702051739518287244","26.46"
"2023-06-01T00:00:00.000","22.03","23.96","0.9194490818030050083472454090","23.22"
"2023-06-02T00:00:00.000","19.68","25.18","0.7815726767275615567911040508","20.38"
"2023-06-03T00:00:00.000","17.95","26.09","0.6880030663089306247604446148","19.4"
"2023-06-04T00:00:00.000","16.8","27.64","0.6078147612156295224312590449","15.47"
"2023-06-05T00:00:00.000","19.17","27.87","0.6878363832077502691065662002","21.3"
"2023-06-06T00:00:00.000","18.09","27.72","0.6525974025974025974025974026","22.25"
"2023-06-07T00:00:00.000","19.57","27.52","0.7111191860465116279069767442","26.09"
"2023-06-08T00:00:00.000","20.02","28.82","0.6946564885496183206106870229","25.52"
"2023-06-09T00:00:00.000","20.81","29.36","0.7087874659400544959128065395","26.99"
"2023-06-10T00:00:00.000","18.72","30.65","0.6107667210440456769983686786","23.27"
"2023-06-11T00:00:00.000","18.01","31.03","0.5804060586529165323880116017","22.31"
"2023-06-12T00:00:00.000","18.52","31.52","0.5875634517766497461928934010","18.57"
"2023-06-13T00:00:00.000","17.73","32.01","0.5538894095595126522961574508","16.62"
"2023-06-14T00:00:00.000","18.74","32.4","0.5783950617283950617283950617","17.14"
"2023-06-15T00:00:00.000","18.05","33.58","0.5375223347230494341870160810","18.51"
"2023-06-16T00:00:00.000","17.62","32.75","0.5380152671755725190839694656","19.44"
"2023-06-17T00:00:00.000","16.89","32.62","0.5177805027590435315757204169","18.22"
"2023-06-18T00:00:00.000","17.03","32.25","0.5280620155038759689922480620","18.41"
"2023-06-19T00:00:00.000","20.96","31.91","0.6568473832654340332184268254","24.26"
"2023-06-20T00:00:00.000","20.52","33.27","0.6167718665464382326420198377","25.86"
"2023-06-21T00:00:00.000","21.87","32.81","0.6665650716245047241694605303","25.92"
"2023-06-22T00:00:00.000","20.41","33.18","0.6151295961422543701024713683","23.23"
"2023-06-23T00:00:00.000","23.48","33.45","0.7019431988041853512705530643","28.41"
"2023-06-24T00:00:00.000","23.34","33.19","0.7032238626092196444712262730","29.42"
"2023-06-25T00:00:00.000","23.69","32.58","0.7271332105586249232658072437","30.33"
"2023-06-26T00:00:00.000","27.95","33.24","0.8408543922984356197352587244","34.39"
"2023-06-27T00:00:00.000","27.44","34.24","0.8014018691588785046728971963","28.14"
"2023-06-28T00:00:00.000","30.27","34.81","0.8695777075553002010916403332","32.13"
"2023-06-29T00:00:00.000","28.94","35.12","0.8240318906605922551252847380","30.25"
"2023-06-30T00:00:00.000","27.38","33.72","0.8119810201660735468564650059","31.65"
"2023-07-01T00:00:00.000","26.61","33.21","0.8012646793134598012646793135","30.41"
"2023-07-02T00:00:00.000","25.9","33.81","0.7660455486542443064182194617","31.14"
"2023-07-03T00:00:00.000","29.6","35.21","0.8406702641295086623118432264","34.31"
"2023-07-04T00:00:00.000","24.94","34.03","0.7328827505142521304731119600","27.82"
"2023-07-05T00:00:00.000","22.58","33.79","0.6682450429121041728321988754","23.84"
"2023-07-06T00:00:00.000","21.59","33.78","0.6391355831853167554766133807","20.31"
"2023-07-07T00:00:00.000","23.18","33.72","0.6874258600237247924080664294","24.38"
"2023-07-08T00:00:00.000","21.45","34.55","0.6208393632416787264833574530","21.8"
"2023-07-09T00:00:00.000","22.46","35.35","0.6353606789250353606789250354","22.09"
"2023-07-10T00:00:00.000","26.14","36.28","0.7205071664829106945975744212","30.72"
"2023-07-11T00:00:00.000","28.12","36.6","0.7683060109289617486338797814","33.32"
"2023-07-12T00:00:00.000","30.56","35.14","0.8696642003414911781445645987","36.98"
"2023-07-13T00:00:00.000","30.3","35.07","0.8639863130881094952951240376","33.77"
"2023-07-14T00:00:00.000","31.84","33.92","0.9386792452830188679245283019","36.81"
"2023-07-15T00:00:00.000","30.36","33.92","0.8950471698113207547169811321","34.22"
"2023-07-16T00:00:00.000","29.97","33.95","0.8827687776141384388807069219","34.62"
"2023-07-17T00:00:00.000","34.1","35.78","0.9530463946338736724427054220","38.69"
"2023-07-18T00:00:00.000","31.19","35.52","0.8780968468468468468468468468","34.22"
"2023-07-19T00:00:00.000","31.69","35.2","0.9002840909090909090909090909","35.88"
"2023-07-20T00:00:00.000","26.56","35.68","0.7443946188340807174887892377","26.49"
"2023-07-21T00:00:00.000","26.09","35.19","0.7414038078999715828360329639","26.8"
"2023-07-22T00:00:00.000","27.63","36.08","0.7657982261640798226164079823","32.26"
"2023-07-23T00:00:00.000","28.88","35.38","0.8162803843979649519502543810","36.02"
"2023-07-24T00:00:00.000","31.83","35.01","0.9091688089117395029991431020","39.46"
"2023-07-25T00:00:00.000","29.81","34.52","0.8635573580533024333719582851","35.52"
"2023-07-26T00:00:00.000","30.93","33.96","0.9107773851590106007067137809","35.48"
"2023-07-27T00:00:00.000","28.21","34.24","0.8238901869158878504672897196","30.28"
"2023-07-28T00:00:00.000","27.28","33.05","0.8254160363086232980332829047","31.17"
"2023-07-29T00:00:00.000","26.37","33.05","0.7978819969742813918305597579","29.35"
"2023-07-30T00:00:00.000","27.64","32.06","0.8621334996880848409232688709","32.06"
"2023-07-31T00:00:00.000","28.7","31.98","0.8974358974358974358974358974","33.49"
"2023-08-01T00:00:00.000","22.75","32.96","0.6902305825242718446601941748","24.02"
"2023-08-02T00:00:00.000","23.26","33.73","0.6895938333827453305662614883","25.07"
"2023-08-03T00:00:00.000","20.83","33.43","0.6230930302123840861501645229","23.9"
"2023-08-04T00:00:00.000","22.6","32.26","0.7005579665220086794792312461","26.98"
"2023-08-05T00:00:00.000","22.19","32.87","0.6750836629145117128080316398","27.93"
"2023-08-06T00:00:00.000","22.63","32.56","0.6950245700245700245700245700","27.55"
"2023-08-07T00:00:00.000","24.34","32.95","0.7386949924127465857359635812","28.82"
"2023-08-08T00:00:00.000","22.58","33.14","0.6813518406759203379601689801","26.6"
"2023-08-09T00:00:00.000","24.93","33.17","0.7515827555019596020500452216","30.11"
"2023-08-10T00:00:00.000","24.97","33.38","0.7480527261833433193529059317","29.19"
"2023-08-11T00:00:00.000","27.54","32.79","0.8398902104300091491308325709","32.3"
"2023-08-12T00:00:00.000","26.52","33.94","0.7813789039481437831467295227","30.06"
"2023-08-13T00:00:00.000","25.22","33.96","0.7426383981154299175500588928","29.5"
"2023-08-14T00:00:00.000","28.83","33.59","0.8582911580827627270020839536","33.25"
"2023-08-15T00:00:00.000","27.94","33.24","0.8405535499398315282791817088","30.99"
"2023-08-16T00:00:00.000","30.78","33.12","0.9293478260869565217391304348","34.52"
"2023-08-17T00:00:00.000","29.98","34.13","0.8784060943451508936419572224","32.95"
"2023-08-18T00:00:00.000","31.48","33.38","0.9430796884361893349310964649","35.24"
"2023-08-19T00:00:00.000","29.04","33.52","0.8663484486873508353221957041","32.38"
"2023-08-20T00:00:00.000","28.99","33.29","0.8708320817062180835085611295","32.21"
"2023-08-21T00:00:00.000","31.96","34.1","0.9372434017595307917888563050","36.44"
"2023-08-22T00:00:00.000","30.93","34.19","0.9046504825972506580871599883","33.67"
"2023-08-23T00:00:00.000","32.08","34.23","0.9371895997662868828513000292","37.72"
"2023-08-24T00:00:00.000","29.64","35.24","0.8410896708286038592508513053","34.5"
"2023-08-25T00:00:00.000","26.8","34.05","0.7870778267254038179148311307","29.45"
"2023-08-26T00:00:00.000","22.19","34.48","0.6435614849187935034802784223","22.46"
"2023-08-27T00:00:00.000","21.92","34.39","0.6373945914510031986042454202","24.43"
"2023-08-28T00:00:00.000","23.62","34.84","0.6779563719862227324913892078","25.4"
"2023-08-29T00:00:00.000","23.17","34.27","0.6761015465421651590312226437","26.23"
"2023-08-30T00:00:00.000","25.63","33.68","0.7609857482185273159144893112","31.93"
"2023-08-31T00:00:00.000","25.59","34.04","0.7517626321974148061104582844","32.95"
"2023-09-01T00:00:00.000","29.1","33.96","0.8568904593639575971731448763","38.1"
"2023-09-02T00:00:00.000","26.16","34.59","0.7562879444926279271465741544","34.79"
"2023-09-03T00:00:00.000","24.25","33.93","0.7147067491895078101974653699","32.01"
"2023-09-04T00:00:00.000","26.51","34.11","0.7771914394605687481676927587","34.59"
"2023-09-05T00:00:00.000","25.87","33.86","0.7640283520378027170702894271","33.03"
"2023-09-06T00:00:00.000","30.2","33.1","0.9123867069486404833836858006","33.68"
"2023-09-07T00:00:00.000","26.67","33.27","0.8016230838593327321911632101","29.94"
"2023-09-08T00:00:00.000","30.07","31.64","0.9503792667509481668773704172","32.34"
"2023-09-09T00:00:00.000","27.01","30.77","0.8778030549236269093272668183","28.34"
"2023-09-10T00:00:00.000","23.03","28.79","0.7999305314345258770406391108","23.98"
"2023-09-11T00:00:00.000","24.51","28.99","0.8454639530872714729216971369","24.14"
"2023-09-12T00:00:00.000","24.24","29.03","0.8349982776438167413021012745","25.6"
"2023-09-13T00:00:00.000","25.61","28.75","0.8907826086956521739130434783","28.61"
"2023-09-14T00:00:00.000","22.9","28.99","0.7899275612280096585029320455","24.13"
"2023-09-15T00:00:00.000","22.96","28.97","0.7925440110459095616154642734","23.24"
"2023-09-16T00:00:00.000","22.41","29.32","0.7643246930422919508867667121","23.07"
"2023-09-17T00:00:00.000","23.47","29.18","0.8043180260452364633310486635","24.98"
"2023-09-18T00:00:00.000","26.18","29.91","0.8752925442995653627549314610","31.06"
"2023-09-19T00:00:00.000","24.34","29.72","0.8189771197846567967698519515","27.83"
"2023-09-20T00:00:00.000","25.91","29.31","0.8839986352780620948481746844","31.7"
"2023-09-21T00:00:00.000","24.73","29.17","0.8477888241343846417552279739","29.47"
"2023-09-22T00:00:00.000","27.11","27.93","0.9706408879341210168277837451","31.98"
"2023-09-23T00:00:00.000","25.21","28.25","0.8923893805309734513274336283","29.26"
"2023-09-24T00:00:00.000","24.38","27.68","0.8807803468208092485549132948","28.95"
"2023-09-25T00:00:00.000","27.39","28.07","0.9757748485928037050231563947","31.53"
"2023-09-26T00:00:00.000","25.5","27.82","0.9166067577282530553558590942","27.11"
"2023-09-27T00:00:00.000","26.39","27.21","0.9698640205806688717383314958","29.23"
"2023-09-28T00:00:00.000","25.83","26.61","0.9706877113866967305524239008","27.5"
"2023-09-29T00:00:00.000","26.3","25.43","1.034211561148250098309083759","30.23"
"2023-09-30T00:00:00.000","24.24","25.13","0.9645841623557500994826900119","27.83"
"2023-10-01T00:00:00.000","23.85","23.58","1.011450381679389312977099237","27.48"
"2023-10-02T00:00:00.000","24.6","22.81","1.078474353353792196405085489","28.17"
"2023-10-03T00:00:00.000","21.52","22.5","0.9564444444444444444444444444","21.75"
"2023-10-04T00:00:00.000","22.28","21.67","1.028149515459160129210890632","25.43"
"2023-10-05T00:00:00.000","21.2","21.44","0.9888059701492537313432835821","26.1"
"2023-10-06T00:00:00.000","20.13","20.59","0.9776590577950461389023797960","26.9"
"2023-10-07T00:00:00.000","18.63","20.47","0.9101123595505617977528089888","21.46"
"2023-10-08T00:00:00.000","19.75","19.88","0.9934607645875251509054325956","20.84"
"2023-10-09T00:00:00.000","20.65","18.98","1.087987355110642781875658588","22.06"
"2023-10-10T00:00:00.000","18.99","18.92","1.003699788583509513742071882","20.05"
"2023-10-11T00:00:00.000","18.47","18.23","1.013165112452002194185408667","18.97"
"2023-10-12T00:00:00.000","16.46","18.05","0.9119113573407202216066481994","14.68"
"2023-10-13T00:00:00.000","16.2","17.79","0.9106239460370994940978077572","17.06"
"2023-10-14T00:00:00.000","15.44","17.64","0.8752834467120181405895691610","18.01"
"2023-10-15T00:00:00.000","16.26","17.12","0.9497663551401869158878504673","17.68"
"2023-10-16T00:00:00.000","17.31","17.09","1.012873025160912814511410181","20.06"
"2023-10-17T00:00:00.000","17.14","17.14","1","20.18"
"2023-10-18T00:00:00.000","16.86","16.75","1.006567164179104477611940299","19.98"
"2023-10-19T00:00:00.000","14.32","16.71","0.8569718731298623578695391981","20.01"
"2023-10-20T00:00:00.000","16.56","16.36","1.012224938875305623471882641","19.04"
"2023-10-21T00:00:00.000","15.14","16.11","0.9397889509621353196772191186","18.89"
"2023-10-22T00:00:00.000","15.06","15.8","0.9531645569620253164556962025","17.81"
"2023-10-23T00:00:00.000","15.79","15.44","1.022668393782383419689119171","18.52"
"2023-10-24T00:00:00.000","15","15.66","0.9578544061302681992337164751","16.1"
"2023-10-25T00:00:00.000","14.53","15.45","0.9404530744336569579288025890","15.84"
"2023-10-26T00:00:00.000","13.71","15.51","0.8839458413926499032882011605","14.39"
"2023-10-27T00:00:00.000","13.69","15.62","0.8764404609475032010243277849","14.16"
"2023-10-28T00:00:00.000","13.31","15.15","0.8785478547854785478547854785","13.95"
"2023-10-29T00:00:00.000","13.82","15.24","0.9068241469816272965879265092","15.5"
"2023-10-30T00:00:00.000","13.67","15.04","0.9089095744680851063829787234","14.81"
"2023-10-31T00:00:00.000","13.76","14.62","0.9411764705882352941176470588","14.55"
"2023-11-01T00:00:00.000","13.8","15.04","0.9175531914893617021276595745","14.41"
"2023-11-02T00:00:00.000","13.73","15.08","0.9104774535809018567639257294","15.23"
"2023-11-03T00:00:00.000","13.49","14.9","0.9053691275167785234899328859","14.63"
"2023-11-04T00:00:00.000","13.49","14.78","0.9127198917456021650879566982","14.24"
"2023-11-05T00:00:00.000","14.35","14.61","0.9822039698836413415468856947","15.39"
"2023-11-06T00:00:00.000","13.8","14.88","0.9274193548387096774193548387","14.64"
"2023-11-07T00:00:00.000","13.99","14.54","0.9621733149931224209078404402","15.16"
"2023-11-08T00:00:00.000","14.11","14.44","0.9771468144044321329639889197","15.51"
"2023-11-09T00:00:00.000","13.76","14.69","0.9366916269571136827773995916","15"
"2023-11-10T00:00:00.000","13.28","14.58","0.9108367626886145404663923182","14.93"
"2023-11-11T00:00:00.000","13.02","14.41","0.9035392088827203331020124913","14.39"
"2023-11-12T00:00:00.000","13.7","14.49","0.9454796411318150448585231194","14.86"
"2023-11-13T00:00:00.000","14.39","14.71","0.9782460910944935418082936778","16.06"
"2023-11-14T00:00:00.000","13.73","14.54","0.9442916093535075653370013755","16.62"
"2023-11-15T00:00:00.000","13.69","14.78","0.9262516914749661705006765900","15.11"
"2023-11-16T00:00:00.000","13.93","14.47","0.9626814098134070490670352453","14.57"
"2023-11-17T00:00:00.000","13.44","14.89","0.9026192075218267293485560779","12.72"
"2023-11-18T00:00:00.000","12.94","14.45","0.8955017301038062283737024221","12.85"
"2023-11-19T00:00:00.000","13.37","14.63","0.9138755980861244019138755981","13.85"
"2023-11-20T00:00:00.000","13.6","14.24","0.9550561797752808988764044944","14.33"
"2023-11-21T00:00:00.000","13.1","14.04","0.9330484330484330484330484330","13.79"
"2023-11-22T00:00:00.000","12.48","13.59","0.9183222958057395143487858720","14.42"
"2023-11-23T00:00:00.000","10.63","13.48","0.7885756676557863501483679525","11.61"
"2023-11-24T00:00:00.000","11","12.78","0.8607198748043818466353677621","11.84"
"2023-11-25T00:00:00.000","11.95","13.03","0.9171143514965464313123561013","13.52"
"2023-11-26T00:00:00.000","14.16","13.18","1.074355083459787556904400607","16.3"
"2023-11-27T00:00:00.000","14.43","13.21","1.092354277062831188493565481","16.71"
"2023-11-28T00:00:00.000","14.5","13.38","1.083707025411061285500747384","15.8"
"2023-11-29T00:00:00.000","14.71","13.62","1.080029368575624082232011747","15.58"
"2023-11-30T00:00:00.000","14.16","13.92","1.017241379310344827586206897","15.12"
"2023-12-01T00:00:00.000","13.68","14.02","0.9757489300998573466476462197","13.96"
"2023-12-02T00:00:00.000","13.42","14.17","0.9470712773465067043048694425","13.6"
"2023-12-03T00:00:00.000","13.83","13.97","0.9899785254115962777380100215","13.73"
"2023-12-04T00:00:00.000","14.53","14.14","1.027581329561527581329561528","15.16"
"2023-12-05T00:00:00.000","13.87","14.16","0.9795197740112994350282485876","14.48"
"2023-12-06T00:00:00.000","14.31","13.67","1.046817849305047549378200439","15.25"
"2023-12-07T00:00:00.000","14.07","14.1","0.9978723404255319148936170213","15.1"
"2023-12-08T00:00:00.000","13.53","14.27","0.9481429572529782761037140855","14.47"
"2023-12-09T00:00:00.000","13.72","14.27","0.9614576033637000700770847933","15.77"
"2023-12-10T00:00:00.000","14.71","14.19","1.036645525017618040873854827","16.44"
"2023-12-11T00:00:00.000","14.13","14.06","1.004978662873399715504978663","15.87"
"2023-12-12T00:00:00.000","14.17","14.24","0.9950842696629213483146067416","15.61"
"2023-12-13T00:00:00.000","14.88","14.21","1.047149894440534834623504574","16.03"
"2023-12-14T00:00:00.000","14.35","14.05","1.021352313167259786476868327","15.76"
"2023-12-15T00:00:00.000","14.48","14.2","1.019718309859154929577464789","15.72"
"2023-12-16T00:00:00.000","14.16","14.21","0.9964813511611541168191414497","16.03"
"2023-12-17T00:00:00.000","14.15","13.92","1.016522988505747126436781609","15.69"
"2023-12-18T00:00:00.000","14.63","13.91","1.051761322789360172537742631","15.79"
"2023-12-19T00:00:00.000","14.29","13.74","1.040029112081513828238719068","15.45"
"2023-12-20T00:00:00.000","14.15","13.89","1.018718502519798416126709863","15.06"
"2023-12-21T00:00:00.000","14.11","13.77","1.024691358024691358024691358","15.19"
"2023-12-22T00:00:00.000","13.37","13.36","1.000748502994011976047904192","14.69"
"2023-12-23T00:00:00.000","12.06","13.12","0.9192073170731707317073170732","13.15"
"2023-12-24T00:00:00.000","11.8","11.96","0.9866220735785953177257525084","13.04"
"2023-12-25T00:00:00.000","10.85","10.22","1.061643835616438356164383562","11.07"
"2023-12-26T00:00:00.000","11.95","12.3","0.9715447154471544715447154472","11.93"
"2023-12-27T00:00:00.000","12.47","13.02","0.9577572964669738863287250384","12.17"
"2023-12-28T00:00:00.000","13.62","13.29","1.024830699774266365688487585","13.97"
"2023-12-29T00:00:00.000","13.3","13.27","1.002260738507912584777694047","14.8"
"2023-12-30T00:00:00.000","13.01","13.22","0.9841149773071104387291981846","14.38"
"2023-12-31T00:00:00.000","12.48","12.81","0.9742388758782201405152224824","13.32"
"2024-01-01T00:00:00.000","12.5","12.38","1.009693053311793214862681745","12.99"
"2024-01-02T00:00:00.000","14.03","13.56","1.034660766961651917404129794","14.52"
"2024-01-03T00:00:00.000","19.22","13.97","1.375805297065139584824624195","19.82"
"2024-01-04T00:00:00.000","14.19","14.06","1.009246088193456614509246088","14.76"
"2024-01-05T00:00:00.000","14.09","14.28","0.9866946778711484593837535014","15.24"
"2024-01-06T00:00:00.000","13.55","14.06","0.9637268847795163584637268848","14.72"
"2024-01-07T00:00:00.000","13.61","13.92","0.9777298850574712643678160920","14.74"
"2024-01-08T00:00:00.000","13.85","13.95","0.9928315412186379928315412186","15.17"
"2024-01-09T00:00:00.000","13.89","13.99","0.9928520371694067190850607577","14.99"
"2024-01-10T00:00:00.000","14.15","14.17","0.9985885673959068454481298518","14.79"
"2024-01-11T00:00:00.000","14.58","13.88","1.050432276657060518731988473","15.39"
"2024-01-12T00:00:00.000","14.7","13.69","1.073776479181884587289992695","15.27"
"2024-01-13T00:00:00.000","14.58","14.08","1.035511363636363636363636364","16.32"
"2024-01-14T00:00:00.000","14.41","14.13","1.019815994338287331917905166","15.45"
"2024-01-15T00:00:00.000","15.43","14.06","1.097439544807965860597439545","16.2"
"2024-01-16T00:00:00.000","16.24","14.19","1.144467935165609584214235377","17.4"
"2024-01-17T00:00:00.000","15.75","14.17","1.111503175723359209597741708","15.23"
"2024-01-18T00:00:00.000","15.77","14.3","1.102797202797202797202797203","16.92"
"2024-01-19T00:00:00.000","15.29","14.2","1.076760563380281690140845070","16.67"
"2024-01-20T00:00:00.000","14.79","14.28","1.035714285714285714285714286","16.56"
"2024-01-21T00:00:00.000","15.64","14.22","1.099859353023909985935302391","17"
"2024-01-22T00:00:00.000","16.06","14.42","1.113730929264909847434119279","15.83"
"2024-01-23T00:00:00.000","18.81","14.43","1.303534303534303534303534304","20.47"
"2024-01-24T00:00:00.000","16.23","14.3","1.134965034965034965034965035","18.79"
"2024-01-25T00:00:00.000","11.88","14.55","0.8164948453608247422680412371","21.2"
"2024-01-26T00:00:00.000","15.18","14.53","1.044735030970406056434962147","17.39"
"2024-01-27T00:00:00.000","14.99","14.59","1.027416038382453735435229609","16.03"
"2024-01-28T00:00:00.000","15.3","14.47","1.057360055286800276434001382","16.79"
"2024-01-29T00:00:00.000","15.52","14.68","1.057220708446866485013623978","17.31"
"2024-01-30T00:00:00.000","15.37","14.4","1.067361111111111111111111111","17.94"
"2024-01-31T00:00:00.000","15.26","14.44","1.056786703601108033240997230","16.8"
"2024-02-01T00:00:00.000","15","14.38","1.043115438108484005563282337","17.01"
"2024-02-02T00:00:00.000","14.87","14.16","1.050141242937853107344632768","16.25"
"2024-02-03T00:00:00.000","14.29","14.23","1.004216444132115249472944483","15.78"
"2024-02-04T00:00:00.000","14.89","13.94","1.068149210903873744619799139","17.47"
"2024-02-05T00:00:00.000","14.6","14.24","1.025280898876404494382022472","16.56"
"2024-02-06T00:00:00.000","14.55","14.5","1.003448275862068965517241379","15.99"
"2024-02-07T00:00:00.000","14.55","14.25","1.021052631578947368421052632","15.43"
"2024-02-08T00:00:00.000","14.58","14.3","1.019580419580419580419580420","15.18"
"2024-02-09T00:00:00.000","14.4","14.44","0.9972299168975069252077562327","15"
"2024-02-10T00:00:00.000","14.62","14.33","1.020237264480111653872993719","15.21"
"2024-02-11T00:00:00.000","14.74","14.32","1.029329608938547486033519553","15.43"
"2024-02-12T00:00:00.000","15.49","14.19","1.091613812544045102184637068","15.85"
"2024-02-13T00:00:00.000","14.92","14.38","1.037552155771905424200278164","15.32"
"2024-02-14T00:00:00.000","15.01","14.33","1.047452896022330774598743894","15.78"
"2024-02-15T00:00:00.000","15.33","14.48","1.058701657458563535911602210","15.88"
"2024-02-16T00:00:00.000","14.53","14.36","1.011838440111420612813370474","14.93"
"2024-02-17T00:00:00.000","14.58","14.41","1.011797362942401110340041638","14.87"
"2024-02-18T00:00:00.000","14.41","14.28","1.009103641456582633053221289","15.06"
"2024-02-19T00:00:00.000","14.91","14.12","1.055949008498583569405099150","15.91"
"2024-02-20T00:00:00.000","15.53","14.31","1.085255066387141858839972048","15.99"
"2024-02-21T00:00:00.000","15.06","14.3","1.053146853146853146853146853","15.72"
"2024-02-22T00:00:00.000","15.14","14.32","1.057262569832402234636871508","15.4"
"2024-02-23T00:00:00.000","15","14.14","1.060820367751060820367751061","15.26"
"2024-02-24T00:00:00.000","14.76","14.11","1.046066619418851878100637845","15.82"
"2024-02-25T00:00:00.000","15.33","14.18","1.081100141043723554301833568","16.51"
"2024-02-26T00:00:00.000","15.04","14.18","1.060648801128349788434414669","15.17"
"2024-02-27T00:00:00.000","14.89","14.15","1.052296819787985865724381625","15.42"
"2024-02-28T00:00:00.000","14.52","14.31","1.014675052410901467505241090","15.36"
"2024-02-29T00:00:00.000","14.65","14.3","1.024475524475524475524475524","14.81"
"2024-03-01T00:00:00.000","14.51","14.35","1.011149825783972125435540070","15.33"
"2024-03-02T00:00:00.000","14.63","14.47","1.011057360055286800276434001","15.38"
"2024-03-03T00:00:00.000","15.02","14.24","1.054775280898876404494382022","15.69"
"2024-03-04T00:00:00.000","14.46","14.55","0.9938144329896907216494845361","14.91"
"2024-03-05T00:00:00.000","14.43","14.38","1.003477051460361613351877608","15.19"
"2024-03-06T00:00:00.000","14.9","14.45","1.031141868512110726643598616","15.34"
"2024-03-07T00:00:00.000","14.66","14.57","1.006177076183939601921757035","15.09"
"2024-03-08T00:00:00.000","14.34","14.72","0.9741847826086956521739130435","15.12"
"2024-03-09T00:00:00.000","13.65","14.41","0.9472588480222068008327550312","14.19"
"2024-03-10T00:00:00.000","12.99","14.32","0.9071229050279329608938547486","14.14"
"2024-03-11T00:00:00.000","13.83","13.94","0.9921090387374461979913916786","15.49"
"2024-03-12T00:00:00.000","14.26","14.01","1.017844396859386152748037116","15.3"
"2024-03-13T00:00:00.000","13.93","13.93","1","15.29"
"2024-03-14T00:00:00.000","13.84","13.83","1.000723065798987707881417209","15.2"
"2024-03-15T00:00:00.000","13.19","13.72","0.9613702623906705539358600583","14.08"
"2024-03-16T00:00:00.000","13.46","13.59","0.9904341427520235467255334805","15.13"
"2024-03-17T00:00:00.000","14.37","13.84","1.038294797687861271676300578","15.56"
"2024-03-18T00:00:00.000","14.56","14.09","1.033356990773598296664300923","16.28"
"2024-03-19T00:00:00.000","14.79","14.14","1.045968882602545968882602546","16.68"
"2024-03-20T00:00:00.000","14.91","14.21","1.049261083743842364532019704","16.39"
"2024-03-21T00:00:00.000","14.98","14.32","1.046089385474860335195530726","16.12"
"2024-03-22T00:00:00.000","14.65","14.14","1.036067892503536067892503536","16.42"
"2024-03-23T00:00:00.000","14.46","14.27","1.013314646110721793973370708","15.8"
"2024-03-24T00:00:00.000","14.45","14.48","0.9979281767955801104972375691","16"
"2024-03-25T00:00:00.000","14.77","14.33","1.030704815073272854152128402","16.35"
"2024-03-26T00:00:00.000","14.82","14.4","1.029166666666666666666666667","16.36"
"2024-03-27T00:00:00.000","15.06","14.59","1.032213845099383139136394791","16.42"
"2024-03-28T00:00:00.000","14.71","14.54","1.011691884456671251719394773","16.43"
"2024-03-29T00:00:00.000","13.91","14.65","0.9494880546075085324232081911","15.18"
"2024-03-30T00:00:00.000","14.3","14.62","0.9781121751025991792065663475","15.69"
"2024-03-31T00:00:00.000","14.49","14.54","0.9965612104539202200825309491","16.41"
"2024-04-01T00:00:00.000","14.76","14.51","1.017229496898690558235699518","16.19"
"2024-04-02T00:00:00.000","14.92","14.95","0.9979933110367892976588628763","16.61"
"2024-04-03T00:00:00.000","15.06","15.36","0.98046875","17.25"
"2024-04-04T00:00:00.000","15.83","15.63","1.012795905310300703774792067","17.5"
"2024-04-05T00:00:00.000","14.94","15.34","0.9739243807040417209908735332","15.94"
"2024-04-06T00:00:00.000","15.11","15.59","0.9692110327132777421423989737","17.97"
"2024-04-07T00:00:00.000","13.28","15.78","0.8415716096324461343472750317","16.08"
"2024-04-08T00:00:00.000","15.07","15.52","0.9710051546391752577319587629","16.26"
"2024-04-09T00:00:00.000","15.99","15.75","1.015238095238095238095238095","16.51"
"2024-04-10T00:00:00.000","15.07","15.97","0.9436443331246086412022542267","16.33"
"2024-04-11T00:00:00.000","16.41","15.79","1.039265357821405953134895503","15.31"
"2024-04-12T00:00:00.000","16.19","15.87","1.020163831127914303717706364","16.03"
"2024-04-13T00:00:00.000","16.22","15.93","1.018204645323289391086001255","16.69"
"2024-04-14T00:00:00.000","16.66","15.73","1.059122695486331849968213605","17.61"
"2024-04-15T00:00:00.000","15.86","15.64","1.014066496163682864450127877","16.21"
"2024-04-16T00:00:00.000","15.25","15.74","0.9688691232528589580686149936","15.32"
"2024-04-17T00:00:00.000","16.83","16.22","1.037607891491985203452527744","11.94"
"2024-04-18T00:00:00.000","14.77","16.29","0.9066912216083486801718845918","6.96"
"2024-04-19T00:00:00.000","14.96","15.98","0.9361702127659574468085106383","14.99"
"2024-04-20T00:00:00.000","14.04","16.05","0.8747663551401869158878504673","14.17"
"2024-04-21T00:00:00.000","15.05","16.09","0.9353635798632691112492231200","15.5"
"2024-04-22T00:00:00.000","15.71","16.41","0.9573430834856794637416209628","15.97"
"2024-04-23T00:00:00.000","15.47","16.88","0.9164691943127962085308056872","16.34"
"2024-04-24T00:00:00.000","16.13","16.86","0.9567022538552787663107947805","17.59"
"2024-04-25T00:00:00.000","15.67","16.76","0.9349642004773269689737470167","17.56"
"2024-04-26T00:00:00.000","15.3","17.05","0.8973607038123167155425219941","17.66"
"2024-04-27T00:00:00.000","14.46","17.16","0.8426573426573426573426573427","16.26"
"2024-04-28T00:00:00.000","14.8","17.06","0.8675263774912075029308323564","17.09"
"2024-04-29T00:00:00.000","15.69","17.27","0.9085118702953097857556456283","19.01"
"2024-04-30T00:00:00.000","15.77","17.69","0.8914641040135669869983041266","18.67"
"2024-05-01T00:00:00.000","15.93","17.89","0.8904415874790385690329793181","18.91"
"2024-05-02T00:00:00.000","16.29","18.3","0.8901639344262295081967213115","19.37"
"2024-05-03T00:00:00.000","16.44","19.04","0.8634453781512605042016806723","18.76"
"2024-05-04T00:00:00.000","16.87","19.11","0.8827838827838827838827838828","18.89"
"2024-05-05T00:00:00.000","17.42","19.17","0.9087115284298382889932185707","21.87"
"2024-05-06T00:00:00.000","17.03","19.06","0.8934942287513116474291710388","20.76"
"2024-05-07T00:00:00.000","17","19.02","0.8937960042060988433228180862","18.9"
"2024-05-08T00:00:00.000","18.1","18.6","0.9731182795698924731182795699","23.77"
"2024-05-09T00:00:00.000","17.26","18.21","0.9478308621636463481603514552","22.44"
"2024-05-10T00:00:00.000","17.76","17.67","1.005093378607809847198641766","20.22"
"2024-05-11T00:00:00.000","18.17","18.15","1.001101928374655647382920110","19.38"
"2024-05-12T00:00:00.000","18.06","18.46","0.9783315276273022751895991333","20.13"
"2024-05-13T00:00:00.000","19.14","18.47","1.036275040606388738494856524","20.61"
"2024-05-14T00:00:00.000","20.42","19.14","1.066875653082549634273772205","22.88"
"2024-05-15T00:00:00.000","18.77","19.1","0.9827225130890052356020942408","21.46"
"2024-05-16T00:00:00.000","20.63","19.28","1.070020746887966804979253112","24.31"
"2024-05-17T00:00:00.000","23.06","19.26","1.197300103842159916926272066","28.95"
"2024-05-18T00:00:00.000","22.71","19.17","1.184663536776212832550860720","27.77"
"2024-05-19T00:00:00.000","22.07","19.07","1.157315154693235448348190876","26.5"
"2024-05-20T00:00:00.000","24.25","20.22","1.199307616221562809099901088","26.36"
"2024-05-21T00:00:00.000","20.5","20.36","1.006876227897838899803536346","21.02"
"2024-05-22T00:00:00.000","23.2","20.2","1.148514851485148514851485149","24.96"
"2024-05-23T00:00:00.000","23.66","20.25","1.168395061728395061728395062","25.16"
"2024-05-24T00:00:00.000","25.75","20.94","1.229703915950334288443170965","29.19"
"2024-05-25T00:00:00.000","24.16","21.39","1.129499766245909303412809724","28.09"
"2024-05-26T00:00:00.000","23.2","21.15","1.096926713947990543735224586","26.1"
"2024-05-27T00:00:00.000","27.34","21.92","1.247262773722627737226277372","32.01"
"2024-05-28T00:00:00.000","26.83","21.84","1.228479853479853479853479853","29.98"
"2024-05-29T00:00:00.000","27.72","21.7","1.277419354838709677419354839","29.48"
"2024-05-30T00:00:00.000","26.93","22.58","1.192648361381753764393268379","30.73"
"2024-05-31T00:00:00.000","27.75","23.5","1.180851063829787234042553191","32.08"
"2024-06-01T00:00:00.000","29.44","24.51","1.201142390860873113015095879","33.51"
"2024-06-02T00:00:00.000","28.16","24.83","1.134111961337092227144583166","32.38"
"2024-06-03T00:00:00.000","31.92","26.15","1.220650095602294455066921606","37.69"
"2024-06-04T00:00:00.000","30.02","26.66","1.126031507876969242310577644","33.89"
"2024-06-05T00:00:00.000","33.34","26.39","1.263357332322849564228874574","38.7"
"2024-06-06T00:00:00.000","31.86","26.71","1.192811681018345189067764882","36.29"
"2024-06-07T00:00:00.000","33.42","27.61","1.210431003259688518652662079","39.24"
"2024-06-08T00:00:00.000","29.2","28.16","1.036931818181818181818181818","32.41"
"2024-06-09T00:00:00.000","26.39","28.88","0.9137811634349030470914127424","27.61"
"2024-06-10T00:00:00.000","30.58","29.29","1.044042335268009559576647320","33.98"
"2024-06-11T00:00:00.000","30.38","29.84","1.018096514745308310991957105","34.45"
"2024-06-12T00:00:00.000","34.4","29.77","1.155525697010413167618407793","39.81"
"2024-06-13T00:00:00.000","33.45","30.74","1.088158750813272608978529603","38.93"
"2024-06-14T00:00:00.000","31.12","31.57","0.9857459613557174532784288882","34.62"
"2024-06-15T00:00:00.000","31.23","30.77","1.014949626259343516412089698","35.12"
"2024-06-16T00:00:00.000","31.67","30.26","1.046596166556510244547257105","36.58"
"2024-06-17T00:00:00.000","34.98","30.22","1.157511581733951025810721377","41.07"
"2024-06-18T00:00:00.000","31.83","30.39","1.047384007897334649555774926","37.25"
"2024-06-19T00:00:00.000","33.53","31.32","1.070561941251596424010217114","38.9"
"2024-06-20T00:00:00.000","32.76","31.17","1.051010587102983638113570741","35.81"
"2024-06-21T00:00:00.000","35.18","31.19","1.127925617184995190766271241","39.84"
"2024-06-22T00:00:00.000","34.15","31.89","1.070868610849796174349325807","38.5"
"2024-06-23T00:00:00.000","34.41","31.47","1.093422306959008579599618684","39.04"
"2024-06-24T00:00:00.000","35.44","31.18","1.136626042334830019243104554","39.2"
"2024-06-25T00:00:00.000","33.71","32.51","1.036911719470932020916641034","37.18"
"2024-06-26T00:00:00.000","35.79","33","1.084545454545454545454545455","39.52"
"2024-06-27T00:00:00.000","32.5","33.86","0.9598346131128174837566450089","36.17"
"2024-06-28T00:00:00.000","35.31","33.97","1.039446570503385340005887548","40.06"
"2024-06-29T00:00:00.000","33.5","33.01","1.014843986670705846713117237","36.67"
"2024-06-30T00:00:00.000","30.48","32.63","0.9341097149862090101133925835","32.18"
"2024-07-01T00:00:00.000","32.91","33.48","0.9829749103942652329749103943","36.5"
"2024-07-02T00:00:00.000","31.64","35.03","0.9032258064516129032258064516","33.48"
"2024-07-03T00:00:00.000","34.96","32.99","1.059715065171264019399818127","40.79"
"2024-07-04T00:00:00.000","31.61","32.89","0.9610823958650045606567345698","36.59"
"2024-07-05T00:00:00.000","33.81","32.66","1.035211267605633802816901408","40.3"
"2024-07-06T00:00:00.000","33.36","32.96","1.012135922330097087378640777","39.54"
"2024-07-07T00:00:00.000","31.93","33.1","0.9646525679758308157099697885","36.94"
"2024-07-08T00:00:00.000","36.08","34.14","1.056824838898652606912712361","41.95"
"2024-07-09T00:00:00.000","33.38","35.44","0.9418735891647855530474040632","45.89"
"2024-07-10T00:00:00.000","36.55","35.58","1.027262507026419336706014615","45.98"
"2024-07-11T00:00:00.000","36.76","34.77","1.057233247052056370434282427","40.06"
"2024-07-12T00:00:00.000","39.34","34.38","1.144269924374636416521233275","43.21"
"2024-07-13T00:00:00.000","36.94","33.64","1.098097502972651605231866825","40.47"
"2024-07-14T00:00:00.000","33.54","33.23","1.009328919650917845320493530","35.73"
"2024-07-15T00:00:00.000","36.3","33.66","1.078431372549019607843137255","36.97"
"2024-07-16T00:00:00.000","34","35.8","0.9497206703910614525139664804","36.16"
"2024-07-17T00:00:00.000","36.45","34.88","1.045011467889908256880733945","43.72"
"2024-07-18T00:00:00.000","34.8","34.67","1.003749639457744447649264494","42.09"
"2024-07-19T00:00:00.000","35.21","34.65","1.016161616161616161616161616","42.07"
"2024-07-20T00:00:00.000","31.46","34.38","0.9150668993600930773705642816","36.45"
"2024-07-21T00:00:00.000","27.65","35.06","0.7886480319452367370222475756","29.21"
"2024-07-22T00:00:00.000","32.51","34.94","0.9304522037779049799656554093","37.97"
"2024-07-23T00:00:00.000","32.49","35.43","0.9170194750211685012701100762","37.76"
"2024-07-24T00:00:00.000","35.01","34.19","1.023983620941795846738812518","41.11"
"2024-07-25T00:00:00.000","34.57","33.95","1.018262150220913107511045655","39.1"
"2024-07-26T00:00:00.000","35.68","33.6","1.061904761904761904761904762","40.3"
"2024-07-27T00:00:00.000","32.27","33.11","0.9746300211416490486257928118","36.34"
"2024-07-28T00:00:00.000","31.47","33.02","0.9530587522713506965475469412","34.97"
"2024-07-29T00:00:00.000","36.53","32.07","1.139070782662924851886498285","42.25"
"2024-07-30T00:00:00.000","33.61","32.05","1.048673946957878315132605304","39.72"
"2024-07-31T00:00:00.000","36.54","32.07","1.139382600561272217025257250","42.48"
"2024-08-01T00:00:00.000","34.73","33.06","1.050514216575922565033272837","39.12"
"2024-08-02T00:00:00.000","36.41","32.25","1.128992248062015503875968992","43.15"
"2024-08-03T00:00:00.000","35.1","31.53","1.113225499524262607040913416","41.39"
"2024-08-04T00:00:00.000","34.04","31.81","1.070103740961961647280729330","38.01"
"2024-08-05T00:00:00.000","36.46","31.65","1.151974723538704581358609795","43.07"
"2024-08-06T00:00:00.000","33.7","32.36","1.041409147095179233621755253","41.33"
"2024-08-07T00:00:00.000","33.23","32.16","1.033271144278606965174129353","38.3"
"2024-08-08T00:00:00.000","27.63","32.51","0.8498923408182097816056597970","26.55"
"2024-08-09T00:00:00.000","25.75","32.47","0.7930397289805974745919310132","27.09"
"2024-08-10T00:00:00.000","23.79","32.3","0.7365325077399380804953560372","25.67"
"2024-08-11T00:00:00.000","24.14","33.02","0.7310720775287704421562689279","28.42"
"2024-08-12T00:00:00.000","28.24","33.32","0.8475390156062424969987995198","34.32"
"2024-08-13T00:00:00.000","25.88","33.63","0.7695509961344038061254831995","28.81"
"2024-08-14T00:00:00.000","25.7","33","0.7787878787878787878787878788","27.69"
"2024-08-15T00:00:00.000","25.55","33.5","0.7626865671641791044776119403","28.3"
"2024-08-16T00:00:00.000","28.05","34.05","0.8237885462555066079295154185","33.04"
"2024-08-17T00:00:00.000","28.54","33.55","0.8506706408345752608047690015","34.75"
"2024-08-18T00:00:00.000","29.57","33.05","0.8947049924357034795763993949","37.99"
"2024-08-19T00:00:00.000","31.83","33.01","0.9642532565889124507724931839","39.4"
"2024-08-20T00:00:00.000","29.35","34.29","0.8559346748323126275882181394","33.3"
"2024-08-21T00:00:00.000","32.03","33.83","0.9467927874667454921667159326","38.37"
"2024-08-22T00:00:00.000","30.3","34.34","0.8823529411764705882352941176","34.49"
"2024-08-23T00:00:00.000","31.9","34.74","0.9182498560736902705814622913","35.7"
"2024-08-24T00:00:00.000","29.65","33.73","0.8790394307737918766676549066","32.97"
"2024-08-25T00:00:00.000","29.78","33.33","0.8934893489348934893489348935","33.01"
"2024-08-26T00:00:00.000","31.38","33.36","0.9406474820143884892086330935","35.15"
"2024-08-27T00:00:00.000","29.79","34.03","0.8754040552453717308257419924","33.43"
"2024-08-28T00:00:00.000","32.16","33.11","0.9713077620054364240410752039","39.47"
"2024-08-29T00:00:00.000","31.15","33.04","0.9427966101694915254237288136","35.98"
"2024-08-30T00:00:00.000","32.13","33.29","0.9651547011114448783418443977","39.12"
"2024-08-31T00:00:00.000","29.46","33.62","0.8762641284949434860202260559","36.02"
"2024-09-01T00:00:00.000","28.61","33.76","0.8474526066350710900473933649","33.3"
"2024-09-02T00:00:00.000","31.8","33.19","0.9581199156372401325700512202","38.33"
"2024-09-03T00:00:00.000","30.04","33.76","0.8898104265402843601895734597","34.89"
"2024-09-04T00:00:00.000","30.44","32.95","0.9238239757207890743550834598","34.36"
"2024-09-05T00:00:00.000","28.68","32.82","0.8738574040219378427787934186","28.2"
"2024-09-06T00:00:00.000","31.67","32.52","0.9738622386223862238622386224","35.24"
"2024-09-07T00:00:00.000","29.55","31.44","0.9398854961832061068702290076","33.73"
"2024-09-08T00:00:00.000","29.59","30.26","0.9778585591539986781229345671","35.41"
"2024-09-09T00:00:00.000","30.97","28.61","1.082488640335547011534428521","38.14"
"2024-09-10T00:00:00.000","28.54","28.92","0.9868603042876901798063623790","35.34"
"2024-09-11T00:00:00.000","30.56","28.51","1.071904594878989828130480533","38.05"
"2024-09-12T00:00:00.000","28.78","28.39","1.013737231419513913349771046","34.51"
"2024-09-13T00:00:00.000","31.91","28.33","1.126367807977409106953759266","38.24"
"2024-09-14T00:00:00.000","29.14","28.5","1.022456140350877192982456140","33.73"
"2024-09-15T00:00:00.000","29.2","28.46","1.026001405481377371749824315","32.44"
"2024-09-16T00:00:00.000","30.76","28.89","1.064728279681550709588092766","35.65"
"2024-09-17T00:00:00.000","27.02","29.62","0.9122214719783929777177582714","30.07"
"2024-09-18T00:00:00.000","29.66","29.06","1.020646937370956641431520991","33.39"
"2024-09-19T00:00:00.000","28","29.12","0.9615384615384615384615384615","32.47"
"2024-09-20T00:00:00.000","29.97","29.01","1.033092037228541882109617373","35.73"
"2024-09-21T00:00:00.000","26.51","28.51","0.9298491757278148018239214311","32.04"
"2024-09-22T00:00:00.000","23.57","28.32","0.8322740112994350282485875706","27.27"
"2024-09-23T00:00:00.000","26.85","27.77","0.9668707238026647461289160965","29.69"
"2024-09-24T00:00:00.000","26.03","28.43","0.9155821315511783327470981358","30.3"
"2024-09-25T00:00:00.000","27.9","27.63","1.009771986970684039087947883","32.97"
"2024-09-26T00:00:00.000","26.26","27.33","0.9608488840102451518477863154","30.58"
"2024-09-27T00:00:00.000","28.75","26.49","1.085315213288033220083050208","34.12"
"2024-09-28T00:00:00.000","26.01","25.5","1.02","30.77"
"2024-09-29T00:00:00.000","26.5","25.05","1.057884231536926147704590818","30.99"
"2024-09-30T00:00:00.000","28.87","23.7","1.218143459915611814345991561","33.68"
"2024-10-01T00:00:00.000","25.58","23.14","1.105445116681071737251512532","30.49"
"2024-10-02T00:00:00.000","26.73","22.14","1.207317073170731707317073171","31.2"
"2024-10-03T00:00:00.000","24.74","21.75","1.137471264367816091954022989","28.32"
"2024-10-04T00:00:00.000","25.01","21.31","1.173627404974190520882214923","28.49"
"2024-10-05T00:00:00.000","23.54","20.42","1.152791380999020568070519099","26.41"
"2024-10-06T00:00:00.000","23.11","20.13","1.148037754595131644311972181","24.77"
"2024-10-07T00:00:00.000","24.63","19.9","1.237688442211055276381909548","29.79"
"2024-10-08T00:00:00.000","22.15","19.05","1.162729658792650918635170604","25.75"
"2024-10-09T00:00:00.000","23.74","18.64","1.273605150214592274678111588","29.21"
"2024-10-10T00:00:00.000","22.26","18.07","1.231876037631433314886552297","26.44"
"2024-10-11T00:00:00.000","22.61","17.69","1.278123233465234595816845676","27.77"
"2024-10-12T00:00:00.000","20.64","17.44","1.183486238532110091743119266","24.83"
"2024-10-13T00:00:00.000","20.05","17.09","1.173200702165008777062609713","23.43"
"2024-10-14T00:00:00.000","21.15","16.8","1.258928571428571428571428571","24.88"
"2024-10-15T00:00:00.000","19.2","16.96","1.132075471698113207547169811","22.51"
"2024-10-16T00:00:00.000","18.67","16.94","1.102125147579693034238488784","20.71"
"2024-10-17T00:00:00.000","18.38","16.6","1.107228915662650602409638554","20.78"
"2024-10-18T00:00:00.000","17.26","16.6","1.039759036144578313253012048","20.65"
"2024-10-19T00:00:00.000","16.36","16.21","1.009253547193090684762492289","18.71"
"2024-10-20T00:00:00.000","16.83","15.72","1.070610687022900763358778626","20.43"
"2024-10-21T00:00:00.000","17.55","15.61","1.124279308135810377962844331","21.68"
"2024-10-22T00:00:00.000","16.99","15.43","1.101101749837977965003240441","20.36"
"2024-10-23T00:00:00.000","16.51","15.48","1.066537467700258397932816537","20.97"
"2024-10-24T00:00:00.000","16.53","15.24","1.084645669291338582677165354","21.18"
"2024-10-25T00:00:00.000","16.17","15.23","1.061720288903479973736047275","17.81"
"2024-10-26T00:00:00.000","15.76","15.45","1.020064724919093851132686084","16.06"
"2024-10-27T00:00:00.000","15.83","14.87","1.064559515803631472763954270","19.45"
"2024-10-28T00:00:00.000","17.71","15.04","1.177526595744680851063829787","19.51"
"2024-10-29T00:00:00.000","17.09","14.9","1.146979865771812080536912752","17.85"
"2024-10-30T00:00:00.000","15.42","14.42","1.069348127600554785020804438","15.01"
"2024-10-31T00:00:00.000","8.95","15","0.5966666666666666666666666667","13.55"
"2024-11-01T00:00:00.000","13.75","15.15","0.9075907590759075907590759076","12.87"
"2024-11-02T00:00:00.000","13.01","15.05","0.8644518272425249169435215947","13.93"
"2024-11-03T00:00:00.000","14.63","14.85","0.9851851851851851851851851852","14.34"
"2024-11-04T00:00:00.000","12.61","14.96","0.8429144385026737967914438503","13.09"
"2024-11-05T00:00:00.000","14.18","15","0.9453333333333333333333333333","15.15"
"2024-11-06T00:00:00.000","14.16","14.72","0.9619565217391304347826086957","14.56"
"2024-11-07T00:00:00.000","13.86","14.62","0.9480164158686730506155950752","15.13"
"2024-11-08T00:00:00.000","13.53","14.84","0.9117250673854447439353099730","14.52"
"2024-11-09T00:00:00.000","12.57","14.67","0.8568507157464212678936605317","13.72"
"2024-11-10T00:00:00.000","12.46","14.4","0.8652777777777777777777777778","14.13"
"2024-11-11T00:00:00.000","12.95","14.63","0.8851674641148325358851674641","14.36"
"2024-11-12T00:00:00.000","13.92","14.97","0.9298597194388777555110220441","14.86"
"2024-11-13T00:00:00.000","14.15","14.61","0.9685147159479808350444900753","16.47"
"2024-11-14T00:00:00.000","13.78","14.89","0.9254533243787777031564808596","17.75"
"2024-11-15T00:00:00.000","13.68","14.57","0.9389155799588194921070693205","16.39"
"2024-11-16T00:00:00.000","13.26","14.96","0.8863636363636363636363636364","14.73"
"2024-11-17T00:00:00.000","13.73","14.43","0.9514899514899514899514899515","14.7"
"2024-11-18T00:00:00.000","13.75","14.71","0.9347382732834806254248810333","15.11"
"2024-11-19T00:00:00.000","13.56","14.47","0.9371112646855563234277816171","14.54"
"2024-11-20T00:00:00.000","14.15","14.14","1.000707213578500707213578501","15.88"
"2024-11-21T00:00:00.000","14.08","13.56","1.038348082595870206489675516","15.55"
"2024-11-22T00:00:00.000","14.1","13.27","1.062547098718914845516201959","15.82"
"2024-11-23T00:00:00.000","13.42","12.9","1.040310077519379844961240310","17.06"
"2024-11-24T00:00:00.000","13.05","13.13","0.9939070830159939070830159939","16.27"
"2024-11-25T00:00:00.000","12.62","13.38","0.9431988041853512705530642750","14.46"
"2024-11-26T00:00:00.000","12.8","13.44","0.9523809523809523809523809524","14.2"
"2024-11-27T00:00:00.000","11.94","13.58","0.8792341678939617083946980854","13.28"
"2024-11-28T00:00:00.000","10.46","13.88","0.7536023054755043227665706052","12.04"
"2024-11-29T00:00:00.000","10.6","14.1","0.7517730496453900709219858156","11.69"
"2024-11-30T00:00:00.000","11.51","14.25","0.8077192982456140350877192982","12.96"
"2024-12-01T00:00:00.000","12.87","14.39","0.8943710910354412786657400973","13.78"
"2024-12-02T00:00:00.000","13.33","14.35","0.9289198606271777003484320557","14.99"
"2024-12-03T00:00:00.000","14.32","14.54","0.9848693259972489683631361761","15.36"
"2024-12-04T00:00:00.000","14.11","14.47","0.9751209398756046993780234969","16.05"
"2024-12-05T00:00:00.000","12.53","14.07","0.8905472636815920398009950249","14.31"
"2024-12-06T00:00:00.000","13.16","14.34","0.9177126917712691771269177127","14.52"
"2024-12-07T00:00:00.000","13.28","14.47","0.9177608845888044229440221147","14.81"
"2024-12-08T00:00:00.000","13.36","14.53","0.9194769442532690984170681349","14.36"
"2024-12-09T00:00:00.000","13.4","14.53","0.9222298692360633172746042670","15.66"
"2024-12-10T00:00:00.000","13.92","14.46","0.9626556016597510373443983402","15.25"
"2024-12-11T00:00:00.000","13.89","14.56","0.9539835164835164835164835165","15.15"
"2024-12-12T00:00:00.000","13.93","14.65","0.9508532423208191126279863481","15.45"
"2024-12-13T00:00:00.000","13.64","14.42","0.9459084604715672676837725381","15.04"
"2024-12-14T00:00:00.000","13.3","14.58","0.9122085048010973936899862826","14.55"
"2024-12-15T00:00:00.000","12.89","14.52","0.8877410468319559228650137741","14.74"
"2024-12-16T00:00:00.000","13.01","14.34","0.9072524407252440725244072524","14.57"
"2024-12-17T00:00:00.000","13.01","14.26","0.9123422159887798036465638149","14.04"
"2024-12-18T00:00:00.000","12.67","14.25","0.8891228070175438596491228070","14.55"
"2024-12-19T00:00:00.000","13.46","14.36","0.9373259052924791086350974930","15.2"
"2024-12-20T00:00:00.000","13.17","14.07","0.9360341151385927505330490405","14.57"
"2024-12-21T00:00:00.000","13","13.8","0.9420289855072463768115942029","14.26"
"2024-12-22T00:00:00.000","12.65","13.23","0.9561602418745275888133030990","14.54"
"2024-12-23T00:00:00.000","19.57","11.86","1.650084317032040472175379427","21.58"
"2024-12-24T00:00:00.000","10.59","10.31","1.027158098933074684772065955","11.58"
"2024-12-25T00:00:00.000","9.59","12.41","0.7727639000805801772763900081","11.46"
"2024-12-26T00:00:00.000","10.78","13.25","0.8135849056603773584905660377","11.66"
"2024-12-27T00:00:00.000","11.34","13.66","0.8301610541727672035139092240","12.88"
"2024-12-28T00:00:00.000","11.84","13.54","0.8744460856720827178729689808","12.71"
"2024-12-29T00:00:00.000","12.2","13.56","0.8997050147492625368731563422","15.14"
"2024-12-30T00:00:00.000","11.85","12.81","0.9250585480093676814988290398","15.31"
"2024-12-31T00:00:00.000","11.51","12.81","0.8985167837626854020296643247","12.43"
"2025-01-01T00:00:00.000","11.41","12.38","0.9216478190630048465266558966","12.32"
"2025-01-02T00:00:00.000","12.85","13.56","0.9476401179941002949852507375","14.36"
"2025-01-03T00:00:00.000","13.08","13.97","0.9362920544022906227630637079","14.31"
"2025-01-04T00:00:00.000","12.67","14.06","0.9011379800853485064011379801","14.25"
"2025-01-05T00:00:00.000","13.18","14.28","0.9229691876750700280112044818","14.19"
"2025-01-06T00:00:00.000","13.17","14.06","0.9366998577524893314366998578","15.01"
"2025-01-07T00:00:00.000","12.68","13.92","0.9109195402298850574712643678","13.82"
"2025-01-08T00:00:00.000","13.87","13.95","0.9942652329749103942652329749","15.3"
"2025-01-09T00:00:00.000","13.79","13.99","0.9857040743388134381701215154","15.84"
"2025-01-10T00:00:00.000","13.37","14.17","0.9435426958362738179251940720","15.04"
"2025-01-11T00:00:00.000","13.14","13.88","0.9466858789625360230547550432","14.35"
"2025-01-12T00:00:00.000","13.3","13.69","0.9715120525931336742147552958","15.09"
"2025-01-13T00:00:00.000","13.44","14.08","0.9545454545454545454545454545","15.02"
"2025-01-14T00:00:00.000","13.44","14.13","0.9511677282377919320594479830","14.97"
"2025-01-15T00:00:00.000","13.56","14.06","0.9644381223328591749644381223","14.85"
"2025-01-16T00:00:00.000","13.65","14.19","0.9619450317124735729386892178","14.79"
"2025-01-17T00:00:00.000","13.05","14.17","0.9209597741707833450952717008","14.61"
"2025-01-18T00:00:00.000","13.01","14.3","0.9097902097902097902097902098","14.11"
"2025-01-19T00:00:00.000","13.58","14.2","0.9563380281690140845070422535","15.95"
"2025-01-20T00:00:00.000","14.21","14.28","0.9950980392156862745098039216","15.87"
"2025-01-21T00:00:00.000","15.08","14.22","1.060478199718706047819971871","16.63"
"2025-01-22T00:00:00.000","14.85","14.42","1.029819694868238557558945908","19.11"
"2025-01-23T00:00:00.000","15.06","14.43","1.043659043659043659043659044","18.47"
"2025-01-24T00:00:00.000","13.5","14.3","0.9440559440559440559440559441","17.67"
"2025-01-25T00:00:00.000","14.22","14.55","0.9773195876288659793814432990","14.95"
"2025-01-26T00:00:00.000","15.29","14.53","1.052305574673090158293186511","17.36"
"2025-01-27T00:00:00.000","15.9","14.59","1.089787525702535983550376971","16.95"
"2025-01-28T00:00:00.000","19.91","14.47","1.375950241879751209398756047","21.89"
"2025-01-29T00:00:00.000","17.26","14.68","1.175749318801089918256130790","18.77"
"2025-01-30T00:00:00.000","16.33","14.4","1.134027777777777777777777778","15.62"
"2025-01-31T00:00:00.000","14.5","14.44","1.004155124653739612188365651","15.83"
"2025-02-01T00:00:00.000","14.56","14.38","1.012517385257301808066759388","16"
"2025-02-02T00:00:00.000","14.79","14.16","1.044491525423728813559322034","17.8"
"2025-02-03T00:00:00.000","14.48","14.23","1.017568517217146872803935348","16.18"
"2025-02-04T00:00:00.000","14.51","13.94","1.040889526542324246771879484","15.83"
"2025-02-05T00:00:00.000","14.5","14.24","1.018258426966292134831460674","16.04"
"2025-02-06T00:00:00.000","14.38","14.5","0.9917241379310344827586206897","15.67"
"2025-02-07T00:00:00.000","14.16","14.25","0.9936842105263157894736842105","15.15"
"2025-02-08T00:00:00.000","13.64","14.3","0.9538461538461538461538461538","15.45"
"2025-02-09T00:00:00.000","14.18","14.44","0.9819944598337950138504155125","15.88"
"2025-02-10T00:00:00.000","14.35","14.33","1.001395673412421493370551291","15.52"
"2025-02-11T00:00:00.000","13.98","14.32","0.9762569832402234636871508380","15.19"
"2025-02-12T00:00:00.000","14.03","14.19","0.9887244538407329105003523608","15.41"
"2025-02-13T00:00:00.000","14.35","14.38","0.9979137691237830319888734353","15.56"
"2025-02-14T00:00:00.000","14.04","14.33","0.9797627355198883461270062805","15.67"
"2025-02-15T00:00:00.000","14.4","14.48","0.9944751381215469613259668508","15.19"
"2025-02-16T00:00:00.000","14.08","14.36","0.9805013927576601671309192201","15.9"
"2025-02-17T00:00:00.000","13.75","14.41","0.9541984732824427480916030534","15.37"
"2025-02-18T00:00:00.000","14.21","14.28","0.9950980392156862745098039216","15.11"
"2025-02-19T00:00:00.000","14.6","14.12","1.033994334277620396600566572","16"
"2025-02-20T00:00:00.000","14.74","14.31","1.030048916841369671558350804","15.87"
"2025-02-21T00:00:00.000","14.76","14.3","1.032167832167832167832167832","16.28"
"2025-02-22T00:00:00.000","14.54","14.32","1.015363128491620111731843575","15.86"
"2025-02-23T00:00:00.000","15.16","14.14","1.072135785007072135785007072","16.88"
"2025-02-24T00:00:00.000","15.88","14.11","1.125442948263642806520198441","16.98"
"2025-02-25T00:00:00.000","14.68","14.18","1.035260930888575458392101551","16.3"
"2025-02-26T00:00:00.000","14.7","14.18","1.036671368124118476727785614","14.98"
"2025-02-27T00:00:00.000","14.71","14.15","1.039575971731448763250883392","16.16"
"2025-02-28T00:00:00.000","13.88","14.31","0.9699510831586303284416491964","14.77"
"2025-03-01T00:00:00.000","13.76","14.35","0.9588850174216027874564459930","15.5"
"2025-03-02T00:00:00.000","14.05","14.47","0.9709744298548721492743607464","15.32"
"2025-03-03T00:00:00.000","13.9","14.24","0.9761235955056179775280898876","15.4"
"2025-03-04T00:00:00.000","14.08","14.55","0.9676975945017182130584192440","14.94"
"2025-03-05T00:00:00.000","13.98","14.38","0.9721835883171070931849791377","15.67"
"2025-03-06T00:00:00.000","13.72","14.45","0.9494809688581314878892733564","14.63"
"2025-03-07T00:00:00.000","13.41","14.57","0.9203843514070006863417982155","14.94"
"2025-03-08T00:00:00.000","13.52","14.72","0.9184782608695652173913043478","14.82"
"2025-03-09T00:00:00.000","13.81","14.41","0.9583622484385843164469118668","16.21"
"2025-03-10T00:00:00.000","14.11","14.32","0.9853351955307262569832402235","15.19"
"2025-03-11T00:00:00.000","13.93","13.94","0.9992826398852223816355810617","15.64"
"2025-03-12T00:00:00.000","14.48","14.01","1.033547466095645967166309779","15.73"
"2025-03-13T00:00:00.000","13.53","13.93","0.9712849964106245513280689160","14.92"
"2025-03-14T00:00:00.000","13.67","13.83","0.9884309472161966738973246565","15.28"
"2025-03-15T00:00:00.000","13.29","13.72","0.9686588921282798833819241983","14.19"
"2025-03-16T00:00:00.000","13.17","13.59","0.9690949227373068432671081678","14.84"
"2025-03-17T00:00:00.000","16.09","13.84","1.162572254335260115606936416","17.28"
"2025-03-18T00:00:00.000","12.7","14.09","0.9013484740951029098651525905","14.54"
"2025-03-19T00:00:00.000","12.51","14.14","0.8847241867043847241867043847","13.06"
"2025-03-20T00:00:00.000","13.19","14.21","0.9282195636875439831104855735","15.16"
"2025-03-21T00:00:00.000","13.45","14.32","0.9392458100558659217877094972","14.23"
"2025-03-22T00:00:00.000","13.18","14.14","0.9321074964639321074964639321","15.06"
"2025-03-23T00:00:00.000","14","14.27","0.9810791871058163980378416258","15.95"
"2025-03-24T00:00:00.000","16.16","14.48","1.116022099447513812154696133","18.22"
"2025-03-25T00:00:00.000","14.73","14.33","1.027913468248429867411025820","18.08"
"2025-03-26T00:00:00.000","16.4","14.4","1.138888888888888888888888889","20.39"
"2025-03-27T00:00:00.000","15.44","14.59","1.058259081562714187799862920","17.49"
"2025-03-28T00:00:00.000","14.67","14.54","1.008940852819807427785419532","16.15"
"2025-03-29T00:00:00.000","13.6","14.65","0.9283276450511945392491467577","15.48"
"2025-03-30T00:00:00.000","13.56","14.62","0.9274965800273597811217510260","14.76"
"2025-03-31T00:00:00.000","14.33","14.54","0.9855570839064649243466299862","17.33"
"2025-04-01T00:00:00.000","14.44","14.51","0.9951757408683666436940041351","15.94"
"2025-04-02T00:00:00.000","13.29","14.95","0.8889632107023411371237458194","15.5"
"2025-04-03T00:00:00.000","13.74","15.36","0.89453125","15.45"
"2025-04-04T00:00:00.000","13.74","15.63","0.8790786948176583493282149712","15.11"
"2025-04-05T00:00:00.000","13.55","15.34","0.8833116036505867014341590613","15.34"
"2025-04-06T00:00:00.000","14.14","15.59","0.9069916613213598460551635664","16.05"
"2025-04-07T00:00:00.000","13.46","15.78","0.8529784537389100126742712294","16.45"
"2025-04-08T00:00:00.000","14","15.52","0.9020618556701030927835051546","16.95"
"2025-04-09T00:00:00.000","14.93","15.75","0.9479365079365079365079365079","17.67"
"2025-04-10T00:00:00.000","16.04","15.97","1.004383218534752661239824671","17.01"
"2025-04-11T00:00:00.000","16.64","15.79","1.053831538948701709943001900","18.02"
"2025-04-12T00:00:00.000","16.78","15.87","1.057340894770006301197227473","16.85"
"2025-04-13T00:00:00.000","16.2","15.93","1.016949152542372881355932203","15.54"
"2025-04-14T00:00:00.000","16.41","15.73","1.043229497774952320406865861","17.58"
"2025-04-15T00:00:00.000","16.51","15.64","1.055626598465473145780051151","18.94"
"2025-04-16T00:00:00.000","16.47","15.74","1.046378653113087674714104193","18.91"
"2025-04-17T00:00:00.000","14.77","16.22","0.9106041923551171393341553637","16.32"
"2025-04-18T00:00:00.000","13.22","16.29","0.8115408225905463474524248005","13.39"
"2025-04-19T00:00:00.000","14.34","15.98","0.8973717146433041301627033792","13.6"
"2025-04-20T00:00:00.000","14.01","16.05","0.8728971962616822429906542056","14.22"
"2025-04-21T00:00:00.000","16.05","16.09","0.9975139838408949658172778123","17.06"
"2025-04-22T00:00:00.000","16.22","16.41","0.9884216940889701401584399756","19.97"
"2025-04-23T00:00:00.000","16.06","16.88","0.9514218009478672985781990521","20.34"
"2025-04-24T00:00:00.000","15.9","16.86","0.9430604982206405693950177936","19.76"
"2025-04-25T00:00:00.000","15.32","16.76","0.9140811455847255369928400955","17.43"
"2025-04-26T00:00:00.000","15.07","17.05","0.8838709677419354838709677419","16.28"
"2025-04-27T00:00:00.000","16.73","17.16","0.9749417249417249417249417249","19.5"
"2025-04-28T00:00:00.000","16.7","17.06","0.9788980070339976553341148886","21.43"
"2025-04-29T00:00:00.000","17.46","17.27","1.011001737116386797915460336","21.34"
"2025-04-30T00:00:00.000","17.54","17.69","0.9915206331260599208592425099","19.7"
"2025-05-01T00:00:00.000","16.86","17.89","0.9424259362772498602571268865","17.56"
"2025-05-02T00:00:00.000","18.28","18.3","0.9989071038251366120218579235","20.32"
"2025-05-03T00:00:00.000","18.76","19.04","0.9852941176470588235294117647","21.55"
"2025-05-04T00:00:00.000","18.86","19.11","0.9869178440607012035583464155","21.04"
"2025-05-05T00:00:00.000","18.43","19.17","0.9613980177360459050599895670","20.84"
"2025-05-06T00:00:00.000","16.41","19.06","0.8609653725078698845750262329","16.92"
"2025-05-07T00:00:00.000","16.55","19.02","0.8701366982124079915878023134","16.57"
"2025-05-08T00:00:00.000","17.26","18.6","0.9279569892473118279569892473","17.12"
"2025-05-09T00:00:00.000","18.6","18.21","1.021416803953871499176276771","20.43"
"2025-05-10T00:00:00.000","18.97","17.67","1.073571024335031126202603282","22.49"
"2025-05-11T00:00:00.000","20.59","18.15","1.134435261707988980716253444","24.44"
"2025-05-12T00:00:00.000","23.14","18.46","1.253521126760563380281690141","29.91"
"2025-05-13T00:00:00.000","23.23","18.47","1.257715213860314022739577694","29.56"
"2025-05-14T00:00:00.000","22.2","19.14","1.159874608150470219435736677","25.58"
"2025-05-15T00:00:00.000","20.42","19.1","1.069109947643979057591623037","19.17"
"2025-05-16T00:00:00.000","23.22","19.28","1.204356846473029045643153527","25.37"
"2025-05-17T00:00:00.000","21.62","19.26","1.122533748701973001038421599","23.98"
"2025-05-18T00:00:00.000","20.02","19.17","1.044340114762649973917579551","21.67"
"2025-05-19T00:00:00.000","22.66","19.07","1.188253801782905086523335081","25.78"
"2025-05-20T00:00:00.000","22.57","20.22","1.116221562809099901088031652","25.46"
"2025-05-21T00:00:00.000","25.49","20.36","1.251964636542239685658153242","29.16"
"2025-05-22T00:00:00.000","25.1","20.2","1.242574257425742574257425743","30.62"
"2025-05-23T00:00:00.000","25.95","20.25","1.281481481481481481481481481","31.83"
"2025-05-24T00:00:00.000","21.25","20.94","1.014804202483285577841451767","23.81"
"2025-05-25T00:00:00.000","19","21.39","0.8882655446470313230481533427","18.46"
"2025-05-26T00:00:00.000","20.81","21.15","0.9839243498817966903073286052","20.68"
"2025-05-27T00:00:00.000","19.29","21.92","0.8800182481751824817518248175","20.05"
"2025-05-28T00:00:00.000","19.83","21.84","0.9079670329670329670329670330","20.57"
"2025-05-29T00:00:00.000","18.54","21.7","0.8543778801843317972350230415","19.54"
"2025-05-30T00:00:00.000","20.39","22.58","0.9030115146147032772364924712","23.37"
"2025-05-31T00:00:00.000","19.16","23.5","0.8153191489361702127659574468","21.69"
"2025-06-01T00:00:00.000","20.32","24.51","0.8290493676050591595267237862","24.17"
"2025-06-02T00:00:00.000","21.87","24.83","0.8807893677003624647603705195","28.11"
"2025-06-03T00:00:00.000","18.71","26.15","0.7154875717017208413001912046","21.97"
"2025-06-04T00:00:00.000","20.21","26.66","0.7580645161290322580645161290","23.83"
"2025-06-05T00:00:00.000","18.23","26.39","0.6907919666540356195528609322","20.89"
"2025-06-06T00:00:00.000","18.64","26.71","0.6978659678023212280044926994","20.83"
"2025-06-07T00:00:00.000","18.54","27.61","0.6714958348424483882651213329","21.36"
"2025-06-08T00:00:00.000","18.92","28.16","0.671875","21.93"
"2025-06-09T00:00:00.000","22.95","28.88","0.7946675900277008310249307479","29.58"
"2025-06-10T00:00:00.000","23.37","29.29","0.7978832365995220211676340048","28.88"
"2025-06-11T00:00:00.000","27.55","29.84","0.9232573726541554959785522788","33.48"
"2025-06-12T00:00:00.000","24.75","29.77","0.8313738663083641249580114209","29.56"
"2025-06-13T00:00:00.000","26.72","30.74","0.8692257644762524398178269356","31.36"
"2025-06-14T00:00:00.000","24.99","31.57","0.7915742793791574279379157428","31.81"
"2025-06-15T00:00:00.000","25.45","30.77","0.8271043223919402014949626259","32.38"
"2025-06-16T00:00:00.000","29.33","30.26","0.9692663582286847323198942498","38.5"
"2025-06-17T00:00:00.000","24.01","30.22","0.7945069490403706154864328259","26.71"
"2025-06-18T00:00:00.000","24.38","30.39","0.8022375781507074695623560382","22.69"
"2025-06-19T00:00:00.000","26.21","31.32","0.8368454661558109833971902937","25.34"
"2025-06-20T00:00:00.000","30.55","31.17","0.9801090792428617260186076355","33.58"
"2025-06-21T00:00:00.000","29.59","31.19","0.9487015068932350112215453671","34.62"
"2025-06-22T00:00:00.000","28.75","31.89","0.9015365318281592975854499843","32.71"
"2025-06-23T00:00:00.000","30.55","31.47","0.9707658087067047982205274865","34.2"
"2025-06-24T00:00:00.000","27.19","31.18","0.8720333547145606157793457344","29.62"
"2025-06-25T00:00:00.000","28.63","32.51","0.8806521070439864657028606583","31.12"
"2025-06-26T00:00:00.000","26.76","33","0.8109090909090909090909090909","27.53"
"2025-06-27T00:00:00.000","31.26","33.86","0.9232132309509746012994683993","35.48"
"2025-06-28T00:00:00.000","29.54","33.97","0.8695908154253753311745657933","35.14"
"2025-06-29T00:00:00.000","29.79","33.01","0.9024538018782187215995152984","34.59"
"2025-06-30T00:00:00.000","31.95","32.63","0.9791602819491265706405148636","38.02"
"2025-07-01T00:00:00.000","30.29","33.48","0.9047192353643966547192353644","35.9"
"2025-07-02T00:00:00.000","33.8","35.03","0.9648872395089922923208678276","39.89"
"2025-07-03T00:00:00.000","31.99","32.99","0.9696877841770233404061836920","38.4"
"2025-07-04T00:00:00.000","31.15","32.89","0.9470963818789905746427485558","37.71"
"2025-07-05T00:00:00.000","28.51","32.66","0.8729332516840171463563992652","34.32"
"2025-07-06T00:00:00.000","29.1","32.96","0.8828883495145631067961165049","35.02"
"2025-07-07T00:00:00.000","33.76","33.1","1.019939577039274924471299094","41.63"
"2025-07-08T00:00:00.000","32.13","34.14","0.9411247803163444639718804921","37.86"
"2025-07-09T00:00:00.000","36.09","35.44","1.018340857787810383747178330","41.32"
"2025-07-10T00:00:00.000","32.89","35.58","0.9243957279370432827431141091","37.28"
"2025-07-11T00:00:00.000","33.43","34.77","0.9614610296232384239286741444","37.09"
"2025-07-12T00:00:00.000","28.37","34.38","0.8251890634089586969168121001","30.2"
"2025-07-13T00:00:00.000","31.7","33.64","0.9423305588585017835909631391","36.31"
"2025-07-14T00:00:00.000","34.45","33.23","1.036713812819741197712910021","41.21"
"2025-07-15T00:00:00.000","32.67","33.66","0.9705882352941176470588235294","38.56"
"2025-07-16T00:00:00.000","31.62","35.8","0.8832402234636871508379888268","35.99"
"2025-07-17T00:00:00.000","28.22","34.88","0.8090596330275229357798165138","31.62"
"2025-07-18T00:00:00.000","31.71","34.67","0.9146235938852033458321315258","36.4"
"2025-07-19T00:00:00.000","30.47","34.65","0.8793650793650793650793650794","36.78"
"2025-07-20T00:00:00.000","30.83","34.38","0.8967422920302501454333915067","37.06"
"2025-07-21T00:00:00.000","34.64","35.06","0.9880205362236166571591557330","42.91"
"2025-07-22T00:00:00.000","30.45","34.94","0.8714939896966227819118488838","37.21"
"2025-07-23T00:00:00.000","30.54","35.43","0.8619813717188823031329381880","36.81"
"2025-07-24T00:00:00.000","28.56","34.19","0.8353319684118163205615677099","34.07"
"2025-07-25T00:00:00.000","33.29","33.95","0.9805596465390279823269513991","37.89"
"2025-07-26T00:00:00.000","31.66","33.6","0.9422619047619047619047619048","36.4"
"2025-07-27T00:00:00.000","32.31","33.11","0.9758381153729990939293264875","36.61"
"2025-07-28T00:00:00.000","35.93","33.02","1.088128407026044821320411872","42.16"
"2025-07-29T00:00:00.000","30.61","32.07","0.9544745868412846897411911444","34.33"
"2025-07-30T00:00:00.000","32.01","32.05","0.9987519500780031201248049922","36.23"
"2025-07-31T00:00:00.000","29.77","32.07","0.9282818833801060180854381041","33.84"
"2025-08-01T00:00:00.000","33.01","33.06","0.9984875983061101028433151845","37.68"
"2025-08-02T00:00:00.000","29.82","32.25","0.9246511627906976744186046512","34.44"
"2025-08-03T00:00:00.000","30.42","31.53","0.9647954329210275927687916270","35.09"
"2025-08-04T00:00:00.000","34.84","31.81","1.095253065073876139578748821","41.17"
"2025-08-05T00:00:00.000","31.76","31.65","1.003475513428120063191153239","38.27"
"2025-08-06T00:00:00.000","35.42","32.36","1.094561186650185414091470952","41.77"
"2025-08-07T00:00:00.000","32.47","32.16","1.009639303482587064676616915","37.98"
"2025-08-08T00:00:00.000","34.62","32.51","1.064903106736388803445093817","41.22"
"2025-08-09T00:00:00.000","31.95","32.47","0.9839852171234986141053279951","37.41"
"2025-08-10T00:00:00.000","29.01","32.3","0.8981424148606811145510835913","34.33"
"2025-08-11T00:00:00.000","29.75","33.02","0.9009691096305269533615990309","33.74"
"2025-08-12T00:00:00.000","29.78","33.32","0.8937575030012004801920768307","34.66"
"2025-08-13T00:00:00.000","34.27","33.63","1.019030627415997621171573000","41.08"
"2025-08-14T00:00:00.000","31.85","33","0.9651515151515151515151515152","38.32"
"2025-08-15T00:00:00.000","34.65","33.5","1.034328358208955223880597015","41.36"
"2025-08-16T00:00:00.000","31.26","34.05","0.9180616740088105726872246696","38.04"
"2025-08-17T00:00:00.000","31.13","33.55","0.9278688524590163934426229508","36.41"
"2025-08-18T00:00:00.000","34.59","33.05","1.046596066565809379727685325","40.79"
"2025-08-19T00:00:00.000","32.24","33.01","0.9766737352317479551651014844","36.85"
"2025-08-20T00:00:00.000","35.59","34.29","1.037911927675707203266258384","41.16"
"2025-08-21T00:00:00.000","32.14","33.83","0.9500443393437777120898610701","36.78"
"2025-08-22T00:00:00.000","32.49","34.34","0.9461269656377402446126965638","36.93"
"2025-08-23T00:00:00.000","29.76","34.74","0.8566493955094991364421416235","34.46"
"2025-08-24T00:00:00.000","29.03","33.73","0.8606581678031426030240142307","33.45"
"2025-08-25T00:00:00.000","27.94","33.33","0.8382838283828382838283828383","32.4"
"2025-08-26T00:00:00.000","25.26","33.36","0.7571942446043165467625899281","29.31"
"2025-08-27T00:00:00.000","26.54","34.03","0.7799000881575080811049074346","32.54"
"2025-08-28T00:00:00.000","23.82","33.11","0.7194201147689519782543038357","28.18"
"2025-08-29T00:00:00.000","25.57","33.04","0.7739104116222760290556900726","31.88"
"2025-08-30T00:00:00.000","23.79","33.29","0.7146290177230399519375187744","29.48"
"2025-08-31T00:00:00.000","23.8","33.62","0.7079119571683521713265913147","29.34"
"2025-09-01T00:00:00.000","27.51","33.76","0.8148696682464454976303317536","36.18"
"2025-09-02T00:00:00.000","26.69","33.19","0.8041578788791804760470021091","33.5"
"2025-09-03T00:00:00.000","30.31","33.76","0.8978080568720379146919431280","36.75"
"2025-09-04T00:00:00.000","27.53","32.95","0.8355083459787556904400606980","32.21"
"2025-09-05T00:00:00.000","29.46","32.82","0.8976234003656307129798903108","34.71"
"2025-09-06T00:00:00.000","26.79","32.52","0.8238007380073800738007380074","30.03"
"2025-09-07T00:00:00.000","26.53","31.44","0.8438295165394402035623409669","29.33"
"2025-09-08T00:00:00.000","29.39","30.26","0.9712491738268341044282881692","34.37"
"2025-09-09T00:00:00.000","27.27","28.61","0.9531632296399860188745193988","31.7"
"2025-09-10T00:00:00.000","30.6","28.92","1.058091286307053941908713693","35.56"
"2025-09-11T00:00:00.000","28.29","28.51","0.9922834093300596282006313574","31.81"
"2025-09-12T00:00:00.000","28.69","28.39","1.010567101091933779499823882","31.99"
"2025-09-13T00:00:00.000","25.44","28.33","0.8979879985880691846099541122","27.45"
"2025-09-14T00:00:00.000","24.68","28.5","0.8659649122807017543859649123","26.12"
"2025-09-15T00:00:00.000","28.56","28.46","1.003513703443429374560787070","34.59"
"2025-09-16T00:00:00.000","24.33","28.89","0.8421599169262720664589823468","29.86"
"2025-09-17T00:00:00.000","23.24","29.62","0.7846049966239027683997299122","26.79"
"2025-09-18T00:00:00.000","21.95","29.06","0.7553337921541637990364762560","25.55"
"2025-09-19T00:00:00.000","25.26","29.12","0.8674450549450549450549450549","30.47"
"2025-09-20T00:00:00.000","23.1","29.01","0.7962771458117890382626680455","27.33"
"2025-09-21T00:00:00.000","23.64","28.51","0.8291827428972290424412486847","28.24"
"2025-09-22T00:00:00.000","24.73","28.32","0.8732344632768361581920903955","30.25"
"2025-09-23T00:00:00.000","19.63","27.77","0.7068779258192293842275837234","20.49"
"2025-09-24T00:00:00.000","20.46","28.43","0.7196623285262047133309883925","19.76"
"2025-09-25T00:00:00.000","20.04","27.63","0.7252985884907709011943539631","21.56"
"2025-09-26T00:00:00.000","21.74","27.33","0.7954628613245517746066593487","27.69"
"2025-09-27T00:00:00.000","20.42","26.49","0.7708569271423178557946394866","27.14"
"2025-09-28T00:00:00.000","21.24","25.5","0.8329411764705882352941176471","29.32"
"2025-09-29T00:00:00.000","23.62","25.05","0.9429141716566866267465069860","30.34"
"2025-09-30T00:00:00.000","21.92","23.7","0.9248945147679324894514767932","26.59"
"2025-10-01T00:00:00.000","23.6","23.14","1.019878997407087294727744166","28.37"
"2025-10-02T00:00:00.000","21.55","22.14","0.9733514001806684733514001807","24.86"
"2025-10-03T00:00:00.000","23.27","21.75","1.069885057471264367816091954","25.71"
"2025-10-04T00:00:00.000","20.53","21.31","0.9633974659784138901923979352","20.97"
"2025-10-05T00:00:00.000","19.16","20.42","0.9382957884427032321253672870","21.04"
"2025-10-06T00:00:00.000","18.42","20.13","0.9150521609538002980625931446","20.28"
"2025-10-07T00:00:00.000","17.07","19.9","0.8577889447236180904522613065","17.56"
"2025-10-08T00:00:00.000","18.48","19.05","0.9700787401574803149606299213","18.94"
"2025-10-09T00:00:00.000","17.66","18.64","0.9474248927038626609442060086","18.57"
"2025-10-10T00:00:00.000","17.71","18.07","0.9800774764803541781959048146","20.83"
"2025-10-11T00:00:00.000","15.68","17.69","0.8863764838892029395138496326","17.19"
"2025-10-12T00:00:00.000","16.53","17.44","0.9478211009174311926605504587","18.11"
"2025-10-13T00:00:00.000","17.08","17.09","0.9994148624926857811585722645","20.41"
"2025-10-14T00:00:00.000","16.1","16.8","0.9583333333333333333333333333","19.76"
"2025-10-15T00:00:00.000","16.88","16.96","0.9952830188679245283018867925","20.6"
"2025-10-16T00:00:00.000","16.2","16.94","0.9563164108618654073199527745","19.37"
"2025-10-17T00:00:00.000","16.49","16.6","0.9933734939759036144578313253","20.12"
"2025-10-18T00:00:00.000","15.13","16.6","0.9114457831325301204819277108","18.24"
"2025-10-19T00:00:00.000","15.05","16.21","0.9284392350400987045033929673","17.51"
"2025-10-20T00:00:00.000","14.97","15.72","0.9522900763358778625954198473","17.69"
"2025-10-21T00:00:00.000","14.62","15.61","0.9365791159513132607303010890","17.44"
"2025-10-22T00:00:00.000","14.63","15.43","0.9481529488010369410239792612","16.98"
"2025-10-23T00:00:00.000","14.64","15.48","0.9457364341085271317829457364","16.76"
"2025-10-24T00:00:00.000","14.01","15.24","0.9192913385826771653543307087","17.51"
"2025-10-25T00:00:00.000","14.15","15.23","0.9290873276428102429415627052","16.15"
"2025-10-26T00:00:00.000","14.51","15.45","0.9391585760517799352750809061","16.99"
"2025-10-27T00:00:00.000","13.87","14.87","0.9327505043712172158708809684","15.81"
"2025-10-28T00:00:00.000","13.82","15.04","0.9188829787234042553191489362","15.51"
"2025-10-29T00:00:00.000","13.86","14.9","0.9302013422818791946308724832","15.12"
"2025-10-30T00:00:00.000","13.67","14.42","0.9479889042995839112343966713","15.42"
"2025-10-31T00:00:00.000","13.2","15","0.88","14.34"
"2025-11-01T00:00:00.000","13.1","15.15","0.8646864686468646864686468647","14.87"
"2025-11-02T00:00:00.000","14.41","15.05","0.9574750830564784053156146179","16.23"
"2025-11-03T00:00:00.000","13.73","14.85","0.9245791245791245791245791246","16.63"
"2025-11-04T00:00:00.000","15.24","14.96","1.018716577540106951871657754","16.96"
"2025-11-05T00:00:00.000","14.36","15","0.9573333333333333333333333333","15.28"
"2025-11-06T00:00:00.000","14.04","14.72","0.9538043478260869565217391304","14.89"
"2025-11-07T00:00:00.000","12.92","14.62","0.8837209302325581395348837209","14.82"
"2025-11-08T00:00:00.000","13.09","14.84","0.8820754716981132075471698113","14.41"
"2025-11-09T00:00:00.000","13.81","14.67","0.9413769597818677573278800273","15.32"
"2025-11-10T00:00:00.000","13.71","14.4","0.9520833333333333333333333333","15.59"
"2025-11-11T00:00:00.000","14.13","14.63","0.9658236500341763499658236500","16.37"
"2025-11-12T00:00:00.000","13.8","14.97","0.9218436873747494989979959920","15.16"
"2025-11-13T00:00:00.000","13.9","14.61","0.9514031485284052019164955510","15.68"
"2025-11-14T00:00:00.000","13.78","14.89","0.9254533243787777031564808596","15.3"
"2025-11-15T00:00:00.000","13.29","14.57","0.9121482498284145504461221688","15.91"
"2025-11-16T00:00:00.000","14.11","14.96","0.9431818181818181818181818182","15.75"
"2025-11-17T00:00:00.000","10.33","14.43","0.7158697158697158697158697159","15.41"
"2025-11-18T00:00:00.000","17.09","14.71","1.161794697484704282800815772","16.06"
"2025-11-19T00:00:00.000","13.91","14.47","0.9612992398064961990324809952","15.38"
"2025-11-20T00:00:00.000","13.51","14.14","0.9554455445544554455445544554","15.22"
"2025-11-21T00:00:00.000","13.12","13.56","0.9675516224188790560471976401","14.17"
"2025-11-22T00:00:00.000","12.9","13.27","0.9721175584024114544084400904","14.49"
"2025-11-23T00:00:00.000","12.54","12.9","0.9720930232558139534883720930","14.47"
"2025-11-24T00:00:00.000","12.62","13.13","0.9611576542269611576542269612","13.99"
"2025-11-25T00:00:00.000","13.28","13.38","0.9925261584454409566517189836","14.47"
"2025-11-26T00:00:00.000","11.81","13.44","0.8787202380952380952380952381","13.4"
"2025-11-27T00:00:00.000","10.31","13.58","0.7592047128129602356406480118","11.88"
"2025-11-28T00:00:00.000","10.66","13.88","0.7680115273775216138328530259","11.7"
"2025-11-29T00:00:00.000","11.63","14.1","0.8248226950354609929078014184","13.12"
"2025-11-30T00:00:00.000","12.6","14.25","0.8842105263157894736842105263","13.81"
"2025-12-01T00:00:00.000","13.23","14.39","0.9193884642112578179291174427","14.55"
"2025-12-02T00:00:00.000","13.59","14.35","0.9470383275261324041811846690","15.19"
"2025-12-03T00:00:00.000","13.06","14.54","0.8982118294360385144429160935","14.21"
"2025-12-04T00:00:00.000","13.57","14.47","0.9378023496890117484450587422","15.08"
"2025-12-05T00:00:00.000","12.73","14.07","0.9047619047619047619047619048","13.88"
"2025-12-06T00:00:00.000","12.43","14.34","0.8668061366806136680613668061","13.62"
"2025-12-07T00:00:00.000","13.37","14.47","0.9239806496199032480995162405","14.99"
"2025-12-08T00:00:00.000","12.3","14.53","0.8465244322092222986923606332","14.05"
"2025-12-09T00:00:00.000","13.49","14.53","0.9284239504473503097040605643","15.43"
"2025-12-10T00:00:00.000","13.5","14.46","0.9336099585062240663900414938","14.59"
"2025-12-11T00:00:00.000","13.41","14.56","0.9210164835164835164835164835","15.32"
"2025-12-12T00:00:00.000","13.03","14.65","0.8894197952218430034129692833","14.22"
"2025-12-13T00:00:00.000","12.89","14.42","0.8938973647711511789181692094","14.23"
"2025-12-14T00:00:00.000","12.95","14.58","0.8882030178326474622770919067","14.44"
"2025-12-15T00:00:00.000","13.26","14.52","0.9132231404958677685950413223","15.36"
"2025-12-16T00:00:00.000","13.55","14.34","0.9449093444909344490934449093","17.81"
"2025-12-17T00:00:00.000","12.96","14.26","0.9088359046283309957924263675","14.54"
"2025-12-18T00:00:00.000","14.63","14.25","1.026666666666666666666666667","15.48"
"2025-12-19T00:00:00.000","13.95","14.36","0.9714484679665738161559888579","15.2"
"2025-12-20T00:00:00.000","12.08","14.07","0.8585643212508884150675195451","13.84"
"2025-12-21T00:00:00.000","12.08","13.8","0.8753623188405797101449275362","13.39"
"2025-12-22T00:00:00.000","13","13.23","0.9826152683295540438397581255","13.85"
"2025-12-23T00:00:00.000","11.98","11.86","1.010118043844856661045531197","13.03"
"2025-12-24T00:00:00.000","10.5","10.31","1.018428709990300678952473327","12.09"
"2025-12-25T00:00:00.000","9.21","12.41","0.7421434327155519742143432716","10.52"
"2025-12-26T00:00:00.000","10.99","13.25","0.8294339622641509433962264151","12.54"
"2025-12-27T00:00:00.000","11.38","13.66","0.8330893118594436310395314788","12.37"
"2025-12-28T00:00:00.000","11.48","13.54","0.8478581979320531757754800591","13.11"
"2025-12-29T00:00:00.000","11.62","13.56","0.8569321533923303834808259587","12.95"
"2025-12-30T00:00:00.000","12.19","12.81","0.9516003122560499609679937549","13.16"
"2025-12-31T00:00:00.000","11.53","12.81","0.9000780640124902419984387198","13.11"
"2026-01-01T00:00:00.000","11.18","12.38","0.9030694668820678513731825525","12.35"
"2026-01-02T00:00:00.000","12.35","13.56","0.9107669616519174041297935103","13.29"
"2026-01-03T00:00:00.000","12.7","13.97","0.9090909090909090909090909091","15.07"
"2026-01-04T00:00:00.000","12.98","14.06","0.9231863442389758179231863442","14.39"
"2026-01-05T00:00:00.000","13.14","14.28","0.9201680672268907563025210084","14.67"
"2026-01-06T00:00:00.000","12.95","14.06","0.9210526315789473684210526316","14.26"
"2026-01-07T00:00:00.000","12.99","13.92","0.9331896551724137931034482759","14.36"
"2026-01-08T00:00:00.000","12.7","13.95","0.9103942652329749103942652330","13.91"
"2026-01-09T00:00:00.000","12.74","13.99","0.9106504646175839885632594711","13.93"
"2026-01-10T00:00:00.000","12.65","14.17","0.8927311220889202540578687368","14.07"
"2026-01-11T00:00:00.000","12.63","13.88","0.9099423631123919308357348703","14.22"
"2026-01-12T00:00:00.000","13.01","13.69","0.9503287070854638422205989774","14.29"
"2026-01-13T00:00:00.000","14.22","14.08","1.009943181818181818181818182","16.47"
"2026-01-14T00:00:00.000","16.61","14.13","1.175513092710544939844302902","22.03"
"2026-01-15T00:00:00.000","13.49","14.06","0.9594594594594594594594594595","16.84"
"2026-01-16T00:00:00.000","19.77","14.19","1.393234672304439746300211416","25.3"
"2026-01-17T00:00:00.000","12.6","14.17","0.8892025405786873676781933663","16.27"
"2026-01-18T00:00:00.000","12.77","14.3","0.8930069930069930069930069930","17.89"
"2026-01-19T00:00:00.000","13.12","14.2","0.9239436619718309859154929577","16.24"
"2026-01-20T00:00:00.000","13.28","14.28","0.9299719887955182072829131653","17.24"
"2026-01-21T00:00:00.000","13.76","14.22","0.9676511954992967651195499297","18.24"
"2026-01-22T00:00:00.000","13.43","14.42","0.9313453536754507628294036061","17.34"
"2026-01-23T00:00:00.000","13.46","14.43","0.9327789327789327789327789328","17.12"
"2026-01-24T00:00:00.000","13.61","14.3","0.9517482517482517482517482517","18.35"
"2026-01-25T00:00:00.000","13.72","14.55","0.9429553264604810996563573883","18.07"
"2026-01-26T00:00:00.000","13.56","14.53","0.9332415691672401927047487956","18.3"
"2026-01-27T00:00:00.000","13.98","14.59","0.9581905414667580534612748458","17.17"
"2026-01-28T00:00:00.000","14.98","14.47","1.035245335176226675881133379","17.03"
"2026-01-29T00:00:00.000","13.75","14.68","0.9366485013623978201634877384","16.68"
"2026-01-30T00:00:00.000","13.48","14.4","0.9361111111111111111111111111","15.74"
"2026-01-31T00:00:00.000","13.54","14.44","0.9376731301939058171745152355","16.14"
"2026-02-01T00:00:00.000","13.87","14.38","0.9645340751043115438108484006","16.88"
"2026-02-02T00:00:00.000","13.55","14.16","0.9569209039548022598870056497","16.5"
"2026-02-03T00:00:00.000","13.73","14.23","0.9648629655657062543921293043","15.09"
"2026-02-04T00:00:00.000","14","13.94","1.004304160688665710186513630","15.42"
"2026-02-05T00:00:00.000","13.79","14.24","0.9683988764044943820224719101","14.81"
"2026-02-06T00:00:00.000","13.68","14.5","0.9434482758620689655172413793","15.59"
"2026-02-07T00:00:00.000","13.67","14.25","0.9592982456140350877192982456","15.33"
"2026-02-08T00:00:00.000","13.89","14.3","0.9713286713286713286713286713","15.7"
"2026-02-09T00:00:00.000","17.83","14.44","1.234764542936288088642659280","19.72"
"2026-02-10T00:00:00.000","15.03","14.33","1.048848569434752267969295185","16.46"
"2026-02-11T00:00:00.000","14.27","14.32","0.9965083798882681564245810056","15.5"
"2026-02-12T00:00:00.000","14.54","14.19","1.024665257223396758280479211","13.88"
"2026-02-13T00:00:00.000","13.38","14.38","0.9304589707927677329624478442","12.56"
"2026-02-14T00:00:00.000","13.96","14.33","0.9741800418702023726448011165","14.87"
"2026-02-15T00:00:00.000","13.77","14.48","0.9509668508287292817679558011","13.97"
"2026-02-16T00:00:00.000","14.03","14.36","0.9770194986072423398328690808","14.37"
"2026-02-17T00:00:00.000","13.73","14.41","0.9528105482303955586398334490","14.81"
"2026-02-18T00:00:00.000","13.62","14.28","0.9537815126050420168067226891","15.19"
"2026-02-19T00:00:00.000","13.62","14.12","0.9645892351274787535410764873","14.54"
"2026-02-20T00:00:00.000","14.2","14.31","0.9923130677847658979734451433","12.94"
"2026-02-21T00:00:00.000","14.48","14.3","1.012587412587412587412587413","13.19"
"2026-02-22T00:00:00.000","15.13","14.32","1.056564245810055865921787709","16.72"
"2026-02-23T00:00:00.000","14.52","14.14","1.026874115983026874115983027","17.68"
"2026-02-24T00:00:00.000","14.25","14.11","1.009922041105598866052445074","16.24"
"2026-02-25T00:00:00.000","13.91","14.18","0.9809590973201692524682651622","14.58"
"2026-02-26T00:00:00.000","14.26","14.18","1.005641748942172073342736248","15.51"
"2026-02-27T00:00:00.000","13.9","14.15","0.9823321554770318021201413428","16.22"
"2026-02-28T00:00:00.000","14.24","14.31","0.9951083158630328441649196366","17.13"
"2026-03-01T00:00:00.000","13.71","14.35","0.9554006968641114982578397213","15.72"
"2026-03-02T00:00:00.000","13.84","14.47","0.9564616447823082239115411196","15.12"
"2026-03-03T00:00:00.000","13.12","14.24","0.9213483146067415730337078652","14.46"
"2026-03-04T00:00:00.000","13.65","14.55","0.9381443298969072164948453608","15.28"
"2026-03-05T00:00:00.000","13.68","14.38","0.9513212795549374130737134910","14.95"
"2026-03-06T00:00:00.000","12.83","14.45","0.8878892733564013840830449827","13.97"
"2026-03-07T00:00:00.000","12.91","14.57","0.8860672614962251201098146877","14.36"
"2026-03-08T00:00:00.000","12.96","14.72","0.8804347826086956521739130435","14.67"
"2026-03-09T00:00:00.000","13.68","14.41","0.9493407356002775850104094379","15.72"
"2026-03-10T00:00:00.000","13.58","14.32","0.9483240223463687150837988827","15.63"
"2026-03-11T00:00:00.000","13.69","13.94","0.9820659971305595408895265423","16.43"
"2026-03-12T00:00:00.000","13.57","14.01","0.9685938615274803711634546752","17.82"
"2026-03-13T00:00:00.000","13.74","13.93","0.9863603732950466618808327351","16.5"
"2026-03-14T00:00:00.000","13.11","13.83","0.9479392624728850325379609544","14.47"
"2026-03-15T00:00:00.000","12.36","13.72","0.9008746355685131195335276968","12.76"
"2026-03-16T00:00:00.000","12.77","13.59","0.9396615158204562178072111847","13.12"
"2026-03-17T00:00:00.000","13.66","13.84","0.9869942196531791907514450867","14.19"
"2026-03-18T00:00:00.000","13.96","14.09","0.9907735982966643009226401703","14.62"
"2026-03-19T00:00:00.000","14.98","14.14","1.059405940594059405940594059","18.02"
"2026-03-20T00:00:00.000","15.53","14.21","1.092892329345531315974665728","17.27"
"2026-03-21T00:00:00.000","15.27","14.32","1.066340782122905027932960894","16.99"
"2026-03-22T00:00:00.000","15.15","14.14","1.071428571428571428571428571","15.01"
"2026-03-23T00:00:00.000","15.05","14.27","1.054660126138752627890679748","14"
"2026-03-24T00:00:00.000","16.03","14.48","1.107044198895027624309392265","14.95"
"2026-03-25T00:00:00.000","16.67","14.33","1.163293789253314724354501047","17.62"
"2026-03-26T00:00:00.000","15.39","14.4","1.06875","17.78"
"2026-03-27T00:00:00.000","14.1","14.59","0.9664153529814941740918437286","14.17"
"2026-03-28T00:00:00.000","15.13","14.54","1.040577716643741403026134801","15.39"
"2026-03-29T00:00:00.000","16.58","14.65","1.131740614334470989761092150","18.67"
"2026-03-30T00:00:00.000","16.15","14.62","1.104651162790697674418604651","16.69"
"2026-03-31T00:00:00.000","15.23","14.54","1.047455295735900962861072902","16.25"
